"Biomarker","Description","Phenotype","HUNT_all","UKBB","HUNT_reduced","Analysis_type","Design","key"
"Acetate","Acetate","BC","0.864(95% CI:0.707-1.057; P=0.1556729816)","1.001(95% CI:0.979-1.023; P=0.9567986395)","0.765(95% CI:0.583-1.003; P=0.0524747057)","Adjusted","healthy_noncancer_control","Adjusted healthy_noncancer_control"
"Acetoacetate","Acetoacetate","BC","1.065(95% CI:0.961-1.181; P=0.2298720211)","1.037(95% CI:1.017-1.059; P=0.000362079)","1.061(95% CI:0.947-1.189; P=0.3044576017)","Adjusted","healthy_noncancer_control","Adjusted healthy_noncancer_control"
"Acetone","Acetone","BC","1.001(95% CI:0.881-1.138; P=0.9847271428)","1.026(95% CI:1.006-1.046; P=0.0116788895)","1.014(95% CI:0.885-1.162; P=0.8403119207)","Adjusted","healthy_noncancer_control","Adjusted healthy_noncancer_control"
"Ala","Alanine","BC","1.038(95% CI:0.91-1.183; P=0.581452402)","0.998(95% CI:0.976-1.021; P=0.869916877)","1.141(95% CI:0.985-1.322; P=0.0775708973)","Adjusted","healthy_noncancer_control","Adjusted healthy_noncancer_control"
"Albumin","Albumin","BC","0.866(95% CI:0.753-0.996; P=0.0435975325)","0.96(95% CI:0.938-0.983; P=0.0005768948)","0.948(95% CI:0.814-1.103; P=0.4889213903)","Adjusted","healthy_noncancer_control","Adjusted healthy_noncancer_control"
"ApoA1","Apolipoprotein A1","BC","0.997(95% CI:0.868-1.145; P=0.9637006652)","0.986(95% CI:0.963-1.011; P=0.2687900547)","0.997(95% CI:0.853-1.164; P=0.9652196576)","Adjusted","healthy_noncancer_control","Adjusted healthy_noncancer_control"
"ApoB","Apolipoprotein B","BC","0.972(95% CI:0.844-1.119; P=0.6901286761)","1.008(95% CI:0.986-1.032; P=0.4728429515)","1.009(95% CI:0.866-1.175; P=0.9088450366)","Adjusted","healthy_noncancer_control","Adjusted healthy_noncancer_control"
"bOHbutyrate","3-Hydroxybutyrate","BC","1.038(95% CI:0.92-1.172; P=0.5433578549)","1.032(95% CI:1.011-1.054; P=0.0031678293)","1.038(95% CI:0.909-1.186; P=0.580100986)","Adjusted","healthy_noncancer_control","Adjusted healthy_noncancer_control"
"Cholines","Total Cholines","BC","0.984(95% CI:0.85-1.139; P=0.8324835796)","1(95% CI:0.977-1.024; P=0.9819037443)","1.016(95% CI:0.87-1.187; P=0.8378540262)","Adjusted","healthy_noncancer_control","Adjusted healthy_noncancer_control"
"Citrate","Citrate","BC","0.997(95% CI:0.879-1.131; P=0.9627535722)","1.008(95% CI:0.986-1.032; P=0.4734139384)","1.025(95% CI:0.935-1.124; P=0.5969567179)","Adjusted","healthy_noncancer_control","Adjusted healthy_noncancer_control"
"Clinical_LDL_C","Clinical LDL Cholesterol","BC","0.948(95% CI:0.825-1.089; P=0.4469769375)","1.001(95% CI:0.979-1.024; P=0.897409344)","0.991(95% CI:0.853-1.151; P=0.9062641272)","Adjusted","healthy_noncancer_control","Adjusted healthy_noncancer_control"
"Creatinine","Creatinine","BC","0.979(95% CI:0.85-1.127; P=0.7669574817)","1.003(95% CI:0.98-1.027; P=0.7692096347)","0.979(95% CI:0.841-1.14; P=0.7864365139)","Adjusted","healthy_noncancer_control","Adjusted healthy_noncancer_control"
"DHA","Docosahexaenoic Acid","BC","0.92(95% CI:0.795-1.064; P=0.2600520101)","0.99(95% CI:0.967-1.014; P=0.4111734122)","0.916(95% CI:0.78-1.075; P=0.2824624568)","Adjusted","healthy_noncancer_control","Adjusted healthy_noncancer_control"
"Gln","Glutamine","BC","0.978(95% CI:0.853-1.121; P=0.7481186032)","0.963(95% CI:0.942-0.986; P=0.0012998404)","1.061(95% CI:0.911-1.236; P=0.4461494585)","Adjusted","healthy_noncancer_control","Adjusted healthy_noncancer_control"
"Glucose","Glucose","BC","1(95% CI:0.875-1.143; P=0.9976872692)","1.009(95% CI:0.987-1.033; P=0.4231544612)","1.046(95% CI:0.905-1.21; P=0.5419626995)","Adjusted","healthy_noncancer_control","Adjusted healthy_noncancer_control"
"Gly","Glycine","BC","0.964(95% CI:0.844-1.1; P=0.5861073898)","0.967(95% CI:0.945-0.989; P=0.0040020741)","0.953(95% CI:0.819-1.109; P=0.5343990953)","Adjusted","healthy_noncancer_control","Adjusted healthy_noncancer_control"
"GlycA","Glycoprotein Acetyls","BC","1.1(95% CI:0.953-1.271; P=0.1920249061)","1.037(95% CI:1.01-1.063; P=0.0057396129)","1.091(95% CI:0.926-1.286; P=0.2967746899)","Adjusted","healthy_noncancer_control","Adjusted healthy_noncancer_control"
"HDL_C","HDL Cholesterol","BC","0.985(95% CI:0.858-1.132; P=0.8357308723)","0.98(95% CI:0.956-1.005; P=0.108432126)","0.972(95% CI:0.829-1.14; P=0.7251583988)","Adjusted","healthy_noncancer_control","Adjusted healthy_noncancer_control"
"HDL_CE","Cholesteryl Esters in HDL","BC","0.978(95% CI:0.852-1.123; P=0.7542932422)","0.978(95% CI:0.954-1.003; P=0.0801862409)","0.964(95% CI:0.822-1.131; P=0.6511332043)","Adjusted","healthy_noncancer_control","Adjusted healthy_noncancer_control"
"HDL_FC","Free Cholesterol in HDL","BC","1.009(95% CI:0.878-1.159; P=0.9020731165)","0.987(95% CI:0.963-1.011; P=0.2910708281)","0.994(95% CI:0.849-1.162; P=0.9361562952)","Adjusted","healthy_noncancer_control","Adjusted healthy_noncancer_control"
"HDL_L","Total Lipids in HDL","BC","1.01(95% CI:0.879-1.16; P=0.8914708691)","0.986(95% CI:0.962-1.01; P=0.2440835012)","1.004(95% CI:0.859-1.173; P=0.9632261446)","Adjusted","healthy_noncancer_control","Adjusted healthy_noncancer_control"
"HDL_PL","Phospholipids in HDL","BC","1.018(95% CI:0.886-1.168; P=0.8035298941)","0.989(95% CI:0.965-1.013; P=0.357934904)","1.014(95% CI:0.869-1.184; P=0.8581918193)","Adjusted","healthy_noncancer_control","Adjusted healthy_noncancer_control"
"HDL_TG","Triglycerides in HDL","BC","1.066(95% CI:0.93-1.22; P=0.3593314565)","1.019(95% CI:0.996-1.043; P=0.0990676184)","1.07(95% CI:0.923-1.241; P=0.3669621772)","Adjusted","healthy_noncancer_control","Adjusted healthy_noncancer_control"
"His","Histidine","BC","1.024(95% CI:0.896-1.17; P=0.7269521921)","0.967(95% CI:0.945-0.991; P=0.0059126586)","1.125(95% CI:0.971-1.305; P=0.117629488)","Adjusted","healthy_noncancer_control","Adjusted healthy_noncancer_control"
"IDL_C","Cholesterol in IDL","BC","0.947(95% CI:0.824-1.09; P=0.4492704444)","0.999(95% CI:0.977-1.022; P=0.9525017901)","0.977(95% CI:0.841-1.136; P=0.7666797705)","Adjusted","healthy_noncancer_control","Adjusted healthy_noncancer_control"
"IDL_CE","Cholesteryl Esters in IDL","BC","0.948(95% CI:0.824-1.09; P=0.4519960725)","0.999(95% CI:0.976-1.022; P=0.905976596)","0.977(95% CI:0.84-1.137; P=0.7652899977)","Adjusted","healthy_noncancer_control","Adjusted healthy_noncancer_control"
"IDL_FC","Free Cholesterol in IDL","BC","0.938(95% CI:0.817-1.078; P=0.3666788268)","1.001(95% CI:0.978-1.024; P=0.93889263)","0.963(95% CI:0.829-1.12; P=0.6277855223)","Adjusted","healthy_noncancer_control","Adjusted healthy_noncancer_control"
"IDL_PL","Phospholipids in IDL","BC","0.948(95% CI:0.823-1.092; P=0.4614405555)","1.003(95% CI:0.98-1.026; P=0.8038234223)","0.977(95% CI:0.839-1.136; P=0.7597839664)","Adjusted","healthy_noncancer_control","Adjusted healthy_noncancer_control"
"IDL_TG","Triglycerides in IDL","BC","1.072(95% CI:0.933-1.232; P=0.3240049168)","1.025(95% CI:1.002-1.049; P=0.0314623619)","1.065(95% CI:0.918-1.235; P=0.4090237435)","Adjusted","healthy_noncancer_control","Adjusted healthy_noncancer_control"
"Ile","Isoleucine","BC","0.989(95% CI:0.869-1.125; P=0.862910457)","1.022(95% CI:1-1.045; P=0.0536063099)","1.055(95% CI:0.912-1.22; P=0.4740223014)","Adjusted","healthy_noncancer_control","Adjusted healthy_noncancer_control"
"L_HDL_C","Cholesterol in Large HDL","BC","1.001(95% CI:0.872-1.15; P=0.9849459759)","0.981(95% CI:0.956-1.006; P=0.13212872)","0.966(95% CI:0.822-1.135; P=0.6753720625)","Adjusted","healthy_noncancer_control","Adjusted healthy_noncancer_control"
"L_HDL_CE","Cholesteryl Esters in Large HDL","BC","0.997(95% CI:0.868-1.145; P=0.9635894178)","0.98(95% CI:0.955-1.005; P=0.109843925)","0.961(95% CI:0.817-1.13; P=0.6285829645)","Adjusted","healthy_noncancer_control","Adjusted healthy_noncancer_control"
"L_HDL_FC","Free Cholesterol in Large HDL","BC","1.017(95% CI:0.886-1.166; P=0.8150671238)","0.984(95% CI:0.96-1.009; P=0.216912543)","0.98(95% CI:0.836-1.15; P=0.8062018524)","Adjusted","healthy_noncancer_control","Adjusted healthy_noncancer_control"
"L_HDL_PL","Phospholipids in Large HDL","BC","1.024(95% CI:0.893-1.174; P=0.7347222252)","0.985(95% CI:0.96-1.009; P=0.224152971)","0.989(95% CI:0.844-1.159; P=0.8957909178)","Adjusted","healthy_noncancer_control","Adjusted healthy_noncancer_control"
"L_HDL_TG","Triglycerides in Large HDL","BC","1.065(95% CI:0.932-1.218; P=0.3551870685)","1.008(95% CI:0.985-1.031; P=0.4926714193)","1.04(95% CI:0.901-1.202; P=0.589458852)","Adjusted","healthy_noncancer_control","Adjusted healthy_noncancer_control"
"L_LDL_C","Cholesterol in Large LDL","BC","0.929(95% CI:0.809-1.068; P=0.3023135784)","1(95% CI:0.978-1.023; P=0.9945204775)","0.977(95% CI:0.84-1.136; P=0.7617615357)","Adjusted","healthy_noncancer_control","Adjusted healthy_noncancer_control"
"L_LDL_CE","Cholesteryl Esters in Large LDL","BC","0.929(95% CI:0.808-1.068; P=0.3030523411)","1.001(95% CI:0.979-1.024; P=0.9031884808)","0.979(95% CI:0.842-1.139; P=0.7845593673)","Adjusted","healthy_noncancer_control","Adjusted healthy_noncancer_control"
"L_LDL_FC","Free Cholesterol in Large LDL","BC","0.922(95% CI:0.804-1.057; P=0.2443465037)","0.995(95% CI:0.973-1.018; P=0.6592161398)","0.959(95% CI:0.825-1.113; P=0.5807023685)","Adjusted","healthy_noncancer_control","Adjusted healthy_noncancer_control"
"L_LDL_PL","Phospholipids in Large LDL","BC","0.94(95% CI:0.817-1.081; P=0.3830889767)","1.001(95% CI:0.979-1.024; P=0.9196968415)","0.979(95% CI:0.842-1.139; P=0.784841841)","Adjusted","healthy_noncancer_control","Adjusted healthy_noncancer_control"
"L_LDL_TG","Triglycerides in Large LDL","BC","1.08(95% CI:0.939-1.241; P=0.2803048476)","1.024(95% CI:1.001-1.048; P=0.0396862574)","1.073(95% CI:0.925-1.245; P=0.3536084879)","Adjusted","healthy_noncancer_control","Adjusted healthy_noncancer_control"
"L_VLDL_C","Cholesterol in Large VLDL","BC","1.04(95% CI:0.906-1.193; P=0.5799664788)","1.019(95% CI:0.995-1.043; P=0.1148069266)","1.081(95% CI:0.927-1.261; P=0.3185886609)","Adjusted","healthy_noncancer_control","Adjusted healthy_noncancer_control"
"L_VLDL_CE","Cholesteryl Esters in Large VLDL","BC","1.024(95% CI:0.892-1.176; P=0.7349971316)","1.017(95% CI:0.993-1.041; P=0.1662648695)","1.065(95% CI:0.913-1.242; P=0.4209764495)","Adjusted","healthy_noncancer_control","Adjusted healthy_noncancer_control"
"L_VLDL_FC","Free Cholesterol in Large VLDL","BC","1.061(95% CI:0.927-1.214; P=0.3925934761)","1.021(95% CI:0.997-1.046; P=0.0818618489)","1.101(95% CI:0.946-1.281; P=0.2132094922)","Adjusted","healthy_noncancer_control","Adjusted healthy_noncancer_control"
"L_VLDL_PL","Phospholipids in Large VLDL","BC","1.068(95% CI:0.933-1.221; P=0.3401257845)","1.022(95% CI:0.998-1.046; P=0.0710615051)","1.105(95% CI:0.951-1.286; P=0.1929765272)","Adjusted","healthy_noncancer_control","Adjusted healthy_noncancer_control"
"L_VLDL_TG","Triglycerides in Large VLDL","BC","1.078(95% CI:0.945-1.23; P=0.2637308896)","1.021(95% CI:0.998-1.045; P=0.0782559152)","1.129(95% CI:0.974-1.309; P=0.1076638424)","Adjusted","healthy_noncancer_control","Adjusted healthy_noncancer_control"
"LA","Linoleic Acid","BC","1.005(95% CI:0.874-1.155; P=0.9493127185)","1.003(95% CI:0.98-1.026; P=0.8250512322)","1.035(95% CI:0.888-1.205; P=0.6599493837)","Adjusted","healthy_noncancer_control","Adjusted healthy_noncancer_control"
"Lactate","Lactate","BC","1.089(95% CI:0.959-1.238; P=0.189151474)","1.025(95% CI:1.001-1.049; P=0.0374715289)","1.141(95% CI:0.986-1.32; P=0.0759585679)","Adjusted","healthy_noncancer_control","Adjusted healthy_noncancer_control"
"LDL_C","LDL Cholesterol","BC","0.942(95% CI:0.819-1.083; P=0.4024843355)","1.003(95% CI:0.98-1.026; P=0.7966623089)","0.989(95% CI:0.851-1.151; P=0.8901807193)","Adjusted","healthy_noncancer_control","Adjusted healthy_noncancer_control"
"LDL_CE","Cholesteryl Esters in LDL","BC","0.946(95% CI:0.822-1.089; P=0.4366047768)","1.005(95% CI:0.982-1.028; P=0.6780670706)","0.995(95% CI:0.855-1.158; P=0.947544199)","Adjusted","healthy_noncancer_control","Adjusted healthy_noncancer_control"
"LDL_FC","Free Cholesterol in LDL","BC","0.926(95% CI:0.807-1.061; P=0.2681976602)","0.997(95% CI:0.974-1.019; P=0.7717479401)","0.965(95% CI:0.831-1.12; P=0.6379543013)","Adjusted","healthy_noncancer_control","Adjusted healthy_noncancer_control"
"LDL_L","Total Lipids in LDL","BC","0.95(95% CI:0.825-1.095; P=0.4793678409)","1.005(95% CI:0.982-1.028; P=0.6750569926)","0.996(95% CI:0.855-1.159; P=0.9556658923)","Adjusted","healthy_noncancer_control","Adjusted healthy_noncancer_control"
"LDL_PL","Phospholipids in LDL","BC","0.951(95% CI:0.827-1.094; P=0.4854100736)","1.004(95% CI:0.981-1.027; P=0.743628768)","0.992(95% CI:0.852-1.154; P=0.9165651554)","Adjusted","healthy_noncancer_control","Adjusted healthy_noncancer_control"
"LDL_TG","Triglycerides in LDL","BC","1.084(95% CI:0.944-1.245; P=0.2509806288)","1.025(95% CI:1.002-1.049; P=0.0334741076)","1.081(95% CI:0.932-1.255; P=0.3026464365)","Adjusted","healthy_noncancer_control","Adjusted healthy_noncancer_control"
"Leu","Leucine","BC","1.023(95% CI:0.901-1.162; P=0.7256745916)","1.019(95% CI:0.996-1.042; P=0.1008003129)","1.102(95% CI:0.955-1.272; P=0.1820610348)","Adjusted","healthy_noncancer_control","Adjusted healthy_noncancer_control"
"M_HDL_C","Cholesterol in Medium HDL","BC","0.983(95% CI:0.857-1.127; P=0.8040771024)","0.982(95% CI:0.959-1.006; P=0.1486063672)","0.977(95% CI:0.836-1.142; P=0.7718208724)","Adjusted","healthy_noncancer_control","Adjusted healthy_noncancer_control"
"M_HDL_CE","Cholesteryl Esters in Medium HDL","BC","0.979(95% CI:0.854-1.122; P=0.757057808)","0.981(95% CI:0.958-1.006; P=0.1302151727)","0.972(95% CI:0.831-1.136; P=0.7213755399)","Adjusted","healthy_noncancer_control","Adjusted healthy_noncancer_control"
"M_HDL_FC","Free Cholesterol in Medium HDL","BC","0.998(95% CI:0.869-1.145; P=0.9720726114)","0.987(95% CI:0.964-1.012; P=0.3041122558)","0.993(95% CI:0.85-1.16; P=0.9287344218)","Adjusted","healthy_noncancer_control","Adjusted healthy_noncancer_control"
"M_HDL_PL","Phospholipids in Medium HDL","BC","1.012(95% CI:0.883-1.161; P=0.8616633005)","0.992(95% CI:0.969-1.016; P=0.5047396233)","1.019(95% CI:0.875-1.187; P=0.8052783518)","Adjusted","healthy_noncancer_control","Adjusted healthy_noncancer_control"
"M_HDL_TG","Triglycerides in Medium HDL","BC","1.061(95% CI:0.928-1.214; P=0.3868035671)","1.018(95% CI:0.995-1.041; P=0.1275747753)","1.069(95% CI:0.922-1.239; P=0.3771084958)","Adjusted","healthy_noncancer_control","Adjusted healthy_noncancer_control"
"M_LDL_C","Cholesterol in Medium LDL","BC","0.962(95% CI:0.837-1.107; P=0.5929326476)","1.007(95% CI:0.985-1.031; P=0.530573503)","1.007(95% CI:0.865-1.173; P=0.9246870206)","Adjusted","healthy_noncancer_control","Adjusted healthy_noncancer_control"
"M_LDL_CE","Cholesteryl Esters in Medium LDL","BC","0.976(95% CI:0.848-1.123; P=0.7354057526)","1.01(95% CI:0.987-1.034; P=0.3809798811)","1.021(95% CI:0.876-1.191; P=0.789880487)","Adjusted","healthy_noncancer_control","Adjusted healthy_noncancer_control"
"M_LDL_FC","Free Cholesterol in Medium LDL","BC","0.926(95% CI:0.808-1.062; P=0.27252278)","0.999(95% CI:0.977-1.021; P=0.9124685706)","0.967(95% CI:0.832-1.123; P=0.657331312)","Adjusted","healthy_noncancer_control","Adjusted healthy_noncancer_control"
"M_LDL_PL","Phospholipids in Medium LDL","BC","0.959(95% CI:0.834-1.104; P=0.5606884897)","1.005(95% CI:0.983-1.028; P=0.6475290314)","1.002(95% CI:0.86-1.166; P=0.9837207267)","Adjusted","healthy_noncancer_control","Adjusted healthy_noncancer_control"
"M_LDL_TG","Triglycerides in Medium LDL","BC","1.092(95% CI:0.955-1.25; P=0.1996018123)","1.025(95% CI:1.002-1.049; P=0.0322979483)","1.088(95% CI:0.94-1.26; P=0.259833818)","Adjusted","healthy_noncancer_control","Adjusted healthy_noncancer_control"
"M_VLDL_C","Cholesterol in Medium VLDL","BC","0.955(95% CI:0.831-1.097; P=0.5136831932)","1.005(95% CI:0.983-1.028; P=0.6403987144)","0.992(95% CI:0.853-1.154; P=0.921748286)","Adjusted","healthy_noncancer_control","Adjusted healthy_noncancer_control"
"M_VLDL_CE","Cholesteryl Esters in Medium VLDL","BC","0.937(95% CI:0.818-1.074; P=0.3502961903)","1.001(95% CI:0.979-1.024; P=0.9436286323)","0.969(95% CI:0.834-1.125; P=0.678437252)","Adjusted","healthy_noncancer_control","Adjusted healthy_noncancer_control"
"M_VLDL_FC","Free Cholesterol in Medium VLDL","BC","0.979(95% CI:0.852-1.126; P=0.7677505198)","1.011(95% CI:0.989-1.035; P=0.3299842372)","1.021(95% CI:0.876-1.189; P=0.7915841059)","Adjusted","healthy_noncancer_control","Adjusted healthy_noncancer_control"
"M_VLDL_PL","Phospholipids in Medium VLDL","BC","0.996(95% CI:0.866-1.146; P=0.9569687566)","1.013(95% CI:0.99-1.036; P=0.2849149373)","1.037(95% CI:0.89-1.209; P=0.6433333644)","Adjusted","healthy_noncancer_control","Adjusted healthy_noncancer_control"
"M_VLDL_TG","Triglycerides in Medium VLDL","BC","1.057(95% CI:0.923-1.212; P=0.4229174574)","1.02(95% CI:0.997-1.045; P=0.0896854631)","1.109(95% CI:0.953-1.292; P=0.1805659955)","Adjusted","healthy_noncancer_control","Adjusted healthy_noncancer_control"
"MUFA","Monounsaturated Fatty Acids","BC","1.066(95% CI:0.924-1.23; P=0.3814854815)","1.025(95% CI:1.001-1.05; P=0.0427721585)","1.101(95% CI:0.943-1.287; P=0.2239497649)","Adjusted","healthy_noncancer_control","Adjusted healthy_noncancer_control"
"non_HDL_C","Total Cholesterol Minus HDL-C","BC","0.956(95% CI:0.83-1.102; P=0.5369711317)","1.006(95% CI:0.983-1.029; P=0.6306954465)","1(95% CI:0.859-1.165; P=0.9960935156)","Adjusted","healthy_noncancer_control","Adjusted healthy_noncancer_control"
"Omega_3","Omega-3 Fatty Acids","BC","0.942(95% CI:0.812-1.093; P=0.4333821432)","0.998(95% CI:0.975-1.022; P=0.8774770918)","0.952(95% CI:0.812-1.117; P=0.5479906867)","Adjusted","healthy_noncancer_control","Adjusted healthy_noncancer_control"
"Omega_6","Omega-6 Fatty Acids","BC","0.999(95% CI:0.865-1.152; P=0.9841701863)","1.002(95% CI:0.979-1.025; P=0.869127577)","1.034(95% CI:0.887-1.207; P=0.6665549922)","Adjusted","healthy_noncancer_control","Adjusted healthy_noncancer_control"
"Phe","Phenylalanine","BC","1.018(95% CI:0.886-1.169; P=0.8028613169)","0.999(95% CI:0.976-1.021; P=0.8984109405)","1.028(95% CI:0.879-1.203; P=0.7251696595)","Adjusted","healthy_noncancer_control","Adjusted healthy_noncancer_control"
"Phosphatidylc","Phosphatidylcholines","BC","0.991(95% CI:0.855-1.149; P=0.9065619176)","1.001(95% CI:0.978-1.025; P=0.934541578)","1.023(95% CI:0.876-1.195; P=0.7716945493)","Adjusted","healthy_noncancer_control","Adjusted healthy_noncancer_control"
"Phosphoglyc","Phosphoglycerides","BC","0.993(95% CI:0.857-1.151; P=0.9285936579)","1.003(95% CI:0.979-1.027; P=0.8180599991)","1.026(95% CI:0.879-1.199; P=0.7421811757)","Adjusted","healthy_noncancer_control","Adjusted healthy_noncancer_control"
"PUFA","Polyunsaturated Fatty Acids","BC","0.98(95% CI:0.845-1.137; P=0.7890805227)","1.001(95% CI:0.978-1.024; P=0.9642999648)","1.014(95% CI:0.868-1.186; P=0.8569522139)","Adjusted","healthy_noncancer_control","Adjusted healthy_noncancer_control"
"Pyruvate","Pyruvate","BC","1.138(95% CI:1.012-1.279; P=0.0313554383)","1.022(95% CI:1-1.045; P=0.0536429984)","1.188(95% CI:1.042-1.354; P=0.0100207779)","Adjusted","healthy_noncancer_control","Adjusted healthy_noncancer_control"
"Remnant_C","Remnant Cholesterol (Non-HDL and Non-LDL -Cholesterol)","BC","0.972(95% CI:0.843-1.121; P=0.6986029677)","1.008(95% CI:0.985-1.031; P=0.4971909758)","1.009(95% CI:0.866-1.176; P=0.9036610209)","Adjusted","healthy_noncancer_control","Adjusted healthy_noncancer_control"
"S_HDL_C","Cholesterol in Small HDL","BC","0.913(95% CI:0.796-1.048; P=0.1950698854)","0.993(95% CI:0.97-1.016; P=0.5474724587)","0.976(95% CI:0.838-1.136; P=0.7509278421)","Adjusted","healthy_noncancer_control","Adjusted healthy_noncancer_control"
"S_HDL_CE","Cholesteryl Esters in Small HDL","BC","0.902(95% CI:0.789-1.03; P=0.1265600948)","0.991(95% CI:0.969-1.014; P=0.4340050883)","0.966(95% CI:0.832-1.121; P=0.6451742547)","Adjusted","healthy_noncancer_control","Adjusted healthy_noncancer_control"
"S_HDL_FC","Free Cholesterol in Small HDL","BC","0.975(95% CI:0.844-1.128; P=0.7362358453)","1.001(95% CI:0.978-1.024; P=0.9563666649)","1.012(95% CI:0.866-1.183; P=0.8831986743)","Adjusted","healthy_noncancer_control","Adjusted healthy_noncancer_control"
"S_HDL_PL","Phospholipids in Small HDL","BC","0.976(95% CI:0.847-1.124; P=0.7352138603)","1.004(95% CI:0.981-1.027; P=0.7585566189)","1.033(95% CI:0.884-1.206; P=0.6830545941)","Adjusted","healthy_noncancer_control","Adjusted healthy_noncancer_control"
"S_HDL_TG","Triglycerides in Small HDL","BC","1.066(95% CI:0.93-1.221; P=0.3586818309)","1.026(95% CI:1.002-1.051; P=0.0328507337)","1.084(95% CI:0.931-1.261; P=0.3000964756)","Adjusted","healthy_noncancer_control","Adjusted healthy_noncancer_control"
"S_LDL_C","Cholesterol in Small LDL","BC","0.968(95% CI:0.842-1.113; P=0.6477323085)","1.007(95% CI:0.984-1.03; P=0.5706375011)","1.008(95% CI:0.867-1.173; P=0.9141750438)","Adjusted","healthy_noncancer_control","Adjusted healthy_noncancer_control"
"S_LDL_CE","Cholesteryl Esters in Small LDL","BC","0.983(95% CI:0.855-1.13; P=0.8085768419)","1.009(95% CI:0.986-1.033; P=0.4304067839)","1.023(95% CI:0.878-1.191; P=0.7730003589)","Adjusted","healthy_noncancer_control","Adjusted healthy_noncancer_control"
"S_LDL_FC","Free Cholesterol in Small LDL","BC","0.929(95% CI:0.811-1.063; P=0.28433439)","0.999(95% CI:0.977-1.022; P=0.9454624284)","0.966(95% CI:0.833-1.12; P=0.6459868112)","Adjusted","healthy_noncancer_control","Adjusted healthy_noncancer_control"
"S_LDL_PL","Phospholipids in Small LDL","BC","0.982(95% CI:0.854-1.128; P=0.7936212455)","1.01(95% CI:0.987-1.033; P=0.4047539415)","1.014(95% CI:0.872-1.178; P=0.8601404879)","Adjusted","healthy_noncancer_control","Adjusted healthy_noncancer_control"
"S_LDL_TG","Triglycerides in Small LDL","BC","1.095(95% CI:0.962-1.247; P=0.1676961558)","1.026(95% CI:1.003-1.049; P=0.0288700625)","1.1(95% CI:0.953-1.27; P=0.1920842961)","Adjusted","healthy_noncancer_control","Adjusted healthy_noncancer_control"
"S_VLDL_C","Cholesterol in Small VLDL","BC","0.976(95% CI:0.848-1.123; P=0.7332160677)","1.014(95% CI:0.991-1.038; P=0.2213726453)","1.005(95% CI:0.862-1.173; P=0.9459704112)","Adjusted","healthy_noncancer_control","Adjusted healthy_noncancer_control"
"S_VLDL_CE","Cholesteryl Esters in Small VLDL","BC","0.981(95% CI:0.852-1.13; P=0.7909067974)","1.016(95% CI:0.993-1.04; P=0.1687460172)","1.006(95% CI:0.862-1.174; P=0.9360363164)","Adjusted","healthy_noncancer_control","Adjusted healthy_noncancer_control"
"S_VLDL_FC","Free Cholesterol in Small VLDL","BC","0.968(95% CI:0.842-1.114; P=0.6539807353)","1.011(95% CI:0.988-1.035; P=0.3381962677)","1.004(95% CI:0.861-1.169; P=0.9639178233)","Adjusted","healthy_noncancer_control","Adjusted healthy_noncancer_control"
"S_VLDL_PL","Phospholipids in Small VLDL","BC","0.992(95% CI:0.862-1.142; P=0.9141569004)","1.016(95% CI:0.993-1.04; P=0.1803783486)","1.026(95% CI:0.879-1.196; P=0.7481583068)","Adjusted","healthy_noncancer_control","Adjusted healthy_noncancer_control"
"S_VLDL_TG","Triglycerides in Small VLDL","BC","1.077(95% CI:0.941-1.233; P=0.2803421864)","1.026(95% CI:1.003-1.05; P=0.0289729257)","1.101(95% CI:0.947-1.279; P=0.2109820651)","Adjusted","healthy_noncancer_control","Adjusted healthy_noncancer_control"
"SFA","Saturated Fatty Acids","BC","1.051(95% CI:0.909-1.215; P=0.5045687636)","1.022(95% CI:0.999-1.047; P=0.0645277926)","1.082(95% CI:0.927-1.262; P=0.3181189761)","Adjusted","healthy_noncancer_control","Adjusted healthy_noncancer_control"
"Sphingomyelins","Sphingomyelins","BC","0.949(95% CI:0.822-1.095; P=0.4725462427)","0.997(95% CI:0.974-1.021; P=0.8208226585)","0.973(95% CI:0.834-1.136; P=0.7323991068)","Adjusted","healthy_noncancer_control","Adjusted healthy_noncancer_control"
"Total_C","Total Cholesterol","BC","0.955(95% CI:0.829-1.1; P=0.5242846695)","1(95% CI:0.977-1.023; P=0.9932757499)","0.996(95% CI:0.855-1.159; P=0.9562969691)","Adjusted","healthy_noncancer_control","Adjusted healthy_noncancer_control"
"Total_CE","Total Esterified Cholesterol","BC","0.951(95% CI:0.825-1.095; P=0.4820872238)","0.999(95% CI:0.976-1.022; P=0.9041109641)","0.991(95% CI:0.851-1.153; P=0.9023906144)","Adjusted","healthy_noncancer_control","Adjusted healthy_noncancer_control"
"Total_FA","Total Fatty Acids","BC","1.032(95% CI:0.89-1.196; P=0.6811170433)","1.017(95% CI:0.993-1.041; P=0.1721637405)","1.067(95% CI:0.912-1.248; P=0.4185001337)","Adjusted","healthy_noncancer_control","Adjusted healthy_noncancer_control"
"Total_FC","Total Free Cholesterol","BC","0.964(95% CI:0.836-1.111; P=0.6119983156)","1.003(95% CI:0.98-1.026; P=0.7905648063)","1.003(95% CI:0.861-1.168; P=0.9742007479)","Adjusted","healthy_noncancer_control","Adjusted healthy_noncancer_control"
"Total_L","Total Lipids in Lipoprotein Particles","BC","0.99(95% CI:0.856-1.146; P=0.8969731109)","1.009(95% CI:0.986-1.032; P=0.4668300985)","1.035(95% CI:0.887-1.209; P=0.6616465096)","Adjusted","healthy_noncancer_control","Adjusted healthy_noncancer_control"
"Total_PL","Total Phospholipids in Lipoprotein Particles","BC","0.993(95% CI:0.858-1.148; P=0.9213283088)","1.004(95% CI:0.98-1.027; P=0.7625425725)","1.029(95% CI:0.882-1.201; P=0.7146143762)","Adjusted","healthy_noncancer_control","Adjusted healthy_noncancer_control"
"Total_TG","Total Triglycerides","BC","1.072(95% CI:0.933-1.232; P=0.327610816)","1.026(95% CI:1.002-1.051; P=0.0320217896)","1.106(95% CI:0.947-1.29; P=0.2034073739)","Adjusted","healthy_noncancer_control","Adjusted healthy_noncancer_control"
"Tyr","Tyrosine","BC","1.036(95% CI:0.909-1.18; P=0.5959516624)","0.991(95% CI:0.969-1.014; P=0.4600079701)","1.111(95% CI:0.962-1.284; P=0.1524578599)","Adjusted","healthy_noncancer_control","Adjusted healthy_noncancer_control"
"Unsaturation","Degree of Unsaturation","BC","0.888(95% CI:0.778-1.015; P=0.081310181)","0.968(95% CI:0.945-0.991; P=0.0064261871)","0.884(95% CI:0.758-1.03; P=0.1142957892)","Adjusted","healthy_noncancer_control","Adjusted healthy_noncancer_control"
"Val","Valine","BC","1.051(95% CI:0.922-1.198; P=0.4536559055)","1.025(95% CI:1.001-1.048; P=0.0376617951)","1.152(95% CI:0.997-1.332; P=0.0554610151)","Adjusted","healthy_noncancer_control","Adjusted healthy_noncancer_control"
"VLDL_C","VLDL Cholesterol","BC","0.995(95% CI:0.863-1.148; P=0.9486648683)","1.015(95% CI:0.992-1.039; P=0.2120813991)","1.032(95% CI:0.884-1.206; P=0.6882503713)","Adjusted","healthy_noncancer_control","Adjusted healthy_noncancer_control"
"VLDL_CE","Cholesteryl Esters in VLDL","BC","0.986(95% CI:0.856-1.135; P=0.8416774241)","1.013(95% CI:0.99-1.036; P=0.2872462765)","1.02(95% CI:0.874-1.189; P=0.8035136063)","Adjusted","healthy_noncancer_control","Adjusted healthy_noncancer_control"
"VLDL_FC","Free Cholesterol in VLDL","BC","1.017(95% CI:0.883-1.171; P=0.8174409206)","1.018(95% CI:0.995-1.043; P=0.1244089867)","1.054(95% CI:0.903-1.231; P=0.5013585629)","Adjusted","healthy_noncancer_control","Adjusted healthy_noncancer_control"
"VLDL_L","Total Lipids in VLDL","BC","1.036(95% CI:0.897-1.196; P=0.6303300845)","1.022(95% CI:0.998-1.047; P=0.069802859)","1.075(95% CI:0.918-1.26; P=0.3669259739)","Adjusted","healthy_noncancer_control","Adjusted healthy_noncancer_control"
"VLDL_PL","Phospholipids in VLDL","BC","1.031(95% CI:0.895-1.187; P=0.6733042248)","1.02(95% CI:0.996-1.044; P=0.0959539552)","1.066(95% CI:0.912-1.245; P=0.4214548025)","Adjusted","healthy_noncancer_control","Adjusted healthy_noncancer_control"
"VLDL_TG","Triglycerides in VLDL","BC","1.076(95% CI:0.938-1.233; P=0.2973370847)","1.025(95% CI:1.001-1.05; P=0.0393471344)","1.115(95% CI:0.956-1.3; P=0.1658610351)","Adjusted","healthy_noncancer_control","Adjusted healthy_noncancer_control"
"XL_HDL_C","Cholesterol in Very Large HDL","BC","1.017(95% CI:0.886-1.167; P=0.8107414706)","0.986(95% CI:0.962-1.011; P=0.2737253988)","0.977(95% CI:0.832-1.146; P=0.7704682259)","Adjusted","healthy_noncancer_control","Adjusted healthy_noncancer_control"
"XL_HDL_CE","Cholesteryl Esters in Very Large HDL","BC","1.013(95% CI:0.883-1.163; P=0.8515461415)","0.985(95% CI:0.961-1.009; P=0.2239266645)","0.972(95% CI:0.828-1.141; P=0.7302749716)","Adjusted","healthy_noncancer_control","Adjusted healthy_noncancer_control"
"XL_HDL_FC","Free Cholesterol in Very Large HDL","BC","1.029(95% CI:0.898-1.179; P=0.6800077594)","0.992(95% CI:0.968-1.016; P=0.5164385783)","0.99(95% CI:0.847-1.157; P=0.8993677453)","Adjusted","healthy_noncancer_control","Adjusted healthy_noncancer_control"
"XL_HDL_PL","Phospholipids in Very Large HDL","BC","1.038(95% CI:0.906-1.189; P=0.5897258151)","0.988(95% CI:0.964-1.012; P=0.331360327)","0.991(95% CI:0.846-1.161; P=0.9117914414)","Adjusted","healthy_noncancer_control","Adjusted healthy_noncancer_control"
"XL_HDL_TG","Triglycerides in Very Large HDL","BC","1.088(95% CI:0.954-1.241; P=0.2094023287)","1.017(95% CI:0.995-1.04; P=0.1313523111)","1.068(95% CI:0.926-1.232; P=0.3656654462)","Adjusted","healthy_noncancer_control","Adjusted healthy_noncancer_control"
"XL_VLDL_C","Cholesterol in Very Large VLDL","BC","1.058(95% CI:0.924-1.212; P=0.4162319645)","1.02(95% CI:0.996-1.044; P=0.1014808542)","1.096(95% CI:0.942-1.276; P=0.2353851055)","Adjusted","healthy_noncancer_control","Adjusted healthy_noncancer_control"
"XL_VLDL_CE","Cholesteryl Esters in Very Large VLDL","BC","1.041(95% CI:0.908-1.194; P=0.5614658785)","1.017(95% CI:0.994-1.042; P=0.1494584533)","1.082(95% CI:0.928-1.26; P=0.3146360407)","Adjusted","healthy_noncancer_control","Adjusted healthy_noncancer_control"
"XL_VLDL_FC","Free Cholesterol in Very Large VLDL","BC","1.075(95% CI:0.942-1.226; P=0.2854796895)","1.022(95% CI:0.998-1.046; P=0.0709550866)","1.108(95% CI:0.956-1.285; P=0.1732030615)","Adjusted","healthy_noncancer_control","Adjusted healthy_noncancer_control"
"XL_VLDL_PL","Phospholipids in Very Large VLDL","BC","1.081(95% CI:0.948-1.232; P=0.2429440464)","1.022(95% CI:0.998-1.046; P=0.0681960455)","1.114(95% CI:0.962-1.291; P=0.1502663125)","Adjusted","healthy_noncancer_control","Adjusted healthy_noncancer_control"
"XL_VLDL_TG","Triglycerides in Very Large VLDL","BC","1.091(95% CI:0.958-1.241; P=0.1879158521)","1.024(95% CI:1-1.048; P=0.0496185466)","1.126(95% CI:0.973-1.302; P=0.1109659892)","Adjusted","healthy_noncancer_control","Adjusted healthy_noncancer_control"
"XS_VLDL_C","Cholesterol in Very Small VLDL","BC","0.969(95% CI:0.841-1.117; P=0.6628550511)","1.01(95% CI:0.987-1.033; P=0.3937105368)","0.989(95% CI:0.85-1.151; P=0.884587377)","Adjusted","healthy_noncancer_control","Adjusted healthy_noncancer_control"
"XS_VLDL_CE","Cholesteryl Esters in Very Small VLDL","BC","0.96(95% CI:0.834-1.105; P=0.5693767374)","1.007(95% CI:0.985-1.03; P=0.5409295824)","0.98(95% CI:0.842-1.14; P=0.7943128822)","Adjusted","healthy_noncancer_control","Adjusted healthy_noncancer_control"
"XS_VLDL_FC","Free Cholesterol in Very Small VLDL","BC","0.991(95% CI:0.859-1.144; P=0.9043440408)","1.017(95% CI:0.994-1.04; P=0.1579650451)","1.006(95% CI:0.864-1.172; P=0.9381966902)","Adjusted","healthy_noncancer_control","Adjusted healthy_noncancer_control"
"XS_VLDL_PL","Phospholipids in Very Small VLDL","BC","1.018(95% CI:0.882-1.174; P=0.8118447358)","1.019(95% CI:0.996-1.043; P=0.0981496944)","1.028(95% CI:0.883-1.197; P=0.7240096789)","Adjusted","healthy_noncancer_control","Adjusted healthy_noncancer_control"
"XS_VLDL_TG","Triglycerides in Very Small VLDL","BC","1.072(95% CI:0.935-1.23; P=0.3171370758)","1.027(95% CI:1.004-1.051; P=0.0225236466)","1.07(95% CI:0.922-1.241; P=0.3744961445)","Adjusted","healthy_noncancer_control","Adjusted healthy_noncancer_control"
"XXL_VLDL_C","Cholesterol in Chylomicrons and Extremely Large VLDL","BC","1.102(95% CI:0.971-1.25; P=0.1320520889)","1.022(95% CI:0.999-1.046; P=0.0623666659)","1.121(95% CI:0.971-1.294; P=0.119349138)","Adjusted","healthy_noncancer_control","Adjusted healthy_noncancer_control"
"XXL_VLDL_CE","Cholesteryl Esters in Chylomicrons and Extremely Large VLDL","BC","1.106(95% CI:0.974-1.256; P=0.1193623181)","1.022(95% CI:0.998-1.046; P=0.0687798154)","1.127(95% CI:0.975-1.302; P=0.1059327903)","Adjusted","healthy_noncancer_control","Adjusted healthy_noncancer_control"
"XXL_VLDL_FC","Free Cholesterol in Chylomicrons and Extremely Large VLDL","BC","1.092(95% CI:0.966-1.236; P=0.1600943638)","1.022(95% CI:0.999-1.046; P=0.0616848508)","1.107(95% CI:0.962-1.275; P=0.1566934273)","Adjusted","healthy_noncancer_control","Adjusted healthy_noncancer_control"
"XXL_VLDL_PL","Phospholipids in Chylomicrons and Extremely Large VLDL","BC","1.102(95% CI:0.977-1.243; P=0.1141402177)","1.021(95% CI:0.998-1.045; P=0.0748964136)","1.112(95% CI:0.968-1.277; P=0.133086311)","Adjusted","healthy_noncancer_control","Adjusted healthy_noncancer_control"
"XXL_VLDL_TG","Triglycerides in Chylomicrons and Extremely Large VLDL","BC","1.117(95% CI:0.991-1.26; P=0.0702434509)","1.021(95% CI:0.998-1.045; P=0.0705682267)","1.131(95% CI:0.986-1.297; P=0.0789575308)","Adjusted","healthy_noncancer_control","Adjusted healthy_noncancer_control"
"Acetate","Acetate","BC_postmeno","0.845(95% CI:0.659-1.083; P=0.1832619016)","1.01(95% CI:0.987-1.033; P=0.4168796107)","0.767(95% CI:0.56-1.05; P=0.0976812967)","Adjusted","healthy_noncancer_control","Adjusted healthy_noncancer_control"
"Acetoacetate","Acetoacetate","BC_postmeno","1.067(95% CI:0.946-1.203; P=0.2934345392)","1.051(95% CI:1.028-1.075; P=0.0000106515)","1.057(95% CI:0.929-1.202; P=0.4014812991)","Adjusted","healthy_noncancer_control","Adjusted healthy_noncancer_control"
"Acetone","Acetone","BC_postmeno","1(95% CI:0.856-1.167; P=0.9963780619)","1.039(95% CI:1.018-1.061; P=0.0002866607)","1.006(95% CI:0.858-1.181; P=0.9398656669)","Adjusted","healthy_noncancer_control","Adjusted healthy_noncancer_control"
"Ala","Alanine","BC_postmeno","1.15(95% CI:0.982-1.347; P=0.083788926)","0.992(95% CI:0.966-1.018; P=0.5463920896)","1.219(95% CI:1.028-1.446; P=0.0228578688)","Adjusted","healthy_noncancer_control","Adjusted healthy_noncancer_control"
"Albumin","Albumin","BC_postmeno","0.855(95% CI:0.718-1.017; P=0.0768081795)","0.968(95% CI:0.943-0.995; P=0.0181507963)","0.932(95% CI:0.78-1.113; P=0.434550367)","Adjusted","healthy_noncancer_control","Adjusted healthy_noncancer_control"
"ApoA1","Apolipoprotein A1","BC_postmeno","1.002(95% CI:0.843-1.19; P=0.984937087)","1.005(95% CI:0.977-1.033; P=0.7390735543)","0.961(95% CI:0.801-1.153; P=0.6685586913)","Adjusted","healthy_noncancer_control","Adjusted healthy_noncancer_control"
"ApoB","Apolipoprotein B","BC_postmeno","1.01(95% CI:0.854-1.194; P=0.9075405256)","1.036(95% CI:1.009-1.063; P=0.0077647751)","1.022(95% CI:0.858-1.217; P=0.8092026627)","Adjusted","healthy_noncancer_control","Adjusted healthy_noncancer_control"
"bOHbutyrate","3-Hydroxybutyrate","BC_postmeno","1.038(95% CI:0.893-1.206; P=0.6270312834)","1.044(95% CI:1.019-1.07; P=0.0004830826)","1.033(95% CI:0.882-1.21; P=0.6878705876)","Adjusted","healthy_noncancer_control","Adjusted healthy_noncancer_control"
"Cholines","Total Cholines","BC_postmeno","1.028(95% CI:0.857-1.234; P=0.7662445395)","1.033(95% CI:1.006-1.062; P=0.0183878988)","1.013(95% CI:0.845-1.215; P=0.8898370078)","Adjusted","healthy_noncancer_control","Adjusted healthy_noncancer_control"
"Citrate","Citrate","BC_postmeno","0.969(95% CI:0.792-1.185; P=0.7577524899)","1.029(95% CI:1.003-1.056; P=0.0315639153)","1.029(95% CI:0.879-1.204; P=0.7247881841)","Adjusted","healthy_noncancer_control","Adjusted healthy_noncancer_control"
"Clinical_LDL_C","Clinical LDL Cholesterol","BC_postmeno","0.996(95% CI:0.842-1.177; P=0.9590546092)","1.029(95% CI:1.003-1.056; P=0.0305931882)","0.996(95% CI:0.837-1.184; P=0.962871182)","Adjusted","healthy_noncancer_control","Adjusted healthy_noncancer_control"
"Creatinine","Creatinine","BC_postmeno","1.022(95% CI:0.865-1.208; P=0.7946606847)","1.005(95% CI:0.98-1.032; P=0.6893838077)","1.004(95% CI:0.841-1.199; P=0.9652325766)","Adjusted","healthy_noncancer_control","Adjusted healthy_noncancer_control"
"DHA","Docosahexaenoic Acid","BC_postmeno","0.974(95% CI:0.826-1.15; P=0.757224617)","1.019(95% CI:0.993-1.046; P=0.1556908553)","0.929(95% CI:0.775-1.114; P=0.4286867253)","Adjusted","healthy_noncancer_control","Adjusted healthy_noncancer_control"
"Gln","Glutamine","BC_postmeno","1.017(95% CI:0.855-1.21; P=0.8464063801)","0.985(95% CI:0.959-1.012; P=0.2807685028)","1.017(95% CI:0.848-1.218; P=0.8589690371)","Adjusted","healthy_noncancer_control","Adjusted healthy_noncancer_control"
"Glucose","Glucose","BC_postmeno","1.015(95% CI:0.871-1.182; P=0.8507177779)","1.024(95% CI:0.998-1.051; P=0.0766274703)","1.075(95% CI:0.916-1.261; P=0.3761595791)","Adjusted","healthy_noncancer_control","Adjusted healthy_noncancer_control"
"Gly","Glycine","BC_postmeno","1.006(95% CI:0.857-1.18; P=0.9433269743)","0.958(95% CI:0.933-0.984; P=0.0019623593)","0.982(95% CI:0.824-1.171; P=0.8420811112)","Adjusted","healthy_noncancer_control","Adjusted healthy_noncancer_control"
"GlycA","Glycoprotein Acetyls","BC_postmeno","1.15(95% CI:0.967-1.369; P=0.1147961921)","1.074(95% CI:1.044-1.106; P=0.0000014614)","1.181(95% CI:0.978-1.426; P=0.0832041975)","Adjusted","healthy_noncancer_control","Adjusted healthy_noncancer_control"
"HDL_C","HDL Cholesterol","BC_postmeno","0.99(95% CI:0.838-1.17; P=0.9061285721)","0.989(95% CI:0.962-1.018; P=0.4681106215)","0.92(95% CI:0.764-1.107; P=0.3760688142)","Adjusted","healthy_noncancer_control","Adjusted healthy_noncancer_control"
"HDL_CE","Cholesteryl Esters in HDL","BC_postmeno","0.983(95% CI:0.833-1.159; P=0.8360432076)","0.987(95% CI:0.959-1.015; P=0.3577020882)","0.913(95% CI:0.759-1.098; P=0.3336559005)","Adjusted","healthy_noncancer_control","Adjusted healthy_noncancer_control"
"HDL_FC","Free Cholesterol in HDL","BC_postmeno","1.014(95% CI:0.855-1.203; P=0.8722599904)","1(95% CI:0.972-1.029; P=0.9775401081)","0.94(95% CI:0.781-1.131; P=0.5114800366)","Adjusted","healthy_noncancer_control","Adjusted healthy_noncancer_control"
"HDL_L","Total Lipids in HDL","BC_postmeno","1.012(95% CI:0.852-1.202; P=0.889365785)","0.999(95% CI:0.971-1.028; P=0.9694599791)","0.959(95% CI:0.799-1.152; P=0.6562741725)","Adjusted","healthy_noncancer_control","Adjusted healthy_noncancer_control"
"HDL_PL","Phospholipids in HDL","BC_postmeno","1.017(95% CI:0.857-1.208; P=0.8437772258)","1.004(95% CI:0.976-1.032; P=0.7911747219)","0.973(95% CI:0.812-1.167; P=0.7687632575)","Adjusted","healthy_noncancer_control","Adjusted healthy_noncancer_control"
"HDL_TG","Triglycerides in HDL","BC_postmeno","1.073(95% CI:0.911-1.264; P=0.3974758195)","1.039(95% CI:1.012-1.066; P=0.0037377818)","1.103(95% CI:0.934-1.303; P=0.2491712239)","Adjusted","healthy_noncancer_control","Adjusted healthy_noncancer_control"
"His","Histidine","BC_postmeno","1.088(95% CI:0.921-1.285; P=0.3225409934)","0.96(95% CI:0.934-0.987; P=0.00343509)","1.134(95% CI:0.952-1.351; P=0.1578089662)","Adjusted","healthy_noncancer_control","Adjusted healthy_noncancer_control"
"IDL_C","Cholesterol in IDL","BC_postmeno","0.982(95% CI:0.832-1.16; P=0.8324265485)","1.024(95% CI:0.998-1.051; P=0.067033946)","0.957(95% CI:0.805-1.136; P=0.6131101541)","Adjusted","healthy_noncancer_control","Adjusted healthy_noncancer_control"
"IDL_CE","Cholesteryl Esters in IDL","BC_postmeno","0.983(95% CI:0.832-1.161; P=0.8388760949)","1.023(95% CI:0.997-1.049; P=0.0851469374)","0.957(95% CI:0.805-1.138; P=0.6184938396)","Adjusted","healthy_noncancer_control","Adjusted healthy_noncancer_control"
"IDL_FC","Free Cholesterol in IDL","BC_postmeno","0.965(95% CI:0.82-1.135; P=0.6659014708)","1.028(95% CI:1.002-1.054; P=0.0337533149)","0.94(95% CI:0.792-1.116; P=0.4796583684)","Adjusted","healthy_noncancer_control","Adjusted healthy_noncancer_control"
"IDL_PL","Phospholipids in IDL","BC_postmeno","0.974(95% CI:0.825-1.15; P=0.7569490233)","1.028(95% CI:1.002-1.055; P=0.0316588449)","0.962(95% CI:0.809-1.144; P=0.6589014946)","Adjusted","healthy_noncancer_control","Adjusted healthy_noncancer_control"
"IDL_TG","Triglycerides in IDL","BC_postmeno","1.083(95% CI:0.918-1.278; P=0.3446051886)","1.046(95% CI:1.019-1.073; P=0.0006624855)","1.083(95% CI:0.916-1.281; P=0.3503376504)","Adjusted","healthy_noncancer_control","Adjusted healthy_noncancer_control"
"Ile","Isoleucine","BC_postmeno","1.038(95% CI:0.893-1.207; P=0.6298036523)","1.031(95% CI:1.006-1.057; P=0.0168831625)","1.092(95% CI:0.926-1.287; P=0.2943405558)","Adjusted","healthy_noncancer_control","Adjusted healthy_noncancer_control"
"L_HDL_C","Cholesterol in Large HDL","BC_postmeno","0.99(95% CI:0.839-1.169; P=0.9081321575)","0.979(95% CI:0.952-1.008; P=0.1551192424)","0.895(95% CI:0.741-1.082; P=0.2510253824)","Adjusted","healthy_noncancer_control","Adjusted healthy_noncancer_control"
"L_HDL_CE","Cholesteryl Esters in Large HDL","BC_postmeno","0.987(95% CI:0.837-1.165; P=0.8771089421)","0.978(95% CI:0.95-1.006; P=0.1263271751)","0.891(95% CI:0.737-1.077; P=0.2335971717)","Adjusted","healthy_noncancer_control","Adjusted healthy_noncancer_control"
"L_HDL_FC","Free Cholesterol in Large HDL","BC_postmeno","1.005(95% CI:0.851-1.186; P=0.9529549478)","0.986(95% CI:0.958-1.014; P=0.3221649369)","0.906(95% CI:0.75-1.095; P=0.3095182329)","Adjusted","healthy_noncancer_control","Adjusted healthy_noncancer_control"
"L_HDL_PL","Phospholipids in Large HDL","BC_postmeno","1.008(95% CI:0.853-1.191; P=0.9249350491)","0.986(95% CI:0.958-1.014; P=0.3311086442)","0.921(95% CI:0.764-1.11; P=0.3860571079)","Adjusted","healthy_noncancer_control","Adjusted healthy_noncancer_control"
"L_HDL_TG","Triglycerides in Large HDL","BC_postmeno","1.056(95% CI:0.892-1.249; P=0.5284426149)","1.023(95% CI:0.997-1.05; P=0.0889798545)","1.035(95% CI:0.876-1.222; P=0.6891489313)","Adjusted","healthy_noncancer_control","Adjusted healthy_noncancer_control"
"L_LDL_C","Cholesterol in Large LDL","BC_postmeno","0.976(95% CI:0.827-1.153; P=0.7768246223)","1.029(95% CI:1.003-1.056; P=0.0301290838)","0.98(95% CI:0.824-1.166; P=0.8219214934)","Adjusted","healthy_noncancer_control","Adjusted healthy_noncancer_control"
"L_LDL_CE","Cholesteryl Esters in Large LDL","BC_postmeno","0.977(95% CI:0.827-1.154; P=0.7812951123)","1.031(95% CI:1.005-1.058; P=0.0200118412)","0.987(95% CI:0.829-1.174; P=0.8826134543)","Adjusted","healthy_noncancer_control","Adjusted healthy_noncancer_control"
"L_LDL_FC","Free Cholesterol in Large LDL","BC_postmeno","0.961(95% CI:0.818-1.129; P=0.6274061166)","1.021(95% CI:0.995-1.047; P=0.1121627333)","0.949(95% CI:0.8-1.126; P=0.5487890709)","Adjusted","healthy_noncancer_control","Adjusted healthy_noncancer_control"
"L_LDL_PL","Phospholipids in Large LDL","BC_postmeno","0.982(95% CI:0.833-1.158; P=0.8322454157)","1.03(95% CI:1.003-1.056; P=0.0259369741)","0.983(95% CI:0.827-1.169; P=0.8462600892)","Adjusted","healthy_noncancer_control","Adjusted healthy_noncancer_control"
"L_LDL_TG","Triglycerides in Large LDL","BC_postmeno","1.106(95% CI:0.938-1.303; P=0.2302075479)","1.047(95% CI:1.02-1.074; P=0.0004884575)","1.102(95% CI:0.933-1.303; P=0.252455726)","Adjusted","healthy_noncancer_control","Adjusted healthy_noncancer_control"
"L_VLDL_C","Cholesterol in Large VLDL","BC_postmeno","1.069(95% CI:0.911-1.253; P=0.4134581897)","1.043(95% CI:1.016-1.071; P=0.0016626524)","1.139(95% CI:0.958-1.353; P=0.1412585197)","Adjusted","healthy_noncancer_control","Adjusted healthy_noncancer_control"
"L_VLDL_CE","Cholesteryl Esters in Large VLDL","BC_postmeno","1.052(95% CI:0.896-1.234; P=0.5353635157)","1.041(95% CI:1.014-1.068; P=0.0028420573)","1.115(95% CI:0.938-1.326; P=0.2175297047)","Adjusted","healthy_noncancer_control","Adjusted healthy_noncancer_control"
"L_VLDL_FC","Free Cholesterol in Large VLDL","BC_postmeno","1.088(95% CI:0.932-1.27; P=0.2874118914)","1.044(95% CI:1.017-1.072; P=0.0013922534)","1.162(95% CI:0.982-1.375; P=0.0808554244)","Adjusted","healthy_noncancer_control","Adjusted healthy_noncancer_control"
"L_VLDL_PL","Phospholipids in Large VLDL","BC_postmeno","1.092(95% CI:0.936-1.274; P=0.2614528281)","1.042(95% CI:1.015-1.07; P=0.0020542056)","1.167(95% CI:0.987-1.379; P=0.0714173396)","Adjusted","healthy_noncancer_control","Adjusted healthy_noncancer_control"
"L_VLDL_TG","Triglycerides in Large VLDL","BC_postmeno","1.115(95% CI:0.959-1.296; P=0.1554161236)","1.042(95% CI:1.015-1.069; P=0.0021356684)","1.195(95% CI:1.015-1.407; P=0.0328788592)","Adjusted","healthy_noncancer_control","Adjusted healthy_noncancer_control"
"LA","Linoleic Acid","BC_postmeno","1.043(95% CI:0.879-1.237; P=0.629582459)","1.026(95% CI:1-1.053; P=0.0525099375)","1.053(95% CI:0.881-1.258; P=0.5738987624)","Adjusted","healthy_noncancer_control","Adjusted healthy_noncancer_control"
"Lactate","Lactate","BC_postmeno","1.148(95% CI:0.988-1.334; P=0.0718220864)","1.015(95% CI:0.987-1.042; P=0.2945429711)","1.202(95% CI:1.019-1.417; P=0.0286015458)","Adjusted","healthy_noncancer_control","Adjusted healthy_noncancer_control"
"LDL_C","LDL Cholesterol","BC_postmeno","0.99(95% CI:0.837-1.171; P=0.9071517236)","1.033(95% CI:1.007-1.06; P=0.0141252231)","1(95% CI:0.84-1.191; P=0.9972236173)","Adjusted","healthy_noncancer_control","Adjusted healthy_noncancer_control"
"LDL_CE","Cholesteryl Esters in LDL","BC_postmeno","0.993(95% CI:0.839-1.176; P=0.9370099406)","1.036(95% CI:1.01-1.063; P=0.0075044345)","1.011(95% CI:0.848-1.205; P=0.906081268)","Adjusted","healthy_noncancer_control","Adjusted healthy_noncancer_control"
"LDL_FC","Free Cholesterol in LDL","BC_postmeno","0.97(95% CI:0.825-1.14; P=0.7110518808)","1.022(95% CI:0.997-1.049; P=0.0899073729)","0.963(95% CI:0.812-1.142; P=0.6624042603)","Adjusted","healthy_noncancer_control","Adjusted healthy_noncancer_control"
"LDL_L","Total Lipids in LDL","BC_postmeno","1(95% CI:0.844-1.186; P=0.9977952679)","1.036(95% CI:1.009-1.063; P=0.0085990301)","1.01(95% CI:0.847-1.204; P=0.9158995818)","Adjusted","healthy_noncancer_control","Adjusted healthy_noncancer_control"
"LDL_PL","Phospholipids in LDL","BC_postmeno","0.999(95% CI:0.846-1.18; P=0.9909973177)","1.032(95% CI:1.006-1.059; P=0.0156346921)","1.005(95% CI:0.844-1.196; P=0.9589055423)","Adjusted","healthy_noncancer_control","Adjusted healthy_noncancer_control"
"LDL_TG","Triglycerides in LDL","BC_postmeno","1.112(95% CI:0.945-1.308; P=0.1994575349)","1.048(95% CI:1.022-1.075; P=0.0003361461)","1.118(95% CI:0.946-1.32; P=0.1905262142)","Adjusted","healthy_noncancer_control","Adjusted healthy_noncancer_control"
"Leu","Leucine","BC_postmeno","1.078(95% CI:0.929-1.251; P=0.3227335334)","1.028(95% CI:1.002-1.054; P=0.0328889493)","1.134(95% CI:0.964-1.333; P=0.128236033)","Adjusted","healthy_noncancer_control","Adjusted healthy_noncancer_control"
"M_HDL_C","Cholesterol in Medium HDL","BC_postmeno","0.985(95% CI:0.834-1.164; P=0.8632115203)","0.995(95% CI:0.968-1.023; P=0.7391349473)","0.94(95% CI:0.784-1.128; P=0.5059818114)","Adjusted","healthy_noncancer_control","Adjusted healthy_noncancer_control"
"M_HDL_CE","Cholesteryl Esters in Medium HDL","BC_postmeno","0.979(95% CI:0.83-1.155; P=0.8046792583)","0.994(95% CI:0.966-1.022; P=0.6483527382)","0.934(95% CI:0.779-1.12; P=0.4635129293)","Adjusted","healthy_noncancer_control","Adjusted healthy_noncancer_control"
"M_HDL_FC","Free Cholesterol in Medium HDL","BC_postmeno","1.006(95% CI:0.848-1.193; P=0.9448207096)","1.004(95% CI:0.977-1.033; P=0.7539537009)","0.957(95% CI:0.797-1.148; P=0.6328369984)","Adjusted","healthy_noncancer_control","Adjusted healthy_noncancer_control"
"M_HDL_PL","Phospholipids in Medium HDL","BC_postmeno","1.014(95% CI:0.855-1.202; P=0.8765132704)","1.011(95% CI:0.983-1.039; P=0.4525578757)","0.998(95% CI:0.835-1.193; P=0.9818228029)","Adjusted","healthy_noncancer_control","Adjusted healthy_noncancer_control"
"M_HDL_TG","Triglycerides in Medium HDL","BC_postmeno","1.06(95% CI:0.901-1.248; P=0.4799735576)","1.037(95% CI:1.01-1.064; P=0.0059857558)","1.1(95% CI:0.931-1.299; P=0.262243017)","Adjusted","healthy_noncancer_control","Adjusted healthy_noncancer_control"
"M_LDL_C","Cholesterol in Medium LDL","BC_postmeno","1.007(95% CI:0.852-1.189; P=0.938636459)","1.038(95% CI:1.012-1.066; P=0.0043650051)","1.033(95% CI:0.866-1.23; P=0.7203756288)","Adjusted","healthy_noncancer_control","Adjusted healthy_noncancer_control"
"M_LDL_CE","Cholesteryl Esters in Medium LDL","BC_postmeno","1.017(95% CI:0.861-1.2; P=0.8433823466)","1.042(95% CI:1.015-1.07; P=0.0018317642)","1.051(95% CI:0.882-1.254; P=0.5761592622)","Adjusted","healthy_noncancer_control","Adjusted healthy_noncancer_control"
"M_LDL_FC","Free Cholesterol in Medium LDL","BC_postmeno","0.973(95% CI:0.828-1.143; P=0.736615802)","1.025(95% CI:0.999-1.051; P=0.0575415719)","0.976(95% CI:0.823-1.158; P=0.7818714674)","Adjusted","healthy_noncancer_control","Adjusted healthy_noncancer_control"
"M_LDL_PL","Phospholipids in Medium LDL","BC_postmeno","1.007(95% CI:0.854-1.188; P=0.9300599433)","1.034(95% CI:1.008-1.061; P=0.0107781194)","1.027(95% CI:0.863-1.223; P=0.7624735195)","Adjusted","healthy_noncancer_control","Adjusted healthy_noncancer_control"
"M_LDL_TG","Triglycerides in Medium LDL","BC_postmeno","1.115(95% CI:0.953-1.304; P=0.1737920777)","1.047(95% CI:1.021-1.074; P=0.0003742868)","1.128(95% CI:0.959-1.326; P=0.147328879)","Adjusted","healthy_noncancer_control","Adjusted healthy_noncancer_control"
"M_VLDL_C","Cholesterol in Medium VLDL","BC_postmeno","0.981(95% CI:0.834-1.154; P=0.8205127347)","1.03(95% CI:1.005-1.057; P=0.0209438181)","0.997(95% CI:0.839-1.184; P=0.9706525511)","Adjusted","healthy_noncancer_control","Adjusted healthy_noncancer_control"
"M_VLDL_CE","Cholesteryl Esters in Medium VLDL","BC_postmeno","0.957(95% CI:0.816-1.122; P=0.5896607222)","1.023(95% CI:0.997-1.049; P=0.0824006249)","0.96(95% CI:0.809-1.138; P=0.6384761888)","Adjusted","healthy_noncancer_control","Adjusted healthy_noncancer_control"
"M_VLDL_FC","Free Cholesterol in Medium VLDL","BC_postmeno","1.01(95% CI:0.858-1.188; P=0.904695725)","1.039(95% CI:1.013-1.066; P=0.0035663833)","1.042(95% CI:0.877-1.24; P=0.6380216762)","Adjusted","healthy_noncancer_control","Adjusted healthy_noncancer_control"
"M_VLDL_PL","Phospholipids in Medium VLDL","BC_postmeno","1.03(95% CI:0.875-1.213; P=0.721221636)","1.04(95% CI:1.013-1.067; P=0.0030326511)","1.068(95% CI:0.897-1.271; P=0.4593188857)","Adjusted","healthy_noncancer_control","Adjusted healthy_noncancer_control"
"M_VLDL_TG","Triglycerides in Medium VLDL","BC_postmeno","1.1(95% CI:0.94-1.288; P=0.2341822612)","1.044(95% CI:1.017-1.072; P=0.0013516783)","1.179(95% CI:0.994-1.398; P=0.0589628006)","Adjusted","healthy_noncancer_control","Adjusted healthy_noncancer_control"
"MUFA","Monounsaturated Fatty Acids","BC_postmeno","1.115(95% CI:0.94-1.322; P=0.2117905383)","1.062(95% CI:1.033-1.091; P=0.0000155277)","1.158(95% CI:0.969-1.384; P=0.1068866223)","Adjusted","healthy_noncancer_control","Adjusted healthy_noncancer_control"
"non_HDL_C","Total Cholesterol Minus HDL-C","BC_postmeno","1.001(95% CI:0.843-1.187; P=0.9937318097)","1.036(95% CI:1.009-1.063; P=0.007727201)","1.008(95% CI:0.846-1.203; P=0.9253805119)","Adjusted","healthy_noncancer_control","Adjusted healthy_noncancer_control"
"Omega_3","Omega-3 Fatty Acids","BC_postmeno","0.993(95% CI:0.835-1.183; P=0.9411066616)","1.037(95% CI:1.01-1.065; P=0.0070062396)","0.98(95% CI:0.816-1.176; P=0.825343483)","Adjusted","healthy_noncancer_control","Adjusted healthy_noncancer_control"
"Omega_6","Omega-6 Fatty Acids","BC_postmeno","1.036(95% CI:0.869-1.236; P=0.6908379019)","1.035(95% CI:1.008-1.063; P=0.0106589015)","1.051(95% CI:0.877-1.259; P=0.5895237031)","Adjusted","healthy_noncancer_control","Adjusted healthy_noncancer_control"
"Phe","Phenylalanine","BC_postmeno","1.075(95% CI:0.912-1.268; P=0.3885987092)","0.986(95% CI:0.961-1.012; P=0.3019687706)","1.077(95% CI:0.901-1.288; P=0.4153093816)","Adjusted","healthy_noncancer_control","Adjusted healthy_noncancer_control"
"Phosphatidylc","Phosphatidylcholines","BC_postmeno","1.04(95% CI:0.863-1.253; P=0.6821421836)","1.031(95% CI:1.003-1.06; P=0.0281642222)","1.028(95% CI:0.857-1.234; P=0.7656181573)","Adjusted","healthy_noncancer_control","Adjusted healthy_noncancer_control"
"Phosphoglyc","Phosphoglycerides","BC_postmeno","1.039(95% CI:0.864-1.25; P=0.6833713384)","1.037(95% CI:1.009-1.066; P=0.0085517061)","1.032(95% CI:0.86-1.238; P=0.7367232502)","Adjusted","healthy_noncancer_control","Adjusted healthy_noncancer_control"
"PUFA","Polyunsaturated Fatty Acids","BC_postmeno","1.029(95% CI:0.856-1.237; P=0.7639152537)","1.04(95% CI:1.013-1.069; P=0.0037935245)","1.037(95% CI:0.862-1.247; P=0.7008320359)","Adjusted","healthy_noncancer_control","Adjusted healthy_noncancer_control"
"Pyruvate","Pyruvate","BC_postmeno","1.169(95% CI:1.021-1.34; P=0.0239401569)","1.016(95% CI:0.989-1.043; P=0.2509138873)","1.219(95% CI:1.053-1.412; P=0.0080665857)","Adjusted","healthy_noncancer_control","Adjusted healthy_noncancer_control"
"Remnant_C","Remnant Cholesterol (Non-HDL and Non-LDL -Cholesterol)","BC_postmeno","1.008(95% CI:0.849-1.196; P=0.930047815)","1.037(95% CI:1.011-1.065; P=0.0055807834)","1.013(95% CI:0.85-1.209; P=0.8817002246)","Adjusted","healthy_noncancer_control","Adjusted healthy_noncancer_control"
"S_HDL_C","Cholesterol in Small HDL","BC_postmeno","0.961(95% CI:0.813-1.135; P=0.6386066346)","1.021(95% CI:0.995-1.049; P=0.1178274261)","1.013(95% CI:0.848-1.21; P=0.8892140881)","Adjusted","healthy_noncancer_control","Adjusted healthy_noncancer_control"
"S_HDL_CE","Cholesteryl Esters in Small HDL","BC_postmeno","0.944(95% CI:0.803-1.109; P=0.4806111876)","1.016(95% CI:0.989-1.043; P=0.2413151442)","1(95% CI:0.84-1.19; P=0.9995358906)","Adjusted","healthy_noncancer_control","Adjusted healthy_noncancer_control"
"S_HDL_FC","Free Cholesterol in Small HDL","BC_postmeno","1.024(95% CI:0.856-1.225; P=0.7978612205)","1.034(95% CI:1.007-1.063; P=0.0139117841)","1.039(95% CI:0.866-1.247; P=0.6782117081)","Adjusted","healthy_noncancer_control","Adjusted healthy_noncancer_control"
"S_HDL_PL","Phospholipids in Small HDL","BC_postmeno","1.006(95% CI:0.844-1.199; P=0.9466218948)","1.034(95% CI:1.007-1.062; P=0.0147860312)","1.075(95% CI:0.897-1.289; P=0.4341280589)","Adjusted","healthy_noncancer_control","Adjusted healthy_noncancer_control"
"S_HDL_TG","Triglycerides in Small HDL","BC_postmeno","1.078(95% CI:0.921-1.263; P=0.3500400818)","1.045(95% CI:1.018-1.073; P=0.0011291929)","1.142(95% CI:0.965-1.352; P=0.1216595799)","Adjusted","healthy_noncancer_control","Adjusted healthy_noncancer_control"
"S_LDL_C","Cholesterol in Small LDL","BC_postmeno","1.012(95% CI:0.86-1.192; P=0.8823284904)","1.034(95% CI:1.008-1.061; P=0.0098952029)","1.03(95% CI:0.866-1.224; P=0.7397464529)","Adjusted","healthy_noncancer_control","Adjusted healthy_noncancer_control"
"S_LDL_CE","Cholesteryl Esters in Small LDL","BC_postmeno","1.022(95% CI:0.868-1.204; P=0.7944288844)","1.038(95% CI:1.012-1.065; P=0.0039752872)","1.047(95% CI:0.88-1.246; P=0.6023697609)","Adjusted","healthy_noncancer_control","Adjusted healthy_noncancer_control"
"S_LDL_FC","Free Cholesterol in Small LDL","BC_postmeno","0.979(95% CI:0.836-1.148; P=0.796764291)","1.02(95% CI:0.995-1.046; P=0.1250113617)","0.977(95% CI:0.825-1.157; P=0.7889007548)","Adjusted","healthy_noncancer_control","Adjusted healthy_noncancer_control"
"S_LDL_PL","Phospholipids in Small LDL","BC_postmeno","1.033(95% CI:0.878-1.216; P=0.6949650169)","1.033(95% CI:1.007-1.059; P=0.0127345399)","1.032(95% CI:0.869-1.225; P=0.7185169212)","Adjusted","healthy_noncancer_control","Adjusted healthy_noncancer_control"
"S_LDL_TG","Triglycerides in Small LDL","BC_postmeno","1.107(95% CI:0.954-1.285; P=0.1795231688)","1.046(95% CI:1.02-1.072; P=0.0005314425)","1.142(95% CI:0.976-1.338; P=0.0980112069)","Adjusted","healthy_noncancer_control","Adjusted healthy_noncancer_control"
"S_VLDL_C","Cholesterol in Small VLDL","BC_postmeno","1.002(95% CI:0.85-1.182; P=0.9802740943)","1.04(95% CI:1.013-1.067; P=0.0031067546)","1.032(95% CI:0.866-1.229; P=0.7275111749)","Adjusted","healthy_noncancer_control","Adjusted healthy_noncancer_control"
"S_VLDL_CE","Cholesteryl Esters in Small VLDL","BC_postmeno","1.003(95% CI:0.851-1.182; P=0.9716841204)","1.041(95% CI:1.014-1.068; P=0.0026455605)","1.035(95% CI:0.869-1.233; P=0.6975381885)","Adjusted","healthy_noncancer_control","Adjusted healthy_noncancer_control"
"S_VLDL_FC","Free Cholesterol in Small VLDL","BC_postmeno","0.999(95% CI:0.849-1.176; P=0.9911335387)","1.037(95% CI:1.011-1.064; P=0.0049841409)","1.024(95% CI:0.861-1.218; P=0.7893419921)","Adjusted","healthy_noncancer_control","Adjusted healthy_noncancer_control"
"S_VLDL_PL","Phospholipids in Small VLDL","BC_postmeno","1.025(95% CI:0.87-1.208; P=0.7684465718)","1.043(95% CI:1.016-1.07; P=0.0015092608)","1.058(95% CI:0.889-1.26; P=0.5240025789)","Adjusted","healthy_noncancer_control","Adjusted healthy_noncancer_control"
"S_VLDL_TG","Triglycerides in Small VLDL","BC_postmeno","1.107(95% CI:0.947-1.295; P=0.2021685138)","1.047(95% CI:1.02-1.075; P=0.0005354424)","1.164(95% CI:0.985-1.376; P=0.0752678169)","Adjusted","healthy_noncancer_control","Adjusted healthy_noncancer_control"
"SFA","Saturated Fatty Acids","BC_postmeno","1.103(95% CI:0.926-1.314; P=0.2736362798)","1.062(95% CI:1.034-1.091; P=0.0000114887)","1.126(95% CI:0.943-1.344; P=0.1895305388)","Adjusted","healthy_noncancer_control","Adjusted healthy_noncancer_control"
"Sphingomyelins","Sphingomyelins","BC_postmeno","0.994(95% CI:0.837-1.18; P=0.9464261895)","1.03(95% CI:1.003-1.057; P=0.0300909596)","0.959(95% CI:0.802-1.146; P=0.6431996105)","Adjusted","healthy_noncancer_control","Adjusted healthy_noncancer_control"
"Total_C","Total Cholesterol","BC_postmeno","0.999(95% CI:0.842-1.185; P=0.9896198148)","1.032(95% CI:1.005-1.059; P=0.0208345192)","0.988(95% CI:0.829-1.177; P=0.8918560417)","Adjusted","healthy_noncancer_control","Adjusted healthy_noncancer_control"
"Total_CE","Total Esterified Cholesterol","BC_postmeno","0.995(95% CI:0.839-1.179; P=0.9501567436)","1.029(95% CI:1.003-1.057; P=0.0309162773)","0.981(95% CI:0.823-1.168; P=0.8280782351)","Adjusted","healthy_noncancer_control","Adjusted healthy_noncancer_control"
"Total_FA","Total Fatty Acids","BC_postmeno","1.087(95% CI:0.907-1.303; P=0.3653567791)","1.059(95% CI:1.03-1.088; P=0.0000375648)","1.111(95% CI:0.926-1.333; P=0.2563134541)","Adjusted","healthy_noncancer_control","Adjusted healthy_noncancer_control"
"Total_FC","Total Free Cholesterol","BC_postmeno","1.002(95% CI:0.845-1.188; P=0.9786586011)","1.035(95% CI:1.009-1.063; P=0.0088410334)","0.999(95% CI:0.838-1.191; P=0.9927860074)","Adjusted","healthy_noncancer_control","Adjusted healthy_noncancer_control"
"Total_L","Total Lipids in Lipoprotein Particles","BC_postmeno","1.04(95% CI:0.87-1.242; P=0.6692115996)","1.045(95% CI:1.018-1.074; P=0.001121176)","1.049(95% CI:0.876-1.256; P=0.6028288081)","Adjusted","healthy_noncancer_control","Adjusted healthy_noncancer_control"
"Total_PL","Total Phospholipids in Lipoprotein Particles","BC_postmeno","1.031(95% CI:0.861-1.234; P=0.7428815814)","1.039(95% CI:1.011-1.068; P=0.0052983752)","1.023(95% CI:0.854-1.225; P=0.8033491662)","Adjusted","healthy_noncancer_control","Adjusted healthy_noncancer_control"
"Total_TG","Total Triglycerides","BC_postmeno","1.11(95% CI:0.943-1.307; P=0.2086678143)","1.051(95% CI:1.024-1.08; P=0.0002289386)","1.172(95% CI:0.984-1.397; P=0.0749282315)","Adjusted","healthy_noncancer_control","Adjusted healthy_noncancer_control"
"Tyr","Tyrosine","BC_postmeno","1.122(95% CI:0.964-1.306; P=0.1381334485)","1.013(95% CI:0.987-1.039; P=0.3319310993)","1.16(95% CI:0.985-1.367; P=0.0761468791)","Adjusted","healthy_noncancer_control","Adjusted healthy_noncancer_control"
"Unsaturation","Degree of Unsaturation","BC_postmeno","0.9(95% CI:0.771-1.051; P=0.1847877261)","0.978(95% CI:0.952-1.005; P=0.1080484303)","0.861(95% CI:0.723-1.026; P=0.094684184)","Adjusted","healthy_noncancer_control","Adjusted healthy_noncancer_control"
"Val","Valine","BC_postmeno","1.086(95% CI:0.93-1.267; P=0.2975579953)","1.044(95% CI:1.017-1.072; P=0.0011821436)","1.155(95% CI:0.979-1.362; P=0.0880380776)","Adjusted","healthy_noncancer_control","Adjusted healthy_noncancer_control"
"VLDL_C","VLDL Cholesterol","BC_postmeno","1.025(95% CI:0.866-1.213; P=0.7757311527)","1.043(95% CI:1.016-1.071; P=0.0015729728)","1.06(95% CI:0.887-1.267; P=0.5199792572)","Adjusted","healthy_noncancer_control","Adjusted healthy_noncancer_control"
"VLDL_CE","Cholesteryl Esters in VLDL","BC_postmeno","1.011(95% CI:0.855-1.194; P=0.9012278735)","1.039(95% CI:1.013-1.066; P=0.0037245776)","1.038(95% CI:0.871-1.238; P=0.6771920215)","Adjusted","healthy_noncancer_control","Adjusted healthy_noncancer_control"
"VLDL_FC","Free Cholesterol in VLDL","BC_postmeno","1.045(95% CI:0.887-1.233; P=0.5978549432)","1.046(95% CI:1.019-1.074; P=0.0006868269)","1.094(95% CI:0.917-1.304; P=0.3183531234)","Adjusted","healthy_noncancer_control","Adjusted healthy_noncancer_control"
"VLDL_L","Total Lipids in VLDL","BC_postmeno","1.074(95% CI:0.906-1.274; P=0.4102162071)","1.052(95% CI:1.024-1.081; P=0.0002479235)","1.132(95% CI:0.944-1.358; P=0.1796211397)","Adjusted","healthy_noncancer_control","Adjusted healthy_noncancer_control"
"VLDL_PL","Phospholipids in VLDL","BC_postmeno","1.061(95% CI:0.899-1.252; P=0.4840632104)","1.047(95% CI:1.02-1.075; P=0.0006091738)","1.111(95% CI:0.931-1.325; P=0.244092592)","Adjusted","healthy_noncancer_control","Adjusted healthy_noncancer_control"
"VLDL_TG","Triglycerides in VLDL","BC_postmeno","1.109(95% CI:0.945-1.301; P=0.2041462673)","1.049(95% CI:1.021-1.077; P=0.000450184)","1.183(95% CI:0.994-1.406; P=0.0578225832)","Adjusted","healthy_noncancer_control","Adjusted healthy_noncancer_control"
"XL_HDL_C","Cholesterol in Very Large HDL","BC_postmeno","1.001(95% CI:0.849-1.181; P=0.9877984203)","0.984(95% CI:0.957-1.013; P=0.2781811701)","0.896(95% CI:0.741-1.083; P=0.2557407507)","Adjusted","healthy_noncancer_control","Adjusted healthy_noncancer_control"
"XL_HDL_CE","Cholesteryl Esters in Very Large HDL","BC_postmeno","0.998(95% CI:0.846-1.178; P=0.9853982526)","0.983(95% CI:0.956-1.011; P=0.2401597754)","0.892(95% CI:0.737-1.08; P=0.2409849243)","Adjusted","healthy_noncancer_control","Adjusted healthy_noncancer_control"
"XL_HDL_FC","Free Cholesterol in Very Large HDL","BC_postmeno","1.013(95% CI:0.861-1.193; P=0.8725285674)","0.99(95% CI:0.963-1.018; P=0.4775084946)","0.912(95% CI:0.758-1.098; P=0.3316363863)","Adjusted","healthy_noncancer_control","Adjusted healthy_noncancer_control"
"XL_HDL_PL","Phospholipids in Very Large HDL","BC_postmeno","1.007(95% CI:0.854-1.188; P=0.9297152316)","0.984(95% CI:0.957-1.012; P=0.263496667)","0.902(95% CI:0.746-1.091; P=0.28882868)","Adjusted","healthy_noncancer_control","Adjusted healthy_noncancer_control"
"XL_HDL_TG","Triglycerides in Very Large HDL","BC_postmeno","1.092(95% CI:0.932-1.281; P=0.2768894982)","1.034(95% CI:1.008-1.06; P=0.0090872381)","1.08(95% CI:0.919-1.27; P=0.352045544)","Adjusted","healthy_noncancer_control","Adjusted healthy_noncancer_control"
"XL_VLDL_C","Cholesterol in Very Large VLDL","BC_postmeno","1.08(95% CI:0.923-1.262; P=0.3366300657)","1.042(95% CI:1.015-1.07; P=0.001901885)","1.147(95% CI:0.968-1.359; P=0.1128009731)","Adjusted","healthy_noncancer_control","Adjusted healthy_noncancer_control"
"XL_VLDL_CE","Cholesteryl Esters in Very Large VLDL","BC_postmeno","1.064(95% CI:0.909-1.247; P=0.4397808173)","1.041(95% CI:1.014-1.068; P=0.0028990967)","1.128(95% CI:0.949-1.339; P=0.1711628279)","Adjusted","healthy_noncancer_control","Adjusted healthy_noncancer_control"
"XL_VLDL_FC","Free Cholesterol in Very Large VLDL","BC_postmeno","1.092(95% CI:0.939-1.27; P=0.2517850088)","1.042(95% CI:1.016-1.07; P=0.0017819423)","1.161(95% CI:0.986-1.367; P=0.0736641636)","Adjusted","healthy_noncancer_control","Adjusted healthy_noncancer_control"
"XL_VLDL_PL","Phospholipids in Very Large VLDL","BC_postmeno","1.099(95% CI:0.946-1.276; P=0.2166949281)","1.042(95% CI:1.015-1.069; P=0.0020294783)","1.167(95% CI:0.993-1.373; P=0.0608037603)","Adjusted","healthy_noncancer_control","Adjusted healthy_noncancer_control"
"XL_VLDL_TG","Triglycerides in Very Large VLDL","BC_postmeno","1.112(95% CI:0.96-1.288; P=0.1562355426)","1.042(95% CI:1.015-1.069; P=0.0019129306)","1.185(95% CI:1.01-1.39; P=0.0371690881)","Adjusted","healthy_noncancer_control","Adjusted healthy_noncancer_control"
"XS_VLDL_C","Cholesterol in Very Small VLDL","BC_postmeno","0.982(95% CI:0.83-1.161; P=0.8276053403)","1.033(95% CI:1.007-1.06; P=0.0121650927)","0.973(95% CI:0.818-1.157; P=0.7568697072)","Adjusted","healthy_noncancer_control","Adjusted healthy_noncancer_control"
"XS_VLDL_CE","Cholesteryl Esters in Very Small VLDL","BC_postmeno","0.972(95% CI:0.823-1.147; P=0.7367048933)","1.029(95% CI:1.004-1.056; P=0.0251882104)","0.958(95% CI:0.806-1.139; P=0.6302814942)","Adjusted","healthy_noncancer_control","Adjusted healthy_noncancer_control"
"XS_VLDL_FC","Free Cholesterol in Very Small VLDL","BC_postmeno","1.002(95% CI:0.847-1.186; P=0.9813639719)","1.04(95% CI:1.014-1.067; P=0.0022989248)","1.004(95% CI:0.844-1.195; P=0.9635613289)","Adjusted","healthy_noncancer_control","Adjusted healthy_noncancer_control"
"XS_VLDL_PL","Phospholipids in Very Small VLDL","BC_postmeno","1.026(95% CI:0.866-1.215; P=0.7664551106)","1.042(95% CI:1.015-1.069; P=0.0017319686)","1.032(95% CI:0.868-1.227; P=0.7202162266)","Adjusted","healthy_noncancer_control","Adjusted healthy_noncancer_control"
"XS_VLDL_TG","Triglycerides in Very Small VLDL","BC_postmeno","1.079(95% CI:0.918-1.268; P=0.3559065805)","1.046(95% CI:1.019-1.073; P=0.0006395479)","1.101(95% CI:0.932-1.299; P=0.2579355254)","Adjusted","healthy_noncancer_control","Adjusted healthy_noncancer_control"
"XXL_VLDL_C","Cholesterol in Chylomicrons and Extremely Large VLDL","BC_postmeno","1.101(95% CI:0.953-1.273; P=0.1924912794)","1.04(95% CI:1.013-1.067; P=0.0030634854)","1.169(95% CI:0.998-1.369; P=0.0526859198)","Adjusted","healthy_noncancer_control","Adjusted healthy_noncancer_control"
"XXL_VLDL_CE","Cholesteryl Esters in Chylomicrons and Extremely Large VLDL","BC_postmeno","1.107(95% CI:0.956-1.281; P=0.1739929033)","1.038(95% CI:1.012-1.065; P=0.0039439261)","1.173(95% CI:1.001-1.376; P=0.0489784613)","Adjusted","healthy_noncancer_control","Adjusted healthy_noncancer_control"
"XXL_VLDL_FC","Free Cholesterol in Chylomicrons and Extremely Large VLDL","BC_postmeno","1.089(95% CI:0.945-1.254; P=0.2396421299)","1.039(95% CI:1.013-1.066; P=0.0030904717)","1.154(95% CI:0.99-1.345; P=0.0665581215)","Adjusted","healthy_noncancer_control","Adjusted healthy_noncancer_control"
"XXL_VLDL_PL","Phospholipids in Chylomicrons and Extremely Large VLDL","BC_postmeno","1.095(95% CI:0.954-1.257; P=0.195665781)","1.037(95% CI:1.011-1.063; P=0.0054621906)","1.155(95% CI:0.994-1.341; P=0.0596953198)","Adjusted","healthy_noncancer_control","Adjusted healthy_noncancer_control"
"XXL_VLDL_TG","Triglycerides in Chylomicrons and Extremely Large VLDL","BC_postmeno","1.119(95% CI:0.975-1.284; P=0.1103122429)","1.036(95% CI:1.01-1.063; P=0.0057251611)","1.17(95% CI:1.008-1.358; P=0.0395686593)","Adjusted","healthy_noncancer_control","Adjusted healthy_noncancer_control"
"Acetate","Acetate","BC_premeno","0.936(95% CI:0.668-1.313; P=0.7032980775)","0.954(95% CI:0.892-1.021; P=0.1761549845)","0.796(95% CI:0.459-1.382; P=0.4183498396)","Adjusted","healthy_noncancer_control","Adjusted healthy_noncancer_control"
"Acetoacetate","Acetoacetate","BC_premeno","1.075(95% CI:0.873-1.324; P=0.4950556033)","0.989(95% CI:0.944-1.036; P=0.636954273)","1.09(95% CI:0.849-1.399; P=0.4987765363)","Adjusted","healthy_noncancer_control","Adjusted healthy_noncancer_control"
"Acetone","Acetone","BC_premeno","1.006(95% CI:0.796-1.27; P=0.9626700077)","0.973(95% CI:0.927-1.021; P=0.2611225941)","1.048(95% CI:0.805-1.364; P=0.7280510509)","Adjusted","healthy_noncancer_control","Adjusted healthy_noncancer_control"
"Ala","Alanine","BC_premeno","0.837(95% CI:0.659-1.062; P=0.1424923425)","1.011(95% CI:0.967-1.057; P=0.6336193521)","0.945(95% CI:0.707-1.262; P=0.700323293)","Adjusted","healthy_noncancer_control","Adjusted healthy_noncancer_control"
"Albumin","Albumin","BC_premeno","0.88(95% CI:0.696-1.114; P=0.2887374774)","0.933(95% CI:0.891-0.977; P=0.003126911)","1.005(95% CI:0.749-1.347; P=0.9760679374)","Adjusted","healthy_noncancer_control","Adjusted healthy_noncancer_control"
"ApoA1","Apolipoprotein A1","BC_premeno","0.985(95% CI:0.778-1.247; P=0.8997480581)","0.931(95% CI:0.887-0.978; P=0.004011664)","1.093(95% CI:0.811-1.473; P=0.5590529701)","Adjusted","healthy_noncancer_control","Adjusted healthy_noncancer_control"
"ApoB","Apolipoprotein B","BC_premeno","0.942(95% CI:0.718-1.235; P=0.664601672)","0.942(95% CI:0.896-0.989; P=0.0173173043)","1.013(95% CI:0.738-1.391; P=0.9340877141)","Adjusted","healthy_noncancer_control","Adjusted healthy_noncancer_control"
"bOHbutyrate","3-Hydroxybutyrate","BC_premeno","1.043(95% CI:0.85-1.279; P=0.6849849948)","0.999(95% CI:0.957-1.043; P=0.9765280203)","1.052(95% CI:0.821-1.349; P=0.6892878782)","Adjusted","healthy_noncancer_control","Adjusted healthy_noncancer_control"
"Cholines","Total Cholines","BC_premeno","0.94(95% CI:0.735-1.204; P=0.626156063)","0.921(95% CI:0.879-0.965; P=0.0005515652)","1.044(95% CI:0.775-1.406; P=0.7775851589)","Adjusted","healthy_noncancer_control","Adjusted healthy_noncancer_control"
"Citrate","Citrate","BC_premeno","1.009(95% CI:0.887-1.149; P=0.8868319924)","0.941(95% CI:0.897-0.987; P=0.0122722993)","1.017(95% CI:0.899-1.15; P=0.7936030279)","Adjusted","healthy_noncancer_control","Adjusted healthy_noncancer_control"
"Clinical_LDL_C","Clinical LDL Cholesterol","BC_premeno","0.902(95% CI:0.698-1.165; P=0.4286686156)","0.939(95% CI:0.895-0.984; P=0.0089008307)","1.029(95% CI:0.757-1.398; P=0.8570902585)","Adjusted","healthy_noncancer_control","Adjusted healthy_noncancer_control"
"Creatinine","Creatinine","BC_premeno","0.882(95% CI:0.679-1.146; P=0.3467547387)","0.99(95% CI:0.94-1.042; P=0.696123012)","0.904(95% CI:0.67-1.219; P=0.507907581)","Adjusted","healthy_noncancer_control","Adjusted healthy_noncancer_control"
"DHA","Docosahexaenoic Acid","BC_premeno","0.795(95% CI:0.585-1.08; P=0.1425806681)","0.892(95% CI:0.845-0.943; P=0.0000442651)","0.899(95% CI:0.638-1.266; P=0.5421577319)","Adjusted","healthy_noncancer_control","Adjusted healthy_noncancer_control"
"Gln","Glutamine","BC_premeno","0.926(95% CI:0.743-1.155; P=0.495936098)","0.908(95% CI:0.869-0.948; P=0.0000115339)","1.185(95% CI:0.896-1.567; P=0.2350680008)","Adjusted","healthy_noncancer_control","Adjusted healthy_noncancer_control"
"Glucose","Glucose","BC_premeno","0.946(95% CI:0.721-1.241; P=0.6880953101)","0.962(95% CI:0.917-1.009; P=0.1078314875)","0.93(95% CI:0.67-1.292; P=0.6656853705)","Adjusted","healthy_noncancer_control","Adjusted healthy_noncancer_control"
"Gly","Glycine","BC_premeno","0.898(95% CI:0.71-1.138; P=0.3737319168)","0.991(95% CI:0.947-1.036; P=0.6856355752)","0.897(95% CI:0.663-1.213; P=0.4798852167)","Adjusted","healthy_noncancer_control","Adjusted healthy_noncancer_control"
"GlycA","Glycoprotein Acetyls","BC_premeno","1.04(95% CI:0.805-1.345; P=0.7630419181)","0.944(95% CI:0.896-0.995; P=0.0312262266)","0.883(95% CI:0.632-1.233; P=0.4657028895)","Adjusted","healthy_noncancer_control","Adjusted healthy_noncancer_control"
"HDL_C","HDL Cholesterol","BC_premeno","0.979(95% CI:0.764-1.254; P=0.8642561864)","0.947(95% CI:0.9-0.997; P=0.0389498342)","1.149(95% CI:0.839-1.573; P=0.3861645619)","Adjusted","healthy_noncancer_control","Adjusted healthy_noncancer_control"
"HDL_CE","Cholesteryl Esters in HDL","BC_premeno","0.97(95% CI:0.754-1.247; P=0.811243735)","0.947(95% CI:0.9-0.998; P=0.0401425196)","1.143(95% CI:0.831-1.57; P=0.4109763643)","Adjusted","healthy_noncancer_control","Adjusted healthy_noncancer_control"
"HDL_FC","Free Cholesterol in HDL","BC_premeno","1.008(95% CI:0.792-1.282; P=0.9506160109)","0.947(95% CI:0.901-0.996; P=0.0355600656)","1.162(95% CI:0.863-1.566; P=0.3220666297)","Adjusted","healthy_noncancer_control","Adjusted healthy_noncancer_control"
"HDL_L","Total Lipids in HDL","BC_premeno","1.002(95% CI:0.79-1.269; P=0.9900453909)","0.942(95% CI:0.897-0.99; P=0.0175242938)","1.13(95% CI:0.836-1.527; P=0.4267928132)","Adjusted","healthy_noncancer_control","Adjusted healthy_noncancer_control"
"HDL_PL","Phospholipids in HDL","BC_premeno","1.011(95% CI:0.8-1.277; P=0.9264221476)","0.942(95% CI:0.897-0.988; P=0.0151136442)","1.123(95% CI:0.835-1.511; P=0.4431250538)","Adjusted","healthy_noncancer_control","Adjusted healthy_noncancer_control"
"HDL_TG","Triglycerides in HDL","BC_premeno","1.045(95% CI:0.818-1.335; P=0.7266917871)","0.957(95% CI:0.912-1.005; P=0.0808160585)","0.941(95% CI:0.683-1.296; P=0.7078457374)","Adjusted","healthy_noncancer_control","Adjusted healthy_noncancer_control"
"His","Histidine","BC_premeno","0.931(95% CI:0.743-1.167; P=0.5359585518)","0.99(95% CI:0.946-1.036; P=0.6575714328)","1.118(95% CI:0.844-1.48; P=0.4364533286)","Adjusted","healthy_noncancer_control","Adjusted healthy_noncancer_control"
"IDL_C","Cholesterol in IDL","BC_premeno","0.925(95% CI:0.709-1.207; P=0.5652683132)","0.938(95% CI:0.893-0.985; P=0.0109501982)","1.104(95% CI:0.805-1.514; P=0.5393744428)","Adjusted","healthy_noncancer_control","Adjusted healthy_noncancer_control"
"IDL_CE","Cholesteryl Esters in IDL","BC_premeno","0.925(95% CI:0.708-1.207; P=0.5641352074)","0.94(95% CI:0.895-0.988; P=0.0141115112)","1.1(95% CI:0.802-1.509; P=0.5529995395)","Adjusted","healthy_noncancer_control","Adjusted healthy_noncancer_control"
"IDL_FC","Free Cholesterol in IDL","BC_premeno","0.928(95% CI:0.706-1.219; P=0.5898527271)","0.927(95% CI:0.881-0.975; P=0.003361694)","1.103(95% CI:0.803-1.516; P=0.5451802535)","Adjusted","healthy_noncancer_control","Adjusted healthy_noncancer_control"
"IDL_PL","Phospholipids in IDL","BC_premeno","0.942(95% CI:0.718-1.238; P=0.669876959)","0.937(95% CI:0.891-0.985; P=0.0110383587)","1.076(95% CI:0.783-1.478; P=0.6516847514)","Adjusted","healthy_noncancer_control","Adjusted healthy_noncancer_control"
"IDL_TG","Triglycerides in IDL","BC_premeno","1.064(95% CI:0.827-1.37; P=0.6298534228)","0.963(95% CI:0.915-1.012; P=0.1374870075)","0.996(95% CI:0.724-1.369; P=0.980298071)","Adjusted","healthy_noncancer_control","Adjusted healthy_noncancer_control"
"Ile","Isoleucine","BC_premeno","0.874(95% CI:0.68-1.123; P=0.2920119203)","0.996(95% CI:0.95-1.043; P=0.8541706082)","0.929(95% CI:0.677-1.274; P=0.6469354816)","Adjusted","healthy_noncancer_control","Adjusted healthy_noncancer_control"
"L_HDL_C","Cholesterol in Large HDL","BC_premeno","1.033(95% CI:0.803-1.328; P=0.8025416307)","0.985(95% CI:0.935-1.038; P=0.5718954006)","1.219(95% CI:0.889-1.671; P=0.2186644637)","Adjusted","healthy_noncancer_control","Adjusted healthy_noncancer_control"
"L_HDL_CE","Cholesteryl Esters in Large HDL","BC_premeno","1.025(95% CI:0.796-1.321; P=0.8465301859)","0.985(95% CI:0.934-1.038; P=0.5683250864)","1.211(95% CI:0.882-1.662; P=0.2359561782)","Adjusted","healthy_noncancer_control","Adjusted healthy_noncancer_control"
"L_HDL_FC","Free Cholesterol in Large HDL","BC_premeno","1.051(95% CI:0.822-1.343; P=0.693301122)","0.981(95% CI:0.932-1.033; P=0.4700405463)","1.225(95% CI:0.908-1.654; P=0.1842274392)","Adjusted","healthy_noncancer_control","Adjusted healthy_noncancer_control"
"L_HDL_PL","Phospholipids in Large HDL","BC_premeno","1.056(95% CI:0.828-1.346; P=0.6624218634)","0.978(95% CI:0.929-1.029; P=0.3838061843)","1.211(95% CI:0.891-1.644; P=0.2209228138)","Adjusted","healthy_noncancer_control","Adjusted healthy_noncancer_control"
"L_HDL_TG","Triglycerides in Large HDL","BC_premeno","1.081(95% CI:0.864-1.351; P=0.4952119981)","0.965(95% CI:0.921-1.011; P=0.1353504074)","1.034(95% CI:0.774-1.38; P=0.8219728132)","Adjusted","healthy_noncancer_control","Adjusted healthy_noncancer_control"
"L_LDL_C","Cholesterol in Large LDL","BC_premeno","0.879(95% CI:0.677-1.141; P=0.3317086759)","0.931(95% CI:0.887-0.977; P=0.0034574877)","1.015(95% CI:0.744-1.384; P=0.9275086594)","Adjusted","healthy_noncancer_control","Adjusted healthy_noncancer_control"
"L_LDL_CE","Cholesteryl Esters in Large LDL","BC_premeno","0.876(95% CI:0.673-1.14; P=0.3242595043)","0.93(95% CI:0.886-0.975; P=0.0029462116)","1(95% CI:0.732-1.366; P=0.9978571826)","Adjusted","healthy_noncancer_control","Adjusted healthy_noncancer_control"
"L_LDL_FC","Free Cholesterol in Large LDL","BC_premeno","0.881(95% CI:0.674-1.151; P=0.3531402936)","0.929(95% CI:0.884-0.976; P=0.003435438)","1.046(95% CI:0.763-1.433; P=0.781803896)","Adjusted","healthy_noncancer_control","Adjusted healthy_noncancer_control"
"L_LDL_PL","Phospholipids in Large LDL","BC_premeno","0.895(95% CI:0.684-1.172; P=0.4205439555)","0.929(95% CI:0.885-0.976; P=0.0033911694)","1.016(95% CI:0.742-1.393; P=0.9193170466)","Adjusted","healthy_noncancer_control","Adjusted healthy_noncancer_control"
"L_LDL_TG","Triglycerides in Large LDL","BC_premeno","1.041(95% CI:0.803-1.349; P=0.7637397931)","0.953(95% CI:0.905-1.003; P=0.0654798204)","0.975(95% CI:0.704-1.35; P=0.8774854587)","Adjusted","healthy_noncancer_control","Adjusted healthy_noncancer_control"
"L_VLDL_C","Cholesterol in Large VLDL","BC_premeno","0.996(95% CI:0.757-1.31; P=0.9753636239)","0.949(95% CI:0.901-1.001; P=0.0538744756)","0.904(95% CI:0.64-1.276; P=0.5669009499)","Adjusted","healthy_noncancer_control","Adjusted healthy_noncancer_control"
"L_VLDL_CE","Cholesteryl Esters in Large VLDL","BC_premeno","0.99(95% CI:0.752-1.303; P=0.9432264644)","0.95(95% CI:0.901-1.001; P=0.0523694985)","0.917(95% CI:0.653-1.289; P=0.6181435022)","Adjusted","healthy_noncancer_control","Adjusted healthy_noncancer_control"
"L_VLDL_FC","Free Cholesterol in Large VLDL","BC_premeno","1.01(95% CI:0.768-1.329; P=0.9429431181)","0.951(95% CI:0.901-1.003; P=0.0655869705)","0.893(95% CI:0.627-1.273; P=0.5323297825)","Adjusted","healthy_noncancer_control","Adjusted healthy_noncancer_control"
"L_VLDL_PL","Phospholipids in Large VLDL","BC_premeno","1.018(95% CI:0.775-1.337; P=0.8986566248)","0.958(95% CI:0.908-1.011; P=0.1205989131)","0.89(95% CI:0.624-1.271; P=0.521394765)","Adjusted","healthy_noncancer_control","Adjusted healthy_noncancer_control"
"L_VLDL_TG","Triglycerides in Large VLDL","BC_premeno","0.99(95% CI:0.754-1.301; P=0.945245339)","0.957(95% CI:0.908-1.009; P=0.1066758482)","0.894(95% CI:0.627-1.274; P=0.5350039504)","Adjusted","healthy_noncancer_control","Adjusted healthy_noncancer_control"
"LA","Linoleic Acid","BC_premeno","0.979(95% CI:0.765-1.253; P=0.8658324017)","0.951(95% CI:0.908-0.996; P=0.033942718)","1.012(95% CI:0.75-1.365; P=0.9394994396)","Adjusted","healthy_noncancer_control","Adjusted healthy_noncancer_control"
"Lactate","Lactate","BC_premeno","0.959(95% CI:0.754-1.221; P=0.7366533856)","1.055(95% CI:1.008-1.105; P=0.0221699147)","0.963(95% CI:0.706-1.313; P=0.8101816289)","Adjusted","healthy_noncancer_control","Adjusted healthy_noncancer_control"
"LDL_C","LDL Cholesterol","BC_premeno","0.893(95% CI:0.689-1.158; P=0.3948735382)","0.932(95% CI:0.889-0.978; P=0.0039574776)","1.004(95% CI:0.737-1.367; P=0.9794920494)","Adjusted","healthy_noncancer_control","Adjusted healthy_noncancer_control"
"LDL_CE","Cholesteryl Esters in LDL","BC_premeno","0.897(95% CI:0.69-1.166; P=0.4167597178)","0.93(95% CI:0.887-0.976; P=0.0030548979)","0.993(95% CI:0.728-1.354; P=0.9634731119)","Adjusted","healthy_noncancer_control","Adjusted healthy_noncancer_control"
"LDL_FC","Free Cholesterol in LDL","BC_premeno","0.876(95% CI:0.673-1.14; P=0.3241962541)","0.933(95% CI:0.889-0.98; P=0.005618587)","1.025(95% CI:0.75-1.401; P=0.8751171617)","Adjusted","healthy_noncancer_control","Adjusted healthy_noncancer_control"
"LDL_L","Total Lipids in LDL","BC_premeno","0.901(95% CI:0.694-1.169; P=0.4307414313)","0.933(95% CI:0.89-0.979; P=0.0043800905)","1.001(95% CI:0.735-1.363; P=0.9930820961)","Adjusted","healthy_noncancer_control","Adjusted healthy_noncancer_control"
"LDL_PL","Phospholipids in LDL","BC_premeno","0.9(95% CI:0.689-1.175; P=0.438649143)","0.934(95% CI:0.889-0.98; P=0.005771465)","1.002(95% CI:0.732-1.37; P=0.9917510345)","Adjusted","healthy_noncancer_control","Adjusted healthy_noncancer_control"
"LDL_TG","Triglycerides in LDL","BC_premeno","1.039(95% CI:0.8-1.35; P=0.772732846)","0.951(95% CI:0.903-1.002; P=0.0570416199)","0.959(95% CI:0.689-1.335; P=0.8028985213)","Adjusted","healthy_noncancer_control","Adjusted healthy_noncancer_control"
"Leu","Leucine","BC_premeno","0.893(95% CI:0.697-1.144; P=0.3702480473)","0.991(95% CI:0.945-1.039; P=0.703337546)","0.99(95% CI:0.726-1.35; P=0.9485220882)","Adjusted","healthy_noncancer_control","Adjusted healthy_noncancer_control"
"M_HDL_C","Cholesterol in Medium HDL","BC_premeno","0.968(95% CI:0.758-1.234; P=0.7903089998)","0.937(95% CI:0.891-0.984; P=0.0098258922)","1.086(95% CI:0.798-1.478; P=0.6002595341)","Adjusted","healthy_noncancer_control","Adjusted healthy_noncancer_control"
"M_HDL_CE","Cholesteryl Esters in Medium HDL","BC_premeno","0.966(95% CI:0.756-1.234; P=0.781208647)","0.937(95% CI:0.892-0.985; P=0.0109640623)","1.085(95% CI:0.795-1.48; P=0.6068748701)","Adjusted","healthy_noncancer_control","Adjusted healthy_noncancer_control"
"M_HDL_FC","Free Cholesterol in Medium HDL","BC_premeno","0.98(95% CI:0.772-1.243; P=0.8655960577)","0.935(95% CI:0.89-0.982; P=0.0074349017)","1.095(95% CI:0.814-1.474; P=0.5480796025)","Adjusted","healthy_noncancer_control","Adjusted healthy_noncancer_control"
"M_HDL_PL","Phospholipids in Medium HDL","BC_premeno","0.995(95% CI:0.789-1.255; P=0.9655335887)","0.933(95% CI:0.89-0.979; P=0.0043991902)","1.062(95% CI:0.792-1.423; P=0.6900825541)","Adjusted","healthy_noncancer_control","Adjusted healthy_noncancer_control"
"M_HDL_TG","Triglycerides in Medium HDL","BC_premeno","1.053(95% CI:0.827-1.341; P=0.6754417851)","0.957(95% CI:0.911-1.004; P=0.0745873815)","0.939(95% CI:0.681-1.295; P=0.7018146781)","Adjusted","healthy_noncancer_control","Adjusted healthy_noncancer_control"
"M_LDL_C","Cholesterol in Medium LDL","BC_premeno","0.917(95% CI:0.702-1.198; P=0.5254408535)","0.929(95% CI:0.885-0.976; P=0.0031692157)","0.975(95% CI:0.711-1.336; P=0.8730840445)","Adjusted","healthy_noncancer_control","Adjusted healthy_noncancer_control"
"M_LDL_CE","Cholesteryl Esters in Medium LDL","BC_premeno","0.935(95% CI:0.713-1.225; P=0.6254777229)","0.928(95% CI:0.883-0.975; P=0.0029306812)","0.968(95% CI:0.703-1.333; P=0.8419834423)","Adjusted","healthy_noncancer_control","Adjusted healthy_noncancer_control"
"M_LDL_FC","Free Cholesterol in Medium LDL","BC_premeno","0.868(95% CI:0.665-1.134; P=0.2995639189)","0.933(95% CI:0.888-0.98; P=0.005330205)","0.987(95% CI:0.721-1.35; P=0.9333014295)","Adjusted","healthy_noncancer_control","Adjusted healthy_noncancer_control"
"M_LDL_PL","Phospholipids in Medium LDL","BC_premeno","0.9(95% CI:0.686-1.182; P=0.4486827775)","0.932(95% CI:0.887-0.979; P=0.0049086457)","0.965(95% CI:0.702-1.328; P=0.8281707747)","Adjusted","healthy_noncancer_control","Adjusted healthy_noncancer_control"
"M_LDL_TG","Triglycerides in Medium LDL","BC_premeno","1.052(95% CI:0.811-1.366; P=0.7014703534)","0.949(95% CI:0.9-1.001; P=0.0545631232)","0.943(95% CI:0.671-1.326; P=0.7356674769)","Adjusted","healthy_noncancer_control","Adjusted healthy_noncancer_control"
"M_VLDL_C","Cholesterol in Medium VLDL","BC_premeno","0.949(95% CI:0.724-1.244; P=0.7032550201)","0.942(95% CI:0.896-0.991; P=0.0205984895)","1.024(95% CI:0.746-1.407; P=0.8817039114)","Adjusted","healthy_noncancer_control","Adjusted healthy_noncancer_control"
"M_VLDL_CE","Cholesteryl Esters in Medium VLDL","BC_premeno","0.946(95% CI:0.722-1.239; P=0.6864515173)","0.947(95% CI:0.9-0.996; P=0.0334579702)","1.053(95% CI:0.767-1.445; P=0.7513427988)","Adjusted","healthy_noncancer_control","Adjusted healthy_noncancer_control"
"M_VLDL_FC","Free Cholesterol in Medium VLDL","BC_premeno","0.957(95% CI:0.726-1.261; P=0.7529429259)","0.938(95% CI:0.891-0.987; P=0.0143051387)","0.985(95% CI:0.712-1.364; P=0.9287671477)","Adjusted","healthy_noncancer_control","Adjusted healthy_noncancer_control"
"M_VLDL_PL","Phospholipids in Medium VLDL","BC_premeno","0.964(95% CI:0.732-1.269; P=0.7943284965)","0.94(95% CI:0.894-0.99; P=0.0181594408)","0.968(95% CI:0.698-1.343; P=0.8458818546)","Adjusted","healthy_noncancer_control","Adjusted healthy_noncancer_control"
"M_VLDL_TG","Triglycerides in Medium VLDL","BC_premeno","0.973(95% CI:0.741-1.278; P=0.8438695246)","0.952(95% CI:0.904-1.003; P=0.0628006127)","0.893(95% CI:0.633-1.26; P=0.5182053446)","Adjusted","healthy_noncancer_control","Adjusted healthy_noncancer_control"
"MUFA","Monounsaturated Fatty Acids","BC_premeno","0.992(95% CI:0.763-1.29; P=0.9547210474)","0.927(95% CI:0.882-0.974; P=0.0029003247)","0.947(95% CI:0.686-1.308; P=0.7430926656)","Adjusted","healthy_noncancer_control","Adjusted healthy_noncancer_control"
"non_HDL_C","Total Cholesterol Minus HDL-C","BC_premeno","0.919(95% CI:0.708-1.194; P=0.5286982189)","0.935(95% CI:0.891-0.981; P=0.0058838823)","1.022(95% CI:0.75-1.394; P=0.8880700811)","Adjusted","healthy_noncancer_control","Adjusted healthy_noncancer_control"
"Omega_3","Omega-3 Fatty Acids","BC_premeno","0.851(95% CI:0.638-1.134; P=0.2703430573)","0.881(95% CI:0.836-0.928; P=0.0000019472)","0.896(95% CI:0.645-1.246; P=0.5150607111)","Adjusted","healthy_noncancer_control","Adjusted healthy_noncancer_control"
"Omega_6","Omega-6 Fatty Acids","BC_premeno","0.978(95% CI:0.763-1.253; P=0.8575815186)","0.927(95% CI:0.885-0.971; P=0.0013793326)","1.019(95% CI:0.755-1.374; P=0.9039022642)","Adjusted","healthy_noncancer_control","Adjusted healthy_noncancer_control"
"Phe","Phenylalanine","BC_premeno","0.905(95% CI:0.698-1.174; P=0.4533851245)","1.033(95% CI:0.987-1.08; P=0.1588911681)","0.88(95% CI:0.636-1.218; P=0.4416251008)","Adjusted","healthy_noncancer_control","Adjusted healthy_noncancer_control"
"Phosphatidylc","Phosphatidylcholines","BC_premeno","0.939(95% CI:0.736-1.198; P=0.6139682629)","0.929(95% CI:0.887-0.973; P=0.0018327737)","1.021(95% CI:0.76-1.371; P=0.892085166)","Adjusted","healthy_noncancer_control","Adjusted healthy_noncancer_control"
"Phosphoglyc","Phosphoglycerides","BC_premeno","0.944(95% CI:0.738-1.207; P=0.6447588879)","0.92(95% CI:0.879-0.964; P=0.0004262711)","1.025(95% CI:0.762-1.379; P=0.8719189562)","Adjusted","healthy_noncancer_control","Adjusted healthy_noncancer_control"
"PUFA","Polyunsaturated Fatty Acids","BC_premeno","0.943(95% CI:0.732-1.216; P=0.6532265197)","0.91(95% CI:0.869-0.954; P=0.000076751)","0.989(95% CI:0.732-1.336; P=0.9403791362)","Adjusted","healthy_noncancer_control","Adjusted healthy_noncancer_control"
"Pyruvate","Pyruvate","BC_premeno","1.054(95% CI:0.836-1.328; P=0.6591019702)","1.035(95% CI:0.996-1.076; P=0.0799772586)","1.076(95% CI:0.803-1.441; P=0.6231880186)","Adjusted","healthy_noncancer_control","Adjusted healthy_noncancer_control"
"Remnant_C","Remnant Cholesterol (Non-HDL and Non-LDL -Cholesterol)","BC_premeno","0.952(95% CI:0.729-1.242; P=0.7165035441)","0.938(95% CI:0.893-0.984; P=0.00934537)","1.04(95% CI:0.76-1.422; P=0.8069871964)","Adjusted","healthy_noncancer_control","Adjusted healthy_noncancer_control"
"S_HDL_C","Cholesterol in Small HDL","BC_premeno","0.834(95% CI:0.654-1.063; P=0.1429767422)","0.914(95% CI:0.873-0.957; P=0.0001456479)","0.892(95% CI:0.662-1.201; P=0.4516215891)","Adjusted","healthy_noncancer_control","Adjusted healthy_noncancer_control"
"S_HDL_CE","Cholesteryl Esters in Small HDL","BC_premeno","0.826(95% CI:0.651-1.047; P=0.1133390998)","0.919(95% CI:0.878-0.963; P=0.0003610604)","0.887(95% CI:0.663-1.188; P=0.4210928137)","Adjusted","healthy_noncancer_control","Adjusted healthy_noncancer_control"
"S_HDL_FC","Free Cholesterol in Small HDL","BC_premeno","0.908(95% CI:0.708-1.166; P=0.4507282779)","0.911(95% CI:0.869-0.955; P=0.0001154654)","0.947(95% CI:0.699-1.284; P=0.7267793741)","Adjusted","healthy_noncancer_control","Adjusted healthy_noncancer_control"
"S_HDL_PL","Phospholipids in Small HDL","BC_premeno","0.917(95% CI:0.719-1.169; P=0.4852946673)","0.917(95% CI:0.875-0.961; P=0.0002992363)","0.913(95% CI:0.672-1.239; P=0.5577995182)","Adjusted","healthy_noncancer_control","Adjusted healthy_noncancer_control"
"S_HDL_TG","Triglycerides in Small HDL","BC_premeno","1.028(95% CI:0.79-1.339; P=0.8361253555)","0.96(95% CI:0.911-1.012; P=0.1301519195)","0.86(95% CI:0.603-1.226; P=0.4048327853)","Adjusted","healthy_noncancer_control","Adjusted healthy_noncancer_control"
"S_LDL_C","Cholesterol in Small LDL","BC_premeno","0.92(95% CI:0.701-1.207; P=0.5455997223)","0.936(95% CI:0.89-0.983; P=0.0085856591)","0.988(95% CI:0.719-1.359; P=0.9414527008)","Adjusted","healthy_noncancer_control","Adjusted healthy_noncancer_control"
"S_LDL_CE","Cholesteryl Esters in Small LDL","BC_premeno","0.944(95% CI:0.718-1.243; P=0.6831074707)","0.931(95% CI:0.885-0.979; P=0.0055419058)","0.987(95% CI:0.715-1.363; P=0.9380778716)","Adjusted","healthy_noncancer_control","Adjusted healthy_noncancer_control"
"S_LDL_FC","Free Cholesterol in Small LDL","BC_premeno","0.862(95% CI:0.662-1.121; P=0.2676987434)","0.95(95% CI:0.905-0.998; P=0.0406338017)","0.983(95% CI:0.72-1.343; P=0.9138877525)","Adjusted","healthy_noncancer_control","Adjusted healthy_noncancer_control"
"S_LDL_PL","Phospholipids in Small LDL","BC_premeno","0.918(95% CI:0.699-1.207; P=0.5410197378)","0.953(95% CI:0.906-1.001; P=0.0549752448)","1.007(95% CI:0.732-1.385; P=0.965794484)","Adjusted","healthy_noncancer_control","Adjusted healthy_noncancer_control"
"S_LDL_TG","Triglycerides in Small LDL","BC_premeno","1.074(95% CI:0.83-1.389; P=0.5869244911)","0.955(95% CI:0.905-1.008; P=0.0931649192)","0.931(95% CI:0.657-1.319; P=0.6887317589)","Adjusted","healthy_noncancer_control","Adjusted healthy_noncancer_control"
"S_VLDL_C","Cholesterol in Small VLDL","BC_premeno","0.961(95% CI:0.73-1.266; P=0.7776728077)","0.946(95% CI:0.899-0.996; P=0.0344438663)","0.95(95% CI:0.684-1.318; P=0.7584684622)","Adjusted","healthy_noncancer_control","Adjusted healthy_noncancer_control"
"S_VLDL_CE","Cholesteryl Esters in Small VLDL","BC_premeno","0.973(95% CI:0.738-1.282; P=0.8465977573)","0.95(95% CI:0.902-1; P=0.0488199636)","0.936(95% CI:0.672-1.304; P=0.6958968942)","Adjusted","healthy_noncancer_control","Adjusted healthy_noncancer_control"
"S_VLDL_FC","Free Cholesterol in Small VLDL","BC_premeno","0.946(95% CI:0.717-1.248; P=0.693474398)","0.941(95% CI:0.894-0.99; P=0.0196534924)","0.973(95% CI:0.702-1.347; P=0.8673579894)","Adjusted","healthy_noncancer_control","Adjusted healthy_noncancer_control"
"S_VLDL_PL","Phospholipids in Small VLDL","BC_premeno","0.961(95% CI:0.728-1.268; P=0.7774669599)","0.943(95% CI:0.896-0.993; P=0.0247827771)","0.948(95% CI:0.681-1.319; P=0.750517348)","Adjusted","healthy_noncancer_control","Adjusted healthy_noncancer_control"
"S_VLDL_TG","Triglycerides in Small VLDL","BC_premeno","1.013(95% CI:0.776-1.322; P=0.9264407532)","0.961(95% CI:0.912-1.012; P=0.1281929156)","0.881(95% CI:0.623-1.244; P=0.471084326)","Adjusted","healthy_noncancer_control","Adjusted healthy_noncancer_control"
"SFA","Saturated Fatty Acids","BC_premeno","0.978(95% CI:0.752-1.27; P=0.8662202836)","0.918(95% CI:0.874-0.964; P=0.0005764273)","0.966(95% CI:0.703-1.327; P=0.8301842161)","Adjusted","healthy_noncancer_control","Adjusted healthy_noncancer_control"
"Sphingomyelins","Sphingomyelins","BC_premeno","0.901(95% CI:0.691-1.176; P=0.4427579965)","0.913(95% CI:0.869-0.959; P=0.0003013643)","1.068(95% CI:0.781-1.461; P=0.6798193832)","Adjusted","healthy_noncancer_control","Adjusted healthy_noncancer_control"
"Total_C","Total Cholesterol","BC_premeno","0.917(95% CI:0.707-1.188; P=0.5103904943)","0.924(95% CI:0.881-0.97; P=0.0012849616)","1.067(95% CI:0.783-1.455; P=0.6816093553)","Adjusted","healthy_noncancer_control","Adjusted healthy_noncancer_control"
"Total_CE","Total Esterified Cholesterol","BC_premeno","0.91(95% CI:0.703-1.179; P=0.4771514172)","0.923(95% CI:0.88-0.969; P=0.0011935594)","1.069(95% CI:0.784-1.457; P=0.6750155465)","Adjusted","healthy_noncancer_control","Adjusted healthy_noncancer_control"
"Total_FA","Total Fatty Acids","BC_premeno","0.968(95% CI:0.747-1.254; P=0.8034432479)","0.915(95% CI:0.872-0.96; P=0.0002507986)","0.967(95% CI:0.708-1.319; P=0.8303443505)","Adjusted","healthy_noncancer_control","Adjusted healthy_noncancer_control"
"Total_FC","Total Free Cholesterol","BC_premeno","0.935(95% CI:0.717-1.219; P=0.6193753887)","0.922(95% CI:0.878-0.968; P=0.0011348933)","1.057(95% CI:0.774-1.445; P=0.7256880667)","Adjusted","healthy_noncancer_control","Adjusted healthy_noncancer_control"
"Total_L","Total Lipids in Lipoprotein Particles","BC_premeno","0.942(95% CI:0.726-1.221; P=0.6516296617)","0.921(95% CI:0.878-0.965; P=0.0006332087)","1.027(95% CI:0.754-1.397; P=0.867350387)","Adjusted","healthy_noncancer_control","Adjusted healthy_noncancer_control"
"Total_PL","Total Phospholipids in Lipoprotein Particles","BC_premeno","0.96(95% CI:0.746-1.235; P=0.7501836724)","0.918(95% CI:0.875-0.962; P=0.0003432253)","1.07(95% CI:0.791-1.448; P=0.6610421201)","Adjusted","healthy_noncancer_control","Adjusted healthy_noncancer_control"
"Total_TG","Total Triglycerides","BC_premeno","0.999(95% CI:0.766-1.304; P=0.9966848907)","0.952(95% CI:0.904-1.002; P=0.0589165726)","0.899(95% CI:0.641-1.26; P=0.5352059992)","Adjusted","healthy_noncancer_control","Adjusted healthy_noncancer_control"
"Tyr","Tyrosine","BC_premeno","0.863(95% CI:0.671-1.11; P=0.2510606052)","0.924(95% CI:0.88-0.97; P=0.0013906101)","0.967(95% CI:0.716-1.307; P=0.8282385435)","Adjusted","healthy_noncancer_control","Adjusted healthy_noncancer_control"
"Unsaturation","Degree of Unsaturation","BC_premeno","0.88(95% CI:0.679-1.141; P=0.3354088456)","0.943(95% CI:0.896-0.991; P=0.0214207997)","1.005(95% CI:0.728-1.387; P=0.9771108637)","Adjusted","healthy_noncancer_control","Adjusted healthy_noncancer_control"
"Val","Valine","BC_premeno","0.971(95% CI:0.76-1.242; P=0.8160019617)","0.967(95% CI:0.921-1.014; P=0.1644081564)","1.134(95% CI:0.834-1.542; P=0.4223626459)","Adjusted","healthy_noncancer_control","Adjusted healthy_noncancer_control"
"VLDL_C","VLDL Cholesterol","BC_premeno","0.978(95% CI:0.747-1.282; P=0.8734545921)","0.943(95% CI:0.897-0.992; P=0.0220434326)","0.977(95% CI:0.708-1.347; P=0.8862241922)","Adjusted","healthy_noncancer_control","Adjusted healthy_noncancer_control"
"VLDL_CE","Cholesteryl Esters in VLDL","BC_premeno","0.98(95% CI:0.747-1.285; P=0.8845337612)","0.945(95% CI:0.899-0.994; P=0.0269018428)","0.995(95% CI:0.721-1.372; P=0.975353116)","Adjusted","healthy_noncancer_control","Adjusted healthy_noncancer_control"
"VLDL_FC","Free Cholesterol in VLDL","BC_premeno","0.991(95% CI:0.753-1.303; P=0.9456414488)","0.941(95% CI:0.894-0.991; P=0.0213121534)","0.951(95% CI:0.683-1.326; P=0.7679604613)","Adjusted","healthy_noncancer_control","Adjusted healthy_noncancer_control"
"VLDL_L","Total Lipids in VLDL","BC_premeno","0.988(95% CI:0.756-1.292; P=0.930186771)","0.946(95% CI:0.9-0.995; P=0.0307838101)","0.927(95% CI:0.668-1.286; P=0.6493540399)","Adjusted","healthy_noncancer_control","Adjusted healthy_noncancer_control"
"VLDL_PL","Phospholipids in VLDL","BC_premeno","0.998(95% CI:0.76-1.311; P=0.9895512957)","0.946(95% CI:0.898-0.996; P=0.0334663628)","0.942(95% CI:0.675-1.314; P=0.7245537014)","Adjusted","healthy_noncancer_control","Adjusted healthy_noncancer_control"
"VLDL_TG","Triglycerides in VLDL","BC_premeno","1.01(95% CI:0.773-1.32; P=0.942550676)","0.954(95% CI:0.906-1.005; P=0.0784058362)","0.898(95% CI:0.637-1.266; P=0.5395548335)","Adjusted","healthy_noncancer_control","Adjusted healthy_noncancer_control"
"XL_HDL_C","Cholesterol in Very Large HDL","BC_premeno","1.078(95% CI:0.842-1.382; P=0.5508588922)","0.998(95% CI:0.949-1.051; P=0.9529700931)","1.264(95% CI:0.939-1.701; P=0.1227597915)","Adjusted","healthy_noncancer_control","Adjusted healthy_noncancer_control"
"XL_HDL_CE","Cholesteryl Esters in Very Large HDL","BC_premeno","1.071(95% CI:0.835-1.374; P=0.5881208323)","0.995(95% CI:0.945-1.048; P=0.8590726667)","1.256(95% CI:0.932-1.694; P=0.1344683764)","Adjusted","healthy_noncancer_control","Adjusted healthy_noncancer_control"
"XL_HDL_FC","Free Cholesterol in Very Large HDL","BC_premeno","1.095(95% CI:0.858-1.398; P=0.4642002697)","1.007(95% CI:0.958-1.059; P=0.773613976)","1.266(95% CI:0.948-1.69; P=0.1093851813)","Adjusted","healthy_noncancer_control","Adjusted healthy_noncancer_control"
"XL_HDL_PL","Phospholipids in Very Large HDL","BC_premeno","1.122(95% CI:0.882-1.427; P=0.3489118887)","1.003(95% CI:0.954-1.055; P=0.9016875063)","1.284(95% CI:0.959-1.718; P=0.0933574734)","Adjusted","healthy_noncancer_control","Adjusted healthy_noncancer_control"
"XL_HDL_TG","Triglycerides in Very Large HDL","BC_premeno","1.09(95% CI:0.865-1.373; P=0.4665416377)","0.968(95% CI:0.922-1.016; P=0.1921897968)","1.017(95% CI:0.75-1.378; P=0.914023865)","Adjusted","healthy_noncancer_control","Adjusted healthy_noncancer_control"
"XL_VLDL_C","Cholesterol in Very Large VLDL","BC_premeno","1.03(95% CI:0.785-1.353; P=0.8290915887)","0.952(95% CI:0.902-1.004; P=0.0714019265)","0.932(95% CI:0.66-1.316; P=0.6873478539)","Adjusted","healthy_noncancer_control","Adjusted healthy_noncancer_control"
"XL_VLDL_CE","Cholesteryl Esters in Very Large VLDL","BC_premeno","1.02(95% CI:0.777-1.34; P=0.884916598)","0.951(95% CI:0.901-1.002; P=0.0607497569)","0.946(95% CI:0.674-1.328; P=0.7469298123)","Adjusted","healthy_noncancer_control","Adjusted healthy_noncancer_control"
"XL_VLDL_FC","Free Cholesterol in Very Large VLDL","BC_premeno","1.043(95% CI:0.797-1.366; P=0.7570357069)","0.956(95% CI:0.905-1.009; P=0.1003305888)","0.915(95% CI:0.641-1.305; P=0.6230942251)","Adjusted","healthy_noncancer_control","Adjusted healthy_noncancer_control"
"XL_VLDL_PL","Phospholipids in Very Large VLDL","BC_premeno","1.045(95% CI:0.799-1.367; P=0.7465078701)","0.957(95% CI:0.906-1.01; P=0.1122727064)","0.91(95% CI:0.636-1.302; P=0.6063950284)","Adjusted","healthy_noncancer_control","Adjusted healthy_noncancer_control"
"XL_VLDL_TG","Triglycerides in Very Large VLDL","BC_premeno","1.032(95% CI:0.788-1.35; P=0.8208106518)","0.96(95% CI:0.909-1.013; P=0.1393211675)","0.888(95% CI:0.617-1.278; P=0.5224916515)","Adjusted","healthy_noncancer_control","Adjusted healthy_noncancer_control"
"XS_VLDL_C","Cholesterol in Very Small VLDL","BC_premeno","0.992(95% CI:0.756-1.301; P=0.9525795357)","0.951(95% CI:0.904-0.999; P=0.0461386868)","1.082(95% CI:0.788-1.485; P=0.6274516289)","Adjusted","healthy_noncancer_control","Adjusted healthy_noncancer_control"
"XS_VLDL_CE","Cholesteryl Esters in Very Small VLDL","BC_premeno","0.986(95% CI:0.751-1.294; P=0.9179910807)","0.95(95% CI:0.904-0.999; P=0.0455821257)","1.101(95% CI:0.801-1.512; P=0.5544207253)","Adjusted","healthy_noncancer_control","Adjusted healthy_noncancer_control"
"XS_VLDL_FC","Free Cholesterol in Very Small VLDL","BC_premeno","1.013(95% CI:0.772-1.329; P=0.9280579904)","0.951(95% CI:0.904-1.001; P=0.0533429065)","1.038(95% CI:0.754-1.429; P=0.81904089)","Adjusted","healthy_noncancer_control","Adjusted healthy_noncancer_control"
"XS_VLDL_PL","Phospholipids in Very Small VLDL","BC_premeno","1.037(95% CI:0.794-1.353; P=0.7907226154)","0.959(95% CI:0.912-1.008; P=0.101030957)","1.027(95% CI:0.747-1.413; P=0.8675986018)","Adjusted","healthy_noncancer_control","Adjusted healthy_noncancer_control"
"XS_VLDL_TG","Triglycerides in Very Small VLDL","BC_premeno","1.064(95% CI:0.825-1.373; P=0.6326733677)","0.966(95% CI:0.918-1.017; P=0.1846677456)","0.948(95% CI:0.68-1.321; P=0.7509935524)","Adjusted","healthy_noncancer_control","Adjusted healthy_noncancer_control"
"XXL_VLDL_C","Cholesterol in Chylomicrons and Extremely Large VLDL","BC_premeno","1.106(95% CI:0.859-1.425; P=0.4330300221)","0.96(95% CI:0.91-1.014; P=0.1437489815)","0.923(95% CI:0.647-1.317; P=0.658581808)","Adjusted","healthy_noncancer_control","Adjusted healthy_noncancer_control"
"XXL_VLDL_CE","Cholesteryl Esters in Chylomicrons and Extremely Large VLDL","BC_premeno","1.112(95% CI:0.863-1.433; P=0.4110939624)","0.963(95% CI:0.912-1.017; P=0.1761236584)","0.939(95% CI:0.662-1.334; P=0.7271503783)","Adjusted","healthy_noncancer_control","Adjusted healthy_noncancer_control"
"XXL_VLDL_FC","Free Cholesterol in Chylomicrons and Extremely Large VLDL","BC_premeno","1.101(95% CI:0.857-1.413; P=0.4522623035)","0.958(95% CI:0.907-1.012; P=0.1232982923)","0.894(95% CI:0.619-1.292; P=0.551297219)","Adjusted","healthy_noncancer_control","Adjusted healthy_noncancer_control"
"XXL_VLDL_PL","Phospholipids in Chylomicrons and Extremely Large VLDL","BC_premeno","1.115(95% CI:0.873-1.425; P=0.3822355367)","0.961(95% CI:0.909-1.015; P=0.1527849718)","0.906(95% CI:0.626-1.311; P=0.5997354988)","Adjusted","healthy_noncancer_control","Adjusted healthy_noncancer_control"
"XXL_VLDL_TG","Triglycerides in Chylomicrons and Extremely Large VLDL","BC_premeno","1.108(95% CI:0.867-1.416; P=0.4126498481)","0.964(95% CI:0.913-1.018; P=0.1828705991)","0.95(95% CI:0.668-1.351; P=0.7772365056)","Adjusted","healthy_noncancer_control","Adjusted healthy_noncancer_control"
"Acetate","Acetate","CC","0.967(95% CI:0.833-1.122; P=0.6594856088)","1.019(95% CI:0.99-1.049; P=0.2036695546)","0.859(95% CI:0.653-1.131; P=0.2799450855)","Adjusted","healthy_noncancer_control","Adjusted healthy_noncancer_control"
"Acetoacetate","Acetoacetate","CC","0.918(95% CI:0.791-1.064; P=0.2563640473)","1.072(95% CI:1.044-1.101; P=0.0000002006)","0.885(95% CI:0.733-1.069; P=0.2059778698)","Adjusted","healthy_noncancer_control","Adjusted healthy_noncancer_control"
"Acetone","Acetone","CC","0.926(95% CI:0.794-1.081; P=0.3304169381)","1.042(95% CI:1.013-1.072; P=0.0041187699)","0.918(95% CI:0.764-1.102; P=0.3582232728)","Adjusted","healthy_noncancer_control","Adjusted healthy_noncancer_control"
"Ala","Alanine","CC","0.89(95% CI:0.778-1.02; P=0.09306879)","0.993(95% CI:0.959-1.028; P=0.6981576325)","0.898(95% CI:0.762-1.058; P=0.1998743986)","Adjusted","healthy_noncancer_control","Adjusted healthy_noncancer_control"
"Albumin","Albumin","CC","0.961(95% CI:0.833-1.109; P=0.5872453691)","0.884(95% CI:0.854-0.915; P=0)","0.905(95% CI:0.769-1.066; P=0.2331574381)","Adjusted","healthy_noncancer_control","Adjusted healthy_noncancer_control"
"ApoA1","Apolipoprotein A1","CC","0.995(95% CI:0.858-1.154; P=0.9475131601)","0.976(95% CI:0.937-1.016; P=0.2401467754)","1.042(95% CI:0.876-1.241; P=0.6402447441)","Adjusted","healthy_noncancer_control","Adjusted healthy_noncancer_control"
"ApoB","Apolipoprotein B","CC","1.022(95% CI:0.894-1.17; P=0.7464088012)","0.981(95% CI:0.949-1.015; P=0.2772192296)","0.963(95% CI:0.823-1.128; P=0.6431423348)","Adjusted","healthy_noncancer_control","Adjusted healthy_noncancer_control"
"bOHbutyrate","3-Hydroxybutyrate","CC","0.987(95% CI:0.858-1.135; P=0.850425819)","1.083(95% CI:1.052-1.115; P=0.0000000661)","0.992(95% CI:0.839-1.173; P=0.9234646415)","Adjusted","healthy_noncancer_control","Adjusted healthy_noncancer_control"
"Cholines","Total Cholines","CC","0.997(95% CI:0.862-1.153; P=0.9639502338)","0.977(95% CI:0.941-1.014; P=0.2221178619)","0.997(95% CI:0.845-1.176; P=0.9690382314)","Adjusted","healthy_noncancer_control","Adjusted healthy_noncancer_control"
"Citrate","Citrate","CC","1.01(95% CI:0.876-1.165; P=0.8924353182)","1.04(95% CI:1.004-1.077; P=0.0278476178)","0.979(95% CI:0.807-1.187; P=0.8268041076)","Adjusted","healthy_noncancer_control","Adjusted healthy_noncancer_control"
"Clinical_LDL_C","Clinical LDL Cholesterol","CC","1.028(95% CI:0.9-1.175; P=0.6802062342)","0.959(95% CI:0.928-0.992; P=0.0154998205)","0.952(95% CI:0.817-1.109; P=0.5246679447)","Adjusted","healthy_noncancer_control","Adjusted healthy_noncancer_control"
"Creatinine","Creatinine","CC","0.943(95% CI:0.813-1.093; P=0.4360740996)","1.05(95% CI:1.018-1.083; P=0.0017371135)","0.956(95% CI:0.798-1.145; P=0.6236456069)","Adjusted","healthy_noncancer_control","Adjusted healthy_noncancer_control"
"DHA","Docosahexaenoic Acid","CC","0.893(95% CI:0.779-1.024; P=0.1057945421)","0.936(95% CI:0.902-0.971; P=0.0004097033)","0.886(95% CI:0.749-1.047; P=0.1563671072)","Adjusted","healthy_noncancer_control","Adjusted healthy_noncancer_control"
"Gln","Glutamine","CC","0.892(95% CI:0.775-1.026; P=0.1081976182)","0.946(95% CI:0.914-0.98; P=0.0017899868)","0.937(95% CI:0.795-1.105; P=0.4379362664)","Adjusted","healthy_noncancer_control","Adjusted healthy_noncancer_control"
"Glucose","Glucose","CC","0.946(95% CI:0.83-1.077; P=0.399169047)","1.066(95% CI:1.031-1.101; P=0.0001391982)","0.925(95% CI:0.787-1.088; P=0.3493481284)","Adjusted","healthy_noncancer_control","Adjusted healthy_noncancer_control"
"Gly","Glycine","CC","1.033(95% CI:0.895-1.192; P=0.6550643225)","0.99(95% CI:0.953-1.029; P=0.619722337)","0.949(95% CI:0.793-1.136; P=0.5684913118)","Adjusted","healthy_noncancer_control","Adjusted healthy_noncancer_control"
"GlycA","Glycoprotein Acetyls","CC","1.074(95% CI:0.931-1.238; P=0.3266860026)","1.133(95% CI:1.092-1.176; P=0)","1.105(95% CI:0.93-1.313; P=0.2571674774)","Adjusted","healthy_noncancer_control","Adjusted healthy_noncancer_control"
"HDL_C","HDL Cholesterol","CC","0.995(95% CI:0.858-1.154; P=0.9484889177)","0.968(95% CI:0.928-1.01; P=0.1341368653)","1.046(95% CI:0.874-1.252; P=0.6222202614)","Adjusted","healthy_noncancer_control","Adjusted healthy_noncancer_control"
"HDL_CE","Cholesteryl Esters in HDL","CC","0.998(95% CI:0.861-1.155; P=0.9737447878)","0.964(95% CI:0.925-1.006; P=0.0896773911)","1.047(95% CI:0.875-1.253; P=0.6153776096)","Adjusted","healthy_noncancer_control","Adjusted healthy_noncancer_control"
"HDL_FC","Free Cholesterol in HDL","CC","0.999(95% CI:0.861-1.16; P=0.9932084664)","0.99(95% CI:0.949-1.032; P=0.6368823436)","1.061(95% CI:0.89-1.264; P=0.5109142275)","Adjusted","healthy_noncancer_control","Adjusted healthy_noncancer_control"
"HDL_L","Total Lipids in HDL","CC","0.985(95% CI:0.848-1.145; P=0.8479009446)","0.981(95% CI:0.942-1.023; P=0.3759283602)","1.041(95% CI:0.872-1.243; P=0.6542494304)","Adjusted","healthy_noncancer_control","Adjusted healthy_noncancer_control"
"HDL_PL","Phospholipids in HDL","CC","0.987(95% CI:0.85-1.146; P=0.8644563078)","0.988(95% CI:0.949-1.03; P=0.5769216129)","1.044(95% CI:0.876-1.243; P=0.6314555954)","Adjusted","healthy_noncancer_control","Adjusted healthy_noncancer_control"
"HDL_TG","Triglycerides in HDL","CC","0.964(95% CI:0.837-1.112; P=0.6176349385)","1.028(95% CI:0.993-1.064; P=0.1152960107)","0.986(95% CI:0.837-1.161; P=0.8674846988)","Adjusted","healthy_noncancer_control","Adjusted healthy_noncancer_control"
"His","Histidine","CC","0.944(95% CI:0.824-1.082; P=0.4054429931)","0.92(95% CI:0.887-0.955; P=0.000009659)","0.916(95% CI:0.78-1.075; P=0.2823262011)","Adjusted","healthy_noncancer_control","Adjusted healthy_noncancer_control"
"IDL_C","Cholesterol in IDL","CC","1.007(95% CI:0.881-1.15; P=0.9194483248)","0.953(95% CI:0.92-0.987; P=0.0066830797)","0.952(95% CI:0.815-1.114; P=0.5411742717)","Adjusted","healthy_noncancer_control","Adjusted healthy_noncancer_control"
"IDL_CE","Cholesteryl Esters in IDL","CC","1.009(95% CI:0.883-1.152; P=0.9005893544)","0.952(95% CI:0.919-0.986; P=0.0054309204)","0.955(95% CI:0.816-1.117; P=0.5615074745)","Adjusted","healthy_noncancer_control","Adjusted healthy_noncancer_control"
"IDL_FC","Free Cholesterol in IDL","CC","0.991(95% CI:0.869-1.13; P=0.8926873731)","0.961(95% CI:0.928-0.995; P=0.0258930018)","0.936(95% CI:0.8-1.096; P=0.4124683059)","Adjusted","healthy_noncancer_control","Adjusted healthy_noncancer_control"
"IDL_PL","Phospholipids in IDL","CC","0.978(95% CI:0.856-1.117; P=0.7397075046)","0.97(95% CI:0.937-1.005; P=0.0920022407)","0.913(95% CI:0.78-1.069; P=0.2596670509)","Adjusted","healthy_noncancer_control","Adjusted healthy_noncancer_control"
"IDL_TG","Triglycerides in IDL","CC","0.965(95% CI:0.836-1.115; P=0.6320710114)","1.037(95% CI:1.002-1.073; P=0.0377622483)","0.973(95% CI:0.825-1.146; P=0.7410283881)","Adjusted","healthy_noncancer_control","Adjusted healthy_noncancer_control"
"Ile","Isoleucine","CC","0.914(95% CI:0.797-1.048; P=0.1974550611)","1.006(95% CI:0.971-1.042; P=0.7392271089)","0.91(95% CI:0.77-1.076; P=0.2706930268)","Adjusted","healthy_noncancer_control","Adjusted healthy_noncancer_control"
"L_HDL_C","Cholesterol in Large HDL","CC","0.981(95% CI:0.845-1.14; P=0.8023915061)","0.991(95% CI:0.95-1.034; P=0.6858930538)","1.066(95% CI:0.889-1.278; P=0.4891779588)","Adjusted","healthy_noncancer_control","Adjusted healthy_noncancer_control"
"L_HDL_CE","Cholesteryl Esters in Large HDL","CC","0.983(95% CI:0.846-1.141; P=0.8190297658)","0.989(95% CI:0.948-1.032; P=0.6232501541)","1.07(95% CI:0.893-1.281; P=0.4656849516)","Adjusted","healthy_noncancer_control","Adjusted healthy_noncancer_control"
"L_HDL_FC","Free Cholesterol in Large HDL","CC","0.992(95% CI:0.855-1.152; P=0.9202348262)","1.003(95% CI:0.962-1.047; P=0.873237605)","1.081(95% CI:0.906-1.29; P=0.3872329004)","Adjusted","healthy_noncancer_control","Adjusted healthy_noncancer_control"
"L_HDL_PL","Phospholipids in Large HDL","CC","0.983(95% CI:0.845-1.143; P=0.8204974166)","0.998(95% CI:0.957-1.041; P=0.9363476228)","1.07(95% CI:0.895-1.28; P=0.4588537135)","Adjusted","healthy_noncancer_control","Adjusted healthy_noncancer_control"
"L_HDL_TG","Triglycerides in Large HDL","CC","0.946(95% CI:0.818-1.095; P=0.4599017354)","1.021(95% CI:0.986-1.058; P=0.2398622114)","1(95% CI:0.853-1.172; P=0.9995090164)","Adjusted","healthy_noncancer_control","Adjusted healthy_noncancer_control"
"L_LDL_C","Cholesterol in Large LDL","CC","1.015(95% CI:0.889-1.159; P=0.8233752671)","0.962(95% CI:0.929-0.995; P=0.0249179531)","0.938(95% CI:0.804-1.095; P=0.4185035645)","Adjusted","healthy_noncancer_control","Adjusted healthy_noncancer_control"
"L_LDL_CE","Cholesteryl Esters in Large LDL","CC","1.015(95% CI:0.889-1.16; P=0.8232887268)","0.966(95% CI:0.934-1; P=0.0495064077)","0.937(95% CI:0.802-1.095; P=0.4161407596)","Adjusted","healthy_noncancer_control","Adjusted healthy_noncancer_control"
"L_LDL_FC","Free Cholesterol in Large LDL","CC","1.004(95% CI:0.882-1.144; P=0.9468837245)","0.954(95% CI:0.921-0.987; P=0.0069783163)","0.931(95% CI:0.797-1.088; P=0.3709601242)","Adjusted","healthy_noncancer_control","Adjusted healthy_noncancer_control"
"L_LDL_PL","Phospholipids in Large LDL","CC","1.009(95% CI:0.884-1.151; P=0.8935669886)","0.961(95% CI:0.929-0.994; P=0.0215184828)","0.934(95% CI:0.799-1.093; P=0.3950040112)","Adjusted","healthy_noncancer_control","Adjusted healthy_noncancer_control"
"L_LDL_TG","Triglycerides in Large LDL","CC","0.982(95% CI:0.851-1.134; P=0.8080304391)","1.041(95% CI:1.006-1.077; P=0.0221546822)","0.985(95% CI:0.835-1.161; P=0.8538759952)","Adjusted","healthy_noncancer_control","Adjusted healthy_noncancer_control"
"L_VLDL_C","Cholesterol in Large VLDL","CC","1.036(95% CI:0.902-1.19; P=0.620604817)","1.019(95% CI:0.984-1.056; P=0.294944815)","1.02(95% CI:0.863-1.205; P=0.8143785273)","Adjusted","healthy_noncancer_control","Adjusted healthy_noncancer_control"
"L_VLDL_CE","Cholesteryl Esters in Large VLDL","CC","1.033(95% CI:0.9-1.185; P=0.6476868734)","1.007(95% CI:0.972-1.043; P=0.7167040356)","1.011(95% CI:0.857-1.192; P=0.8957465497)","Adjusted","healthy_noncancer_control","Adjusted healthy_noncancer_control"
"L_VLDL_FC","Free Cholesterol in Large VLDL","CC","1.041(95% CI:0.907-1.195; P=0.5698352841)","1.032(95% CI:0.995-1.069; P=0.0880852707)","1.033(95% CI:0.875-1.221; P=0.6998933383)","Adjusted","healthy_noncancer_control","Adjusted healthy_noncancer_control"
"L_VLDL_PL","Phospholipids in Large VLDL","CC","1.043(95% CI:0.909-1.197; P=0.5449392474)","1.036(95% CI:1-1.074; P=0.0509731583)","1.044(95% CI:0.884-1.233; P=0.6106201341)","Adjusted","healthy_noncancer_control","Adjusted healthy_noncancer_control"
"L_VLDL_TG","Triglycerides in Large VLDL","CC","1.065(95% CI:0.93-1.219; P=0.3621093701)","1.043(95% CI:1.006-1.08; P=0.0213016937)","1.084(95% CI:0.921-1.275; P=0.33391663)","Adjusted","healthy_noncancer_control","Adjusted healthy_noncancer_control"
"LA","Linoleic Acid","CC","1.06(95% CI:0.924-1.216; P=0.4018547009)","0.974(95% CI:0.941-1.008; P=0.1305534838)","1.042(95% CI:0.888-1.223; P=0.6145659039)","Adjusted","healthy_noncancer_control","Adjusted healthy_noncancer_control"
"Lactate","Lactate","CC","0.926(95% CI:0.808-1.062; P=0.2733379765)","1.001(95% CI:0.966-1.038; P=0.9560150874)","0.969(95% CI:0.822-1.142; P=0.7059380584)","Adjusted","healthy_noncancer_control","Adjusted healthy_noncancer_control"
"LDL_C","LDL Cholesterol","CC","1.028(95% CI:0.899-1.175; P=0.6865239599)","0.966(95% CI:0.934-1; P=0.0474800668)","0.951(95% CI:0.814-1.11; P=0.52226192)","Adjusted","healthy_noncancer_control","Adjusted healthy_noncancer_control"
"LDL_CE","Cholesteryl Esters in LDL","CC","1.028(95% CI:0.898-1.176; P=0.6883137446)","0.972(95% CI:0.939-1.005; P=0.0974541648)","0.952(95% CI:0.814-1.113; P=0.5349074689)","Adjusted","healthy_noncancer_control","Adjusted healthy_noncancer_control"
"LDL_FC","Free Cholesterol in LDL","CC","1.015(95% CI:0.891-1.156; P=0.8214138512)","0.956(95% CI:0.924-0.989; P=0.0093422174)","0.939(95% CI:0.804-1.096; P=0.4228856235)","Adjusted","healthy_noncancer_control","Adjusted healthy_noncancer_control"
"LDL_L","Total Lipids in LDL","CC","1.03(95% CI:0.9-1.18; P=0.6639872003)","0.97(95% CI:0.938-1.004; P=0.0829064141)","0.956(95% CI:0.818-1.117; P=0.5718594578)","Adjusted","healthy_noncancer_control","Adjusted healthy_noncancer_control"
"LDL_PL","Phospholipids in LDL","CC","1.027(95% CI:0.899-1.173; P=0.6999963884)","0.969(95% CI:0.937-1.003; P=0.0705917091)","0.952(95% CI:0.814-1.114; P=0.5412357304)","Adjusted","healthy_noncancer_control","Adjusted healthy_noncancer_control"
"LDL_TG","Triglycerides in LDL","CC","0.993(95% CI:0.862-1.145; P=0.9254861615)","1.046(95% CI:1.011-1.082; P=0.0103844206)","0.998(95% CI:0.847-1.176; P=0.9805297208)","Adjusted","healthy_noncancer_control","Adjusted healthy_noncancer_control"
"Leu","Leucine","CC","0.908(95% CI:0.792-1.041; P=0.1663945219)","0.955(95% CI:0.921-0.991; P=0.0151443506)","0.913(95% CI:0.773-1.078; P=0.2826533713)","Adjusted","healthy_noncancer_control","Adjusted healthy_noncancer_control"
"M_HDL_C","Cholesterol in Medium HDL","CC","1.007(95% CI:0.87-1.164; P=0.9286678408)","0.966(95% CI:0.928-1.006; P=0.0971095127)","1.049(95% CI:0.881-1.25; P=0.5879081028)","Adjusted","healthy_noncancer_control","Adjusted healthy_noncancer_control"
"M_HDL_CE","Cholesteryl Esters in Medium HDL","CC","1.01(95% CI:0.874-1.167; P=0.8962393028)","0.964(95% CI:0.926-1.004; P=0.0780283802)","1.051(95% CI:0.883-1.252; P=0.5725394503)","Adjusted","healthy_noncancer_control","Adjusted healthy_noncancer_control"
"M_HDL_FC","Free Cholesterol in Medium HDL","CC","1.008(95% CI:0.87-1.169; P=0.9128651166)","0.979(95% CI:0.94-1.02; P=0.3172410606)","1.057(95% CI:0.889-1.257; P=0.52755509)","Adjusted","healthy_noncancer_control","Adjusted healthy_noncancer_control"
"M_HDL_PL","Phospholipids in Medium HDL","CC","0.991(95% CI:0.857-1.146; P=0.8995477079)","0.986(95% CI:0.948-1.025; P=0.465455045)","1.028(95% CI:0.868-1.217; P=0.7481001051)","Adjusted","healthy_noncancer_control","Adjusted healthy_noncancer_control"
"M_HDL_TG","Triglycerides in Medium HDL","CC","0.964(95% CI:0.837-1.111; P=0.6137732676)","1.02(95% CI:0.986-1.056; P=0.2551482344)","0.98(95% CI:0.832-1.155; P=0.8130014461)","Adjusted","healthy_noncancer_control","Adjusted healthy_noncancer_control"
"M_LDL_C","Cholesterol in Medium LDL","CC","1.036(95% CI:0.906-1.186; P=0.60546906)","0.976(95% CI:0.943-1.009; P=0.1559280944)","0.961(95% CI:0.82-1.126; P=0.6204102784)","Adjusted","healthy_noncancer_control","Adjusted healthy_noncancer_control"
"M_LDL_CE","Cholesteryl Esters in Medium LDL","CC","1.037(95% CI:0.905-1.187; P=0.6043505424)","0.982(95% CI:0.949-1.017; P=0.3123935262)","0.966(95% CI:0.822-1.135; P=0.6739121128)","Adjusted","healthy_noncancer_control","Adjusted healthy_noncancer_control"
"M_LDL_FC","Free Cholesterol in Medium LDL","CC","1.021(95% CI:0.897-1.163; P=0.7499834193)","0.96(95% CI:0.928-0.994; P=0.0196668199)","0.94(95% CI:0.804-1.098; P=0.4347331165)","Adjusted","healthy_noncancer_control","Adjusted healthy_noncancer_control"
"M_LDL_PL","Phospholipids in Medium LDL","CC","1.036(95% CI:0.906-1.184; P=0.607734616)","0.975(95% CI:0.943-1.009; P=0.1512793522)","0.961(95% CI:0.82-1.127; P=0.6229373738)","Adjusted","healthy_noncancer_control","Adjusted healthy_noncancer_control"
"M_LDL_TG","Triglycerides in Medium LDL","CC","1.012(95% CI:0.88-1.163; P=0.8720950977)","1.05(95% CI:1.015-1.086; P=0.0049158131)","1.02(95% CI:0.868-1.2; P=0.8093995612)","Adjusted","healthy_noncancer_control","Adjusted healthy_noncancer_control"
"M_VLDL_C","Cholesterol in Medium VLDL","CC","1.01(95% CI:0.886-1.153; P=0.8780760891)","0.972(95% CI:0.94-1.006; P=0.1033262456)","0.953(95% CI:0.814-1.115; P=0.543803794)","Adjusted","healthy_noncancer_control","Adjusted healthy_noncancer_control"
"M_VLDL_CE","Cholesteryl Esters in Medium VLDL","CC","0.999(95% CI:0.877-1.137; P=0.9865982347)","0.962(95% CI:0.93-0.995; P=0.0254630398)","0.934(95% CI:0.799-1.092; P=0.3942671179)","Adjusted","healthy_noncancer_control","Adjusted healthy_noncancer_control"
"M_VLDL_FC","Free Cholesterol in Medium VLDL","CC","1.018(95% CI:0.89-1.164; P=0.7988516141)","0.989(95% CI:0.955-1.023; P=0.5112330391)","0.973(95% CI:0.829-1.141; P=0.735009835)","Adjusted","healthy_noncancer_control","Adjusted healthy_noncancer_control"
"M_VLDL_PL","Phospholipids in Medium VLDL","CC","1.028(95% CI:0.898-1.178; P=0.6878520794)","0.995(95% CI:0.961-1.029; P=0.7635735047)","0.989(95% CI:0.842-1.162; P=0.8923605689)","Adjusted","healthy_noncancer_control","Adjusted healthy_noncancer_control"
"M_VLDL_TG","Triglycerides in Medium VLDL","CC","1.065(95% CI:0.929-1.221; P=0.3663391354)","1.027(95% CI:0.991-1.064; P=0.1474233716)","1.072(95% CI:0.91-1.264; P=0.4045636713)","Adjusted","healthy_noncancer_control","Adjusted healthy_noncancer_control"
"MUFA","Monounsaturated Fatty Acids","CC","1.027(95% CI:0.89-1.186; P=0.7155300676)","1.049(95% CI:1.013-1.087; P=0.0073195882)","1.031(95% CI:0.873-1.219; P=0.717774036)","Adjusted","healthy_noncancer_control","Adjusted healthy_noncancer_control"
"non_HDL_C","Total Cholesterol Minus HDL-C","CC","1.026(95% CI:0.896-1.176; P=0.7067038249)","0.97(95% CI:0.938-1.003; P=0.0750046647)","0.961(95% CI:0.823-1.124; P=0.6215311954)","Adjusted","healthy_noncancer_control","Adjusted healthy_noncancer_control"
"Omega_3","Omega-3 Fatty Acids","CC","0.893(95% CI:0.775-1.028; P=0.1160834775)","0.964(95% CI:0.93-0.999; P=0.0439259085)","0.89(95% CI:0.753-1.053; P=0.1734861068)","Adjusted","healthy_noncancer_control","Adjusted healthy_noncancer_control"
"Omega_6","Omega-6 Fatty Acids","CC","1.054(95% CI:0.915-1.214; P=0.4662165656)","0.977(95% CI:0.943-1.011; P=0.1874672796)","1.035(95% CI:0.879-1.217; P=0.6826177518)","Adjusted","healthy_noncancer_control","Adjusted healthy_noncancer_control"
"Phe","Phenylalanine","CC","0.997(95% CI:0.87-1.142; P=0.9632025583)","1(95% CI:0.966-1.034; P=0.9835965289)","1.025(95% CI:0.872-1.205; P=0.7664856602)","Adjusted","healthy_noncancer_control","Adjusted healthy_noncancer_control"
"Phosphatidylc","Phosphatidylcholines","CC","0.99(95% CI:0.853-1.149; P=0.8912138052)","0.973(95% CI:0.937-1.01; P=0.1530939685)","1(95% CI:0.847-1.181; P=0.9996506313)","Adjusted","healthy_noncancer_control","Adjusted healthy_noncancer_control"
"Phosphoglyc","Phosphoglycerides","CC","0.991(95% CI:0.856-1.149; P=0.9081600742)","0.984(95% CI:0.948-1.022; P=0.4029484319)","0.998(95% CI:0.846-1.177; P=0.979304159)","Adjusted","healthy_noncancer_control","Adjusted healthy_noncancer_control"
"PUFA","Polyunsaturated Fatty Acids","CC","1.01(95% CI:0.873-1.169; P=0.8895411444)","0.97(95% CI:0.936-1.005; P=0.0886598734)","0.998(95% CI:0.846-1.177; P=0.9797283228)","Adjusted","healthy_noncancer_control","Adjusted healthy_noncancer_control"
"Pyruvate","Pyruvate","CC","0.915(95% CI:0.799-1.049; P=0.2024796213)","1.025(95% CI:0.992-1.06; P=0.1401527152)","0.886(95% CI:0.748-1.051; P=0.1647727151)","Adjusted","healthy_noncancer_control","Adjusted healthy_noncancer_control"
"Remnant_C","Remnant Cholesterol (Non-HDL and Non-LDL -Cholesterol)","CC","1.016(95% CI:0.886-1.165; P=0.8167935169)","0.975(95% CI:0.943-1.009; P=0.1513227956)","0.968(95% CI:0.827-1.133; P=0.6874385532)","Adjusted","healthy_noncancer_control","Adjusted healthy_noncancer_control"
"S_HDL_C","Cholesterol in Small HDL","CC","1.035(95% CI:0.902-1.189; P=0.6225373546)","0.951(95% CI:0.918-0.986; P=0.0058201559)","0.964(95% CI:0.819-1.136; P=0.6637889199)","Adjusted","healthy_noncancer_control","Adjusted healthy_noncancer_control"
"S_HDL_CE","Cholesteryl Esters in Small HDL","CC","1.037(95% CI:0.904-1.189; P=0.6036062736)","0.946(95% CI:0.913-0.98; P=0.0020001978)","0.956(95% CI:0.814-1.124; P=0.5873261823)","Adjusted","healthy_noncancer_control","Adjusted healthy_noncancer_control"
"S_HDL_FC","Free Cholesterol in Small HDL","CC","1.022(95% CI:0.885-1.18; P=0.7679764472)","0.978(95% CI:0.943-1.014; P=0.2248444603)","0.997(95% CI:0.845-1.177; P=0.9710379616)","Adjusted","healthy_noncancer_control","Adjusted healthy_noncancer_control"
"S_HDL_PL","Phospholipids in Small HDL","CC","1.008(95% CI:0.874-1.162; P=0.9180762618)","0.979(95% CI:0.944-1.014; P=0.2379688727)","0.985(95% CI:0.834-1.163; P=0.857403204)","Adjusted","healthy_noncancer_control","Adjusted healthy_noncancer_control"
"S_HDL_TG","Triglycerides in Small HDL","CC","0.994(95% CI:0.864-1.144; P=0.9376759456)","1.035(95% CI:0.999-1.073; P=0.0582428057)","0.992(95% CI:0.838-1.174; P=0.9244214364)","Adjusted","healthy_noncancer_control","Adjusted healthy_noncancer_control"
"S_LDL_C","Cholesterol in Small LDL","CC","1.037(95% CI:0.909-1.184; P=0.5857236357)","0.981(95% CI:0.948-1.015; P=0.2696385694)","0.97(95% CI:0.828-1.135; P=0.701418797)","Adjusted","healthy_noncancer_control","Adjusted healthy_noncancer_control"
"S_LDL_CE","Cholesteryl Esters in Small LDL","CC","1.036(95% CI:0.907-1.184; P=0.6016647766)","0.987(95% CI:0.954-1.021; P=0.459981601)","0.975(95% CI:0.831-1.144; P=0.75530494)","Adjusted","healthy_noncancer_control","Adjusted healthy_noncancer_control"
"S_LDL_FC","Free Cholesterol in Small LDL","CC","1.03(95% CI:0.906-1.172; P=0.6507981982)","0.968(95% CI:0.936-1.001; P=0.0582253377)","0.954(95% CI:0.817-1.114; P=0.5492831589)","Adjusted","healthy_noncancer_control","Adjusted healthy_noncancer_control"
"S_LDL_PL","Phospholipids in Small LDL","CC","1.043(95% CI:0.915-1.189; P=0.52766258)","1(95% CI:0.967-1.034; P=0.9965512897)","0.984(95% CI:0.841-1.15; P=0.8355507681)","Adjusted","healthy_noncancer_control","Adjusted healthy_noncancer_control"
"S_LDL_TG","Triglycerides in Small LDL","CC","1.03(95% CI:0.9-1.18; P=0.6664012864)","1.057(95% CI:1.021-1.093; P=0.001393533)","1.045(95% CI:0.891-1.226; P=0.5872755363)","Adjusted","healthy_noncancer_control","Adjusted healthy_noncancer_control"
"S_VLDL_C","Cholesterol in Small VLDL","CC","0.994(95% CI:0.867-1.139; P=0.9317853322)","0.986(95% CI:0.953-1.021; P=0.4308507861)","0.941(95% CI:0.8-1.107; P=0.4628604332)","Adjusted","healthy_noncancer_control","Adjusted healthy_noncancer_control"
"S_VLDL_CE","Cholesteryl Esters in Small VLDL","CC","0.985(95% CI:0.859-1.13; P=0.8304586758)","0.99(95% CI:0.956-1.024; P=0.5500637898)","0.934(95% CI:0.794-1.1; P=0.4140026496)","Adjusted","healthy_noncancer_control","Adjusted healthy_noncancer_control"
"S_VLDL_FC","Free Cholesterol in Small VLDL","CC","1.007(95% CI:0.881-1.151; P=0.9200017888)","0.982(95% CI:0.949-1.017; P=0.3085301949)","0.953(95% CI:0.812-1.118; P=0.5518637654)","Adjusted","healthy_noncancer_control","Adjusted healthy_noncancer_control"
"S_VLDL_PL","Phospholipids in Small VLDL","CC","1.015(95% CI:0.885-1.163; P=0.8330081566)","0.994(95% CI:0.96-1.029; P=0.7312574518)","0.972(95% CI:0.826-1.143; P=0.7273436582)","Adjusted","healthy_noncancer_control","Adjusted healthy_noncancer_control"
"S_VLDL_TG","Triglycerides in Small VLDL","CC","1.025(95% CI:0.894-1.177; P=0.7205545362)","1.036(95% CI:1-1.073; P=0.04902848)","1.045(95% CI:0.888-1.231; P=0.5948485591)","Adjusted","healthy_noncancer_control","Adjusted healthy_noncancer_control"
"SFA","Saturated Fatty Acids","CC","1.016(95% CI:0.88-1.174; P=0.8238648569)","1.045(95% CI:1.009-1.082; P=0.013978113)","1.025(95% CI:0.87-1.208; P=0.7678466489)","Adjusted","healthy_noncancer_control","Adjusted healthy_noncancer_control"
"Sphingomyelins","Sphingomyelins","CC","0.996(95% CI:0.867-1.143; P=0.9495579892)","0.986(95% CI:0.95-1.023; P=0.4437801348)","0.965(95% CI:0.819-1.137; P=0.6704274768)","Adjusted","healthy_noncancer_control","Adjusted healthy_noncancer_control"
"Total_C","Total Cholesterol","CC","1.026(95% CI:0.896-1.175; P=0.7119855955)","0.964(95% CI:0.931-0.998; P=0.0382303635)","0.977(95% CI:0.834-1.143; P=0.7690496707)","Adjusted","healthy_noncancer_control","Adjusted healthy_noncancer_control"
"Total_CE","Total Esterified Cholesterol","CC","1.025(95% CI:0.895-1.173; P=0.724528494)","0.96(95% CI:0.927-0.995; P=0.0239005041)","0.974(95% CI:0.832-1.141; P=0.7469456658)","Adjusted","healthy_noncancer_control","Adjusted healthy_noncancer_control"
"Total_FA","Total Fatty Acids","CC","1.019(95% CI:0.88-1.179; P=0.8008973463)","1.024(95% CI:0.989-1.061; P=0.1778188784)","1.02(95% CI:0.864-1.204; P=0.8137630151)","Adjusted","healthy_noncancer_control","Adjusted healthy_noncancer_control"
"Total_FC","Total Free Cholesterol","CC","1.021(95% CI:0.891-1.169; P=0.7684731925)","0.974(95% CI:0.941-1.009; P=0.1410160464)","0.976(95% CI:0.833-1.143; P=0.7621763916)","Adjusted","healthy_noncancer_control","Adjusted healthy_noncancer_control"
"Total_L","Total Lipids in Lipoprotein Particles","CC","1.033(95% CI:0.897-1.19; P=0.6491907471)","0.994(95% CI:0.96-1.029; P=0.7204989214)","1.008(95% CI:0.858-1.184; P=0.9215773508)","Adjusted","healthy_noncancer_control","Adjusted healthy_noncancer_control"
"Total_PL","Total Phospholipids in Lipoprotein Particles","CC","1.014(95% CI:0.879-1.17; P=0.8457570581)","0.988(95% CI:0.953-1.025; P=0.5193885377)","1.002(95% CI:0.851-1.18; P=0.9813347702)","Adjusted","healthy_noncancer_control","Adjusted healthy_noncancer_control"
"Total_TG","Total Triglycerides","CC","1.022(95% CI:0.887-1.178; P=0.7649067197)","1.044(95% CI:1.007-1.082; P=0.0183644201)","1.039(95% CI:0.877-1.229; P=0.6606764817)","Adjusted","healthy_noncancer_control","Adjusted healthy_noncancer_control"
"Tyr","Tyrosine","CC","0.941(95% CI:0.822-1.076; P=0.3728028481)","0.994(95% CI:0.96-1.029; P=0.7300104441)","0.95(95% CI:0.808-1.117; P=0.5370056067)","Adjusted","healthy_noncancer_control","Adjusted healthy_noncancer_control"
"Unsaturation","Degree of Unsaturation","CC","0.934(95% CI:0.82-1.063; P=0.3000257686)","0.901(95% CI:0.868-0.934; P=0.000000018)","0.911(95% CI:0.773-1.072; P=0.2617311623)","Adjusted","healthy_noncancer_control","Adjusted healthy_noncancer_control"
"Val","Valine","CC","0.878(95% CI:0.76-1.015; P=0.0778164308)","0.961(95% CI:0.926-0.997; P=0.0358496687)","0.889(95% CI:0.748-1.056; P=0.1806012931)","Adjusted","healthy_noncancer_control","Adjusted healthy_noncancer_control"
"VLDL_C","VLDL Cholesterol","CC","1.01(95% CI:0.878-1.161; P=0.8913743542)","0.997(95% CI:0.964-1.032; P=0.8827242274)","0.971(95% CI:0.825-1.142; P=0.7185961848)","Adjusted","healthy_noncancer_control","Adjusted healthy_noncancer_control"
"VLDL_CE","Cholesteryl Esters in VLDL","CC","1.003(95% CI:0.875-1.15; P=0.9656499127)","0.987(95% CI:0.954-1.022; P=0.4688117047)","0.958(95% CI:0.816-1.124; P=0.5958826422)","Adjusted","healthy_noncancer_control","Adjusted healthy_noncancer_control"
"VLDL_FC","Free Cholesterol in VLDL","CC","1.019(95% CI:0.887-1.171; P=0.7900173929)","1.013(95% CI:0.979-1.049; P=0.4511060759)","0.992(95% CI:0.842-1.169; P=0.9236147288)","Adjusted","healthy_noncancer_control","Adjusted healthy_noncancer_control"
"VLDL_L","Total Lipids in VLDL","CC","1.022(95% CI:0.885-1.18; P=0.7680621945)","1.027(95% CI:0.991-1.064; P=0.1487351128)","1.012(95% CI:0.855-1.199; P=0.8862054137)","Adjusted","healthy_noncancer_control","Adjusted healthy_noncancer_control"
"VLDL_PL","Phospholipids in VLDL","CC","1.019(95% CI:0.885-1.173; P=0.7927599862)","1.021(95% CI:0.985-1.057; P=0.252214219)","0.999(95% CI:0.846-1.18; P=0.9932234025)","Adjusted","healthy_noncancer_control","Adjusted healthy_noncancer_control"
"VLDL_TG","Triglycerides in VLDL","CC","1.039(95% CI:0.904-1.196; P=0.5884076751)","1.045(95% CI:1.008-1.083; P=0.0174138276)","1.057(95% CI:0.893-1.25; P=0.5210986459)","Adjusted","healthy_noncancer_control","Adjusted healthy_noncancer_control"
"XL_HDL_C","Cholesterol in Very Large HDL","CC","1.002(95% CI:0.867-1.158; P=0.9754797915)","1.011(95% CI:0.971-1.053; P=0.585072913)","1.09(95% CI:0.917-1.297; P=0.3275072132)","Adjusted","healthy_noncancer_control","Adjusted healthy_noncancer_control"
"XL_HDL_CE","Cholesteryl Esters in Very Large HDL","CC","1.006(95% CI:0.87-1.163; P=0.9364875603)","1.007(95% CI:0.967-1.049; P=0.7300918926)","1.096(95% CI:0.921-1.305; P=0.3002290528)","Adjusted","healthy_noncancer_control","Adjusted healthy_noncancer_control"
"XL_HDL_FC","Free Cholesterol in Very Large HDL","CC","0.995(95% CI:0.864-1.145; P=0.9425353305)","1.026(95% CI:0.987-1.066; P=0.1939840067)","1.073(95% CI:0.908-1.269; P=0.4093279701)","Adjusted","healthy_noncancer_control","Adjusted healthy_noncancer_control"
"XL_HDL_PL","Phospholipids in Very Large HDL","CC","0.994(95% CI:0.858-1.152; P=0.9382024778)","1.019(95% CI:0.978-1.061; P=0.3644197758)","1.093(95% CI:0.918-1.301; P=0.3168866551)","Adjusted","healthy_noncancer_control","Adjusted healthy_noncancer_control"
"XL_HDL_TG","Triglycerides in Very Large HDL","CC","0.991(95% CI:0.862-1.14; P=0.9017436109)","1.048(95% CI:1.014-1.084; P=0.0051877498)","1.037(95% CI:0.888-1.211; P=0.6463950978)","Adjusted","healthy_noncancer_control","Adjusted healthy_noncancer_control"
"XL_VLDL_C","Cholesterol in Very Large VLDL","CC","1.036(95% CI:0.902-1.189; P=0.6186624557)","1.026(95% CI:0.99-1.063; P=0.1593455229)","1.02(95% CI:0.864-1.205; P=0.8146134264)","Adjusted","healthy_noncancer_control","Adjusted healthy_noncancer_control"
"XL_VLDL_CE","Cholesteryl Esters in Very Large VLDL","CC","1.034(95% CI:0.901-1.186; P=0.6368711485)","1.011(95% CI:0.976-1.047; P=0.549189684)","1.005(95% CI:0.851-1.186; P=0.954686654)","Adjusted","healthy_noncancer_control","Adjusted healthy_noncancer_control"
"XL_VLDL_FC","Free Cholesterol in Very Large VLDL","CC","1.039(95% CI:0.906-1.191; P=0.5847589244)","1.041(95% CI:1.005-1.078; P=0.0265776823)","1.039(95% CI:0.881-1.225; P=0.6514715054)","Adjusted","healthy_noncancer_control","Adjusted healthy_noncancer_control"
"XL_VLDL_PL","Phospholipids in Very Large VLDL","CC","1.043(95% CI:0.91-1.196; P=0.5423275289)","1.045(95% CI:1.009-1.082; P=0.0151221841)","1.049(95% CI:0.89-1.236; P=0.5688762198)","Adjusted","healthy_noncancer_control","Adjusted healthy_noncancer_control"
"XL_VLDL_TG","Triglycerides in Very Large VLDL","CC","1.052(95% CI:0.919-1.204; P=0.4662769663)","1.055(95% CI:1.018-1.093; P=0.0031210066)","1.073(95% CI:0.911-1.263; P=0.4009018974)","Adjusted","healthy_noncancer_control","Adjusted healthy_noncancer_control"
"XS_VLDL_C","Cholesterol in Very Small VLDL","CC","0.96(95% CI:0.838-1.099; P=0.552026996)","0.978(95% CI:0.944-1.012; P=0.2043584989)","0.918(95% CI:0.783-1.076; P=0.2916072903)","Adjusted","healthy_noncancer_control","Adjusted healthy_noncancer_control"
"XS_VLDL_CE","Cholesteryl Esters in Very Small VLDL","CC","0.958(95% CI:0.838-1.096; P=0.5336414728)","0.971(95% CI:0.938-1.006; P=0.0992542214)","0.91(95% CI:0.777-1.067; P=0.2459201779)","Adjusted","healthy_noncancer_control","Adjusted healthy_noncancer_control"
"XS_VLDL_FC","Free Cholesterol in Very Small VLDL","CC","0.961(95% CI:0.837-1.104; P=0.5758523103)","0.996(95% CI:0.962-1.031; P=0.8137410812)","0.935(95% CI:0.796-1.099; P=0.4167044616)","Adjusted","healthy_noncancer_control","Adjusted healthy_noncancer_control"
"XS_VLDL_PL","Phospholipids in Very Small VLDL","CC","0.955(95% CI:0.83-1.1; P=0.524168665)","1.009(95% CI:0.975-1.045; P=0.5967619316)","0.937(95% CI:0.796-1.103; P=0.4354136446)","Adjusted","healthy_noncancer_control","Adjusted healthy_noncancer_control"
"XS_VLDL_TG","Triglycerides in Very Small VLDL","CC","0.973(95% CI:0.845-1.121; P=0.7048085363)","1.041(95% CI:1.006-1.077; P=0.0221571251)","0.988(95% CI:0.839-1.164; P=0.8889585204)","Adjusted","healthy_noncancer_control","Adjusted healthy_noncancer_control"
"XXL_VLDL_C","Cholesterol in Chylomicrons and Extremely Large VLDL","CC","1.042(95% CI:0.911-1.193; P=0.5456251932)","1.048(95% CI:1.012-1.085; P=0.0084960042)","1.064(95% CI:0.905-1.251; P=0.4507819262)","Adjusted","healthy_noncancer_control","Adjusted healthy_noncancer_control"
"XXL_VLDL_CE","Cholesteryl Esters in Chylomicrons and Extremely Large VLDL","CC","1.048(95% CI:0.916-1.199; P=0.4953367926)","1.043(95% CI:1.007-1.08; P=0.0190376495)","1.069(95% CI:0.909-1.257; P=0.4185948023)","Adjusted","healthy_noncancer_control","Adjusted healthy_noncancer_control"
"XXL_VLDL_FC","Free Cholesterol in Chylomicrons and Extremely Large VLDL","CC","1.037(95% CI:0.908-1.185; P=0.5893271685)","1.054(95% CI:1.018-1.091; P=0.002677547)","1.059(95% CI:0.903-1.242; P=0.4801490119)","Adjusted","healthy_noncancer_control","Adjusted healthy_noncancer_control"
"XXL_VLDL_PL","Phospholipids in Chylomicrons and Extremely Large VLDL","CC","1.041(95% CI:0.912-1.187; P=0.5529929192)","1.057(95% CI:1.021-1.094; P=0.0015239152)","1.063(95% CI:0.907-1.245; P=0.4517914269)","Adjusted","healthy_noncancer_control","Adjusted healthy_noncancer_control"
"XXL_VLDL_TG","Triglycerides in Chylomicrons and Extremely Large VLDL","CC","1.045(95% CI:0.915-1.192; P=0.5179271577)","1.062(95% CI:1.026-1.098; P=0.0005726549)","1.067(95% CI:0.91-1.252; P=0.4226378489)","Adjusted","healthy_noncancer_control","Adjusted healthy_noncancer_control"
"Acetate","Acetate","CRC","0.904(95% CI:0.771-1.061; P=0.2164251423)","1.015(95% CI:0.991-1.039; P=0.2313418241)","0.799(95% CI:0.631-1.012; P=0.0627451313)","Adjusted","healthy_noncancer_control","Adjusted healthy_noncancer_control"
"Acetoacetate","Acetoacetate","CRC","0.912(95% CI:0.808-1.031; P=0.1401788238)","1.06(95% CI:1.037-1.085; P=0.0000003098)","0.915(95% CI:0.792-1.057; P=0.2266536019)","Adjusted","healthy_noncancer_control","Adjusted healthy_noncancer_control"
"Acetone","Acetone","CRC","0.901(95% CI:0.792-1.026; P=0.1148020392)","1.04(95% CI:1.016-1.064; P=0.0008378699)","0.92(95% CI:0.796-1.064; P=0.261628743)","Adjusted","healthy_noncancer_control","Adjusted healthy_noncancer_control"
"Ala","Alanine","CRC","0.908(95% CI:0.813-1.014; P=0.0864038062)","0.997(95% CI:0.969-1.025; P=0.8100752118)","0.941(95% CI:0.825-1.073; P=0.3625635615)","Adjusted","healthy_noncancer_control","Adjusted healthy_noncancer_control"
"Albumin","Albumin","CRC","0.944(95% CI:0.839-1.062; P=0.3361626605)","0.908(95% CI:0.883-0.934; P=0)","0.902(95% CI:0.79-1.029; P=0.1257055505)","Adjusted","healthy_noncancer_control","Adjusted healthy_noncancer_control"
"ApoA1","Apolipoprotein A1","CRC","0.997(95% CI:0.883-1.125; P=0.9587639026)","1.002(95% CI:0.97-1.036; P=0.8907738536)","1.038(95% CI:0.901-1.194; P=0.6075523925)","Adjusted","healthy_noncancer_control","Adjusted healthy_noncancer_control"
"ApoB","Apolipoprotein B","CRC","1.019(95% CI:0.912-1.138; P=0.7402457512)","0.986(95% CI:0.959-1.013; P=0.3126990542)","0.96(95% CI:0.844-1.091; P=0.528965711)","Adjusted","healthy_noncancer_control","Adjusted healthy_noncancer_control"
"bOHbutyrate","3-Hydroxybutyrate","CRC","0.986(95% CI:0.879-1.105; P=0.8023527359)","1.072(95% CI:1.047-1.099; P=0.0000000165)","1.001(95% CI:0.878-1.14; P=0.9930166417)","Adjusted","healthy_noncancer_control","Adjusted healthy_noncancer_control"
"Cholines","Total Cholines","CRC","0.998(95% CI:0.885-1.124; P=0.9705649315)","0.996(95% CI:0.966-1.027; P=0.7893712425)","0.991(95% CI:0.867-1.133; P=0.8943113176)","Adjusted","healthy_noncancer_control","Adjusted healthy_noncancer_control"
"Citrate","Citrate","CRC","1.007(95% CI:0.896-1.132; P=0.9013466899)","1.033(95% CI:1.004-1.063; P=0.0275660441)","0.968(95% CI:0.827-1.134; P=0.6904987318)","Adjusted","healthy_noncancer_control","Adjusted healthy_noncancer_control"
"Clinical_LDL_C","Clinical LDL Cholesterol","CRC","1.022(95% CI:0.916-1.14; P=0.696285006)","0.971(95% CI:0.945-0.998; P=0.0344245368)","0.953(95% CI:0.842-1.079; P=0.447884745)","Adjusted","healthy_noncancer_control","Adjusted healthy_noncancer_control"
"Creatinine","Creatinine","CRC","0.943(95% CI:0.835-1.065; P=0.3439117716)","1.017(95% CI:0.987-1.047; P=0.2828487391)","1.017(95% CI:0.879-1.178; P=0.816339138)","Adjusted","healthy_noncancer_control","Adjusted healthy_noncancer_control"
"DHA","Docosahexaenoic Acid","CRC","0.933(95% CI:0.835-1.042; P=0.2165544082)","0.955(95% CI:0.927-0.984; P=0.0025259251)","0.931(95% CI:0.815-1.064; P=0.2962346522)","Adjusted","healthy_noncancer_control","Adjusted healthy_noncancer_control"
"Gln","Glutamine","CRC","0.926(95% CI:0.825-1.038; P=0.1861693578)","0.956(95% CI:0.929-0.984; P=0.0019859891)","0.936(95% CI:0.819-1.069; P=0.3273508169)","Adjusted","healthy_noncancer_control","Adjusted healthy_noncancer_control"
"Glucose","Glucose","CRC","0.949(95% CI:0.852-1.056; P=0.3345594187)","1.062(95% CI:1.034-1.091; P=0.0000102003)","0.927(95% CI:0.812-1.058; P=0.2598171812)","Adjusted","healthy_noncancer_control","Adjusted healthy_noncancer_control"
"Gly","Glycine","CRC","1.047(95% CI:0.932-1.178; P=0.4378466629)","0.986(95% CI:0.955-1.019; P=0.4039659557)","0.993(95% CI:0.861-1.145; P=0.9205031865)","Adjusted","healthy_noncancer_control","Adjusted healthy_noncancer_control"
"GlycA","Glycoprotein Acetyls","CRC","1.057(95% CI:0.94-1.187; P=0.354062793)","1.121(95% CI:1.088-1.155; P=0)","1.086(95% CI:0.945-1.248; P=0.2471829293)","Adjusted","healthy_noncancer_control","Adjusted healthy_noncancer_control"
"HDL_C","HDL Cholesterol","CRC","1.009(95% CI:0.894-1.139; P=0.882614241)","0.994(95% CI:0.96-1.028; P=0.7168162597)","1.049(95% CI:0.907-1.214; P=0.5155596813)","Adjusted","healthy_noncancer_control","Adjusted healthy_noncancer_control"
"HDL_CE","Cholesteryl Esters in HDL","CRC","1.011(95% CI:0.897-1.141; P=0.8548796407)","0.991(95% CI:0.958-1.025; P=0.6010768223)","1.052(95% CI:0.91-1.217; P=0.4916896421)","Adjusted","healthy_noncancer_control","Adjusted healthy_noncancer_control"
"HDL_FC","Free Cholesterol in HDL","CRC","1.01(95% CI:0.894-1.142; P=0.8689778359)","1.006(95% CI:0.972-1.041; P=0.7192094191)","1.05(95% CI:0.911-1.21; P=0.5019042455)","Adjusted","healthy_noncancer_control","Adjusted healthy_noncancer_control"
"HDL_L","Total Lipids in HDL","CRC","0.997(95% CI:0.882-1.128; P=0.9663871283)","1.005(95% CI:0.972-1.04; P=0.7619008465)","1.041(95% CI:0.903-1.201; P=0.5786791315)","Adjusted","healthy_noncancer_control","Adjusted healthy_noncancer_control"
"HDL_PL","Phospholipids in HDL","CRC","0.996(95% CI:0.882-1.126; P=0.9542603078)","1.011(95% CI:0.978-1.045; P=0.521889527)","1.041(95% CI:0.904-1.198; P=0.5766704646)","Adjusted","healthy_noncancer_control","Adjusted healthy_noncancer_control"
"HDL_TG","Triglycerides in HDL","CRC","0.965(95% CI:0.859-1.084; P=0.5499138218)","1.025(95% CI:0.997-1.054; P=0.0830530865)","0.981(95% CI:0.859-1.12; P=0.7776222712)","Adjusted","healthy_noncancer_control","Adjusted healthy_noncancer_control"
"His","Histidine","CRC","0.959(95% CI:0.858-1.072; P=0.4600095736)","0.914(95% CI:0.887-0.942; P=0.0000000048)","0.941(95% CI:0.827-1.071; P=0.3573895318)","Adjusted","healthy_noncancer_control","Adjusted healthy_noncancer_control"
"IDL_C","Cholesterol in IDL","CRC","1.015(95% CI:0.909-1.132; P=0.7939105517)","0.968(95% CI:0.941-0.996; P=0.023418457)","0.955(95% CI:0.841-1.085; P=0.4782731302)","Adjusted","healthy_noncancer_control","Adjusted healthy_noncancer_control"
"IDL_CE","Cholesteryl Esters in IDL","CRC","1.018(95% CI:0.912-1.137; P=0.7476729142)","0.967(95% CI:0.94-0.995; P=0.0225377896)","0.96(95% CI:0.845-1.091; P=0.529587659)","Adjusted","healthy_noncancer_control","Adjusted healthy_noncancer_control"
"IDL_FC","Free Cholesterol in IDL","CRC","0.998(95% CI:0.896-1.112; P=0.9729350871)","0.972(95% CI:0.944-1; P=0.047587942)","0.937(95% CI:0.824-1.065; P=0.3169623079)","Adjusted","healthy_noncancer_control","Adjusted healthy_noncancer_control"
"IDL_PL","Phospholipids in IDL","CRC","0.991(95% CI:0.888-1.106; P=0.8696587794)","0.98(95% CI:0.952-1.008; P=0.1569966933)","0.927(95% CI:0.815-1.054; P=0.2448698383)","Adjusted","healthy_noncancer_control","Adjusted healthy_noncancer_control"
"IDL_TG","Triglycerides in IDL","CRC","0.973(95% CI:0.865-1.094; P=0.6456509569)","1.026(95% CI:0.998-1.055; P=0.0712079719)","0.972(95% CI:0.851-1.111; P=0.6783065176)","Adjusted","healthy_noncancer_control","Adjusted healthy_noncancer_control"
"Ile","Isoleucine","CRC","0.935(95% CI:0.837-1.045; P=0.2356090155)","0.997(95% CI:0.968-1.025; P=0.8115261621)","0.944(95% CI:0.826-1.079; P=0.3961025204)","Adjusted","healthy_noncancer_control","Adjusted healthy_noncancer_control"
"L_HDL_C","Cholesterol in Large HDL","CRC","1.01(95% CI:0.894-1.142; P=0.8694340069)","1.002(95% CI:0.968-1.038; P=0.9054221355)","1.064(95% CI:0.919-1.232; P=0.4090449544)","Adjusted","healthy_noncancer_control","Adjusted healthy_noncancer_control"
"L_HDL_CE","Cholesteryl Esters in Large HDL","CRC","1.012(95% CI:0.896-1.143; P=0.8519877086)","1.001(95% CI:0.966-1.036; P=0.9730445186)","1.067(95% CI:0.922-1.236; P=0.3829178376)","Adjusted","healthy_noncancer_control","Adjusted healthy_noncancer_control"
"L_HDL_FC","Free Cholesterol in Large HDL","CRC","1.014(95% CI:0.898-1.145; P=0.8203701359)","1.01(95% CI:0.975-1.045; P=0.5813858519)","1.066(95% CI:0.924-1.231; P=0.3817385386)","Adjusted","healthy_noncancer_control","Adjusted healthy_noncancer_control"
"L_HDL_PL","Phospholipids in Large HDL","CRC","1.007(95% CI:0.89-1.139; P=0.9132116856)","1.01(95% CI:0.976-1.046; P=0.5735546883)","1.065(95% CI:0.921-1.231; P=0.3934935393)","Adjusted","healthy_noncancer_control","Adjusted healthy_noncancer_control"
"L_HDL_TG","Triglycerides in Large HDL","CRC","0.958(95% CI:0.851-1.078; P=0.4761813373)","1.02(95% CI:0.991-1.05; P=0.1776364165)","0.994(95% CI:0.874-1.131; P=0.9274564818)","Adjusted","healthy_noncancer_control","Adjusted healthy_noncancer_control"
"L_LDL_C","Cholesterol in Large LDL","CRC","1.015(95% CI:0.91-1.132; P=0.7926361491)","0.974(95% CI:0.948-1.002; P=0.0677070362)","0.947(95% CI:0.835-1.074; P=0.3994494736)","Adjusted","healthy_noncancer_control","Adjusted healthy_noncancer_control"
"L_LDL_CE","Cholesteryl Esters in Large LDL","CRC","1.015(95% CI:0.91-1.132; P=0.790171393)","0.978(95% CI:0.951-1.006; P=0.1204915977)","0.947(95% CI:0.835-1.075; P=0.4026925386)","Adjusted","healthy_noncancer_control","Adjusted healthy_noncancer_control"
"L_LDL_FC","Free Cholesterol in Large LDL","CRC","1.007(95% CI:0.905-1.121; P=0.897475578)","0.967(95% CI:0.941-0.995; P=0.0206452541)","0.943(95% CI:0.831-1.07; P=0.3605380518)","Adjusted","healthy_noncancer_control","Adjusted healthy_noncancer_control"
"L_LDL_PL","Phospholipids in Large LDL","CRC","1.008(95% CI:0.904-1.123; P=0.8891920408)","0.973(95% CI:0.946-1; P=0.0515757894)","0.942(95% CI:0.83-1.07; P=0.3576557525)","Adjusted","healthy_noncancer_control","Adjusted healthy_noncancer_control"
"L_LDL_TG","Triglycerides in Large LDL","CRC","0.978(95% CI:0.87-1.1; P=0.7134210331)","1.029(95% CI:1.001-1.058; P=0.0453496672)","0.974(95% CI:0.852-1.114; P=0.7046412264)","Adjusted","healthy_noncancer_control","Adjusted healthy_noncancer_control"
"L_VLDL_C","Cholesterol in Large VLDL","CRC","1.02(95% CI:0.91-1.143; P=0.7343715579)","1.015(95% CI:0.985-1.045; P=0.3310550212)","0.997(95% CI:0.871-1.142; P=0.9678344985)","Adjusted","healthy_noncancer_control","Adjusted healthy_noncancer_control"
"L_VLDL_CE","Cholesteryl Esters in Large VLDL","CRC","1.023(95% CI:0.914-1.145; P=0.6949456533)","1.005(95% CI:0.976-1.034; P=0.7353522495)","0.994(95% CI:0.869-1.136; P=0.9250868201)","Adjusted","healthy_noncancer_control","Adjusted healthy_noncancer_control"
"L_VLDL_FC","Free Cholesterol in Large VLDL","CRC","1.018(95% CI:0.908-1.141; P=0.7640889718)","1.024(95% CI:0.994-1.054; P=0.1193654651)","1.002(95% CI:0.874-1.149; P=0.9751608044)","Adjusted","healthy_noncancer_control","Adjusted healthy_noncancer_control"
"L_VLDL_PL","Phospholipids in Large VLDL","CRC","1.019(95% CI:0.909-1.142; P=0.7471256411)","1.027(95% CI:0.997-1.058; P=0.0738821608)","1.011(95% CI:0.882-1.159; P=0.8709013873)","Adjusted","healthy_noncancer_control","Adjusted healthy_noncancer_control"
"L_VLDL_TG","Triglycerides in Large VLDL","CRC","1.04(95% CI:0.93-1.162; P=0.4961720928)","1.033(95% CI:1.003-1.063; P=0.0289154913)","1.046(95% CI:0.915-1.196; P=0.5075261479)","Adjusted","healthy_noncancer_control","Adjusted healthy_noncancer_control"
"LA","Linoleic Acid","CRC","1.044(95% CI:0.933-1.168; P=0.4558287245)","0.985(95% CI:0.958-1.013; P=0.2862381583)","1.013(95% CI:0.889-1.153; P=0.8501977322)","Adjusted","healthy_noncancer_control","Adjusted healthy_noncancer_control"
"Lactate","Lactate","CRC","0.931(95% CI:0.832-1.041; P=0.211198159)","1.007(95% CI:0.978-1.037; P=0.6221532842)","0.962(95% CI:0.842-1.099; P=0.5698117374)","Adjusted","healthy_noncancer_control","Adjusted healthy_noncancer_control"
"LDL_C","LDL Cholesterol","CRC","1.021(95% CI:0.914-1.14; P=0.7147490733)","0.977(95% CI:0.95-1.004; P=0.0967635358)","0.954(95% CI:0.841-1.082; P=0.4642320781)","Adjusted","healthy_noncancer_control","Adjusted healthy_noncancer_control"
"LDL_CE","Cholesteryl Esters in LDL","CRC","1.02(95% CI:0.913-1.139; P=0.7287225619)","0.981(95% CI:0.954-1.009; P=0.175951976)","0.954(95% CI:0.841-1.083; P=0.4699260915)","Adjusted","healthy_noncancer_control","Adjusted healthy_noncancer_control"
"LDL_FC","Free Cholesterol in LDL","CRC","1.015(95% CI:0.912-1.13; P=0.7883672713)","0.969(95% CI:0.942-0.996; P=0.0243686992)","0.949(95% CI:0.837-1.076; P=0.4140043534)","Adjusted","healthy_noncancer_control","Adjusted healthy_noncancer_control"
"LDL_L","Total Lipids in LDL","CRC","1.021(95% CI:0.914-1.141; P=0.7119704296)","0.98(95% CI:0.953-1.007; P=0.147062577)","0.956(95% CI:0.843-1.086; P=0.4903142005)","Adjusted","healthy_noncancer_control","Adjusted healthy_noncancer_control"
"LDL_PL","Phospholipids in LDL","CRC","1.02(95% CI:0.914-1.138; P=0.726113645)","0.979(95% CI:0.952-1.006; P=0.1257327403)","0.955(95% CI:0.841-1.085; P=0.4801043592)","Adjusted","healthy_noncancer_control","Adjusted healthy_noncancer_control"
"LDL_TG","Triglycerides in LDL","CRC","0.985(95% CI:0.876-1.107; P=0.7976396964)","1.033(95% CI:1.005-1.062; P=0.0222681213)","0.984(95% CI:0.86-1.124; P=0.8081788025)","Adjusted","healthy_noncancer_control","Adjusted healthy_noncancer_control"
"Leu","Leucine","CRC","0.918(95% CI:0.821-1.027; P=0.1355434615)","0.953(95% CI:0.925-0.982; P=0.0017650553)","0.941(95% CI:0.824-1.076; P=0.3745612929)","Adjusted","healthy_noncancer_control","Adjusted healthy_noncancer_control"
"M_HDL_C","Cholesterol in Medium HDL","CRC","1.008(95% CI:0.895-1.136; P=0.8958408255)","0.995(95% CI:0.963-1.028; P=0.7516023936)","1.051(95% CI:0.912-1.21; P=0.4922740285)","Adjusted","healthy_noncancer_control","Adjusted healthy_noncancer_control"
"M_HDL_CE","Cholesteryl Esters in Medium HDL","CRC","1.01(95% CI:0.897-1.137; P=0.8724026422)","0.993(95% CI:0.961-1.026; P=0.691084435)","1.053(95% CI:0.915-1.212; P=0.4689139451)","Adjusted","healthy_noncancer_control","Adjusted healthy_noncancer_control"
"M_HDL_FC","Free Cholesterol in Medium HDL","CRC","1.01(95% CI:0.895-1.14; P=0.8722121092)","1.002(95% CI:0.97-1.036; P=0.8848225341)","1.049(95% CI:0.912-1.207; P=0.5003830802)","Adjusted","healthy_noncancer_control","Adjusted healthy_noncancer_control"
"M_HDL_PL","Phospholipids in Medium HDL","CRC","0.991(95% CI:0.88-1.116; P=0.877983143)","1.009(95% CI:0.978-1.042; P=0.5651284756)","1.027(95% CI:0.897-1.177; P=0.6983376234)","Adjusted","healthy_noncancer_control","Adjusted healthy_noncancer_control"
"M_HDL_TG","Triglycerides in Medium HDL","CRC","0.963(95% CI:0.858-1.081; P=0.5192235574)","1.021(95% CI:0.993-1.05; P=0.1490493364)","0.975(95% CI:0.854-1.114; P=0.7123924926)","Adjusted","healthy_noncancer_control","Adjusted healthy_noncancer_control"
"M_LDL_C","Cholesterol in Medium LDL","CRC","1.021(95% CI:0.914-1.14; P=0.7165612888)","0.982(95% CI:0.956-1.01; P=0.2117633187)","0.959(95% CI:0.843-1.091; P=0.5246666089)","Adjusted","healthy_noncancer_control","Adjusted healthy_noncancer_control"
"M_LDL_CE","Cholesteryl Esters in Medium LDL","CRC","1.018(95% CI:0.911-1.139; P=0.7491615101)","0.987(95% CI:0.96-1.015; P=0.3692702149)","0.961(95% CI:0.843-1.095; P=0.5484201138)","Adjusted","healthy_noncancer_control","Adjusted healthy_noncancer_control"
"M_LDL_FC","Free Cholesterol in Medium LDL","CRC","1.019(95% CI:0.915-1.134; P=0.7366371134)","0.972(95% CI:0.945-0.999; P=0.0441742363)","0.952(95% CI:0.839-1.081; P=0.4497891451)","Adjusted","healthy_noncancer_control","Adjusted healthy_noncancer_control"
"M_LDL_PL","Phospholipids in Medium LDL","CRC","1.024(95% CI:0.917-1.143; P=0.6747451057)","0.983(95% CI:0.956-1.011; P=0.2355615413)","0.963(95% CI:0.846-1.095; P=0.5614685622)","Adjusted","healthy_noncancer_control","Adjusted healthy_noncancer_control"
"M_LDL_TG","Triglycerides in Medium LDL","CRC","0.994(95% CI:0.886-1.116; P=0.9213475311)","1.036(95% CI:1.008-1.065; P=0.0124550744)","0.997(95% CI:0.873-1.139; P=0.9652031455)","Adjusted","healthy_noncancer_control","Adjusted healthy_noncancer_control"
"M_VLDL_C","Cholesterol in Medium VLDL","CRC","1.017(95% CI:0.912-1.133; P=0.7651713279)","0.98(95% CI:0.953-1.007; P=0.1507145927)","0.957(95% CI:0.842-1.087; P=0.4970449196)","Adjusted","healthy_noncancer_control","Adjusted healthy_noncancer_control"
"M_VLDL_CE","Cholesteryl Esters in Medium VLDL","CRC","1.01(95% CI:0.908-1.124; P=0.8509943903)","0.972(95% CI:0.945-0.999; P=0.0455654974)","0.946(95% CI:0.834-1.074; P=0.395139361)","Adjusted","healthy_noncancer_control","Adjusted healthy_noncancer_control"
"M_VLDL_FC","Free Cholesterol in Medium VLDL","CRC","1.018(95% CI:0.912-1.137; P=0.7488263272)","0.992(95% CI:0.965-1.02; P=0.5842086812)","0.969(95% CI:0.851-1.103; P=0.6302749343)","Adjusted","healthy_noncancer_control","Adjusted healthy_noncancer_control"
"M_VLDL_PL","Phospholipids in Medium VLDL","CRC","1.025(95% CI:0.917-1.146; P=0.6638400916)","0.997(95% CI:0.97-1.025; P=0.840238339)","0.98(95% CI:0.86-1.117; P=0.7648434185)","Adjusted","healthy_noncancer_control","Adjusted healthy_noncancer_control"
"M_VLDL_TG","Triglycerides in Medium VLDL","CRC","1.047(95% CI:0.935-1.171; P=0.4273297549)","1.022(95% CI:0.993-1.052; P=0.144620625)","1.046(95% CI:0.914-1.195; P=0.5145588024)","Adjusted","healthy_noncancer_control","Adjusted healthy_noncancer_control"
"MUFA","Monounsaturated Fatty Acids","CRC","1.011(95% CI:0.899-1.138; P=0.8518287774)","1.046(95% CI:1.017-1.077; P=0.0018738756)","1.014(95% CI:0.885-1.161; P=0.8426250641)","Adjusted","healthy_noncancer_control","Adjusted healthy_noncancer_control"
"non_HDL_C","Total Cholesterol Minus HDL-C","CRC","1.021(95% CI:0.913-1.142; P=0.7126527791)","0.979(95% CI:0.953-1.007; P=0.1362991497)","0.959(95% CI:0.845-1.088; P=0.5157994183)","Adjusted","healthy_noncancer_control","Adjusted healthy_noncancer_control"
"Omega_3","Omega-3 Fatty Acids","CRC","0.923(95% CI:0.823-1.036; P=0.1731407368)","0.98(95% CI:0.952-1.008; P=0.1661001715)","0.932(95% CI:0.815-1.065; P=0.3005414097)","Adjusted","healthy_noncancer_control","Adjusted healthy_noncancer_control"
"Omega_6","Omega-6 Fatty Acids","CRC","1.038(95% CI:0.924-1.165; P=0.5311878753)","0.991(95% CI:0.964-1.02; P=0.5520653432)","1.015(95% CI:0.89-1.157; P=0.827890739)","Adjusted","healthy_noncancer_control","Adjusted healthy_noncancer_control"
"Phe","Phenylalanine","CRC","0.963(95% CI:0.858-1.08; P=0.5167834051)","0.988(95% CI:0.96-1.016; P=0.388113232)","0.984(95% CI:0.862-1.123; P=0.8117315878)","Adjusted","healthy_noncancer_control","Adjusted healthy_noncancer_control"
"Phosphatidylc","Phosphatidylcholines","CRC","0.995(95% CI:0.881-1.125; P=0.9411691128)","0.991(95% CI:0.961-1.022; P=0.5808263783)","0.997(95% CI:0.871-1.14; P=0.9597389407)","Adjusted","healthy_noncancer_control","Adjusted healthy_noncancer_control"
"Phosphoglyc","Phosphoglycerides","CRC","0.992(95% CI:0.879-1.119; P=0.891983357)","1.002(95% CI:0.972-1.033; P=0.9063363514)","0.991(95% CI:0.867-1.133; P=0.8986897457)","Adjusted","healthy_noncancer_control","Adjusted healthy_noncancer_control"
"PUFA","Polyunsaturated Fatty Acids","CRC","1.006(95% CI:0.893-1.134; P=0.9186142452)","0.986(95% CI:0.959-1.015; P=0.3512929694)","0.992(95% CI:0.869-1.134; P=0.9098894793)","Adjusted","healthy_noncancer_control","Adjusted healthy_noncancer_control"
"Pyruvate","Pyruvate","CRC","0.929(95% CI:0.832-1.038; P=0.1940735824)","1.021(95% CI:0.993-1.05; P=0.1420847537)","0.914(95% CI:0.798-1.047; P=0.1940038401)","Adjusted","healthy_noncancer_control","Adjusted healthy_noncancer_control"
"Remnant_C","Remnant Cholesterol (Non-HDL and Non-LDL -Cholesterol)","CRC","1.016(95% CI:0.908-1.137; P=0.7819597289)","0.983(95% CI:0.957-1.011; P=0.2357280668)","0.962(95% CI:0.847-1.093; P=0.5539780649)","Adjusted","healthy_noncancer_control","Adjusted healthy_noncancer_control"
"S_HDL_C","Cholesterol in Small HDL","CRC","1.012(95% CI:0.903-1.133; P=0.8409499265)","0.98(95% CI:0.952-1.008; P=0.1655016606)","0.985(95% CI:0.863-1.124; P=0.8193788026)","Adjusted","healthy_noncancer_control","Adjusted healthy_noncancer_control"
"S_HDL_CE","Cholesteryl Esters in Small HDL","CRC","1.012(95% CI:0.905-1.132; P=0.8343925153)","0.976(95% CI:0.948-1.004; P=0.0924691586)","0.98(95% CI:0.861-1.117; P=0.7659321851)","Adjusted","healthy_noncancer_control","Adjusted healthy_noncancer_control"
"S_HDL_FC","Free Cholesterol in Small HDL","CRC","1.009(95% CI:0.896-1.135; P=0.8857031805)","0.997(95% CI:0.968-1.027; P=0.8632701996)","1.003(95% CI:0.877-1.146; P=0.9684231767)","Adjusted","healthy_noncancer_control","Adjusted healthy_noncancer_control"
"S_HDL_PL","Phospholipids in Small HDL","CRC","0.988(95% CI:0.879-1.111; P=0.8432910841)","1.003(95% CI:0.974-1.033; P=0.8334040372)","0.991(95% CI:0.867-1.133; P=0.8925009844)","Adjusted","healthy_noncancer_control","Adjusted healthy_noncancer_control"
"S_HDL_TG","Triglycerides in Small HDL","CRC","0.981(95% CI:0.873-1.101; P=0.7386383582)","1.029(95% CI:0.999-1.059; P=0.0596947745)","0.98(95% CI:0.854-1.124; P=0.7729106121)","Adjusted","healthy_noncancer_control","Adjusted healthy_noncancer_control"
"S_LDL_C","Cholesterol in Small LDL","CRC","1.025(95% CI:0.919-1.143; P=0.6578533421)","0.986(95% CI:0.959-1.014; P=0.320733713)","0.966(95% CI:0.85-1.098; P=0.5936396811)","Adjusted","healthy_noncancer_control","Adjusted healthy_noncancer_control"
"S_LDL_CE","Cholesteryl Esters in Small LDL","CRC","1.02(95% CI:0.914-1.139; P=0.7237607991)","0.991(95% CI:0.964-1.019; P=0.5240777372)","0.966(95% CI:0.849-1.1; P=0.6032200042)","Adjusted","healthy_noncancer_control","Adjusted healthy_noncancer_control"
"S_LDL_FC","Free Cholesterol in Small LDL","CRC","1.029(95% CI:0.926-1.144; P=0.5919332289)","0.976(95% CI:0.949-1.003; P=0.0774034028)","0.965(95% CI:0.851-1.094; P=0.5771220265)","Adjusted","healthy_noncancer_control","Adjusted healthy_noncancer_control"
"S_LDL_PL","Phospholipids in Small LDL","CRC","1.038(95% CI:0.932-1.156; P=0.4990788354)","1(95% CI:0.972-1.027; P=0.9738748979)","0.983(95% CI:0.865-1.116; P=0.7872037197)","Adjusted","healthy_noncancer_control","Adjusted healthy_noncancer_control"
"S_LDL_TG","Triglycerides in Small LDL","CRC","1.006(95% CI:0.899-1.126; P=0.9132105983)","1.042(95% CI:1.014-1.072; P=0.0032524117)","1.013(95% CI:0.887-1.156; P=0.8504069468)","Adjusted","healthy_noncancer_control","Adjusted healthy_noncancer_control"
"S_VLDL_C","Cholesterol in Small VLDL","CRC","1.001(95% CI:0.895-1.12; P=0.981910391)","0.989(95% CI:0.962-1.017; P=0.4439999168)","0.949(95% CI:0.832-1.082; P=0.4315788393)","Adjusted","healthy_noncancer_control","Adjusted healthy_noncancer_control"
"S_VLDL_CE","Cholesteryl Esters in Small VLDL","CRC","0.993(95% CI:0.887-1.111; P=0.8966833943)","0.991(95% CI:0.963-1.019; P=0.5232922101)","0.942(95% CI:0.826-1.075; P=0.3751087024)","Adjusted","healthy_noncancer_control","Adjusted healthy_noncancer_control"
"S_VLDL_FC","Free Cholesterol in Small VLDL","CRC","1.015(95% CI:0.909-1.133; P=0.7962533996)","0.987(95% CI:0.96-1.015; P=0.3587581054)","0.96(95% CI:0.844-1.093; P=0.5419273874)","Adjusted","healthy_noncancer_control","Adjusted healthy_noncancer_control"
"S_VLDL_PL","Phospholipids in Small VLDL","CRC","1.019(95% CI:0.911-1.139; P=0.7465463261)","0.996(95% CI:0.969-1.025; P=0.7936265692)","0.974(95% CI:0.854-1.11; P=0.6911002631)","Adjusted","healthy_noncancer_control","Adjusted healthy_noncancer_control"
"S_VLDL_TG","Triglycerides in Small VLDL","CRC","1.019(95% CI:0.91-1.141; P=0.7449982528)","1.029(95% CI:0.999-1.059; P=0.0549352951)","1.032(95% CI:0.903-1.178; P=0.6471050449)","Adjusted","healthy_noncancer_control","Adjusted healthy_noncancer_control"
"SFA","Saturated Fatty Acids","CRC","1.003(95% CI:0.891-1.128; P=0.9652371699)","1.042(95% CI:1.012-1.071; P=0.0047997767)","1.004(95% CI:0.879-1.148; P=0.9476107805)","Adjusted","healthy_noncancer_control","Adjusted healthy_noncancer_control"
"Sphingomyelins","Sphingomyelins","CRC","1.009(95% CI:0.901-1.131; P=0.8708945298)","1.001(95% CI:0.971-1.031; P=0.9672656975)","0.979(95% CI:0.857-1.118; P=0.7530673668)","Adjusted","healthy_noncancer_control","Adjusted healthy_noncancer_control"
"Total_C","Total Cholesterol","CRC","1.023(95% CI:0.914-1.143; P=0.69568683)","0.979(95% CI:0.951-1.007; P=0.1350070139)","0.972(95% CI:0.855-1.105; P=0.6635911586)","Adjusted","healthy_noncancer_control","Adjusted healthy_noncancer_control"
"Total_CE","Total Esterified Cholesterol","CRC","1.022(95% CI:0.914-1.143; P=0.7015439895)","0.977(95% CI:0.949-1.005; P=0.1075611658)","0.972(95% CI:0.855-1.105; P=0.6632655597)","Adjusted","healthy_noncancer_control","Adjusted healthy_noncancer_control"
"Total_FA","Total Fatty Acids","CRC","1.006(95% CI:0.892-1.134; P=0.9209141321)","1.028(95% CI:0.999-1.057; P=0.0595555597)","1.004(95% CI:0.878-1.148; P=0.9517522335)","Adjusted","healthy_noncancer_control","Adjusted healthy_noncancer_control"
"Total_FC","Total Free Cholesterol","CRC","1.018(95% CI:0.911-1.138; P=0.7514562389)","0.984(95% CI:0.957-1.013; P=0.2759189092)","0.969(95% CI:0.853-1.102; P=0.6319380912)","Adjusted","healthy_noncancer_control","Adjusted healthy_noncancer_control"
"Total_L","Total Lipids in Lipoprotein Particles","CRC","1.022(95% CI:0.911-1.148; P=0.7076122119)","1.002(95% CI:0.974-1.031; P=0.8968581895)","0.993(95% CI:0.871-1.131; P=0.9099522077)","Adjusted","healthy_noncancer_control","Adjusted healthy_noncancer_control"
"Total_PL","Total Phospholipids in Lipoprotein Particles","CRC","1.011(95% CI:0.899-1.137; P=0.8538435004)","1.003(95% CI:0.973-1.033; P=0.8685892963)","0.992(95% CI:0.869-1.132; P=0.9026002206)","Adjusted","healthy_noncancer_control","Adjusted healthy_noncancer_control"
"Total_TG","Total Triglycerides","CRC","1.01(95% CI:0.899-1.135; P=0.8659162584)","1.035(95% CI:1.005-1.066; P=0.0204688924)","1.019(95% CI:0.889-1.169; P=0.7843746024)","Adjusted","healthy_noncancer_control","Adjusted healthy_noncancer_control"
"Tyr","Tyrosine","CRC","0.946(95% CI:0.847-1.056; P=0.3214659735)","0.991(95% CI:0.964-1.02; P=0.5532769274)","0.969(95% CI:0.851-1.103; P=0.6328169889)","Adjusted","healthy_noncancer_control","Adjusted healthy_noncancer_control"
"Unsaturation","Degree of Unsaturation","CRC","0.955(95% CI:0.859-1.063; P=0.4026531256)","0.926(95% CI:0.898-0.953; P=0.0000003202)","0.95(95% CI:0.832-1.085; P=0.4515123426)","Adjusted","healthy_noncancer_control","Adjusted healthy_noncancer_control"
"Val","Valine","CRC","0.88(95% CI:0.782-0.99; P=0.0334564587)","0.958(95% CI:0.93-0.988; P=0.0056655844)","0.903(95% CI:0.786-1.038; P=0.1498230607)","Adjusted","healthy_noncancer_control","Adjusted healthy_noncancer_control"
"VLDL_C","VLDL Cholesterol","CRC","1.007(95% CI:0.898-1.129; P=0.9023115608)","0.999(95% CI:0.971-1.027; P=0.9423464529)","0.963(95% CI:0.845-1.099; P=0.5765869498)","Adjusted","healthy_noncancer_control","Adjusted healthy_noncancer_control"
"VLDL_CE","Cholesteryl Esters in VLDL","CRC","1.004(95% CI:0.897-1.124; P=0.9415804795)","0.991(95% CI:0.964-1.019; P=0.5186828189)","0.954(95% CI:0.838-1.087; P=0.4785633567)","Adjusted","healthy_noncancer_control","Adjusted healthy_noncancer_control"
"VLDL_FC","Free Cholesterol in VLDL","CRC","1.009(95% CI:0.901-1.131; P=0.8722190943)","1.011(95% CI:0.983-1.04; P=0.45255525)","0.976(95% CI:0.854-1.115; P=0.7190830846)","Adjusted","healthy_noncancer_control","Adjusted healthy_noncancer_control"
"VLDL_L","Total Lipids in VLDL","CRC","1.014(95% CI:0.901-1.141; P=0.8194732413)","1.023(95% CI:0.993-1.053; P=0.1336657965)","0.999(95% CI:0.871-1.145; P=0.9832273571)","Adjusted","healthy_noncancer_control","Adjusted healthy_noncancer_control"
"VLDL_PL","Phospholipids in VLDL","CRC","1.01(95% CI:0.899-1.133; P=0.8717672224)","1.017(95% CI:0.988-1.046; P=0.2605762288)","0.984(95% CI:0.86-1.125; P=0.8093744815)","Adjusted","healthy_noncancer_control","Adjusted healthy_noncancer_control"
"VLDL_TG","Triglycerides in VLDL","CRC","1.023(95% CI:0.911-1.148; P=0.7010160758)","1.036(95% CI:1.006-1.066; P=0.0198091246)","1.032(95% CI:0.899-1.183; P=0.6568948274)","Adjusted","healthy_noncancer_control","Adjusted healthy_noncancer_control"
"XL_HDL_C","Cholesterol in Very Large HDL","CRC","1.019(95% CI:0.905-1.147; P=0.7580535425)","1.008(95% CI:0.975-1.043; P=0.6264342556)","1.063(95% CI:0.922-1.225; P=0.3984637436)","Adjusted","healthy_noncancer_control","Adjusted healthy_noncancer_control"
"XL_HDL_CE","Cholesteryl Esters in Very Large HDL","CRC","1.024(95% CI:0.909-1.153; P=0.695431995)","1.007(95% CI:0.973-1.041; P=0.6954208505)","1.072(95% CI:0.93-1.236; P=0.3379744166)","Adjusted","healthy_noncancer_control","Adjusted healthy_noncancer_control"
"XL_HDL_FC","Free Cholesterol in Very Large HDL","CRC","1.003(95% CI:0.893-1.126; P=0.9615344346)","1.014(95% CI:0.982-1.047; P=0.3905219191)","1.033(95% CI:0.9-1.185; P=0.6488506661)","Adjusted","healthy_noncancer_control","Adjusted healthy_noncancer_control"
"XL_HDL_PL","Phospholipids in Very Large HDL","CRC","1.014(95% CI:0.899-1.144; P=0.8203457593)","1.016(95% CI:0.982-1.05; P=0.3567731469)","1.068(95% CI:0.926-1.231; P=0.3647070875)","Adjusted","healthy_noncancer_control","Adjusted healthy_noncancer_control"
"XL_HDL_TG","Triglycerides in Very Large HDL","CRC","0.987(95% CI:0.881-1.107; P=0.8266874667)","1.036(95% CI:1.008-1.064; P=0.0111715752)","1.013(95% CI:0.892-1.151; P=0.8398827592)","Adjusted","healthy_noncancer_control","Adjusted healthy_noncancer_control"
"XL_VLDL_C","Cholesterol in Very Large VLDL","CRC","1.013(95% CI:0.904-1.136; P=0.8199584566)","1.019(95% CI:0.99-1.05; P=0.194260037)","0.989(95% CI:0.864-1.134; P=0.878559038)","Adjusted","healthy_noncancer_control","Adjusted healthy_noncancer_control"
"XL_VLDL_CE","Cholesteryl Esters in Very Large VLDL","CRC","1.016(95% CI:0.907-1.138; P=0.7862373147)","1.008(95% CI:0.979-1.037; P=0.6026519827)","0.981(95% CI:0.857-1.123; P=0.7767347276)","Adjusted","healthy_noncancer_control","Adjusted healthy_noncancer_control"
"XL_VLDL_FC","Free Cholesterol in Very Large VLDL","CRC","1.01(95% CI:0.902-1.132; P=0.8579701475)","1.031(95% CI:1.001-1.061; P=0.0393497792)","1(95% CI:0.873-1.145; P=0.9978863973)","Adjusted","healthy_noncancer_control","Adjusted healthy_noncancer_control"
"XL_VLDL_PL","Phospholipids in Very Large VLDL","CRC","1.013(95% CI:0.904-1.134; P=0.8276118688)","1.034(95% CI:1.004-1.064; P=0.0251385452)","1.007(95% CI:0.879-1.153; P=0.9220517913)","Adjusted","healthy_noncancer_control","Adjusted healthy_noncancer_control"
"XL_VLDL_TG","Triglycerides in Very Large VLDL","CRC","1.019(95% CI:0.911-1.141; P=0.7374812839)","1.042(95% CI:1.012-1.072; P=0.0055872782)","1.029(95% CI:0.898-1.177; P=0.6839040057)","Adjusted","healthy_noncancer_control","Adjusted healthy_noncancer_control"
"XS_VLDL_C","Cholesterol in Very Small VLDL","CRC","0.978(95% CI:0.875-1.094; P=0.6985926917)","0.982(95% CI:0.955-1.011; P=0.2157534758)","0.926(95% CI:0.814-1.054; P=0.2430136225)","Adjusted","healthy_noncancer_control","Adjusted healthy_noncancer_control"
"XS_VLDL_CE","Cholesteryl Esters in Very Small VLDL","CRC","0.979(95% CI:0.877-1.094; P=0.7076637809)","0.978(95% CI:0.95-1.006; P=0.1203671409)","0.922(95% CI:0.81-1.048; P=0.2140711594)","Adjusted","healthy_noncancer_control","Adjusted healthy_noncancer_control"
"XS_VLDL_FC","Free Cholesterol in Very Small VLDL","CRC","0.975(95% CI:0.871-1.092; P=0.6670436302)","0.994(95% CI:0.967-1.023; P=0.6983080519)","0.936(95% CI:0.821-1.067; P=0.3216039451)","Adjusted","healthy_noncancer_control","Adjusted healthy_noncancer_control"
"XS_VLDL_PL","Phospholipids in Very Small VLDL","CRC","0.972(95% CI:0.866-1.09; P=0.6229235606)","1.005(95% CI:0.977-1.033; P=0.73790191)","0.941(95% CI:0.825-1.074; P=0.3683517366)","Adjusted","healthy_noncancer_control","Adjusted healthy_noncancer_control"
"XS_VLDL_TG","Triglycerides in Very Small VLDL","CRC","0.978(95% CI:0.871-1.098; P=0.7078379981)","1.03(95% CI:1.001-1.059; P=0.0396878121)","0.986(95% CI:0.863-1.125; P=0.8306354736)","Adjusted","healthy_noncancer_control","Adjusted healthy_noncancer_control"
"XXL_VLDL_C","Cholesterol in Chylomicrons and Extremely Large VLDL","CRC","1.004(95% CI:0.896-1.123; P=0.9502756881)","1.037(95% CI:1.008-1.067; P=0.0123563231)","1.012(95% CI:0.884-1.158; P=0.8624952874)","Adjusted","healthy_noncancer_control","Adjusted healthy_noncancer_control"
"XXL_VLDL_CE","Cholesteryl Esters in Chylomicrons and Extremely Large VLDL","CRC","1.009(95% CI:0.901-1.129; P=0.8820211234)","1.032(95% CI:1.003-1.062; P=0.0300859153)","1.015(95% CI:0.887-1.162; P=0.8233587852)","Adjusted","healthy_noncancer_control","Adjusted healthy_noncancer_control"
"XXL_VLDL_FC","Free Cholesterol in Chylomicrons and Extremely Large VLDL","CRC","0.996(95% CI:0.89-1.114; P=0.9421569455)","1.042(95% CI:1.013-1.072; P=0.0038136192)","1.006(95% CI:0.88-1.151; P=0.9288953983)","Adjusted","healthy_noncancer_control","Adjusted healthy_noncancer_control"
"XXL_VLDL_PL","Phospholipids in Chylomicrons and Extremely Large VLDL","CRC","0.997(95% CI:0.891-1.114; P=0.9541965121)","1.043(95% CI:1.015-1.073; P=0.0029589557)","1.009(95% CI:0.883-1.154; P=0.8896640557)","Adjusted","healthy_noncancer_control","Adjusted healthy_noncancer_control"
"XXL_VLDL_TG","Triglycerides in Chylomicrons and Extremely Large VLDL","CRC","1.007(95% CI:0.901-1.125; P=0.9056856508)","1.047(95% CI:1.018-1.076; P=0.0013296243)","1.016(95% CI:0.889-1.161; P=0.8200061017)","Adjusted","healthy_noncancer_control","Adjusted healthy_noncancer_control"
"Acetate","Acetate","LC","1.073(95% CI:1.026-1.121; P=0.0018801456)","1.016(95% CI:0.991-1.041; P=0.2215542199)","1.08(95% CI:1.025-1.138; P=0.0037872293)","Adjusted","healthy_noncancer_control","Adjusted healthy_noncancer_control"
"Acetoacetate","Acetoacetate","LC","1.122(95% CI:0.996-1.263; P=0.0575340561)","1.062(95% CI:1.036-1.088; P=0.0000012214)","1.145(95% CI:1.016-1.291; P=0.0266163762)","Adjusted","healthy_noncancer_control","Adjusted healthy_noncancer_control"
"Acetone","Acetone","LC","1.092(95% CI:0.947-1.258; P=0.2256172999)","1.048(95% CI:1.021-1.076; P=0.0004859351)","1.127(95% CI:0.979-1.296; P=0.0952833599)","Adjusted","healthy_noncancer_control","Adjusted healthy_noncancer_control"
"Ala","Alanine","LC","0.904(95% CI:0.76-1.075; P=0.2521256369)","0.961(95% CI:0.928-0.996; P=0.027288665)","0.867(95% CI:0.708-1.062; P=0.1677407789)","Adjusted","healthy_noncancer_control","Adjusted healthy_noncancer_control"
"Albumin","Albumin","LC","1.038(95% CI:0.868-1.241; P=0.6805485043)","0.844(95% CI:0.816-0.873; P=0)","1.009(95% CI:0.83-1.227; P=0.9266748905)","Adjusted","healthy_noncancer_control","Adjusted healthy_noncancer_control"
"ApoA1","Apolipoprotein A1","LC","1.035(95% CI:0.865-1.239; P=0.7073637795)","0.932(95% CI:0.896-0.97; P=0.0005810412)","1.017(95% CI:0.827-1.249; P=0.8758879117)","Adjusted","healthy_noncancer_control","Adjusted healthy_noncancer_control"
"ApoB","Apolipoprotein B","LC","0.905(95% CI:0.764-1.071; P=0.2454299883)","0.87(95% CI:0.841-0.9; P=0)","0.906(95% CI:0.75-1.095; P=0.3062760437)","Adjusted","healthy_noncancer_control","Adjusted healthy_noncancer_control"
"bOHbutyrate","3-Hydroxybutyrate","LC","1.119(95% CI:0.978-1.281; P=0.1023544386)","1.08(95% CI:1.051-1.111; P=0.0000000616)","1.139(95% CI:0.986-1.315; P=0.0763291091)","Adjusted","healthy_noncancer_control","Adjusted healthy_noncancer_control"
"Cholines","Total Cholines","LC","0.989(95% CI:0.824-1.186; P=0.9043643396)","0.887(95% CI:0.855-0.92; P=0.0000000002)","0.983(95% CI:0.805-1.2; P=0.8672543984)","Adjusted","healthy_noncancer_control","Adjusted healthy_noncancer_control"
"Citrate","Citrate","LC","0.963(95% CI:0.798-1.162; P=0.6931658924)","0.976(95% CI:0.941-1.011; P=0.1741375699)","1.012(95% CI:0.816-1.255; P=0.9125910745)","Adjusted","healthy_noncancer_control","Adjusted healthy_noncancer_control"
"Clinical_LDL_C","Clinical LDL Cholesterol","LC","0.849(95% CI:0.724-0.997; P=0.0460557159)","0.845(95% CI:0.818-0.873; P=0)","0.848(95% CI:0.708-1.015; P=0.0722384325)","Adjusted","healthy_noncancer_control","Adjusted healthy_noncancer_control"
"Creatinine","Creatinine","LC","0.984(95% CI:0.819-1.183; P=0.86629659)","1.01(95% CI:0.973-1.049; P=0.5934216242)","0.951(95% CI:0.762-1.187; P=0.657772221)","Adjusted","healthy_noncancer_control","Adjusted healthy_noncancer_control"
"DHA","Docosahexaenoic Acid","LC","0.925(95% CI:0.779-1.1; P=0.3789162798)","0.851(95% CI:0.819-0.885; P=0)","0.902(95% CI:0.736-1.105; P=0.3170391434)","Adjusted","healthy_noncancer_control","Adjusted healthy_noncancer_control"
"Gln","Glutamine","LC","0.949(95% CI:0.798-1.13; P=0.5583995356)","0.977(95% CI:0.944-1.012; P=0.1931267417)","0.929(95% CI:0.762-1.132; P=0.4648820632)","Adjusted","healthy_noncancer_control","Adjusted healthy_noncancer_control"
"Glucose","Glucose","LC","0.951(95% CI:0.806-1.121; P=0.5477285329)","1.005(95% CI:0.972-1.04; P=0.7521262374)","1.008(95% CI:0.837-1.216; P=0.9297517786)","Adjusted","healthy_noncancer_control","Adjusted healthy_noncancer_control"
"Gly","Glycine","LC","1.017(95% CI:0.852-1.214; P=0.8482629803)","0.957(95% CI:0.921-0.995; P=0.0276677844)","0.937(95% CI:0.757-1.159; P=0.5483450031)","Adjusted","healthy_noncancer_control","Adjusted healthy_noncancer_control"
"GlycA","Glycoprotein Acetyls","LC","1.271(95% CI:1.074-1.504; P=0.0052231377)","1.266(95% CI:1.222-1.312; P=0)","1.203(95% CI:0.985-1.469; P=0.0704843279)","Adjusted","healthy_noncancer_control","Adjusted healthy_noncancer_control"
"HDL_C","HDL Cholesterol","LC","0.967(95% CI:0.805-1.161; P=0.718317908)","0.908(95% CI:0.87-0.947; P=0.0000060983)","0.935(95% CI:0.754-1.161; P=0.5432497276)","Adjusted","healthy_noncancer_control","Adjusted healthy_noncancer_control"
"HDL_CE","Cholesteryl Esters in HDL","LC","0.958(95% CI:0.799-1.149; P=0.6444385432)","0.907(95% CI:0.87-0.946; P=0.0000047083)","0.926(95% CI:0.746-1.148; P=0.4820530952)","Adjusted","healthy_noncancer_control","Adjusted healthy_noncancer_control"
"HDL_FC","Free Cholesterol in HDL","LC","0.995(95% CI:0.829-1.194; P=0.952875324)","0.918(95% CI:0.88-0.958; P=0.0000743615)","0.967(95% CI:0.783-1.195; P=0.7581082612)","Adjusted","healthy_noncancer_control","Adjusted healthy_noncancer_control"
"HDL_L","Total Lipids in HDL","LC","1.024(95% CI:0.853-1.23; P=0.7968346941)","0.939(95% CI:0.902-0.979; P=0.0028003189)","1(95% CI:0.811-1.234; P=0.9987481101)","Adjusted","healthy_noncancer_control","Adjusted healthy_noncancer_control"
"HDL_PL","Phospholipids in HDL","LC","1.042(95% CI:0.869-1.249; P=0.6572877305)","0.965(95% CI:0.926-1.004; P=0.0801377046)","1.02(95% CI:0.83-1.254; P=0.8503271929)","Adjusted","healthy_noncancer_control","Adjusted healthy_noncancer_control"
"HDL_TG","Triglycerides in HDL","LC","1.176(95% CI:0.997-1.388; P=0.0540530611)","1.041(95% CI:1.006-1.077; P=0.0213481416)","1.184(95% CI:0.985-1.424; P=0.0723658804)","Adjusted","healthy_noncancer_control","Adjusted healthy_noncancer_control"
"His","Histidine","LC","0.928(95% CI:0.784-1.099; P=0.3860974981)","0.9(95% CI:0.867-0.934; P=0.000000022)","0.817(95% CI:0.674-0.991; P=0.0397876599)","Adjusted","healthy_noncancer_control","Adjusted healthy_noncancer_control"
"IDL_C","Cholesterol in IDL","LC","0.863(95% CI:0.732-1.019; P=0.0822306432)","0.844(95% CI:0.816-0.873; P=0)","0.855(95% CI:0.709-1.03; P=0.0998383132)","Adjusted","healthy_noncancer_control","Adjusted healthy_noncancer_control"
"IDL_CE","Cholesteryl Esters in IDL","LC","0.874(95% CI:0.74-1.033; P=0.1144441227)","0.84(95% CI:0.812-0.87; P=0)","0.868(95% CI:0.719-1.047; P=0.1383574506)","Adjusted","healthy_noncancer_control","Adjusted healthy_noncancer_control"
"IDL_FC","Free Cholesterol in IDL","LC","0.838(95% CI:0.71-0.99; P=0.037287974)","0.857(95% CI:0.828-0.887; P=0)","0.825(95% CI:0.682-0.998; P=0.0473944503)","Adjusted","healthy_noncancer_control","Adjusted healthy_noncancer_control"
"IDL_PL","Phospholipids in IDL","LC","0.874(95% CI:0.738-1.035; P=0.1176166649)","0.87(95% CI:0.84-0.901; P=0)","0.872(95% CI:0.721-1.055; P=0.1582410655)","Adjusted","healthy_noncancer_control","Adjusted healthy_noncancer_control"
"IDL_TG","Triglycerides in IDL","LC","1.169(95% CI:0.992-1.378; P=0.0627866698)","1.04(95% CI:1.005-1.076; P=0.0244885265)","1.18(95% CI:0.989-1.408; P=0.065932923)","Adjusted","healthy_noncancer_control","Adjusted healthy_noncancer_control"
"Ile","Isoleucine","LC","0.889(95% CI:0.748-1.056; P=0.1802111447)","1.002(95% CI:0.967-1.037; P=0.933307605)","0.853(95% CI:0.693-1.05; P=0.1337392878)","Adjusted","healthy_noncancer_control","Adjusted healthy_noncancer_control"
"L_HDL_C","Cholesterol in Large HDL","LC","0.964(95% CI:0.801-1.161; P=0.7000820894)","0.926(95% CI:0.887-0.967; P=0.0005044067)","0.919(95% CI:0.736-1.149; P=0.4603803354)","Adjusted","healthy_noncancer_control","Adjusted healthy_noncancer_control"
"L_HDL_CE","Cholesteryl Esters in Large HDL","LC","0.961(95% CI:0.798-1.157; P=0.6767746497)","0.922(95% CI:0.883-0.963; P=0.0002534674)","0.917(95% CI:0.733-1.146; P=0.4442785836)","Adjusted","healthy_noncancer_control","Adjusted healthy_noncancer_control"
"L_HDL_FC","Free Cholesterol in Large HDL","LC","0.969(95% CI:0.806-1.165; P=0.7396829141)","0.939(95% CI:0.899-0.98; P=0.0039514553)","0.924(95% CI:0.741-1.152; P=0.4803019034)","Adjusted","healthy_noncancer_control","Adjusted healthy_noncancer_control"
"L_HDL_PL","Phospholipids in Large HDL","LC","1.006(95% CI:0.837-1.209; P=0.9496309736)","0.964(95% CI:0.923-1.005; P=0.0867505619)","0.963(95% CI:0.775-1.196; P=0.7328370584)","Adjusted","healthy_noncancer_control","Adjusted healthy_noncancer_control"
"L_HDL_TG","Triglycerides in Large HDL","LC","1.146(95% CI:0.974-1.349; P=0.1000896961)","1.018(95% CI:0.983-1.054; P=0.3204556873)","1.131(95% CI:0.947-1.352; P=0.1745657475)","Adjusted","healthy_noncancer_control","Adjusted healthy_noncancer_control"
"L_LDL_C","Cholesterol in Large LDL","LC","0.844(95% CI:0.717-0.993; P=0.0412036321)","0.839(95% CI:0.811-0.867; P=0)","0.842(95% CI:0.7-1.012; P=0.0674893733)","Adjusted","healthy_noncancer_control","Adjusted healthy_noncancer_control"
"L_LDL_CE","Cholesteryl Esters in Large LDL","LC","0.85(95% CI:0.721-1.002; P=0.0525900233)","0.842(95% CI:0.814-0.871; P=0)","0.85(95% CI:0.706-1.024; P=0.0874492812)","Adjusted","healthy_noncancer_control","Adjusted healthy_noncancer_control"
"L_LDL_FC","Free Cholesterol in Large LDL","LC","0.83(95% CI:0.705-0.977; P=0.0254770053)","0.833(95% CI:0.805-0.862; P=0)","0.824(95% CI:0.683-0.993; P=0.0423612738)","Adjusted","healthy_noncancer_control","Adjusted healthy_noncancer_control"
"L_LDL_PL","Phospholipids in Large LDL","LC","0.863(95% CI:0.731-1.019; P=0.0820378122)","0.848(95% CI:0.819-0.877; P=0)","0.866(95% CI:0.717-1.045; P=0.1332163216)","Adjusted","healthy_noncancer_control","Adjusted healthy_noncancer_control"
"L_LDL_TG","Triglycerides in Large LDL","LC","1.169(95% CI:0.992-1.379; P=0.0626608849)","1.03(95% CI:0.996-1.066; P=0.0877602462)","1.193(95% CI:1-1.423; P=0.0496430134)","Adjusted","healthy_noncancer_control","Adjusted healthy_noncancer_control"
"L_VLDL_C","Cholesterol in Large VLDL","LC","1.052(95% CI:0.884-1.252; P=0.5659045532)","0.954(95% CI:0.92-0.989; P=0.0102142171)","1.061(95% CI:0.871-1.294; P=0.5560234076)","Adjusted","healthy_noncancer_control","Adjusted healthy_noncancer_control"
"L_VLDL_CE","Cholesteryl Esters in Large VLDL","LC","1.03(95% CI:0.867-1.224; P=0.7327336614)","0.937(95% CI:0.904-0.97; P=0.0002911536)","1.035(95% CI:0.851-1.259; P=0.7276543717)","Adjusted","healthy_noncancer_control","Adjusted healthy_noncancer_control"
"L_VLDL_FC","Free Cholesterol in Large VLDL","LC","1.071(95% CI:0.901-1.273; P=0.4357458381)","0.972(95% CI:0.938-1.008; P=0.129750576)","1.086(95% CI:0.891-1.324; P=0.4126387821)","Adjusted","healthy_noncancer_control","Adjusted healthy_noncancer_control"
"L_VLDL_PL","Phospholipids in Large VLDL","LC","1.093(95% CI:0.921-1.298; P=0.3076828847)","0.986(95% CI:0.951-1.022; P=0.4302694457)","1.107(95% CI:0.909-1.348; P=0.3116949469)","Adjusted","healthy_noncancer_control","Adjusted healthy_noncancer_control"
"L_VLDL_TG","Triglycerides in Large VLDL","LC","1.069(95% CI:0.901-1.268; P=0.4450643202)","0.977(95% CI:0.943-1.013; P=0.2112786657)","1.075(95% CI:0.882-1.31; P=0.4761010167)","Adjusted","healthy_noncancer_control","Adjusted healthy_noncancer_control"
"LA","Linoleic Acid","LC","1.015(95% CI:0.854-1.207; P=0.8628835759)","0.84(95% CI:0.812-0.869; P=0)","1.012(95% CI:0.834-1.229; P=0.9003825281)","Adjusted","healthy_noncancer_control","Adjusted healthy_noncancer_control"
"Lactate","Lactate","LC","1.057(95% CI:0.893-1.251; P=0.5226874253)","1.123(95% CI:1.084-1.164; P=0.0000000001)","1.045(95% CI:0.858-1.274; P=0.6589400385)","Adjusted","healthy_noncancer_control","Adjusted healthy_noncancer_control"
"LDL_C","LDL Cholesterol","LC","0.856(95% CI:0.727-1.008; P=0.0626357595)","0.845(95% CI:0.817-0.873; P=0)","0.857(95% CI:0.713-1.03; P=0.1004291337)","Adjusted","healthy_noncancer_control","Adjusted healthy_noncancer_control"
"LDL_CE","Cholesteryl Esters in LDL","LC","0.867(95% CI:0.734-1.023; P=0.0910592657)","0.85(95% CI:0.822-0.879; P=0)","0.87(95% CI:0.722-1.049; P=0.1455453308)","Adjusted","healthy_noncancer_control","Adjusted healthy_noncancer_control"
"LDL_FC","Free Cholesterol in LDL","LC","0.833(95% CI:0.709-0.979; P=0.0268940406)","0.834(95% CI:0.807-0.863; P=0)","0.828(95% CI:0.689-0.996; P=0.0452464408)","Adjusted","healthy_noncancer_control","Adjusted healthy_noncancer_control"
"LDL_L","Total Lipids in LDL","LC","0.872(95% CI:0.739-1.029; P=0.1059510761)","0.851(95% CI:0.824-0.88; P=0)","0.877(95% CI:0.728-1.056; P=0.1651205322)","Adjusted","healthy_noncancer_control","Adjusted healthy_noncancer_control"
"LDL_PL","Phospholipids in LDL","LC","0.876(95% CI:0.742-1.034; P=0.1178231944)","0.851(95% CI:0.823-0.88; P=0)","0.882(95% CI:0.731-1.064; P=0.1885063444)","Adjusted","healthy_noncancer_control","Adjusted healthy_noncancer_control"
"LDL_TG","Triglycerides in LDL","LC","1.17(95% CI:0.991-1.381; P=0.0638107096)","1.025(95% CI:0.991-1.061; P=0.1514505778)","1.195(95% CI:0.998-1.43; P=0.0527128344)","Adjusted","healthy_noncancer_control","Adjusted healthy_noncancer_control"
"Leu","Leucine","LC","0.862(95% CI:0.724-1.025; P=0.093276673)","0.992(95% CI:0.957-1.029; P=0.6709624098)","0.822(95% CI:0.667-1.011; P=0.0635594108)","Adjusted","healthy_noncancer_control","Adjusted healthy_noncancer_control"
"M_HDL_C","Cholesterol in Medium HDL","LC","1.01(95% CI:0.846-1.207; P=0.9097549677)","0.946(95% CI:0.91-0.985; P=0.0064491794)","0.989(95% CI:0.805-1.216; P=0.9193325948)","Adjusted","healthy_noncancer_control","Adjusted healthy_noncancer_control"
"M_HDL_CE","Cholesteryl Esters in Medium HDL","LC","1.005(95% CI:0.842-1.2; P=0.9544021893)","0.948(95% CI:0.912-0.987; P=0.0084823727)","0.984(95% CI:0.801-1.208; P=0.8746976489)","Adjusted","healthy_noncancer_control","Adjusted healthy_noncancer_control"
"M_HDL_FC","Free Cholesterol in Medium HDL","LC","1.025(95% CI:0.858-1.226; P=0.7824940136)","0.942(95% CI:0.905-0.981; P=0.0039454396)","1.009(95% CI:0.822-1.238; P=0.9335817178)","Adjusted","healthy_noncancer_control","Adjusted healthy_noncancer_control"
"M_HDL_PL","Phospholipids in Medium HDL","LC","1.072(95% CI:0.899-1.278; P=0.4375887033)","0.992(95% CI:0.955-1.03; P=0.6664042967)","1.067(95% CI:0.874-1.302; P=0.5264930947)","Adjusted","healthy_noncancer_control","Adjusted healthy_noncancer_control"
"M_HDL_TG","Triglycerides in Medium HDL","LC","1.169(95% CI:0.992-1.377; P=0.0623899272)","1.049(95% CI:1.014-1.086; P=0.0055338878)","1.181(95% CI:0.983-1.419; P=0.0754765485)","Adjusted","healthy_noncancer_control","Adjusted healthy_noncancer_control"
"M_LDL_C","Cholesterol in Medium LDL","LC","0.886(95% CI:0.749-1.049; P=0.1597496412)","0.858(95% CI:0.829-0.887; P=0)","0.896(95% CI:0.741-1.084; P=0.2589603574)","Adjusted","healthy_noncancer_control","Adjusted healthy_noncancer_control"
"M_LDL_CE","Cholesteryl Esters in Medium LDL","LC","0.907(95% CI:0.765-1.077; P=0.2659010577)","0.869(95% CI:0.84-0.899; P=0)","0.922(95% CI:0.76-1.118; P=0.4076914536)","Adjusted","healthy_noncancer_control","Adjusted healthy_noncancer_control"
"M_LDL_FC","Free Cholesterol in Medium LDL","LC","0.843(95% CI:0.716-0.993; P=0.0413371132)","0.837(95% CI:0.809-0.866; P=0)","0.844(95% CI:0.7-1.018; P=0.076511188)","Adjusted","healthy_noncancer_control","Adjusted healthy_noncancer_control"
"M_LDL_PL","Phospholipids in Medium LDL","LC","0.9(95% CI:0.76-1.066; P=0.2226453896)","0.857(95% CI:0.829-0.887; P=0)","0.913(95% CI:0.754-1.105; P=0.3507933807)","Adjusted","healthy_noncancer_control","Adjusted healthy_noncancer_control"
"M_LDL_TG","Triglycerides in Medium LDL","LC","1.172(95% CI:0.997-1.379; P=0.0548138784)","1.017(95% CI:0.983-1.052; P=0.3398619145)","1.199(95% CI:1.004-1.432; P=0.0450671088)","Adjusted","healthy_noncancer_control","Adjusted healthy_noncancer_control"
"M_VLDL_C","Cholesterol in Medium VLDL","LC","0.881(95% CI:0.746-1.04; P=0.1347797509)","0.863(95% CI:0.835-0.893; P=0)","0.872(95% CI:0.722-1.053; P=0.1536993759)","Adjusted","healthy_noncancer_control","Adjusted healthy_noncancer_control"
"M_VLDL_CE","Cholesteryl Esters in Medium VLDL","LC","0.852(95% CI:0.723-1.004; P=0.0565216478)","0.856(95% CI:0.827-0.886; P=0)","0.837(95% CI:0.693-1.011; P=0.0651526207)","Adjusted","healthy_noncancer_control","Adjusted healthy_noncancer_control"
"M_VLDL_FC","Free Cholesterol in Medium VLDL","LC","0.931(95% CI:0.786-1.104; P=0.4127164971)","0.883(95% CI:0.853-0.914; P=0)","0.93(95% CI:0.767-1.127; P=0.4585420585)","Adjusted","healthy_noncancer_control","Adjusted healthy_noncancer_control"
"M_VLDL_PL","Phospholipids in Medium VLDL","LC","0.96(95% CI:0.808-1.14; P=0.6419234752)","0.893(95% CI:0.862-0.924; P=0.0000000001)","0.963(95% CI:0.794-1.169; P=0.7046204429)","Adjusted","healthy_noncancer_control","Adjusted healthy_noncancer_control"
"M_VLDL_TG","Triglycerides in Medium VLDL","LC","1.079(95% CI:0.908-1.281; P=0.3867817564)","0.957(95% CI:0.923-0.992; P=0.015938184)","1.084(95% CI:0.89-1.321; P=0.4205000161)","Adjusted","healthy_noncancer_control","Adjusted healthy_noncancer_control"
"MUFA","Monounsaturated Fatty Acids","LC","1.151(95% CI:0.962-1.377; P=0.1242718417)","1.035(95% CI:0.999-1.072; P=0.0549489231)","1.153(95% CI:0.944-1.409; P=0.1634560526)","Adjusted","healthy_noncancer_control","Adjusted healthy_noncancer_control"
"non_HDL_C","Total Cholesterol Minus HDL-C","LC","0.877(95% CI:0.743-1.036; P=0.1228388606)","0.855(95% CI:0.828-0.884; P=0)","0.876(95% CI:0.728-1.054; P=0.160862303)","Adjusted","healthy_noncancer_control","Adjusted healthy_noncancer_control"
"Omega_3","Omega-3 Fatty Acids","LC","0.942(95% CI:0.79-1.124; P=0.5078167253)","0.891(95% CI:0.859-0.924; P=0.0000000006)","0.921(95% CI:0.753-1.127; P=0.4234896457)","Adjusted","healthy_noncancer_control","Adjusted healthy_noncancer_control"
"Omega_6","Omega-6 Fatty Acids","LC","1.007(95% CI:0.843-1.203; P=0.9373516724)","0.861(95% CI:0.832-0.892; P=0)","1.002(95% CI:0.823-1.22; P=0.9836250152)","Adjusted","healthy_noncancer_control","Adjusted healthy_noncancer_control"
"Phe","Phenylalanine","LC","0.969(95% CI:0.815-1.151; P=0.7191819462)","1.022(95% CI:0.989-1.055; P=0.1947594926)","0.877(95% CI:0.717-1.072; P=0.2000667606)","Adjusted","healthy_noncancer_control","Adjusted healthy_noncancer_control"
"Phosphatidylc","Phosphatidylcholines","LC","1.029(95% CI:0.854-1.24; P=0.7638589048)","0.884(95% CI:0.851-0.917; P=0.0000000001)","1.024(95% CI:0.837-1.252; P=0.8179527497)","Adjusted","healthy_noncancer_control","Adjusted healthy_noncancer_control"
"Phosphoglyc","Phosphoglycerides","LC","1.021(95% CI:0.849-1.227; P=0.8250140378)","0.908(95% CI:0.875-0.942; P=0.00000025)","1.017(95% CI:0.833-1.243; P=0.8673346772)","Adjusted","healthy_noncancer_control","Adjusted healthy_noncancer_control"
"PUFA","Polyunsaturated Fatty Acids","LC","0.991(95% CI:0.826-1.19; P=0.9238201424)","0.853(95% CI:0.823-0.883; P=0)","0.982(95% CI:0.805-1.199; P=0.8586381311)","Adjusted","healthy_noncancer_control","Adjusted healthy_noncancer_control"
"Pyruvate","Pyruvate","LC","1.051(95% CI:0.895-1.233; P=0.5459670398)","1.075(95% CI:1.045-1.106; P=0.0000005256)","1.043(95% CI:0.863-1.261; P=0.6601730767)","Adjusted","healthy_noncancer_control","Adjusted healthy_noncancer_control"
"Remnant_C","Remnant Cholesterol (Non-HDL and Non-LDL -Cholesterol)","LC","0.908(95% CI:0.766-1.076; P=0.2660766676)","0.872(95% CI:0.843-0.902; P=0)","0.903(95% CI:0.748-1.091; P=0.2894700216)","Adjusted","healthy_noncancer_control","Adjusted healthy_noncancer_control"
"S_HDL_C","Cholesterol in Small HDL","LC","0.943(95% CI:0.795-1.119; P=0.5003815044)","0.903(95% CI:0.872-0.936; P=0.0000000141)","0.974(95% CI:0.801-1.183; P=0.7901092395)","Adjusted","healthy_noncancer_control","Adjusted healthy_noncancer_control"
"S_HDL_CE","Cholesteryl Esters in Small HDL","LC","0.918(95% CI:0.776-1.084; P=0.3123287609)","0.906(95% CI:0.875-0.938; P=0.0000000295)","0.945(95% CI:0.78-1.143; P=0.557572465)","Adjusted","healthy_noncancer_control","Adjusted healthy_noncancer_control"
"S_HDL_FC","Free Cholesterol in Small HDL","LC","1.042(95% CI:0.871-1.247; P=0.6532759491)","0.913(95% CI:0.881-0.947; P=0.0000010067)","1.07(95% CI:0.878-1.304; P=0.5030516849)","Adjusted","healthy_noncancer_control","Adjusted healthy_noncancer_control"
"S_HDL_PL","Phospholipids in Small HDL","LC","1.074(95% CI:0.9-1.283; P=0.4269042042)","0.974(95% CI:0.94-1.009; P=0.1470922814)","1.106(95% CI:0.907-1.35; P=0.318424764)","Adjusted","healthy_noncancer_control","Adjusted healthy_noncancer_control"
"S_HDL_TG","Triglycerides in Small HDL","LC","1.183(95% CI:1.001-1.397; P=0.0484024865)","1.048(95% CI:1.011-1.085; P=0.0099910883)","1.215(95% CI:1.005-1.468; P=0.044140315)","Adjusted","healthy_noncancer_control","Adjusted healthy_noncancer_control"
"S_LDL_C","Cholesterol in Small LDL","LC","0.886(95% CI:0.749-1.048; P=0.1567001981)","0.857(95% CI:0.828-0.887; P=0)","0.893(95% CI:0.739-1.079; P=0.241164573)","Adjusted","healthy_noncancer_control","Adjusted healthy_noncancer_control"
"S_LDL_CE","Cholesteryl Esters in Small LDL","LC","0.912(95% CI:0.769-1.081; P=0.2882355901)","0.869(95% CI:0.839-0.899; P=0)","0.922(95% CI:0.761-1.117; P=0.4082425396)","Adjusted","healthy_noncancer_control","Adjusted healthy_noncancer_control"
"S_LDL_FC","Free Cholesterol in Small LDL","LC","0.837(95% CI:0.712-0.983; P=0.029982244)","0.843(95% CI:0.815-0.871; P=0)","0.834(95% CI:0.693-1.003; P=0.0540033579)","Adjusted","healthy_noncancer_control","Adjusted healthy_noncancer_control"
"S_LDL_PL","Phospholipids in Small LDL","LC","0.897(95% CI:0.76-1.059; P=0.2012128394)","0.869(95% CI:0.84-0.899; P=0)","0.911(95% CI:0.755-1.099; P=0.3281016083)","Adjusted","healthy_noncancer_control","Adjusted healthy_noncancer_control"
"S_LDL_TG","Triglycerides in Small LDL","LC","1.143(95% CI:0.972-1.344; P=0.1072167501)","1.013(95% CI:0.979-1.048; P=0.452372149)","1.161(95% CI:0.967-1.395; P=0.1093084153)","Adjusted","healthy_noncancer_control","Adjusted healthy_noncancer_control"
"S_VLDL_C","Cholesterol in Small VLDL","LC","0.964(95% CI:0.813-1.144; P=0.6751576771)","0.908(95% CI:0.877-0.94; P=0.0000000399)","0.972(95% CI:0.802-1.178; P=0.771468714)","Adjusted","healthy_noncancer_control","Adjusted healthy_noncancer_control"
"S_VLDL_CE","Cholesteryl Esters in Small VLDL","LC","0.987(95% CI:0.831-1.171; P=0.876945785)","0.923(95% CI:0.892-0.956; P=0.0000063335)","0.998(95% CI:0.823-1.209; P=0.9808794558)","Adjusted","healthy_noncancer_control","Adjusted healthy_noncancer_control"
"S_VLDL_FC","Free Cholesterol in Small VLDL","LC","0.931(95% CI:0.786-1.102; P=0.4053926547)","0.885(95% CI:0.855-0.916; P=0)","0.935(95% CI:0.772-1.132; P=0.4889739439)","Adjusted","healthy_noncancer_control","Adjusted healthy_noncancer_control"
"S_VLDL_PL","Phospholipids in Small VLDL","LC","0.986(95% CI:0.83-1.17; P=0.8680902124)","0.906(95% CI:0.875-0.938; P=0.0000000224)","0.995(95% CI:0.821-1.206; P=0.9622900034)","Adjusted","healthy_noncancer_control","Adjusted healthy_noncancer_control"
"S_VLDL_TG","Triglycerides in Small VLDL","LC","1.163(95% CI:0.985-1.373; P=0.0756874587)","1.003(95% CI:0.968-1.039; P=0.8829441243)","1.175(95% CI:0.971-1.421; P=0.0966955923)","Adjusted","healthy_noncancer_control","Adjusted healthy_noncancer_control"
"SFA","Saturated Fatty Acids","LC","1.068(95% CI:0.891-1.281; P=0.4745475379)","0.996(95% CI:0.961-1.031; P=0.8093736024)","1.076(95% CI:0.881-1.314; P=0.4713485614)","Adjusted","healthy_noncancer_control","Adjusted healthy_noncancer_control"
"Sphingomyelins","Sphingomyelins","LC","0.887(95% CI:0.745-1.055; P=0.1756987703)","0.895(95% CI:0.863-0.929; P=0.0000000047)","0.872(95% CI:0.716-1.063; P=0.1746652223)","Adjusted","healthy_noncancer_control","Adjusted healthy_noncancer_control"
"Total_C","Total Cholesterol","LC","0.879(95% CI:0.744-1.039; P=0.1308879282)","0.842(95% CI:0.814-0.871; P=0)","0.873(95% CI:0.724-1.052; P=0.1538592701)","Adjusted","healthy_noncancer_control","Adjusted healthy_noncancer_control"
"Total_CE","Total Esterified Cholesterol","LC","0.873(95% CI:0.739-1.031; P=0.1090721599)","0.838(95% CI:0.809-0.867; P=0)","0.865(95% CI:0.718-1.043; P=0.1291723491)","Adjusted","healthy_noncancer_control","Adjusted healthy_noncancer_control"
"Total_FA","Total Fatty Acids","LC","1.071(95% CI:0.891-1.288; P=0.4635790279)","0.958(95% CI:0.925-0.993; P=0.0173345209)","1.07(95% CI:0.875-1.309; P=0.5097758415)","Adjusted","healthy_noncancer_control","Adjusted healthy_noncancer_control"
"Total_FC","Total Free Cholesterol","LC","0.897(95% CI:0.758-1.063; P=0.2104027546)","0.852(95% CI:0.824-0.882; P=0)","0.893(95% CI:0.739-1.08; P=0.2431313141)","Adjusted","healthy_noncancer_control","Adjusted healthy_noncancer_control"
"Total_L","Total Lipids in Lipoprotein Particles","LC","0.955(95% CI:0.8-1.14; P=0.6077064274)","0.882(95% CI:0.852-0.913; P=0)","0.955(95% CI:0.786-1.16; P=0.641415154)","Adjusted","healthy_noncancer_control","Adjusted healthy_noncancer_control"
"Total_PL","Total Phospholipids in Lipoprotein Particles","LC","0.967(95% CI:0.808-1.158; P=0.717959906)","0.887(95% CI:0.856-0.92; P=0.0000000001)","0.965(95% CI:0.792-1.175; P=0.7202046993)","Adjusted","healthy_noncancer_control","Adjusted healthy_noncancer_control"
"Total_TG","Total Triglycerides","LC","1.129(95% CI:0.945-1.348; P=0.1814566241)","1.011(95% CI:0.975-1.048; P=0.5585529968)","1.138(95% CI:0.929-1.394; P=0.2120758121)","Adjusted","healthy_noncancer_control","Adjusted healthy_noncancer_control"
"Tyr","Tyrosine","LC","0.907(95% CI:0.765-1.074; P=0.2560984592)","1.001(95% CI:0.967-1.036; P=0.9493769584)","0.832(95% CI:0.68-1.019; P=0.0748607635)","Adjusted","healthy_noncancer_control","Adjusted healthy_noncancer_control"
"Unsaturation","Degree of Unsaturation","LC","0.826(95% CI:0.697-0.978; P=0.026933531)","0.838(95% CI:0.809-0.869; P=0)","0.794(95% CI:0.648-0.972; P=0.0256707079)","Adjusted","healthy_noncancer_control","Adjusted healthy_noncancer_control"
"Val","Valine","LC","0.811(95% CI:0.674-0.976; P=0.0264312744)","0.964(95% CI:0.929-1; P=0.0521186402)","0.775(95% CI:0.623-0.963; P=0.0217111282)","Adjusted","healthy_noncancer_control","Adjusted healthy_noncancer_control"
"VLDL_C","VLDL Cholesterol","LC","0.965(95% CI:0.81-1.15; P=0.6907561025)","0.915(95% CI:0.884-0.947; P=0.0000003911)","0.963(95% CI:0.792-1.17; P=0.7019997052)","Adjusted","healthy_noncancer_control","Adjusted healthy_noncancer_control"
"VLDL_CE","Cholesteryl Esters in VLDL","LC","0.943(95% CI:0.794-1.12; P=0.5034140066)","0.904(95% CI:0.874-0.936; P=0.0000000073)","0.94(95% CI:0.775-1.14; P=0.5298176991)","Adjusted","healthy_noncancer_control","Adjusted healthy_noncancer_control"
"VLDL_FC","Free Cholesterol in VLDL","LC","1.005(95% CI:0.843-1.197; P=0.9583020899)","0.935(95% CI:0.902-0.968; P=0.0001500934)","1.008(95% CI:0.827-1.228; P=0.9379047578)","Adjusted","healthy_noncancer_control","Adjusted healthy_noncancer_control"
"VLDL_L","Total Lipids in VLDL","LC","1.052(95% CI:0.877-1.262; P=0.5841625473)","0.964(95% CI:0.93-0.999; P=0.046467359)","1.053(95% CI:0.858-1.292; P=0.6231671156)","Adjusted","healthy_noncancer_control","Adjusted healthy_noncancer_control"
"VLDL_PL","Phospholipids in VLDL","LC","1.039(95% CI:0.87-1.24; P=0.6752084928)","0.952(95% CI:0.919-0.986; P=0.0065582846)","1.044(95% CI:0.855-1.274; P=0.6750223411)","Adjusted","healthy_noncancer_control","Adjusted healthy_noncancer_control"
"VLDL_TG","Triglycerides in VLDL","LC","1.107(95% CI:0.928-1.32; P=0.259101601)","1.003(95% CI:0.967-1.04; P=0.8734709981)","1.116(95% CI:0.911-1.367; P=0.28984978)","Adjusted","healthy_noncancer_control","Adjusted healthy_noncancer_control"
"XL_HDL_C","Cholesterol in Very Large HDL","LC","0.932(95% CI:0.776-1.118; P=0.4471547426)","0.922(95% CI:0.884-0.962; P=0.0001489744)","0.877(95% CI:0.702-1.095; P=0.2472147733)","Adjusted","healthy_noncancer_control","Adjusted healthy_noncancer_control"
"XL_HDL_CE","Cholesteryl Esters in Very Large HDL","LC","0.933(95% CI:0.776-1.121; P=0.4568025027)","0.914(95% CI:0.876-0.954; P=0.000034517)","0.876(95% CI:0.7-1.096; P=0.2474865143)","Adjusted","healthy_noncancer_control","Adjusted healthy_noncancer_control"
"XL_HDL_FC","Free Cholesterol in Very Large HDL","LC","0.93(95% CI:0.78-1.11; P=0.4243658041)","0.955(95% CI:0.918-0.993; P=0.0204037484)","0.886(95% CI:0.717-1.096; P=0.2650638746)","Adjusted","healthy_noncancer_control","Adjusted healthy_noncancer_control"
"XL_HDL_PL","Phospholipids in Very Large HDL","LC","0.962(95% CI:0.8-1.156; P=0.677286395)","0.961(95% CI:0.922-1.002; P=0.0624718771)","0.899(95% CI:0.719-1.124; P=0.3506752086)","Adjusted","healthy_noncancer_control","Adjusted healthy_noncancer_control"
"XL_HDL_TG","Triglycerides in Very Large HDL","LC","1.145(95% CI:0.974-1.345; P=0.1000294421)","1.003(95% CI:0.97-1.037; P=0.857026453)","1.137(95% CI:0.952-1.359; P=0.1571263941)","Adjusted","healthy_noncancer_control","Adjusted healthy_noncancer_control"
"XL_VLDL_C","Cholesterol in Very Large VLDL","LC","1.041(95% CI:0.875-1.24; P=0.6476098035)","0.964(95% CI:0.93-0.999; P=0.0425189631)","1.051(95% CI:0.861-1.282; P=0.6259338366)","Adjusted","healthy_noncancer_control","Adjusted healthy_noncancer_control"
"XL_VLDL_CE","Cholesteryl Esters in Very Large VLDL","LC","1.01(95% CI:0.849-1.202; P=0.9124812903)","0.941(95% CI:0.908-0.975; P=0.0008323461)","1.017(95% CI:0.834-1.24; P=0.8664094171)","Adjusted","healthy_noncancer_control","Adjusted healthy_noncancer_control"
"XL_VLDL_FC","Free Cholesterol in Very Large VLDL","LC","1.073(95% CI:0.904-1.274; P=0.4188003807)","0.989(95% CI:0.954-1.024; P=0.5240798812)","1.084(95% CI:0.891-1.319; P=0.4198023215)","Adjusted","healthy_noncancer_control","Adjusted healthy_noncancer_control"
"XL_VLDL_PL","Phospholipids in Very Large VLDL","LC","1.083(95% CI:0.913-1.285; P=0.3591993001)","0.998(95% CI:0.963-1.034; P=0.8926474102)","1.096(95% CI:0.901-1.334; P=0.3583334377)","Adjusted","healthy_noncancer_control","Adjusted healthy_noncancer_control"
"XL_VLDL_TG","Triglycerides in Very Large VLDL","LC","1.102(95% CI:0.93-1.306; P=0.2631654385)","1.017(95% CI:0.981-1.054; P=0.3542292747)","1.117(95% CI:0.917-1.36; P=0.2704316427)","Adjusted","healthy_noncancer_control","Adjusted healthy_noncancer_control"
"XS_VLDL_C","Cholesterol in Very Small VLDL","LC","0.922(95% CI:0.777-1.095; P=0.356255737)","0.908(95% CI:0.877-0.94; P=0.0000000513)","0.917(95% CI:0.757-1.11; P=0.3731838607)","Adjusted","healthy_noncancer_control","Adjusted healthy_noncancer_control"
"XS_VLDL_CE","Cholesteryl Esters in Very Small VLDL","LC","0.898(95% CI:0.757-1.065; P=0.2178990671)","0.898(95% CI:0.867-0.93; P=0.0000000013)","0.892(95% CI:0.737-1.08; P=0.2416778742)","Adjusted","healthy_noncancer_control","Adjusted healthy_noncancer_control"
"XS_VLDL_FC","Free Cholesterol in Very Small VLDL","LC","0.987(95% CI:0.83-1.173; P=0.8798191966)","0.938(95% CI:0.906-0.971; P=0.0002662918)","0.985(95% CI:0.814-1.191; P=0.8754954444)","Adjusted","healthy_noncancer_control","Adjusted healthy_noncancer_control"
"XS_VLDL_PL","Phospholipids in Very Small VLDL","LC","1.036(95% CI:0.872-1.231; P=0.6906556635)","0.967(95% CI:0.934-1.001; P=0.0538518694)","1.035(95% CI:0.857-1.251; P=0.7173716423)","Adjusted","healthy_noncancer_control","Adjusted healthy_noncancer_control"
"XS_VLDL_TG","Triglycerides in Very Small VLDL","LC","1.188(95% CI:1.011-1.396; P=0.035987139)","1.041(95% CI:1.006-1.077; P=0.0214813048)","1.197(95% CI:1.002-1.429; P=0.0470305355)","Adjusted","healthy_noncancer_control","Adjusted healthy_noncancer_control"
"XXL_VLDL_C","Cholesterol in Chylomicrons and Extremely Large VLDL","LC","1.111(95% CI:0.941-1.313; P=0.2150735813)","1.029(95% CI:0.993-1.065; P=0.111306334)","1.12(95% CI:0.923-1.36; P=0.2502745627)","Adjusted","healthy_noncancer_control","Adjusted healthy_noncancer_control"
"XXL_VLDL_CE","Cholesteryl Esters in Chylomicrons and Extremely Large VLDL","LC","1.105(95% CI:0.934-1.307; P=0.2440929547)","1.019(95% CI:0.983-1.055; P=0.3040530267)","1.111(95% CI:0.914-1.35; P=0.289775009)","Adjusted","healthy_noncancer_control","Adjusted healthy_noncancer_control"
"XXL_VLDL_FC","Free Cholesterol in Chylomicrons and Extremely Large VLDL","LC","1.116(95% CI:0.949-1.312; P=0.1846474924)","1.038(95% CI:1.004-1.074; P=0.030583369)","1.126(95% CI:0.932-1.36; P=0.2183348209)","Adjusted","healthy_noncancer_control","Adjusted healthy_noncancer_control"
"XXL_VLDL_PL","Phospholipids in Chylomicrons and Extremely Large VLDL","LC","1.116(95% CI:0.951-1.31; P=0.1791637528)","1.044(95% CI:1.009-1.08; P=0.0137370558)","1.131(95% CI:0.938-1.364; P=0.1981593921)","Adjusted","healthy_noncancer_control","Adjusted healthy_noncancer_control"
"XXL_VLDL_TG","Triglycerides in Chylomicrons and Extremely Large VLDL","LC","1.078(95% CI:0.912-1.274; P=0.3810855486)","1.041(95% CI:1.006-1.077; P=0.0205498672)","1.099(95% CI:0.905-1.335; P=0.3411654152)","Adjusted","healthy_noncancer_control","Adjusted healthy_noncancer_control"
"Acetate","Acetate","PCa","1.032(95% CI:0.97-1.099; P=0.320248583)","0.995(95% CI:0.973-1.017; P=0.6553951226)","1.022(95% CI:0.94-1.111; P=0.6117102553)","Adjusted","healthy_noncancer_control","Adjusted healthy_noncancer_control"
"Acetoacetate","Acetoacetate","PCa","0.967(95% CI:0.87-1.074; P=0.5268482193)","1.014(95% CI:0.995-1.034; P=0.1522121215)","0.925(95% CI:0.821-1.042; P=0.2009108497)","Adjusted","healthy_noncancer_control","Adjusted healthy_noncancer_control"
"Acetone","Acetone","PCa","0.947(95% CI:0.845-1.061; P=0.3477115773)","1.021(95% CI:1.002-1.041; P=0.0330531576)","0.949(95% CI:0.844-1.067; P=0.3822942234)","Adjusted","healthy_noncancer_control","Adjusted healthy_noncancer_control"
"Ala","Alanine","PCa","0.925(95% CI:0.838-1.02; P=0.1191927806)","0.937(95% CI:0.918-0.956; P=0.0000000004)","0.983(95% CI:0.882-1.096; P=0.7603424715)","Adjusted","healthy_noncancer_control","Adjusted healthy_noncancer_control"
"Albumin","Albumin","PCa","1.1(95% CI:0.992-1.221; P=0.0718073301)","0.985(95% CI:0.965-1.006; P=0.1535209425)","1.104(95% CI:0.989-1.231; P=0.0774054406)","Adjusted","healthy_noncancer_control","Adjusted healthy_noncancer_control"
"ApoA1","Apolipoprotein A1","PCa","0.99(95% CI:0.896-1.093; P=0.8358885318)","0.992(95% CI:0.971-1.013; P=0.4531560852)","0.999(95% CI:0.895-1.114; P=0.9819091793)","Adjusted","healthy_noncancer_control","Adjusted healthy_noncancer_control"
"ApoB","Apolipoprotein B","PCa","1.119(95% CI:1.013-1.235; P=0.0263837824)","0.994(95% CI:0.974-1.014; P=0.5437556552)","1.156(95% CI:1.038-1.287; P=0.0085052805)","Adjusted","healthy_noncancer_control","Adjusted healthy_noncancer_control"
"bOHbutyrate","3-Hydroxybutyrate","PCa","0.942(95% CI:0.842-1.054; P=0.2981228408)","1.015(95% CI:0.996-1.035; P=0.123688397)","0.964(95% CI:0.858-1.083; P=0.5364022801)","Adjusted","healthy_noncancer_control","Adjusted healthy_noncancer_control"
"Cholines","Total Cholines","PCa","1.055(95% CI:0.953-1.168; P=0.3001053167)","0.983(95% CI:0.963-1.004; P=0.1098844501)","1.095(95% CI:0.983-1.219; P=0.0976887649)","Adjusted","healthy_noncancer_control","Adjusted healthy_noncancer_control"
"Citrate","Citrate","PCa","0.893(95% CI:0.806-0.99; P=0.0312911873)","0.972(95% CI:0.952-0.992; P=0.0060263242)","0.925(95% CI:0.831-1.031; P=0.1596254655)","Adjusted","healthy_noncancer_control","Adjusted healthy_noncancer_control"
"Clinical_LDL_C","Clinical LDL Cholesterol","PCa","1.134(95% CI:1.026-1.253; P=0.0139024068)","1.005(95% CI:0.985-1.026; P=0.6015116699)","1.155(95% CI:1.035-1.288; P=0.0099982085)","Adjusted","healthy_noncancer_control","Adjusted healthy_noncancer_control"
"Creatinine","Creatinine","PCa","0.977(95% CI:0.887-1.077; P=0.6448328126)","1.02(95% CI:1.001-1.039; P=0.0385805746)","1.056(95% CI:0.95-1.175; P=0.3111805703)","Adjusted","healthy_noncancer_control","Adjusted healthy_noncancer_control"
"DHA","Docosahexaenoic Acid","PCa","0.979(95% CI:0.889-1.078; P=0.6641809221)","1.06(95% CI:1.04-1.081; P=0.0000000037)","1.02(95% CI:0.918-1.134; P=0.711615252)","Adjusted","healthy_noncancer_control","Adjusted healthy_noncancer_control"
"Gln","Glutamine","PCa","1.035(95% CI:0.938-1.143; P=0.4926254659)","0.976(95% CI:0.956-0.996; P=0.0188351361)","1.071(95% CI:0.959-1.197; P=0.2241260957)","Adjusted","healthy_noncancer_control","Adjusted healthy_noncancer_control"
"Glucose","Glucose","PCa","0.882(95% CI:0.795-0.978; P=0.0171689582)","0.955(95% CI:0.935-0.976; P=0.0000257427)","0.864(95% CI:0.768-0.971; P=0.0143812922)","Adjusted","healthy_noncancer_control","Adjusted healthy_noncancer_control"
"Gly","Glycine","PCa","0.973(95% CI:0.881-1.075; P=0.5895397326)","0.974(95% CI:0.954-0.995; P=0.0134297077)","1.059(95% CI:0.951-1.18; P=0.2953229838)","Adjusted","healthy_noncancer_control","Adjusted healthy_noncancer_control"
"GlycA","Glycoprotein Acetyls","PCa","1.079(95% CI:0.975-1.195; P=0.1420081055)","0.992(95% CI:0.971-1.013; P=0.4477804556)","1.128(95% CI:1.008-1.263; P=0.0362011714)","Adjusted","healthy_noncancer_control","Adjusted healthy_noncancer_control"
"HDL_C","HDL Cholesterol","PCa","0.98(95% CI:0.887-1.082; P=0.6909649926)","1.009(95% CI:0.988-1.031; P=0.4014153907)","0.974(95% CI:0.872-1.087; P=0.6352898114)","Adjusted","healthy_noncancer_control","Adjusted healthy_noncancer_control"
"HDL_CE","Cholesteryl Esters in HDL","PCa","0.979(95% CI:0.887-1.082; P=0.6812359578)","1.011(95% CI:0.99-1.034; P=0.2986361213)","0.968(95% CI:0.866-1.082; P=0.5654038261)","Adjusted","healthy_noncancer_control","Adjusted healthy_noncancer_control"
"HDL_FC","Free Cholesterol in HDL","PCa","0.977(95% CI:0.886-1.078; P=0.647438617)","1.001(95% CI:0.98-1.022; P=0.9324582188)","0.988(95% CI:0.887-1.1; P=0.8247710098)","Adjusted","healthy_noncancer_control","Adjusted healthy_noncancer_control"
"HDL_L","Total Lipids in HDL","PCa","0.976(95% CI:0.883-1.078; P=0.6277311292)","0.997(95% CI:0.976-1.019; P=0.7832033225)","0.983(95% CI:0.881-1.096; P=0.7523596803)","Adjusted","healthy_noncancer_control","Adjusted healthy_noncancer_control"
"HDL_PL","Phospholipids in HDL","PCa","0.969(95% CI:0.877-1.071; P=0.5389593982)","0.994(95% CI:0.972-1.015; P=0.5510290777)","0.977(95% CI:0.876-1.091; P=0.6821794026)","Adjusted","healthy_noncancer_control","Adjusted healthy_noncancer_control"
"HDL_TG","Triglycerides in HDL","PCa","1.006(95% CI:0.908-1.114; P=0.9140075238)","0.959(95% CI:0.939-0.98; P=0.0001275141)","1.05(95% CI:0.94-1.173; P=0.3841259393)","Adjusted","healthy_noncancer_control","Adjusted healthy_noncancer_control"
"His","Histidine","PCa","1.03(95% CI:0.935-1.136; P=0.5466225944)","1.008(95% CI:0.988-1.029; P=0.4108356432)","1.047(95% CI:0.941-1.165; P=0.401764318)","Adjusted","healthy_noncancer_control","Adjusted healthy_noncancer_control"
"IDL_C","Cholesterol in IDL","PCa","1.095(95% CI:0.993-1.207; P=0.0675633557)","1.007(95% CI:0.987-1.028; P=0.4706687326)","1.119(95% CI:1.006-1.245; P=0.0387004396)","Adjusted","healthy_noncancer_control","Adjusted healthy_noncancer_control"
"IDL_CE","Cholesteryl Esters in IDL","PCa","1.093(95% CI:0.991-1.204; P=0.0746995337)","1.006(95% CI:0.986-1.026; P=0.5642550031)","1.119(95% CI:1.006-1.244; P=0.038887116)","Adjusted","healthy_noncancer_control","Adjusted healthy_noncancer_control"
"IDL_FC","Free Cholesterol in IDL","PCa","1.089(95% CI:0.99-1.198; P=0.0786867041)","1.008(95% CI:0.988-1.028; P=0.4567758288)","1.108(95% CI:0.997-1.232; P=0.0563040514)","Adjusted","healthy_noncancer_control","Adjusted healthy_noncancer_control"
"IDL_PL","Phospholipids in IDL","PCa","1.091(95% CI:0.991-1.202; P=0.0763457423)","1.003(95% CI:0.983-1.023; P=0.7519153094)","1.118(95% CI:1.006-1.243; P=0.0383855045)","Adjusted","healthy_noncancer_control","Adjusted healthy_noncancer_control"
"IDL_TG","Triglycerides in IDL","PCa","1.019(95% CI:0.92-1.129; P=0.7185805581)","0.964(95% CI:0.944-0.985; P=0.0008492926)","1.063(95% CI:0.954-1.185; P=0.2693144794)","Adjusted","healthy_noncancer_control","Adjusted healthy_noncancer_control"
"Ile","Isoleucine","PCa","0.966(95% CI:0.876-1.066; P=0.496671685)","0.994(95% CI:0.974-1.014; P=0.5315794496)","0.98(95% CI:0.877-1.094; P=0.7136816315)","Adjusted","healthy_noncancer_control","Adjusted healthy_noncancer_control"
"L_HDL_C","Cholesterol in Large HDL","PCa","0.941(95% CI:0.851-1.041; P=0.2360596365)","1.02(95% CI:0.999-1.042; P=0.0607911528)","0.93(95% CI:0.831-1.041; P=0.2079439754)","Adjusted","healthy_noncancer_control","Adjusted healthy_noncancer_control"
"L_HDL_CE","Cholesteryl Esters in Large HDL","PCa","0.94(95% CI:0.849-1.04; P=0.2277174607)","1.022(95% CI:1-1.043; P=0.046846057)","0.927(95% CI:0.827-1.038; P=0.1898549105)","Adjusted","healthy_noncancer_control","Adjusted healthy_noncancer_control"
"L_HDL_FC","Free Cholesterol in Large HDL","PCa","0.938(95% CI:0.849-1.037; P=0.212442305)","1.014(95% CI:0.993-1.035; P=0.1847092137)","0.934(95% CI:0.836-1.044; P=0.2303836036)","Adjusted","healthy_noncancer_control","Adjusted healthy_noncancer_control"
"L_HDL_PL","Phospholipids in Large HDL","PCa","0.932(95% CI:0.843-1.031; P=0.1734468297)","1.013(95% CI:0.991-1.034; P=0.2452826395)","0.929(95% CI:0.831-1.039; P=0.1986732768)","Adjusted","healthy_noncancer_control","Adjusted healthy_noncancer_control"
"L_HDL_TG","Triglycerides in Large HDL","PCa","0.975(95% CI:0.881-1.079; P=0.6205266563)","0.971(95% CI:0.951-0.992; P=0.0060793435)","1.018(95% CI:0.913-1.135; P=0.7470560909)","Adjusted","healthy_noncancer_control","Adjusted healthy_noncancer_control"
"L_LDL_C","Cholesterol in Large LDL","PCa","1.121(95% CI:1.016-1.237; P=0.0226308265)","1.003(95% CI:0.983-1.024; P=0.7507798327)","1.144(95% CI:1.027-1.274; P=0.014467626)","Adjusted","healthy_noncancer_control","Adjusted healthy_noncancer_control"
"L_LDL_CE","Cholesteryl Esters in Large LDL","PCa","1.122(95% CI:1.017-1.238; P=0.0216223706)","1.001(95% CI:0.981-1.021; P=0.9275006918)","1.148(95% CI:1.031-1.278; P=0.0120755561)","Adjusted","healthy_noncancer_control","Adjusted healthy_noncancer_control"
"L_LDL_FC","Free Cholesterol in Large LDL","PCa","1.107(95% CI:1.005-1.218; P=0.0394492535)","1.005(95% CI:0.985-1.026; P=0.6226248243)","1.123(95% CI:1.01-1.25; P=0.0327680805)","Adjusted","healthy_noncancer_control","Adjusted healthy_noncancer_control"
"L_LDL_PL","Phospholipids in Large LDL","PCa","1.119(95% CI:1.016-1.234; P=0.0231205622)","0.999(95% CI:0.979-1.019; P=0.9175872381)","1.144(95% CI:1.029-1.273; P=0.0132576936)","Adjusted","healthy_noncancer_control","Adjusted healthy_noncancer_control"
"L_LDL_TG","Triglycerides in Large LDL","PCa","1.029(95% CI:0.928-1.139; P=0.5896864722)","0.959(95% CI:0.938-0.98; P=0.0001274117)","1.071(95% CI:0.961-1.194; P=0.2147366427)","Adjusted","healthy_noncancer_control","Adjusted healthy_noncancer_control"
"L_VLDL_C","Cholesterol in Large VLDL","PCa","1.089(95% CI:0.986-1.204; P=0.0938898577)","0.971(95% CI:0.951-0.991; P=0.0054205978)","1.138(95% CI:1.021-1.269; P=0.0194039559)","Adjusted","healthy_noncancer_control","Adjusted healthy_noncancer_control"
"L_VLDL_CE","Cholesteryl Esters in Large VLDL","PCa","1.097(95% CI:0.993-1.211; P=0.0681675802)","0.978(95% CI:0.958-0.998; P=0.0338340168)","1.146(95% CI:1.029-1.276; P=0.0131633357)","Adjusted","healthy_noncancer_control","Adjusted healthy_noncancer_control"
"L_VLDL_FC","Free Cholesterol in Large VLDL","PCa","1.079(95% CI:0.977-1.193; P=0.1350210675)","0.964(95% CI:0.944-0.985; P=0.0007723217)","1.126(95% CI:1.01-1.255; P=0.0331397306)","Adjusted","healthy_noncancer_control","Adjusted healthy_noncancer_control"
"L_VLDL_PL","Phospholipids in Large VLDL","PCa","1.07(95% CI:0.968-1.183; P=0.1836902405)","0.962(95% CI:0.942-0.983; P=0.0003527829)","1.117(95% CI:1.001-1.246; P=0.0469922661)","Adjusted","healthy_noncancer_control","Adjusted healthy_noncancer_control"
"L_VLDL_TG","Triglycerides in Large VLDL","PCa","1.069(95% CI:0.968-1.18; P=0.1898877431)","0.966(95% CI:0.946-0.987; P=0.0013661512)","1.114(95% CI:0.999-1.243; P=0.05165275)","Adjusted","healthy_noncancer_control","Adjusted healthy_noncancer_control"
"LA","Linoleic Acid","PCa","1.129(95% CI:1.021-1.249; P=0.0184886113)","0.974(95% CI:0.954-0.993; P=0.0091795719)","1.166(95% CI:1.046-1.3; P=0.0056215132)","Adjusted","healthy_noncancer_control","Adjusted healthy_noncancer_control"
"Lactate","Lactate","PCa","0.96(95% CI:0.869-1.061; P=0.4207647364)","0.992(95% CI:0.972-1.013; P=0.4524123093)","0.995(95% CI:0.891-1.11; P=0.9231386608)","Adjusted","healthy_noncancer_control","Adjusted healthy_noncancer_control"
"LDL_C","LDL Cholesterol","PCa","1.133(95% CI:1.025-1.251; P=0.0141977178)","1(95% CI:0.98-1.02; P=0.9695348086)","1.159(95% CI:1.04-1.292; P=0.0077239945)","Adjusted","healthy_noncancer_control","Adjusted healthy_noncancer_control"
"LDL_CE","Cholesteryl Esters in LDL","PCa","1.134(95% CI:1.026-1.252; P=0.0137301967)","0.996(95% CI:0.976-1.016; P=0.6769996171)","1.164(95% CI:1.044-1.297; P=0.0061889072)","Adjusted","healthy_noncancer_control","Adjusted healthy_noncancer_control"
"LDL_FC","Free Cholesterol in LDL","PCa","1.116(95% CI:1.013-1.23; P=0.0264380241)","1.006(95% CI:0.986-1.026; P=0.5796248309)","1.134(95% CI:1.018-1.262; P=0.0222440984)","Adjusted","healthy_noncancer_control","Adjusted healthy_noncancer_control"
"LDL_L","Total Lipids in LDL","PCa","1.131(95% CI:1.023-1.25; P=0.0159984383)","0.997(95% CI:0.977-1.017; P=0.7494390456)","1.161(95% CI:1.041-1.294; P=0.0072140481)","Adjusted","healthy_noncancer_control","Adjusted healthy_noncancer_control"
"LDL_PL","Phospholipids in LDL","PCa","1.126(95% CI:1.021-1.243; P=0.0177832249)","0.996(95% CI:0.976-1.016; P=0.6837125046)","1.155(95% CI:1.037-1.286; P=0.0085876612)","Adjusted","healthy_noncancer_control","Adjusted healthy_noncancer_control"
"LDL_TG","Triglycerides in LDL","PCa","1.033(95% CI:0.933-1.145; P=0.5314527309)","0.956(95% CI:0.936-0.977; P=0.0000565367)","1.078(95% CI:0.967-1.202; P=0.1767927529)","Adjusted","healthy_noncancer_control","Adjusted healthy_noncancer_control"
"Leu","Leucine","PCa","0.985(95% CI:0.893-1.086; P=0.7603820689)","0.985(95% CI:0.965-1.005; P=0.149362326)","1.002(95% CI:0.899-1.116; P=0.9722028896)","Adjusted","healthy_noncancer_control","Adjusted healthy_noncancer_control"
"M_HDL_C","Cholesterol in Medium HDL","PCa","0.98(95% CI:0.887-1.082; P=0.6838766655)","1.001(95% CI:0.98-1.023; P=0.9195319945)","0.972(95% CI:0.87-1.086; P=0.6195185222)","Adjusted","healthy_noncancer_control","Adjusted healthy_noncancer_control"
"M_HDL_CE","Cholesteryl Esters in Medium HDL","PCa","0.978(95% CI:0.885-1.08; P=0.6626467645)","1.002(95% CI:0.981-1.024; P=0.8349624923)","0.967(95% CI:0.865-1.081; P=0.5580304473)","Adjusted","healthy_noncancer_control","Adjusted healthy_noncancer_control"
"M_HDL_FC","Free Cholesterol in Medium HDL","PCa","0.981(95% CI:0.889-1.083; P=0.7111157774)","0.996(95% CI:0.975-1.018; P=0.7244597377)","0.989(95% CI:0.887-1.103; P=0.8458734402)","Adjusted","healthy_noncancer_control","Adjusted healthy_noncancer_control"
"M_HDL_PL","Phospholipids in Medium HDL","PCa","0.978(95% CI:0.885-1.081; P=0.6622901546)","0.986(95% CI:0.966-1.008; P=0.2114611253)","0.985(95% CI:0.882-1.101; P=0.7925431894)","Adjusted","healthy_noncancer_control","Adjusted healthy_noncancer_control"
"M_HDL_TG","Triglycerides in Medium HDL","PCa","1.003(95% CI:0.906-1.111; P=0.9513835936)","0.959(95% CI:0.939-0.98; P=0.0001424594)","1.043(95% CI:0.934-1.165; P=0.4578689895)","Adjusted","healthy_noncancer_control","Adjusted healthy_noncancer_control"
"M_LDL_C","Cholesterol in Medium LDL","PCa","1.142(95% CI:1.034-1.261; P=0.0086382058)","0.989(95% CI:0.969-1.009; P=0.2878430291)","1.175(95% CI:1.054-1.309; P=0.0035277811)","Adjusted","healthy_noncancer_control","Adjusted healthy_noncancer_control"
"M_LDL_CE","Cholesteryl Esters in Medium LDL","PCa","1.142(95% CI:1.034-1.261; P=0.0088552365)","0.984(95% CI:0.964-1.004; P=0.1124339281)","1.178(95% CI:1.057-1.312; P=0.0030327478)","Adjusted","healthy_noncancer_control","Adjusted healthy_noncancer_control"
"M_LDL_FC","Free Cholesterol in Medium LDL","PCa","1.123(95% CI:1.02-1.237; P=0.0180590858)","1.002(95% CI:0.982-1.022; P=0.8743376576)","1.144(95% CI:1.028-1.273; P=0.0134502643)","Adjusted","healthy_noncancer_control","Adjusted healthy_noncancer_control"
"M_LDL_PL","Phospholipids in Medium LDL","PCa","1.131(95% CI:1.025-1.247; P=0.0140759525)","0.987(95% CI:0.967-1.007; P=0.1998140962)","1.164(95% CI:1.046-1.295; P=0.0054425137)","Adjusted","healthy_noncancer_control","Adjusted healthy_noncancer_control"
"M_LDL_TG","Triglycerides in Medium LDL","PCa","1.039(95% CI:0.939-1.15; P=0.4554614625)","0.954(95% CI:0.933-0.975; P=0.0000205671)","1.084(95% CI:0.973-1.208; P=0.1427559529)","Adjusted","healthy_noncancer_control","Adjusted healthy_noncancer_control"
"M_VLDL_C","Cholesterol in Medium VLDL","PCa","1.119(95% CI:1.015-1.233; P=0.0235949262)","1.001(95% CI:0.981-1.021; P=0.907415418)","1.152(95% CI:1.035-1.281; P=0.0096286361)","Adjusted","healthy_noncancer_control","Adjusted healthy_noncancer_control"
"M_VLDL_CE","Cholesteryl Esters in Medium VLDL","PCa","1.11(95% CI:1.009-1.222; P=0.0327278313)","1.008(95% CI:0.988-1.029; P=0.4281517552)","1.133(95% CI:1.019-1.261; P=0.0216027772)","Adjusted","healthy_noncancer_control","Adjusted healthy_noncancer_control"
"M_VLDL_FC","Free Cholesterol in Medium VLDL","PCa","1.116(95% CI:1.011-1.23; P=0.0286905179)","0.991(95% CI:0.971-1.011; P=0.3613058555)","1.158(95% CI:1.041-1.288; P=0.0070762036)","Adjusted","healthy_noncancer_control","Adjusted healthy_noncancer_control"
"M_VLDL_PL","Phospholipids in Medium VLDL","PCa","1.116(95% CI:1.01-1.232; P=0.0304010135)","0.984(95% CI:0.964-1.004; P=0.1212579055)","1.161(95% CI:1.042-1.292; P=0.0065679224)","Adjusted","healthy_noncancer_control","Adjusted healthy_noncancer_control"
"M_VLDL_TG","Triglycerides in Medium VLDL","PCa","1.084(95% CI:0.982-1.198; P=0.1105953344)","0.971(95% CI:0.951-0.991; P=0.0053042109)","1.136(95% CI:1.02-1.267; P=0.0209533369)","Adjusted","healthy_noncancer_control","Adjusted healthy_noncancer_control"
"MUFA","Monounsaturated Fatty Acids","PCa","1.048(95% CI:0.944-1.164; P=0.3754690729)","0.952(95% CI:0.932-0.972; P=0.0000058106)","1.097(95% CI:0.981-1.227; P=0.1057343167)","Adjusted","healthy_noncancer_control","Adjusted healthy_noncancer_control"
"non_HDL_C","Total Cholesterol Minus HDL-C","PCa","1.127(95% CI:1.019-1.246; P=0.0196190063)","0.998(95% CI:0.978-1.018; P=0.8600557739)","1.161(95% CI:1.041-1.295; P=0.0072034084)","Adjusted","healthy_noncancer_control","Adjusted healthy_noncancer_control"
"Omega_3","Omega-3 Fatty Acids","PCa","0.98(95% CI:0.887-1.082; P=0.6857107769)","1.042(95% CI:1.021-1.063; P=0.0000487117)","1.031(95% CI:0.926-1.148; P=0.5775985364)","Adjusted","healthy_noncancer_control","Adjusted healthy_noncancer_control"
"Omega_6","Omega-6 Fatty Acids","PCa","1.125(95% CI:1.015-1.246; P=0.0241921188)","0.979(95% CI:0.959-0.999; P=0.0354049046)","1.166(95% CI:1.046-1.301; P=0.0058093159)","Adjusted","healthy_noncancer_control","Adjusted healthy_noncancer_control"
"Phe","Phenylalanine","PCa","0.944(95% CI:0.845-1.054; P=0.3069519952)","0.992(95% CI:0.972-1.012; P=0.4246236581)","0.965(95% CI:0.863-1.079; P=0.531815768)","Adjusted","healthy_noncancer_control","Adjusted healthy_noncancer_control"
"Phosphatidylc","Phosphatidylcholines","PCa","1.039(95% CI:0.938-1.152; P=0.462460547)","0.982(95% CI:0.962-1.003; P=0.0919303278)","1.078(95% CI:0.967-1.201; P=0.175541381)","Adjusted","healthy_noncancer_control","Adjusted healthy_noncancer_control"
"Phosphoglyc","Phosphoglycerides","PCa","1.044(95% CI:0.942-1.157; P=0.4125586744)","0.979(95% CI:0.959-1; P=0.0471654066)","1.086(95% CI:0.975-1.21; P=0.1346689451)","Adjusted","healthy_noncancer_control","Adjusted healthy_noncancer_control"
"PUFA","Polyunsaturated Fatty Acids","PCa","1.096(95% CI:0.988-1.215; P=0.0835405588)","0.993(95% CI:0.973-1.013; P=0.4712255958)","1.147(95% CI:1.028-1.279; P=0.0138216325)","Adjusted","healthy_noncancer_control","Adjusted healthy_noncancer_control"
"Pyruvate","Pyruvate","PCa","0.879(95% CI:0.792-0.975; P=0.014492013)","0.986(95% CI:0.966-1.007; P=0.1860844715)","0.892(95% CI:0.794-1.001; P=0.0523930508)","Adjusted","healthy_noncancer_control","Adjusted healthy_noncancer_control"
"Remnant_C","Remnant Cholesterol (Non-HDL and Non-LDL -Cholesterol)","PCa","1.111(95% CI:1.005-1.228; P=0.0392735923)","0.995(95% CI:0.975-1.015; P=0.5952623373)","1.152(95% CI:1.033-1.283; P=0.0106080716)","Adjusted","healthy_noncancer_control","Adjusted healthy_noncancer_control"
"S_HDL_C","Cholesterol in Small HDL","PCa","1.111(95% CI:1.004-1.23; P=0.0407912385)","0.988(95% CI:0.967-1.008; P=0.2411777503)","1.118(95% CI:1-1.249; P=0.0494472152)","Adjusted","healthy_noncancer_control","Adjusted healthy_noncancer_control"
"S_HDL_CE","Cholesteryl Esters in Small HDL","PCa","1.11(95% CI:1.003-1.229; P=0.042743423)","0.992(95% CI:0.971-1.013; P=0.4386660668)","1.105(95% CI:0.988-1.235; P=0.0811409686)","Adjusted","healthy_noncancer_control","Adjusted healthy_noncancer_control"
"S_HDL_FC","Free Cholesterol in Small HDL","PCa","1.078(95% CI:0.975-1.193; P=0.1439721328)","0.976(95% CI:0.956-0.997; P=0.0266960945)","1.114(95% CI:1-1.242; P=0.0503519892)","Adjusted","healthy_noncancer_control","Adjusted healthy_noncancer_control"
"S_HDL_PL","Phospholipids in Small HDL","PCa","1.054(95% CI:0.952-1.168; P=0.30968892)","0.974(95% CI:0.953-0.994; P=0.0134102219)","1.077(95% CI:0.963-1.205; P=0.1919931003)","Adjusted","healthy_noncancer_control","Adjusted healthy_noncancer_control"
"S_HDL_TG","Triglycerides in Small HDL","PCa","1.032(95% CI:0.933-1.143; P=0.5394769798)","0.955(95% CI:0.935-0.976; P=0.0000317412)","1.076(95% CI:0.963-1.202; P=0.1936743688)","Adjusted","healthy_noncancer_control","Adjusted healthy_noncancer_control"
"S_LDL_C","Cholesterol in Small LDL","PCa","1.133(95% CI:1.028-1.249; P=0.0120615827)","0.988(95% CI:0.969-1.009; P=0.2573106854)","1.165(95% CI:1.047-1.296; P=0.0052225938)","Adjusted","healthy_noncancer_control","Adjusted healthy_noncancer_control"
"S_LDL_CE","Cholesteryl Esters in Small LDL","PCa","1.131(95% CI:1.025-1.247; P=0.0139581318)","0.981(95% CI:0.961-1.001; P=0.0632567719)","1.167(95% CI:1.048-1.298; P=0.0047461616)","Adjusted","healthy_noncancer_control","Adjusted healthy_noncancer_control"
"S_LDL_FC","Free Cholesterol in Small LDL","PCa","1.119(95% CI:1.017-1.232; P=0.0215893452)","1.008(95% CI:0.988-1.029; P=0.4408188313)","1.135(95% CI:1.02-1.264; P=0.0203296432)","Adjusted","healthy_noncancer_control","Adjusted healthy_noncancer_control"
"S_LDL_PL","Phospholipids in Small LDL","PCa","1.113(95% CI:1.01-1.226; P=0.0303598393)","0.994(95% CI:0.975-1.014; P=0.5761294128)","1.144(95% CI:1.028-1.272; P=0.0132170652)","Adjusted","healthy_noncancer_control","Adjusted healthy_noncancer_control"
"S_LDL_TG","Triglycerides in Small LDL","PCa","1.041(95% CI:0.941-1.152; P=0.4351666678)","0.953(95% CI:0.932-0.974; P=0.000015973)","1.086(95% CI:0.974-1.21; P=0.135578757)","Adjusted","healthy_noncancer_control","Adjusted healthy_noncancer_control"
"S_VLDL_C","Cholesterol in Small VLDL","PCa","1.111(95% CI:1.007-1.226; P=0.0363711727)","0.991(95% CI:0.971-1.011; P=0.3736348436)","1.153(95% CI:1.036-1.283; P=0.0091099809)","Adjusted","healthy_noncancer_control","Adjusted healthy_noncancer_control"
"S_VLDL_CE","Cholesteryl Esters in Small VLDL","PCa","1.104(95% CI:1.001-1.218; P=0.0482002594)","0.989(95% CI:0.969-1.009; P=0.2672205265)","1.147(95% CI:1.031-1.276; P=0.0119425978)","Adjusted","healthy_noncancer_control","Adjusted healthy_noncancer_control"
"S_VLDL_FC","Free Cholesterol in Small VLDL","PCa","1.116(95% CI:1.013-1.231; P=0.0269334009)","0.994(95% CI:0.974-1.014; P=0.5334457712)","1.155(95% CI:1.039-1.285; P=0.0078137866)","Adjusted","healthy_noncancer_control","Adjusted healthy_noncancer_control"
"S_VLDL_PL","Phospholipids in Small VLDL","PCa","1.108(95% CI:1.004-1.223; P=0.0423617736)","0.986(95% CI:0.966-1.006; P=0.1606812858)","1.154(95% CI:1.037-1.284; P=0.0086186906)","Adjusted","healthy_noncancer_control","Adjusted healthy_noncancer_control"
"S_VLDL_TG","Triglycerides in Small VLDL","PCa","1.048(95% CI:0.948-1.158; P=0.3636797297)","0.969(95% CI:0.949-0.99; P=0.0036490723)","1.101(95% CI:0.987-1.227; P=0.0845091139)","Adjusted","healthy_noncancer_control","Adjusted healthy_noncancer_control"
"SFA","Saturated Fatty Acids","PCa","1.05(95% CI:0.947-1.165; P=0.3555164188)","0.964(95% CI:0.944-0.984; P=0.0005775814)","1.104(95% CI:0.989-1.233; P=0.0783792755)","Adjusted","healthy_noncancer_control","Adjusted healthy_noncancer_control"
"Sphingomyelins","Sphingomyelins","PCa","1.073(95% CI:0.973-1.182; P=0.1577321767)","1.008(95% CI:0.988-1.029; P=0.4237024035)","1.103(95% CI:0.993-1.226; P=0.0677989731)","Adjusted","healthy_noncancer_control","Adjusted healthy_noncancer_control"
"Total_C","Total Cholesterol","PCa","1.11(95% CI:1.005-1.226; P=0.0401346758)","1(95% CI:0.98-1.021; P=0.9941020118)","1.139(95% CI:1.023-1.269; P=0.017609867)","Adjusted","healthy_noncancer_control","Adjusted healthy_noncancer_control"
"Total_CE","Total Esterified Cholesterol","PCa","1.109(95% CI:1.004-1.224; P=0.0415133172)","1.001(95% CI:0.981-1.022; P=0.9249641283)","1.136(95% CI:1.02-1.265; P=0.0204690853)","Adjusted","healthy_noncancer_control","Adjusted healthy_noncancer_control"
"Total_FA","Total Fatty Acids","PCa","1.066(95% CI:0.96-1.183; P=0.2345057943)","0.967(95% CI:0.947-0.987; P=0.0016156986)","1.12(95% CI:1.003-1.251; P=0.0445218814)","Adjusted","healthy_noncancer_control","Adjusted healthy_noncancer_control"
"Total_FC","Total Free Cholesterol","PCa","1.106(95% CI:1.001-1.221; P=0.0466594071)","0.995(95% CI:0.976-1.016; P=0.6555910845)","1.141(95% CI:1.025-1.27; P=0.0160021602)","Adjusted","healthy_noncancer_control","Adjusted healthy_noncancer_control"
"Total_L","Total Lipids in Lipoprotein Particles","PCa","1.095(95% CI:0.989-1.212; P=0.0816065492)","0.982(95% CI:0.962-1.002; P=0.0717666074)","1.141(95% CI:1.024-1.272; P=0.0173293087)","Adjusted","healthy_noncancer_control","Adjusted healthy_noncancer_control"
"Total_PL","Total Phospholipids in Lipoprotein Particles","PCa","1.071(95% CI:0.968-1.185; P=0.1841318604)","0.984(95% CI:0.964-1.004; P=0.1130608765)","1.11(95% CI:0.997-1.236; P=0.0578245702)","Adjusted","healthy_noncancer_control","Adjusted healthy_noncancer_control"
"Total_TG","Total Triglycerides","PCa","1.049(95% CI:0.946-1.163; P=0.3605361834)","0.962(95% CI:0.942-0.983; P=0.0003604557)","1.103(95% CI:0.986-1.234; P=0.0867631551)","Adjusted","healthy_noncancer_control","Adjusted healthy_noncancer_control"
"Tyr","Tyrosine","PCa","0.962(95% CI:0.871-1.063; P=0.4493843821)","0.952(95% CI:0.932-0.972; P=0.0000036016)","0.96(95% CI:0.86-1.073; P=0.4741263113)","Adjusted","healthy_noncancer_control","Adjusted healthy_noncancer_control"
"Unsaturation","Degree of Unsaturation","PCa","0.985(95% CI:0.894-1.086; P=0.7662047735)","1.079(95% CI:1.057-1.102; P=0)","0.981(95% CI:0.878-1.095; P=0.7301695093)","Adjusted","healthy_noncancer_control","Adjusted healthy_noncancer_control"
"Val","Valine","PCa","0.981(95% CI:0.887-1.086; P=0.713246263)","0.979(95% CI:0.958-1; P=0.0450260349)","0.991(95% CI:0.887-1.108; P=0.8791187063)","Adjusted","healthy_noncancer_control","Adjusted healthy_noncancer_control"
"VLDL_C","VLDL Cholesterol","PCa","1.108(95% CI:1.001-1.226; P=0.0470265485)","0.983(95% CI:0.963-1.003; P=0.0951745639)","1.156(95% CI:1.037-1.29; P=0.0091520251)","Adjusted","healthy_noncancer_control","Adjusted healthy_noncancer_control"
"VLDL_CE","Cholesteryl Esters in VLDL","PCa","1.11(95% CI:1.005-1.226; P=0.0397412638)","0.988(95% CI:0.969-1.008; P=0.2394474192)","1.154(95% CI:1.036-1.286; P=0.0092553451)","Adjusted","healthy_noncancer_control","Adjusted healthy_noncancer_control"
"VLDL_FC","Free Cholesterol in VLDL","PCa","1.096(95% CI:0.992-1.212; P=0.0724752863)","0.975(95% CI:0.955-0.995; P=0.0136764583)","1.145(95% CI:1.027-1.277; P=0.0143135341)","Adjusted","healthy_noncancer_control","Adjusted healthy_noncancer_control"
"VLDL_L","Total Lipids in VLDL","PCa","1.081(95% CI:0.975-1.199; P=0.1378382097)","0.97(95% CI:0.95-0.99; P=0.0037057573)","1.138(95% CI:1.018-1.273; P=0.0235861957)","Adjusted","healthy_noncancer_control","Adjusted healthy_noncancer_control"
"VLDL_PL","Phospholipids in VLDL","PCa","1.087(95% CI:0.982-1.203; P=0.1087852072)","0.97(95% CI:0.95-0.99; P=0.0040353209)","1.138(95% CI:1.02-1.27; P=0.0210343342)","Adjusted","healthy_noncancer_control","Adjusted healthy_noncancer_control"
"VLDL_TG","Triglycerides in VLDL","PCa","1.057(95% CI:0.954-1.171; P=0.2873285147)","0.964(95% CI:0.943-0.984; P=0.0005828132)","1.108(95% CI:0.991-1.24; P=0.0719083088)","Adjusted","healthy_noncancer_control","Adjusted healthy_noncancer_control"
"XL_HDL_C","Cholesterol in Very Large HDL","PCa","0.956(95% CI:0.866-1.055; P=0.3684193431)","1.02(95% CI:0.999-1.041; P=0.0606554549)","0.954(95% CI:0.855-1.064; P=0.3983588705)","Adjusted","healthy_noncancer_control","Adjusted healthy_noncancer_control"
"XL_HDL_CE","Cholesteryl Esters in Very Large HDL","PCa","0.956(95% CI:0.866-1.056; P=0.3749814429)","1.02(95% CI:1-1.041; P=0.054046553)","0.953(95% CI:0.853-1.064; P=0.3906317045)","Adjusted","healthy_noncancer_control","Adjusted healthy_noncancer_control"
"XL_HDL_FC","Free Cholesterol in Very Large HDL","PCa","0.954(95% CI:0.865-1.051; P=0.3362783942)","1.016(95% CI:0.995-1.036; P=0.1291720094)","0.956(95% CI:0.859-1.065; P=0.415231554)","Adjusted","healthy_noncancer_control","Adjusted healthy_noncancer_control"
"XL_HDL_PL","Phospholipids in Very Large HDL","PCa","0.93(95% CI:0.841-1.028; P=0.1558240513)","1.016(95% CI:0.996-1.037; P=0.1217382796)","0.927(95% CI:0.828-1.037; P=0.1835656283)","Adjusted","healthy_noncancer_control","Adjusted healthy_noncancer_control"
"XL_HDL_TG","Triglycerides in Very Large HDL","PCa","1.006(95% CI:0.909-1.113; P=0.907659665)","0.963(95% CI:0.943-0.984; P=0.0005071972)","1.054(95% CI:0.946-1.174; P=0.343688889)","Adjusted","healthy_noncancer_control","Adjusted healthy_noncancer_control"
"XL_VLDL_C","Cholesterol in Very Large VLDL","PCa","1.089(95% CI:0.986-1.204; P=0.0926823419)","0.964(95% CI:0.944-0.985; P=0.0007357153)","1.134(95% CI:1.018-1.264; P=0.0226006997)","Adjusted","healthy_noncancer_control","Adjusted healthy_noncancer_control"
"XL_VLDL_CE","Cholesteryl Esters in Very Large VLDL","PCa","1.108(95% CI:1.003-1.223; P=0.0433113779)","0.97(95% CI:0.95-0.99; P=0.0035889507)","1.152(95% CI:1.034-1.283; P=0.0101039202)","Adjusted","healthy_noncancer_control","Adjusted healthy_noncancer_control"
"XL_VLDL_FC","Free Cholesterol in Very Large VLDL","PCa","1.067(95% CI:0.966-1.179; P=0.2029773058)","0.96(95% CI:0.94-0.981; P=0.0001801047)","1.111(95% CI:0.996-1.238; P=0.0582589763)","Adjusted","healthy_noncancer_control","Adjusted healthy_noncancer_control"
"XL_VLDL_PL","Phospholipids in Very Large VLDL","PCa","1.063(95% CI:0.961-1.175; P=0.2360115552)","0.958(95% CI:0.937-0.979; P=0.0000868609)","1.106(95% CI:0.991-1.233; P=0.071767196)","Adjusted","healthy_noncancer_control","Adjusted healthy_noncancer_control"
"XL_VLDL_TG","Triglycerides in Very Large VLDL","PCa","1.05(95% CI:0.95-1.162; P=0.338777824)","0.957(95% CI:0.937-0.978; P=0.0000766173)","1.093(95% CI:0.978-1.22; P=0.1154788876)","Adjusted","healthy_noncancer_control","Adjusted healthy_noncancer_control"
"XS_VLDL_C","Cholesterol in Very Small VLDL","PCa","1.073(95% CI:0.973-1.182; P=0.1571338194)","1.002(95% CI:0.983-1.022; P=0.8221492648)","1.106(95% CI:0.996-1.229; P=0.0606081694)","Adjusted","healthy_noncancer_control","Adjusted healthy_noncancer_control"
"XS_VLDL_CE","Cholesteryl Esters in Very Small VLDL","PCa","1.073(95% CI:0.974-1.181; P=0.1538856495)","1.005(95% CI:0.986-1.026; P=0.5989714092)","1.103(95% CI:0.993-1.225; P=0.0684068242)","Adjusted","healthy_noncancer_control","Adjusted healthy_noncancer_control"
"XS_VLDL_FC","Free Cholesterol in Very Small VLDL","PCa","1.067(95% CI:0.968-1.177; P=0.193700843)","0.994(95% CI:0.974-1.014; P=0.5401546505)","1.106(95% CI:0.995-1.229; P=0.0614241869)","Adjusted","healthy_noncancer_control","Adjusted healthy_noncancer_control"
"XS_VLDL_PL","Phospholipids in Very Small VLDL","PCa","1.055(95% CI:0.955-1.165; P=0.2945365846)","0.986(95% CI:0.966-1.006; P=0.1664480824)","1.094(95% CI:0.984-1.217; P=0.0975768731)","Adjusted","healthy_noncancer_control","Adjusted healthy_noncancer_control"
"XS_VLDL_TG","Triglycerides in Very Small VLDL","PCa","1.021(95% CI:0.922-1.13; P=0.6880931313)","0.965(95% CI:0.944-0.986; P=0.0010569074)","1.067(95% CI:0.957-1.189; P=0.244043779)","Adjusted","healthy_noncancer_control","Adjusted healthy_noncancer_control"
"XXL_VLDL_C","Cholesterol in Chylomicrons and Extremely Large VLDL","PCa","1.042(95% CI:0.942-1.153; P=0.4262612456)","0.952(95% CI:0.931-0.973; P=0.0000088904)","1.08(95% CI:0.967-1.206; P=0.1701845194)","Adjusted","healthy_noncancer_control","Adjusted healthy_noncancer_control"
"XXL_VLDL_CE","Cholesteryl Esters in Chylomicrons and Extremely Large VLDL","PCa","1.053(95% CI:0.952-1.164; P=0.3142351043)","0.952(95% CI:0.932-0.973; P=0.0000098778)","1.092(95% CI:0.979-1.218; P=0.1142450066)","Adjusted","healthy_noncancer_control","Adjusted healthy_noncancer_control"
"XXL_VLDL_FC","Free Cholesterol in Chylomicrons and Extremely Large VLDL","PCa","1.026(95% CI:0.926-1.136; P=0.6254547409)","0.952(95% CI:0.931-0.973; P=0.0000098761)","1.062(95% CI:0.95-1.186; P=0.2898547918)","Adjusted","healthy_noncancer_control","Adjusted healthy_noncancer_control"
"XXL_VLDL_PL","Phospholipids in Chylomicrons and Extremely Large VLDL","PCa","1.02(95% CI:0.921-1.129; P=0.7062750002)","0.95(95% CI:0.93-0.971; P=0.0000056355)","1.055(95% CI:0.944-1.179; P=0.3474354803)","Adjusted","healthy_noncancer_control","Adjusted healthy_noncancer_control"
"XXL_VLDL_TG","Triglycerides in Chylomicrons and Extremely Large VLDL","PCa","1.026(95% CI:0.927-1.136; P=0.6186394826)","0.952(95% CI:0.932-0.973; P=0.0000116929)","1.06(95% CI:0.948-1.186; P=0.3092503545)","Adjusted","healthy_noncancer_control","Adjusted healthy_noncancer_control"
"Acetate","Acetate","PCa_after_70","1.061(95% CI:0.991-1.135; P=0.0893144498)","1(95% CI:0.964-1.037; P=0.9922231183)","1.048(95% CI:0.953-1.153; P=0.3314232156)","Adjusted","healthy_noncancer_control","Adjusted healthy_noncancer_control"
"Acetoacetate","Acetoacetate","PCa_after_70","0.981(95% CI:0.843-1.14; P=0.8000310811)","1.025(95% CI:0.996-1.056; P=0.0945671952)","0.882(95% CI:0.72-1.082; P=0.2284940653)","Adjusted","healthy_noncancer_control","Adjusted healthy_noncancer_control"
"Acetone","Acetone","PCa_after_70","0.916(95% CI:0.774-1.085; P=0.3115530007)","1.044(95% CI:1.013-1.076; P=0.0046998949)","0.915(95% CI:0.755-1.109; P=0.3659564641)","Adjusted","healthy_noncancer_control","Adjusted healthy_noncancer_control"
"Ala","Alanine","PCa_after_70","0.926(95% CI:0.808-1.06; P=0.2641324043)","0.966(95% CI:0.935-0.998; P=0.0369605364)","1.051(95% CI:0.886-1.247; P=0.5670800614)","Adjusted","healthy_noncancer_control","Adjusted healthy_noncancer_control"
"Albumin","Albumin","PCa_after_70","1.11(95% CI:0.961-1.283; P=0.1549727123)","0.998(95% CI:0.966-1.031; P=0.907352037)","1.149(95% CI:0.965-1.368; P=0.1180974832)","Adjusted","healthy_noncancer_control","Adjusted healthy_noncancer_control"
"ApoA1","Apolipoprotein A1","PCa_after_70","0.942(95% CI:0.822-1.08; P=0.3941590807)","1.019(95% CI:0.985-1.054; P=0.2698861506)","0.938(95% CI:0.791-1.112; P=0.4618936125)","Adjusted","healthy_noncancer_control","Adjusted healthy_noncancer_control"
"ApoB","Apolipoprotein B","PCa_after_70","1.033(95% CI:0.902-1.183; P=0.6357179335)","0.977(95% CI:0.946-1.008; P=0.1426358934)","1.087(95% CI:0.92-1.283; P=0.3271383076)","Adjusted","healthy_noncancer_control","Adjusted healthy_noncancer_control"
"bOHbutyrate","3-Hydroxybutyrate","PCa_after_70","0.954(95% CI:0.817-1.114; P=0.5510709779)","1.028(95% CI:0.999-1.059; P=0.0612513291)","1.001(95% CI:0.84-1.192; P=0.9920442773)","Adjusted","healthy_noncancer_control","Adjusted healthy_noncancer_control"
"Cholines","Total Cholines","PCa_after_70","0.955(95% CI:0.83-1.099; P=0.5177840071)","0.994(95% CI:0.962-1.027; P=0.7094347263)","1.006(95% CI:0.85-1.19; P=0.9473960351)","Adjusted","healthy_noncancer_control","Adjusted healthy_noncancer_control"
"Citrate","Citrate","PCa_after_70","0.871(95% CI:0.759-1; P=0.0494205336)","1.001(95% CI:0.969-1.034; P=0.9541060965)","0.915(95% CI:0.777-1.077; P=0.2846884376)","Adjusted","healthy_noncancer_control","Adjusted healthy_noncancer_control"
"Clinical_LDL_C","Clinical LDL Cholesterol","PCa_after_70","1.066(95% CI:0.933-1.22; P=0.3469102329)","0.991(95% CI:0.961-1.023; P=0.5803460962)","1.095(95% CI:0.927-1.293; P=0.2857944215)","Adjusted","healthy_noncancer_control","Adjusted healthy_noncancer_control"
"Creatinine","Creatinine","PCa_after_70","0.911(95% CI:0.801-1.035; P=0.1523619769)","1.027(95% CI:0.999-1.057; P=0.0617907346)","1.012(95% CI:0.862-1.188; P=0.885886524)","Adjusted","healthy_noncancer_control","Adjusted healthy_noncancer_control"
"DHA","Docosahexaenoic Acid","PCa_after_70","0.944(95% CI:0.828-1.077; P=0.3904009737)","1.045(95% CI:1.013-1.077; P=0.0054693397)","1.01(95% CI:0.859-1.187; P=0.9074650085)","Adjusted","healthy_noncancer_control","Adjusted healthy_noncancer_control"
"Gln","Glutamine","PCa_after_70","1.069(95% CI:0.933-1.224; P=0.3385822911)","1.001(95% CI:0.969-1.034; P=0.9581984566)","1.152(95% CI:0.972-1.366; P=0.1030695497)","Adjusted","healthy_noncancer_control","Adjusted healthy_noncancer_control"
"Glucose","Glucose","PCa_after_70","0.918(95% CI:0.801-1.052; P=0.2168843541)","0.969(95% CI:0.937-1.002; P=0.0613089148)","0.887(95% CI:0.744-1.057; P=0.1796151776)","Adjusted","healthy_noncancer_control","Adjusted healthy_noncancer_control"
"Gly","Glycine","PCa_after_70","0.918(95% CI:0.8-1.053; P=0.2197627737)","0.969(95% CI:0.937-1.002; P=0.0652491469)","1.065(95% CI:0.901-1.258; P=0.4610244027)","Adjusted","healthy_noncancer_control","Adjusted healthy_noncancer_control"
"GlycA","Glycoprotein Acetyls","PCa_after_70","1.035(95% CI:0.897-1.194; P=0.6380990196)","0.994(95% CI:0.96-1.028; P=0.7202947562)","1.134(95% CI:0.949-1.355; P=0.1657402026)","Adjusted","healthy_noncancer_control","Adjusted healthy_noncancer_control"
"HDL_C","HDL Cholesterol","PCa_after_70","0.952(95% CI:0.832-1.089; P=0.4717889663)","1.03(95% CI:0.996-1.065; P=0.0854982427)","0.921(95% CI:0.778-1.092; P=0.3436613198)","Adjusted","healthy_noncancer_control","Adjusted healthy_noncancer_control"
"HDL_CE","Cholesteryl Esters in HDL","PCa_after_70","0.959(95% CI:0.837-1.097; P=0.5402245405)","1.034(95% CI:0.999-1.069; P=0.0548684974)","0.922(95% CI:0.777-1.094; P=0.350382852)","Adjusted","healthy_noncancer_control","Adjusted healthy_noncancer_control"
"HDL_FC","Free Cholesterol in HDL","PCa_after_70","0.931(95% CI:0.814-1.064; P=0.2943549023)","1.015(95% CI:0.982-1.049; P=0.3750692019)","0.927(95% CI:0.785-1.094; P=0.3687471652)","Adjusted","healthy_noncancer_control","Adjusted healthy_noncancer_control"
"HDL_L","Total Lipids in HDL","PCa_after_70","0.933(95% CI:0.814-1.07; P=0.321718065)","1.022(95% CI:0.988-1.057; P=0.2053820808)","0.924(95% CI:0.78-1.095; P=0.3624025168)","Adjusted","healthy_noncancer_control","Adjusted healthy_noncancer_control"
"HDL_PL","Phospholipids in HDL","PCa_after_70","0.931(95% CI:0.811-1.069; P=0.3111609064)","1.021(95% CI:0.987-1.056; P=0.2262502525)","0.927(95% CI:0.782-1.101; P=0.3887496432)","Adjusted","healthy_noncancer_control","Adjusted healthy_noncancer_control"
"HDL_TG","Triglycerides in HDL","PCa_after_70","0.933(95% CI:0.801-1.086; P=0.3699443829)","0.964(95% CI:0.931-0.998; P=0.0394482873)","1.012(95% CI:0.846-1.212; P=0.8921967729)","Adjusted","healthy_noncancer_control","Adjusted healthy_noncancer_control"
"His","Histidine","PCa_after_70","1.018(95% CI:0.888-1.166; P=0.7992855685)","0.987(95% CI:0.955-1.02; P=0.4481784697)","1.048(95% CI:0.886-1.241; P=0.5828565934)","Adjusted","healthy_noncancer_control","Adjusted healthy_noncancer_control"
"IDL_C","Cholesterol in IDL","PCa_after_70","1.015(95% CI:0.89-1.158; P=0.8191883031)","0.995(95% CI:0.965-1.027; P=0.7674492094)","1.037(95% CI:0.881-1.221; P=0.6601279454)","Adjusted","healthy_noncancer_control","Adjusted healthy_noncancer_control"
"IDL_CE","Cholesteryl Esters in IDL","PCa_after_70","1.008(95% CI:0.883-1.151; P=0.9034508154)","0.994(95% CI:0.963-1.026; P=0.7156737783)","1.032(95% CI:0.877-1.215; P=0.7053965341)","Adjusted","healthy_noncancer_control","Adjusted healthy_noncancer_control"
"IDL_FC","Free Cholesterol in IDL","PCa_after_70","1.024(95% CI:0.899-1.166; P=0.7236438436)","0.994(95% CI:0.963-1.026; P=0.6940211119)","1.04(95% CI:0.884-1.224; P=0.6356500268)","Adjusted","healthy_noncancer_control","Adjusted healthy_noncancer_control"
"IDL_PL","Phospholipids in IDL","PCa_after_70","1.012(95% CI:0.887-1.155; P=0.8573258369)","0.989(95% CI:0.958-1.02; P=0.4742818972)","1.043(95% CI:0.885-1.228; P=0.6177162557)","Adjusted","healthy_noncancer_control","Adjusted healthy_noncancer_control"
"IDL_TG","Triglycerides in IDL","PCa_after_70","0.925(95% CI:0.793-1.079; P=0.3219369711)","0.955(95% CI:0.922-0.99; P=0.0111787243)","0.997(95% CI:0.833-1.193; P=0.97309353)","Adjusted","healthy_noncancer_control","Adjusted healthy_noncancer_control"
"Ile","Isoleucine","PCa_after_70","0.981(95% CI:0.856-1.124; P=0.7818519554)","1.013(95% CI:0.982-1.046; P=0.4136662175)","1.016(95% CI:0.856-1.206; P=0.8564578377)","Adjusted","healthy_noncancer_control","Adjusted healthy_noncancer_control"
"L_HDL_C","Cholesterol in Large HDL","PCa_after_70","0.925(95% CI:0.808-1.06; P=0.2611423923)","1.03(95% CI:0.997-1.064; P=0.0768690437)","0.888(95% CI:0.748-1.055; P=0.1766138932)","Adjusted","healthy_noncancer_control","Adjusted healthy_noncancer_control"
"L_HDL_CE","Cholesteryl Esters in Large HDL","PCa_after_70","0.927(95% CI:0.809-1.062; P=0.274175731)","1.031(95% CI:0.998-1.066; P=0.0643117416)","0.888(95% CI:0.746-1.055; P=0.1770570369)","Adjusted","healthy_noncancer_control","Adjusted healthy_noncancer_control"
"L_HDL_FC","Free Cholesterol in Large HDL","PCa_after_70","0.918(95% CI:0.803-1.05; P=0.2133130001)","1.021(95% CI:0.989-1.054; P=0.2040639492)","0.892(95% CI:0.752-1.058; P=0.188297936)","Adjusted","healthy_noncancer_control","Adjusted healthy_noncancer_control"
"L_HDL_PL","Phospholipids in Large HDL","PCa_after_70","0.913(95% CI:0.796-1.047; P=0.1909630291)","1.028(95% CI:0.995-1.062; P=0.1016477733)","0.889(95% CI:0.748-1.055; P=0.1778489075)","Adjusted","healthy_noncancer_control","Adjusted healthy_noncancer_control"
"L_HDL_TG","Triglycerides in Large HDL","PCa_after_70","0.892(95% CI:0.766-1.038; P=0.1385688486)","0.976(95% CI:0.943-1.009; P=0.1508985209)","0.961(95% CI:0.803-1.149; P=0.6600466119)","Adjusted","healthy_noncancer_control","Adjusted healthy_noncancer_control"
"L_LDL_C","Cholesterol in Large LDL","PCa_after_70","1.052(95% CI:0.921-1.202; P=0.4579455126)","0.987(95% CI:0.957-1.019; P=0.4368528711)","1.081(95% CI:0.916-1.276; P=0.3561217887)","Adjusted","healthy_noncancer_control","Adjusted healthy_noncancer_control"
"L_LDL_CE","Cholesteryl Esters in Large LDL","PCa_after_70","1.049(95% CI:0.918-1.199; P=0.4796034062)","0.985(95% CI:0.954-1.017; P=0.3514210675)","1.083(95% CI:0.918-1.279; P=0.3435668258)","Adjusted","healthy_noncancer_control","Adjusted healthy_noncancer_control"
"L_LDL_FC","Free Cholesterol in Large LDL","PCa_after_70","1.047(95% CI:0.917-1.194; P=0.4979565172)","0.989(95% CI:0.958-1.021; P=0.4925827296)","1.065(95% CI:0.902-1.256; P=0.45965043)","Adjusted","healthy_noncancer_control","Adjusted healthy_noncancer_control"
"L_LDL_PL","Phospholipids in Large LDL","PCa_after_70","1.045(95% CI:0.915-1.194; P=0.5150287868)","0.985(95% CI:0.954-1.017; P=0.3544873456)","1.076(95% CI:0.912-1.27; P=0.3857894326)","Adjusted","healthy_noncancer_control","Adjusted healthy_noncancer_control"
"L_LDL_TG","Triglycerides in Large LDL","PCa_after_70","0.936(95% CI:0.802-1.092; P=0.4009516043)","0.949(95% CI:0.915-0.983; P=0.0036556641)","1.003(95% CI:0.837-1.202; P=0.9749415033)","Adjusted","healthy_noncancer_control","Adjusted healthy_noncancer_control"
"L_VLDL_C","Cholesterol in Large VLDL","PCa_after_70","1.014(95% CI:0.878-1.171; P=0.8492872824)","0.962(95% CI:0.93-0.994; P=0.0225089719)","1.103(95% CI:0.929-1.31; P=0.2615711242)","Adjusted","healthy_noncancer_control","Adjusted healthy_noncancer_control"
"L_VLDL_CE","Cholesteryl Esters in Large VLDL","PCa_after_70","1.012(95% CI:0.877-1.167; P=0.8703508552)","0.967(95% CI:0.936-1; P=0.0482545943)","1.099(95% CI:0.928-1.303; P=0.2742745544)","Adjusted","healthy_noncancer_control","Adjusted healthy_noncancer_control"
"L_VLDL_FC","Free Cholesterol in Large VLDL","PCa_after_70","1.014(95% CI:0.876-1.174; P=0.8488493589)","0.956(95% CI:0.924-0.99; P=0.011087025)","1.1(95% CI:0.925-1.308; P=0.2818612392)","Adjusted","healthy_noncancer_control","Adjusted healthy_noncancer_control"
"L_VLDL_PL","Phospholipids in Large VLDL","PCa_after_70","1.009(95% CI:0.871-1.168; P=0.9039318593)","0.955(95% CI:0.923-0.989; P=0.0090687537)","1.096(95% CI:0.921-1.305; P=0.3002834562)","Adjusted","healthy_noncancer_control","Adjusted healthy_noncancer_control"
"L_VLDL_TG","Triglycerides in Large VLDL","PCa_after_70","1.025(95% CI:0.888-1.184; P=0.7356072343)","0.962(95% CI:0.929-0.995; P=0.0262199929)","1.112(95% CI:0.937-1.32; P=0.2251056998)","Adjusted","healthy_noncancer_control","Adjusted healthy_noncancer_control"
"LA","Linoleic Acid","PCa_after_70","1.016(95% CI:0.884-1.169; P=0.8185885322)","0.977(95% CI:0.947-1.009; P=0.1509057121)","1.066(95% CI:0.901-1.262; P=0.4547069862)","Adjusted","healthy_noncancer_control","Adjusted healthy_noncancer_control"
"Lactate","Lactate","PCa_after_70","0.892(95% CI:0.776-1.025; P=0.1073394033)","1.006(95% CI:0.974-1.04; P=0.7031955633)","0.92(95% CI:0.773-1.094; P=0.3453362547)","Adjusted","healthy_noncancer_control","Adjusted healthy_noncancer_control"
"LDL_C","LDL Cholesterol","PCa_after_70","1.061(95% CI:0.928-1.214; P=0.3865806241)","0.985(95% CI:0.954-1.016; P=0.3323647676)","1.099(95% CI:0.931-1.298; P=0.2643170958)","Adjusted","healthy_noncancer_control","Adjusted healthy_noncancer_control"
"LDL_CE","Cholesteryl Esters in LDL","PCa_after_70","1.059(95% CI:0.925-1.211; P=0.4076200941)","0.981(95% CI:0.95-1.013; P=0.2368016702)","1.104(95% CI:0.934-1.303; P=0.2460882963)","Adjusted","healthy_noncancer_control","Adjusted healthy_noncancer_control"
"LDL_FC","Free Cholesterol in LDL","PCa_after_70","1.056(95% CI:0.925-1.206; P=0.4210463082)","0.989(95% CI:0.958-1.021; P=0.4897237431)","1.076(95% CI:0.911-1.271; P=0.3892956761)","Adjusted","healthy_noncancer_control","Adjusted healthy_noncancer_control"
"LDL_L","Total Lipids in LDL","PCa_after_70","1.054(95% CI:0.921-1.206; P=0.447395812)","0.982(95% CI:0.951-1.013; P=0.2539689205)","1.096(95% CI:0.928-1.295; P=0.2787232554)","Adjusted","healthy_noncancer_control","Adjusted healthy_noncancer_control"
"LDL_PL","Phospholipids in LDL","PCa_after_70","1.049(95% CI:0.918-1.2; P=0.4804689845)","0.98(95% CI:0.95-1.012; P=0.2182180603)","1.088(95% CI:0.921-1.285; P=0.3211781392)","Adjusted","healthy_noncancer_control","Adjusted healthy_noncancer_control"
"LDL_TG","Triglycerides in LDL","PCa_after_70","0.943(95% CI:0.808-1.101; P=0.4608159258)","0.947(95% CI:0.913-0.981; P=0.0026487086)","1.017(95% CI:0.849-1.219; P=0.8524982013)","Adjusted","healthy_noncancer_control","Adjusted healthy_noncancer_control"
"Leu","Leucine","PCa_after_70","0.991(95% CI:0.866-1.134; P=0.8967049527)","1.004(95% CI:0.972-1.037; P=0.8072264004)","1.031(95% CI:0.873-1.218; P=0.7204762657)","Adjusted","healthy_noncancer_control","Adjusted healthy_noncancer_control"
"M_HDL_C","Cholesterol in Medium HDL","PCa_after_70","0.961(95% CI:0.838-1.101; P=0.5644013376)","1.032(95% CI:0.997-1.067; P=0.07344841)","0.934(95% CI:0.787-1.109; P=0.4373429389)","Adjusted","healthy_noncancer_control","Adjusted healthy_noncancer_control"
"M_HDL_CE","Cholesteryl Esters in Medium HDL","PCa_after_70","0.965(95% CI:0.842-1.107; P=0.6115731668)","1.034(95% CI:0.999-1.069; P=0.0557719372)","0.934(95% CI:0.786-1.11; P=0.4400466565)","Adjusted","healthy_noncancer_control","Adjusted healthy_noncancer_control"
"M_HDL_FC","Free Cholesterol in Medium HDL","PCa_after_70","0.943(95% CI:0.823-1.08; P=0.3950559668)","1.021(95% CI:0.987-1.056; P=0.2254882691)","0.938(95% CI:0.792-1.112; P=0.4618209963)","Adjusted","healthy_noncancer_control","Adjusted healthy_noncancer_control"
"M_HDL_PL","Phospholipids in Medium HDL","PCa_after_70","0.947(95% CI:0.824-1.09; P=0.4498887859)","1.019(95% CI:0.985-1.055; P=0.2776791572)","0.948(95% CI:0.796-1.129; P=0.5503285308)","Adjusted","healthy_noncancer_control","Adjusted healthy_noncancer_control"
"M_HDL_TG","Triglycerides in Medium HDL","PCa_after_70","0.939(95% CI:0.807-1.092; P=0.4120027274)","0.969(95% CI:0.936-1.003; P=0.0744603011)","1.01(95% CI:0.844-1.208; P=0.9169446814)","Adjusted","healthy_noncancer_control","Adjusted healthy_noncancer_control"
"M_LDL_C","Cholesterol in Medium LDL","PCa_after_70","1.071(95% CI:0.935-1.227; P=0.3213459291)","0.975(95% CI:0.944-1.007; P=0.1261138751)","1.125(95% CI:0.951-1.33; P=0.1708503658)","Adjusted","healthy_noncancer_control","Adjusted healthy_noncancer_control"
"M_LDL_CE","Cholesteryl Esters in Medium LDL","PCa_after_70","1.072(95% CI:0.934-1.229; P=0.3236315208)","0.971(95% CI:0.94-1.003; P=0.0763139784)","1.133(95% CI:0.957-1.342; P=0.1465772163)","Adjusted","healthy_noncancer_control","Adjusted healthy_noncancer_control"
"M_LDL_FC","Free Cholesterol in Medium LDL","PCa_after_70","1.06(95% CI:0.927-1.211; P=0.3939134004)","0.984(95% CI:0.953-1.017; P=0.3344546654)","1.086(95% CI:0.918-1.284; P=0.3365027769)","Adjusted","healthy_noncancer_control","Adjusted healthy_noncancer_control"
"M_LDL_PL","Phospholipids in Medium LDL","PCa_after_70","1.052(95% CI:0.919-1.205; P=0.4627603945)","0.971(95% CI:0.94-1.003; P=0.0741001688)","1.101(95% CI:0.931-1.302; P=0.261231877)","Adjusted","healthy_noncancer_control","Adjusted healthy_noncancer_control"
"M_LDL_TG","Triglycerides in Medium LDL","PCa_after_70","0.953(95% CI:0.817-1.113; P=0.5459957195)","0.943(95% CI:0.909-0.977; P=0.0013958337)","1.03(95% CI:0.86-1.234; P=0.7453188581)","Adjusted","healthy_noncancer_control","Adjusted healthy_noncancer_control"
"M_VLDL_C","Cholesterol in Medium VLDL","PCa_after_70","1.033(95% CI:0.903-1.181; P=0.6392833872)","0.985(95% CI:0.954-1.017; P=0.3427996403)","1.078(95% CI:0.913-1.274; P=0.3745948694)","Adjusted","healthy_noncancer_control","Adjusted healthy_noncancer_control"
"M_VLDL_CE","Cholesteryl Esters in Medium VLDL","PCa_after_70","1.035(95% CI:0.906-1.182; P=0.613346438)","0.991(95% CI:0.96-1.023; P=0.5880026481)","1.063(95% CI:0.899-1.256; P=0.4759975825)","Adjusted","healthy_noncancer_control","Adjusted healthy_noncancer_control"
"M_VLDL_FC","Free Cholesterol in Medium VLDL","PCa_after_70","1.023(95% CI:0.891-1.174; P=0.7484810915)","0.976(95% CI:0.945-1.008; P=0.1333134871)","1.088(95% CI:0.92-1.287; P=0.3224422121)","Adjusted","healthy_noncancer_control","Adjusted healthy_noncancer_control"
"M_VLDL_PL","Phospholipids in Medium VLDL","PCa_after_70","1.023(95% CI:0.89-1.176; P=0.7506256478)","0.97(95% CI:0.939-1.002; P=0.0689603675)","1.095(95% CI:0.925-1.296; P=0.2910387022)","Adjusted","healthy_noncancer_control","Adjusted healthy_noncancer_control"
"M_VLDL_TG","Triglycerides in Medium VLDL","PCa_after_70","1.022(95% CI:0.886-1.178; P=0.7680330266)","0.966(95% CI:0.934-1; P=0.0484660023)","1.119(95% CI:0.945-1.326; P=0.1935237103)","Adjusted","healthy_noncancer_control","Adjusted healthy_noncancer_control"
"MUFA","Monounsaturated Fatty Acids","PCa_after_70","0.973(95% CI:0.837-1.131; P=0.7201427033)","0.957(95% CI:0.924-0.99; P=0.0118081703)","1.062(95% CI:0.889-1.269; P=0.5092926615)","Adjusted","healthy_noncancer_control","Adjusted healthy_noncancer_control"
"non_HDL_C","Total Cholesterol Minus HDL-C","PCa_after_70","1.043(95% CI:0.911-1.194; P=0.5404678806)","0.984(95% CI:0.954-1.015; P=0.3162210655)","1.091(95% CI:0.925-1.288; P=0.300937454)","Adjusted","healthy_noncancer_control","Adjusted healthy_noncancer_control"
"Omega_3","Omega-3 Fatty Acids","PCa_after_70","0.929(95% CI:0.809-1.066; P=0.2938247771)","1.03(95% CI:0.998-1.063; P=0.0636949141)","1.013(95% CI:0.857-1.196; P=0.8825643736)","Adjusted","healthy_noncancer_control","Adjusted healthy_noncancer_control"
"Omega_6","Omega-6 Fatty Acids","PCa_after_70","1.014(95% CI:0.879-1.17; P=0.8437919355)","0.984(95% CI:0.953-1.016; P=0.3236854171)","1.079(95% CI:0.909-1.28; P=0.3868416184)","Adjusted","healthy_noncancer_control","Adjusted healthy_noncancer_control"
"Phe","Phenylalanine","PCa_after_70","1.006(95% CI:0.874-1.158; P=0.9334672917)","1.007(95% CI:0.975-1.04; P=0.669307279)","1.069(95% CI:0.903-1.266; P=0.4365851199)","Adjusted","healthy_noncancer_control","Adjusted healthy_noncancer_control"
"Phosphatidylc","Phosphatidylcholines","PCa_after_70","0.938(95% CI:0.813-1.084; P=0.3863948895)","0.993(95% CI:0.961-1.026; P=0.6872342685)","0.987(95% CI:0.833-1.17; P=0.8810220542)","Adjusted","healthy_noncancer_control","Adjusted healthy_noncancer_control"
"Phosphoglyc","Phosphoglycerides","PCa_after_70","0.946(95% CI:0.82-1.093; P=0.4530966725)","0.991(95% CI:0.959-1.025; P=0.6026524993)","1.005(95% CI:0.848-1.193; P=0.950177352)","Adjusted","healthy_noncancer_control","Adjusted healthy_noncancer_control"
"PUFA","Polyunsaturated Fatty Acids","PCa_after_70","0.985(95% CI:0.852-1.139; P=0.838888557)","0.994(95% CI:0.962-1.026; P=0.7003981148)","1.069(95% CI:0.9-1.269; P=0.4484454836)","Adjusted","healthy_noncancer_control","Adjusted healthy_noncancer_control"
"Pyruvate","Pyruvate","PCa_after_70","0.84(95% CI:0.724-0.974; P=0.0208473041)","0.978(95% CI:0.945-1.012; P=0.2010368576)","0.842(95% CI:0.697-1.016; P=0.073466237)","Adjusted","healthy_noncancer_control","Adjusted healthy_noncancer_control"
"Remnant_C","Remnant Cholesterol (Non-HDL and Non-LDL -Cholesterol)","PCa_after_70","1.018(95% CI:0.889-1.167; P=0.7937341383)","0.982(95% CI:0.952-1.013; P=0.2468798937)","1.076(95% CI:0.912-1.27; P=0.3842344392)","Adjusted","healthy_noncancer_control","Adjusted healthy_noncancer_control"
"S_HDL_C","Cholesterol in Small HDL","PCa_after_70","1.072(95% CI:0.931-1.235; P=0.3346254239)","1.008(95% CI:0.975-1.042; P=0.6442551391)","1.082(95% CI:0.906-1.293; P=0.3857955104)","Adjusted","healthy_noncancer_control","Adjusted healthy_noncancer_control"
"S_HDL_CE","Cholesteryl Esters in Small HDL","PCa_after_70","1.096(95% CI:0.95-1.263; P=0.2097612564)","1.014(95% CI:0.98-1.048; P=0.4245555697)","1.089(95% CI:0.909-1.305; P=0.3528510931)","Adjusted","healthy_noncancer_control","Adjusted healthy_noncancer_control"
"S_HDL_FC","Free Cholesterol in Small HDL","PCa_after_70","0.994(95% CI:0.863-1.146; P=0.9354949007)","0.989(95% CI:0.956-1.022; P=0.5067572099)","1.045(95% CI:0.88-1.241; P=0.6176614162)","Adjusted","healthy_noncancer_control","Adjusted healthy_noncancer_control"
"S_HDL_PL","Phospholipids in Small HDL","PCa_after_70","1.003(95% CI:0.869-1.158; P=0.9666418571)","1.004(95% CI:0.97-1.038; P=0.8350629817)","1.037(95% CI:0.869-1.239; P=0.6855278639)","Adjusted","healthy_noncancer_control","Adjusted healthy_noncancer_control"
"S_HDL_TG","Triglycerides in Small HDL","PCa_after_70","0.968(95% CI:0.833-1.124; P=0.6662794759)","0.956(95% CI:0.923-0.99; P=0.012583052)","1.047(95% CI:0.876-1.251; P=0.615766707)","Adjusted","healthy_noncancer_control","Adjusted healthy_noncancer_control"
"S_LDL_C","Cholesterol in Small LDL","PCa_after_70","1.061(95% CI:0.927-1.213; P=0.3925156562)","0.972(95% CI:0.941-1.004; P=0.0863332336)","1.108(95% CI:0.937-1.309; P=0.2315471216)","Adjusted","healthy_noncancer_control","Adjusted healthy_noncancer_control"
"S_LDL_CE","Cholesteryl Esters in Small LDL","PCa_after_70","1.056(95% CI:0.921-1.21; P=0.43696574)","0.967(95% CI:0.936-0.999; P=0.0447536236)","1.113(95% CI:0.94-1.316; P=0.2133852611)","Adjusted","healthy_noncancer_control","Adjusted healthy_noncancer_control"
"S_LDL_FC","Free Cholesterol in Small LDL","PCa_after_70","1.063(95% CI:0.931-1.214; P=0.3643890533)","0.986(95% CI:0.955-1.018; P=0.3931506006)","1.08(95% CI:0.912-1.278; P=0.3730223279)","Adjusted","healthy_noncancer_control","Adjusted healthy_noncancer_control"
"S_LDL_PL","Phospholipids in Small LDL","PCa_after_70","1.038(95% CI:0.908-1.186; P=0.5892855165)","0.971(95% CI:0.94-1.003; P=0.0750265282)","1.075(95% CI:0.911-1.27; P=0.3916496826)","Adjusted","healthy_noncancer_control","Adjusted healthy_noncancer_control"
"S_LDL_TG","Triglycerides in Small LDL","PCa_after_70","0.969(95% CI:0.83-1.13; P=0.6862028523)","0.945(95% CI:0.911-0.98; P=0.0023630142)","1.053(95% CI:0.88-1.259; P=0.575881088)","Adjusted","healthy_noncancer_control","Adjusted healthy_noncancer_control"
"S_VLDL_C","Cholesterol in Small VLDL","PCa_after_70","1.02(95% CI:0.889-1.171; P=0.7789773545)","0.975(95% CI:0.944-1.007; P=0.1217562747)","1.087(95% CI:0.92-1.286; P=0.3264566225)","Adjusted","healthy_noncancer_control","Adjusted healthy_noncancer_control"
"S_VLDL_CE","Cholesteryl Esters in Small VLDL","PCa_after_70","1.015(95% CI:0.884-1.166; P=0.8312622901)","0.973(95% CI:0.942-1.005; P=0.0953767929)","1.085(95% CI:0.918-1.284; P=0.3382051399)","Adjusted","healthy_noncancer_control","Adjusted healthy_noncancer_control"
"S_VLDL_FC","Free Cholesterol in Small VLDL","PCa_after_70","1.025(95% CI:0.895-1.176; P=0.7180774526)","0.977(95% CI:0.946-1.009; P=0.1611426922)","1.084(95% CI:0.917-1.281; P=0.3438286506)","Adjusted","healthy_noncancer_control","Adjusted healthy_noncancer_control"
"S_VLDL_PL","Phospholipids in Small VLDL","PCa_after_70","1.011(95% CI:0.88-1.163; P=0.8755517766)","0.971(95% CI:0.94-1.003; P=0.0743518552)","1.085(95% CI:0.917-1.283; P=0.3425987153)","Adjusted","healthy_noncancer_control","Adjusted healthy_noncancer_control"
"S_VLDL_TG","Triglycerides in Small VLDL","PCa_after_70","0.968(95% CI:0.836-1.122; P=0.666648038)","0.966(95% CI:0.933-1; P=0.0492002159)","1.064(95% CI:0.894-1.266; P=0.4861529014)","Adjusted","healthy_noncancer_control","Adjusted healthy_noncancer_control"
"SFA","Saturated Fatty Acids","PCa_after_70","0.968(95% CI:0.834-1.124; P=0.6707743466)","0.967(95% CI:0.935-1; P=0.0516393471)","1.061(95% CI:0.89-1.265; P=0.5063829335)","Adjusted","healthy_noncancer_control","Adjusted healthy_noncancer_control"
"Sphingomyelins","Sphingomyelins","PCa_after_70","0.994(95% CI:0.871-1.136; P=0.933889184)","1.003(95% CI:0.972-1.036; P=0.8501235636)","1.03(95% CI:0.875-1.213; P=0.7199662698)","Adjusted","healthy_noncancer_control","Adjusted healthy_noncancer_control"
"Total_C","Total Cholesterol","PCa_after_70","1.023(95% CI:0.895-1.169; P=0.7387738056)","0.992(95% CI:0.961-1.024; P=0.6219776825)","1.058(95% CI:0.898-1.246; P=0.5030939757)","Adjusted","healthy_noncancer_control","Adjusted healthy_noncancer_control"
"Total_CE","Total Esterified Cholesterol","PCa_after_70","1.025(95% CI:0.897-1.171; P=0.7202700533)","0.994(95% CI:0.963-1.026; P=0.7211031557)","1.055(95% CI:0.895-1.243; P=0.5230663676)","Adjusted","healthy_noncancer_control","Adjusted healthy_noncancer_control"
"Total_FA","Total Fatty Acids","PCa_after_70","0.972(95% CI:0.837-1.129; P=0.7130202822)","0.97(95% CI:0.938-1.003; P=0.0780160906)","1.068(95% CI:0.896-1.272; P=0.4642334555)","Adjusted","healthy_noncancer_control","Adjusted healthy_noncancer_control"
"Total_FC","Total Free Cholesterol","PCa_after_70","1.015(95% CI:0.887-1.162; P=0.8261676149)","0.984(95% CI:0.954-1.016; P=0.316674972)","1.06(95% CI:0.899-1.25; P=0.4861913238)","Adjusted","healthy_noncancer_control","Adjusted healthy_noncancer_control"
"Total_L","Total Lipids in Lipoprotein Particles","PCa_after_70","0.997(95% CI:0.867-1.147; P=0.9695851617)","0.977(95% CI:0.947-1.009; P=0.1605622796)","1.065(95% CI:0.901-1.26; P=0.4593465728)","Adjusted","healthy_noncancer_control","Adjusted healthy_noncancer_control"
"Total_PL","Total Phospholipids in Lipoprotein Particles","PCa_after_70","0.975(95% CI:0.849-1.121; P=0.7231459278)","0.988(95% CI:0.956-1.02; P=0.453591225)","1.026(95% CI:0.868-1.212; P=0.7654946064)","Adjusted","healthy_noncancer_control","Adjusted healthy_noncancer_control"
"Total_TG","Total Triglycerides","PCa_after_70","0.987(95% CI:0.852-1.145; P=0.8672472142)","0.96(95% CI:0.928-0.994; P=0.0201057672)","1.089(95% CI:0.912-1.299; P=0.345234381)","Adjusted","healthy_noncancer_control","Adjusted healthy_noncancer_control"
"Tyr","Tyrosine","PCa_after_70","0.966(95% CI:0.841-1.109; P=0.6234323997)","0.954(95% CI:0.924-0.986; P=0.0051031927)","0.957(95% CI:0.806-1.137; P=0.6198790701)","Adjusted","healthy_noncancer_control","Adjusted healthy_noncancer_control"
"Unsaturation","Degree of Unsaturation","PCa_after_70","0.978(95% CI:0.856-1.117; P=0.7425635503)","1.068(95% CI:1.034-1.104; P=0.0000856401)","0.965(95% CI:0.813-1.145; P=0.682871103)","Adjusted","healthy_noncancer_control","Adjusted healthy_noncancer_control"
"Val","Valine","PCa_after_70","0.972(95% CI:0.844-1.12; P=0.6988952181)","0.993(95% CI:0.96-1.027; P=0.669940524)","0.984(95% CI:0.825-1.174; P=0.8574611105)","Adjusted","healthy_noncancer_control","Adjusted healthy_noncancer_control"
"VLDL_C","VLDL Cholesterol","PCa_after_70","1.018(95% CI:0.885-1.171; P=0.8000930147)","0.97(95% CI:0.94-1.002; P=0.0645495606)","1.1(95% CI:0.929-1.302; P=0.2707319207)","Adjusted","healthy_noncancer_control","Adjusted healthy_noncancer_control"
"VLDL_CE","Cholesteryl Esters in VLDL","PCa_after_70","1.02(95% CI:0.889-1.171; P=0.7755847539)","0.974(95% CI:0.944-1.006; P=0.1064173869)","1.092(95% CI:0.923-1.291; P=0.3039846074)","Adjusted","healthy_noncancer_control","Adjusted healthy_noncancer_control"
"VLDL_FC","Free Cholesterol in VLDL","PCa_after_70","1.012(95% CI:0.877-1.168; P=0.8686469733)","0.963(95% CI:0.932-0.995; P=0.0256623119)","1.097(95% CI:0.925-1.302; P=0.2869336239)","Adjusted","healthy_noncancer_control","Adjusted healthy_noncancer_control"
"VLDL_L","Total Lipids in VLDL","PCa_after_70","1.007(95% CI:0.871-1.164; P=0.9284128549)","0.963(95% CI:0.932-0.996; P=0.0263044989)","1.109(95% CI:0.933-1.32; P=0.2411147035)","Adjusted","healthy_noncancer_control","Adjusted healthy_noncancer_control"
"VLDL_PL","Phospholipids in VLDL","PCa_after_70","1.005(95% CI:0.87-1.162; P=0.9434412934)","0.96(95% CI:0.929-0.992; P=0.0161131151)","1.096(95% CI:0.922-1.302; P=0.2973803577)","Adjusted","healthy_noncancer_control","Adjusted healthy_noncancer_control"
"VLDL_TG","Triglycerides in VLDL","PCa_after_70","1.004(95% CI:0.868-1.161; P=0.958611138)","0.961(95% CI:0.929-0.995; P=0.0240174179)","1.101(95% CI:0.924-1.311; P=0.2821633604)","Adjusted","healthy_noncancer_control","Adjusted healthy_noncancer_control"
"XL_HDL_C","Cholesterol in Very Large HDL","PCa_after_70","0.935(95% CI:0.82-1.066; P=0.3150410671)","1.012(95% CI:0.98-1.044; P=0.4663712499)","0.915(95% CI:0.774-1.08; P=0.2933515661)","Adjusted","healthy_noncancer_control","Adjusted healthy_noncancer_control"
"XL_HDL_CE","Cholesteryl Esters in Very Large HDL","PCa_after_70","0.936(95% CI:0.821-1.068; P=0.3259713654)","1.014(95% CI:0.983-1.047; P=0.3739006604)","0.914(95% CI:0.773-1.081; P=0.2931832342)","Adjusted","healthy_noncancer_control","Adjusted healthy_noncancer_control"
"XL_HDL_FC","Free Cholesterol in Very Large HDL","PCa_after_70","0.932(95% CI:0.818-1.062; P=0.2926788582)","1.001(95% CI:0.97-1.032; P=0.9698210665)","0.919(95% CI:0.779-1.084; P=0.3148493093)","Adjusted","healthy_noncancer_control","Adjusted healthy_noncancer_control"
"XL_HDL_PL","Phospholipids in Very Large HDL","PCa_after_70","0.918(95% CI:0.803-1.05; P=0.2130186382)","1.012(95% CI:0.981-1.045; P=0.4436438243)","0.9(95% CI:0.759-1.067; P=0.2249053986)","Adjusted","healthy_noncancer_control","Adjusted healthy_noncancer_control"
"XL_HDL_TG","Triglycerides in Very Large HDL","PCa_after_70","0.911(95% CI:0.781-1.064; P=0.2407099311)","0.955(95% CI:0.922-0.989; P=0.0091045742)","0.992(95% CI:0.828-1.188; P=0.9284776782)","Adjusted","healthy_noncancer_control","Adjusted healthy_noncancer_control"
"XL_VLDL_C","Cholesterol in Very Large VLDL","PCa_after_70","1.023(95% CI:0.884-1.183; P=0.7642953311)","0.956(95% CI:0.923-0.989; P=0.0093303719)","1.106(95% CI:0.931-1.315; P=0.2513911888)","Adjusted","healthy_noncancer_control","Adjusted healthy_noncancer_control"
"XL_VLDL_CE","Cholesteryl Esters in Very Large VLDL","PCa_after_70","1.033(95% CI:0.895-1.191; P=0.6593610596)","0.96(95% CI:0.928-0.993; P=0.0165243008)","1.113(95% CI:0.938-1.319; P=0.2196781536)","Adjusted","healthy_noncancer_control","Adjusted healthy_noncancer_control"
"XL_VLDL_FC","Free Cholesterol in Very Large VLDL","PCa_after_70","1.01(95% CI:0.871-1.172; P=0.8925381485)","0.952(95% CI:0.92-0.986; P=0.0063487368)","1.094(95% CI:0.918-1.304; P=0.3135316515)","Adjusted","healthy_noncancer_control","Adjusted healthy_noncancer_control"
"XL_VLDL_PL","Phospholipids in Very Large VLDL","PCa_after_70","1.01(95% CI:0.87-1.172; P=0.8980434488)","0.951(95% CI:0.918-0.985; P=0.0049464722)","1.092(95% CI:0.916-1.302; P=0.3241003196)","Adjusted","healthy_noncancer_control","Adjusted healthy_noncancer_control"
"XL_VLDL_TG","Triglycerides in Very Large VLDL","PCa_after_70","1.013(95% CI:0.874-1.174; P=0.8671655832)","0.955(95% CI:0.922-0.989; P=0.009658084)","1.096(95% CI:0.919-1.307; P=0.3076087003)","Adjusted","healthy_noncancer_control","Adjusted healthy_noncancer_control"
"XS_VLDL_C","Cholesterol in Very Small VLDL","PCa_after_70","0.989(95% CI:0.864-1.133; P=0.8769985044)","0.987(95% CI:0.957-1.018; P=0.41562509)","1.035(95% CI:0.878-1.221; P=0.681996539)","Adjusted","healthy_noncancer_control","Adjusted healthy_noncancer_control"
"XS_VLDL_CE","Cholesteryl Esters in Very Small VLDL","PCa_after_70","0.993(95% CI:0.869-1.135; P=0.9206776793)","0.99(95% CI:0.96-1.022; P=0.5415493315)","1.032(95% CI:0.875-1.215; P=0.7108890038)","Adjusted","healthy_noncancer_control","Adjusted healthy_noncancer_control"
"XS_VLDL_FC","Free Cholesterol in Very Small VLDL","PCa_after_70","0.979(95% CI:0.851-1.125; P=0.7619888044)","0.978(95% CI:0.947-1.01; P=0.1735715714)","1.037(95% CI:0.876-1.227; P=0.6712287676)","Adjusted","healthy_noncancer_control","Adjusted healthy_noncancer_control"
"XS_VLDL_PL","Phospholipids in Very Small VLDL","PCa_after_70","0.963(95% CI:0.834-1.111; P=0.6044561426)","0.972(95% CI:0.941-1.004; P=0.0825403612)","1.023(95% CI:0.862-1.214; P=0.7982664312)","Adjusted","healthy_noncancer_control","Adjusted healthy_noncancer_control"
"XS_VLDL_TG","Triglycerides in Very Small VLDL","PCa_after_70","0.93(95% CI:0.798-1.084; P=0.3528728317)","0.958(95% CI:0.925-0.992; P=0.0161628402)","1.007(95% CI:0.842-1.204; P=0.9397662222)","Adjusted","healthy_noncancer_control","Adjusted healthy_noncancer_control"
"XXL_VLDL_C","Cholesterol in Chylomicrons and Extremely Large VLDL","PCa_after_70","1.004(95% CI:0.864-1.167; P=0.9588070559)","0.951(95% CI:0.918-0.986; P=0.0061336069)","1.084(95% CI:0.908-1.295; P=0.3712245769)","Adjusted","healthy_noncancer_control","Adjusted healthy_noncancer_control"
"XXL_VLDL_CE","Cholesteryl Esters in Chylomicrons and Extremely Large VLDL","PCa_after_70","1.013(95% CI:0.873-1.176; P=0.86246018)","0.95(95% CI:0.917-0.985; P=0.0054147312)","1.096(95% CI:0.92-1.306; P=0.3050030028)","Adjusted","healthy_noncancer_control","Adjusted healthy_noncancer_control"
"XXL_VLDL_FC","Free Cholesterol in Chylomicrons and Extremely Large VLDL","PCa_after_70","0.991(95% CI:0.85-1.155; P=0.9071358629)","0.952(95% CI:0.918-0.987; P=0.0074320433)","1.067(95% CI:0.891-1.278; P=0.4813457122)","Adjusted","healthy_noncancer_control","Adjusted healthy_noncancer_control"
"XXL_VLDL_PL","Phospholipids in Chylomicrons and Extremely Large VLDL","PCa_after_70","0.997(95% CI:0.856-1.161; P=0.9654325562)","0.949(95% CI:0.916-0.984; P=0.0049627462)","1.072(95% CI:0.896-1.284; P=0.4465611605)","Adjusted","healthy_noncancer_control","Adjusted healthy_noncancer_control"
"XXL_VLDL_TG","Triglycerides in Chylomicrons and Extremely Large VLDL","PCa_after_70","0.995(95% CI:0.855-1.158; P=0.9512515682)","0.949(95% CI:0.916-0.984; P=0.0040732507)","1.059(95% CI:0.883-1.27; P=0.5352673226)","Adjusted","healthy_noncancer_control","Adjusted healthy_noncancer_control"
"Acetate","Acetate","PCa_before_70","0.983(95% CI:0.851-1.136; P=0.8196423484)","0.992(95% CI:0.964-1.02; P=0.5603146541)","0.981(95% CI:0.831-1.159; P=0.8230928622)","Adjusted","healthy_noncancer_control","Adjusted healthy_noncancer_control"
"Acetoacetate","Acetoacetate","PCa_before_70","0.954(95% CI:0.822-1.106; P=0.5308450771)","1.007(95% CI:0.982-1.033; P=0.5790823061)","0.947(95% CI:0.817-1.099; P=0.4751695837)","Adjusted","healthy_noncancer_control","Adjusted healthy_noncancer_control"
"Acetone","Acetone","PCa_before_70","0.971(95% CI:0.833-1.132; P=0.7055723391)","1.007(95% CI:0.982-1.033; P=0.5694924485)","0.968(95% CI:0.834-1.123; P=0.664292861)","Adjusted","healthy_noncancer_control","Adjusted healthy_noncancer_control"
"Ala","Alanine","PCa_before_70","0.926(95% CI:0.802-1.069; P=0.2959393642)","0.918(95% CI:0.894-0.942; P=0.0000000002)","0.944(95% CI:0.82-1.087; P=0.4226389048)","Adjusted","healthy_noncancer_control","Adjusted healthy_noncancer_control"
"Albumin","Albumin","PCa_before_70","1.088(95% CI:0.936-1.266; P=0.2723840838)","0.975(95% CI:0.95-1.001; P=0.0601488923)","1.08(95% CI:0.937-1.244; P=0.286500771)","Adjusted","healthy_noncancer_control","Adjusted healthy_noncancer_control"
"ApoA1","Apolipoprotein A1","PCa_before_70","1.041(95% CI:0.9-1.205; P=0.5854438861)","0.974(95% CI:0.948-1.002; P=0.0666169659)","1.042(95% CI:0.903-1.203; P=0.572910048)","Adjusted","healthy_noncancer_control","Adjusted healthy_noncancer_control"
"ApoB","Apolipoprotein B","PCa_before_70","1.217(95% CI:1.052-1.408; P=0.0081792563)","1.005(95% CI:0.979-1.031; P=0.7049219727)","1.204(95% CI:1.046-1.387; P=0.0099416942)","Adjusted","healthy_noncancer_control","Adjusted healthy_noncancer_control"
"bOHbutyrate","3-Hydroxybutyrate","PCa_before_70","0.935(95% CI:0.793-1.103; P=0.42585076)","1.007(95% CI:0.981-1.033; P=0.6042956067)","0.939(95% CI:0.802-1.1; P=0.4383446078)","Adjusted","healthy_noncancer_control","Adjusted healthy_noncancer_control"
"Cholines","Total Cholines","PCa_before_70","1.168(95% CI:1.008-1.352; P=0.0385809347)","0.976(95% CI:0.95-1.003; P=0.0775404639)","1.158(95% CI:1.007-1.333; P=0.0400617255)","Adjusted","healthy_noncancer_control","Adjusted healthy_noncancer_control"
"Citrate","Citrate","PCa_before_70","0.925(95% CI:0.792-1.08; P=0.3238121593)","0.953(95% CI:0.928-0.979; P=0.0003781024)","0.936(95% CI:0.81-1.082; P=0.3699246504)","Adjusted","healthy_noncancer_control","Adjusted healthy_noncancer_control"
"Clinical_LDL_C","Clinical LDL Cholesterol","PCa_before_70","1.213(95% CI:1.044-1.41; P=0.0117691202)","1.015(95% CI:0.989-1.042; P=0.2646927779)","1.199(95% CI:1.037-1.386; P=0.0141406851)","Adjusted","healthy_noncancer_control","Adjusted healthy_noncancer_control"
"Creatinine","Creatinine","PCa_before_70","1.085(95% CI:0.932-1.263; P=0.2912789561)","1.015(95% CI:0.99-1.041; P=0.2413668162)","1.098(95% CI:0.953-1.265; P=0.196061373)","Adjusted","healthy_noncancer_control","Adjusted healthy_noncancer_control"
"DHA","Docosahexaenoic Acid","PCa_before_70","1.028(95% CI:0.893-1.184; P=0.7003653535)","1.072(95% CI:1.046-1.099; P=0.0000000463)","1.035(95% CI:0.901-1.189; P=0.6234845433)","Adjusted","healthy_noncancer_control","Adjusted healthy_noncancer_control"
"Gln","Glutamine","PCa_before_70","1.003(95% CI:0.868-1.159; P=0.9687146329)","0.961(95% CI:0.936-0.986; P=0.0026031633)","1.02(95% CI:0.881-1.18; P=0.7946195125)","Adjusted","healthy_noncancer_control","Adjusted healthy_noncancer_control"
"Glucose","Glucose","PCa_before_70","0.834(95% CI:0.711-0.978; P=0.0254310511)","0.946(95% CI:0.92-0.973; P=0.0000859854)","0.843(95% CI:0.72-0.987; P=0.0334572368)","Adjusted","healthy_noncancer_control","Adjusted healthy_noncancer_control"
"Gly","Glycine","PCa_before_70","1.046(95% CI:0.905-1.209; P=0.5417338177)","0.976(95% CI:0.95-1.003; P=0.0762815758)","1.065(95% CI:0.924-1.227; P=0.3859419387)","Adjusted","healthy_noncancer_control","Adjusted healthy_noncancer_control"
"GlycA","Glycoprotein Acetyls","PCa_before_70","1.128(95% CI:0.976-1.303; P=0.1029519561)","0.991(95% CI:0.964-1.018; P=0.5099119698)","1.13(95% CI:0.977-1.305; P=0.0987924844)","Adjusted","healthy_noncancer_control","Adjusted healthy_noncancer_control"
"HDL_C","HDL Cholesterol","PCa_before_70","1.013(95% CI:0.873-1.174; P=0.8660687569)","0.996(95% CI:0.969-1.025; P=0.7949722882)","1.015(95% CI:0.877-1.176; P=0.8383390705)","Adjusted","healthy_noncancer_control","Adjusted healthy_noncancer_control"
"HDL_CE","Cholesteryl Esters in HDL","PCa_before_70","1.003(95% CI:0.865-1.163; P=0.972116362)","0.998(95% CI:0.97-1.026; P=0.8692325745)","1.005(95% CI:0.867-1.165; P=0.9488074364)","Adjusted","healthy_noncancer_control","Adjusted healthy_noncancer_control"
"HDL_FC","Free Cholesterol in HDL","PCa_before_70","1.032(95% CI:0.892-1.194; P=0.6691999618)","0.992(95% CI:0.965-1.02; P=0.5831430885)","1.035(95% CI:0.898-1.194; P=0.6316712586)","Adjusted","healthy_noncancer_control","Adjusted healthy_noncancer_control"
"HDL_L","Total Lipids in HDL","PCa_before_70","1.023(95% CI:0.883-1.185; P=0.7614252281)","0.981(95% CI:0.955-1.009; P=0.1830534225)","1.025(95% CI:0.888-1.184; P=0.7345982627)","Adjusted","healthy_noncancer_control","Adjusted healthy_noncancer_control"
"HDL_PL","Phospholipids in HDL","PCa_before_70","1.009(95% CI:0.873-1.167; P=0.9010493594)","0.976(95% CI:0.95-1.004; P=0.0904910519)","1.012(95% CI:0.876-1.168; P=0.8735026832)","Adjusted","healthy_noncancer_control","Adjusted healthy_noncancer_control"
"HDL_TG","Triglycerides in HDL","PCa_before_70","1.067(95% CI:0.93-1.224; P=0.3529190486)","0.956(95% CI:0.93-0.982; P=0.0010021128)","1.068(95% CI:0.929-1.228; P=0.3570136253)","Adjusted","healthy_noncancer_control","Adjusted healthy_noncancer_control"
"His","Histidine","PCa_before_70","1.036(95% CI:0.901-1.191; P=0.6237499227)","1.02(95% CI:0.995-1.046; P=0.1139932322)","1.041(95% CI:0.907-1.196; P=0.5663388828)","Adjusted","healthy_noncancer_control","Adjusted healthy_noncancer_control"
"IDL_C","Cholesterol in IDL","PCa_before_70","1.19(95% CI:1.029-1.376; P=0.0187082411)","1.016(95% CI:0.99-1.043; P=0.234777245)","1.181(95% CI:1.026-1.36; P=0.0208661499)","Adjusted","healthy_noncancer_control","Adjusted healthy_noncancer_control"
"IDL_CE","Cholesteryl Esters in IDL","PCa_before_70","1.193(95% CI:1.033-1.379; P=0.0166695998)","1.014(95% CI:0.988-1.041; P=0.2935534558)","1.184(95% CI:1.029-1.363; P=0.0183710796)","Adjusted","healthy_noncancer_control","Adjusted healthy_noncancer_control"
"IDL_FC","Free Cholesterol in IDL","PCa_before_70","1.164(95% CI:1.011-1.339; P=0.0344707214)","1.017(95% CI:0.991-1.044; P=0.1935736612)","1.157(95% CI:1.008-1.329; P=0.0385790423)","Adjusted","healthy_noncancer_control","Adjusted healthy_noncancer_control"
"IDL_PL","Phospholipids in IDL","PCa_before_70","1.182(95% CI:1.026-1.362; P=0.0209447258)","1.013(95% CI:0.987-1.04; P=0.3149539228)","1.172(95% CI:1.02-1.346; P=0.0247208283)","Adjusted","healthy_noncancer_control","Adjusted healthy_noncancer_control"
"IDL_TG","Triglycerides in IDL","PCa_before_70","1.1(95% CI:0.961-1.26; P=0.1665584891)","0.969(95% CI:0.943-0.996; P=0.0229296033)","1.099(95% CI:0.96-1.258; P=0.1723484153)","Adjusted","healthy_noncancer_control","Adjusted healthy_noncancer_control"
"Ile","Isoleucine","PCa_before_70","0.947(95% CI:0.822-1.091; P=0.4489537513)","0.981(95% CI:0.955-1.007; P=0.1474084845)","0.953(95% CI:0.825-1.099; P=0.5061727483)","Adjusted","healthy_noncancer_control","Adjusted healthy_noncancer_control"
"L_HDL_C","Cholesterol in Large HDL","PCa_before_70","0.959(95% CI:0.824-1.117; P=0.5900383235)","1.015(95% CI:0.988-1.044; P=0.2777458913)","0.964(95% CI:0.829-1.121; P=0.6318930809)","Adjusted","healthy_noncancer_control","Adjusted healthy_noncancer_control"
"L_HDL_CE","Cholesteryl Esters in Large HDL","PCa_before_70","0.954(95% CI:0.819-1.112; P=0.5479862157)","1.016(95% CI:0.989-1.045; P=0.2443709254)","0.959(95% CI:0.824-1.116; P=0.5866519776)","Adjusted","healthy_noncancer_control","Adjusted healthy_noncancer_control"
"L_HDL_FC","Free Cholesterol in Large HDL","PCa_before_70","0.962(95% CI:0.826-1.119; P=0.6140688573)","1.011(95% CI:0.984-1.039; P=0.4311427174)","0.967(95% CI:0.834-1.123; P=0.6631255242)","Adjusted","healthy_noncancer_control","Adjusted healthy_noncancer_control"
"L_HDL_PL","Phospholipids in Large HDL","PCa_before_70","0.955(95% CI:0.821-1.109; P=0.5451041324)","1.004(95% CI:0.977-1.032; P=0.7857344902)","0.96(95% CI:0.828-1.114; P=0.5913749813)","Adjusted","healthy_noncancer_control","Adjusted healthy_noncancer_control"
"L_HDL_TG","Triglycerides in Large HDL","PCa_before_70","1.046(95% CI:0.914-1.198; P=0.5103799033)","0.969(95% CI:0.944-0.995; P=0.0192351252)","1.048(95% CI:0.914-1.201; P=0.5007583678)","Adjusted","healthy_noncancer_control","Adjusted healthy_noncancer_control"
"L_LDL_C","Cholesterol in Large LDL","PCa_before_70","1.201(95% CI:1.037-1.39; P=0.0144016436)","1.014(95% CI:0.988-1.041; P=0.3066254965)","1.189(95% CI:1.032-1.371; P=0.0168417153)","Adjusted","healthy_noncancer_control","Adjusted healthy_noncancer_control"
"L_LDL_CE","Cholesteryl Esters in Large LDL","PCa_before_70","1.205(95% CI:1.041-1.395; P=0.0122291336)","1.011(95% CI:0.985-1.038; P=0.3970543469)","1.193(95% CI:1.036-1.375; P=0.0143247481)","Adjusted","healthy_noncancer_control","Adjusted healthy_noncancer_control"
"L_LDL_FC","Free Cholesterol in Large LDL","PCa_before_70","1.171(95% CI:1.017-1.348; P=0.0286696074)","1.016(95% CI:0.99-1.043; P=0.2403817221)","1.164(95% CI:1.013-1.339; P=0.0324060457)","Adjusted","healthy_noncancer_control","Adjusted healthy_noncancer_control"
"L_LDL_PL","Phospholipids in Large LDL","PCa_before_70","1.202(95% CI:1.042-1.387; P=0.0114363569)","1.008(95% CI:0.982-1.034; P=0.5545816005)","1.192(95% CI:1.037-1.37; P=0.0133896678)","Adjusted","healthy_noncancer_control","Adjusted healthy_noncancer_control"
"L_LDL_TG","Triglycerides in Large LDL","PCa_before_70","1.108(95% CI:0.968-1.27; P=0.1368756519)","0.964(95% CI:0.938-0.991; P=0.0085272192)","1.108(95% CI:0.968-1.268; P=0.1370509855)","Adjusted","healthy_noncancer_control","Adjusted healthy_noncancer_control"
"L_VLDL_C","Cholesterol in Large VLDL","PCa_before_70","1.159(95% CI:1.009-1.331; P=0.0367258998)","0.976(95% CI:0.95-1.002; P=0.0688601578)","1.158(95% CI:1.006-1.332; P=0.0405526074)","Adjusted","healthy_noncancer_control","Adjusted healthy_noncancer_control"
"L_VLDL_CE","Cholesteryl Esters in Large VLDL","PCa_before_70","1.178(95% CI:1.026-1.352; P=0.0198930091)","0.984(95% CI:0.959-1.01; P=0.2267702802)","1.174(95% CI:1.022-1.349; P=0.0237531142)","Adjusted","healthy_noncancer_control","Adjusted healthy_noncancer_control"
"L_VLDL_FC","Free Cholesterol in Large VLDL","PCa_before_70","1.135(95% CI:0.99-1.301; P=0.0686277765)","0.968(95% CI:0.942-0.994; P=0.0179106595)","1.137(95% CI:0.989-1.307; P=0.0702130618)","Adjusted","healthy_noncancer_control","Adjusted healthy_noncancer_control"
"L_VLDL_PL","Phospholipids in Large VLDL","PCa_before_70","1.123(95% CI:0.979-1.288; P=0.0964209193)","0.965(95% CI:0.939-0.991; P=0.0098687825)","1.126(95% CI:0.979-1.295; P=0.0973073804)","Adjusted","healthy_noncancer_control","Adjusted healthy_noncancer_control"
"L_VLDL_TG","Triglycerides in Large VLDL","PCa_before_70","1.106(95% CI:0.964-1.269; P=0.1509074453)","0.968(95% CI:0.942-0.994; P=0.0163275495)","1.112(95% CI:0.966-1.28; P=0.1410379463)","Adjusted","healthy_noncancer_control","Adjusted healthy_noncancer_control"
"LA","Linoleic Acid","PCa_before_70","1.256(95% CI:1.084-1.454; P=0.0023246157)","0.971(95% CI:0.946-0.996; P=0.0258504815)","1.24(95% CI:1.075-1.429; P=0.0031192538)","Adjusted","healthy_noncancer_control","Adjusted healthy_noncancer_control"
"Lactate","Lactate","PCa_before_70","1.037(95% CI:0.898-1.198; P=0.6199072469)","0.983(95% CI:0.957-1.009; P=0.1953547062)","1.046(95% CI:0.907-1.206; P=0.5394383545)","Adjusted","healthy_noncancer_control","Adjusted healthy_noncancer_control"
"LDL_C","LDL Cholesterol","PCa_before_70","1.216(95% CI:1.048-1.411; P=0.010021048)","1.01(95% CI:0.984-1.036; P=0.4756815735)","1.202(95% CI:1.042-1.387; P=0.0118347188)","Adjusted","healthy_noncancer_control","Adjusted healthy_noncancer_control"
"LDL_CE","Cholesteryl Esters in LDL","PCa_before_70","1.22(95% CI:1.052-1.416; P=0.0086086793)","1.005(95% CI:0.979-1.032; P=0.6975004006)","1.206(95% CI:1.045-1.391; P=0.0101701852)","Adjusted","healthy_noncancer_control","Adjusted healthy_noncancer_control"
"LDL_FC","Free Cholesterol in LDL","PCa_before_70","1.182(95% CI:1.024-1.363; P=0.0218784118)","1.017(95% CI:0.991-1.044; P=0.210028947)","1.174(95% CI:1.02-1.351; P=0.0249957761)","Adjusted","healthy_noncancer_control","Adjusted healthy_noncancer_control"
"LDL_L","Total Lipids in LDL","PCa_before_70","1.223(95% CI:1.053-1.421; P=0.0085176935)","1.007(95% CI:0.981-1.033; P=0.6244618029)","1.208(95% CI:1.046-1.394; P=0.0100399829)","Adjusted","healthy_noncancer_control","Adjusted healthy_noncancer_control"
"LDL_PL","Phospholipids in LDL","PCa_before_70","1.214(95% CI:1.05-1.403; P=0.0087087554)","1.006(95% CI:0.98-1.032; P=0.6608531306)","1.202(95% CI:1.045-1.383; P=0.0101257765)","Adjusted","healthy_noncancer_control","Adjusted healthy_noncancer_control"
"LDL_TG","Triglycerides in LDL","PCa_before_70","1.11(95% CI:0.969-1.272; P=0.1328958266)","0.962(95% CI:0.936-0.988; P=0.0049339566)","1.11(95% CI:0.969-1.272; P=0.1315414583)","Adjusted","healthy_noncancer_control","Adjusted healthy_noncancer_control"
"Leu","Leucine","PCa_before_70","0.975(95% CI:0.846-1.122; P=0.7220100643)","0.972(95% CI:0.947-0.999; P=0.0398533831)","0.979(95% CI:0.849-1.128; P=0.7658937541)","Adjusted","healthy_noncancer_control","Adjusted healthy_noncancer_control"
"M_HDL_C","Cholesterol in Medium HDL","PCa_before_70","0.999(95% CI:0.863-1.156; P=0.9896813055)","0.982(95% CI:0.955-1.01; P=0.2003428299)","1.001(95% CI:0.864-1.158; P=0.994091979)","Adjusted","healthy_noncancer_control","Adjusted healthy_noncancer_control"
"M_HDL_CE","Cholesteryl Esters in Medium HDL","PCa_before_70","0.991(95% CI:0.856-1.147; P=0.901316132)","0.983(95% CI:0.956-1.01; P=0.2142293986)","0.992(95% CI:0.856-1.149; P=0.9134637696)","Adjusted","healthy_noncancer_control","Adjusted healthy_noncancer_control"
"M_HDL_FC","Free Cholesterol in Medium HDL","PCa_before_70","1.024(95% CI:0.885-1.183; P=0.7525432061)","0.98(95% CI:0.954-1.008; P=0.1628295938)","1.026(95% CI:0.889-1.184; P=0.7259130855)","Adjusted","healthy_noncancer_control","Adjusted healthy_noncancer_control"
"M_HDL_PL","Phospholipids in Medium HDL","PCa_before_70","1.007(95% CI:0.872-1.162; P=0.9272254087)","0.966(95% CI:0.94-0.993; P=0.014278048)","1.008(95% CI:0.873-1.163; P=0.9149306172)","Adjusted","healthy_noncancer_control","Adjusted healthy_noncancer_control"
"M_HDL_TG","Triglycerides in Medium HDL","PCa_before_70","1.057(95% CI:0.921-1.212; P=0.428834409)","0.953(95% CI:0.927-0.979; P=0.0005060813)","1.057(95% CI:0.919-1.217; P=0.4362658472)","Adjusted","healthy_noncancer_control","Adjusted healthy_noncancer_control"
"M_LDL_C","Cholesterol in Medium LDL","PCa_before_70","1.219(95% CI:1.055-1.41; P=0.007417032)","0.998(95% CI:0.972-1.024; P=0.8517404359)","1.207(95% CI:1.049-1.39; P=0.0086774691)","Adjusted","healthy_noncancer_control","Adjusted healthy_noncancer_control"
"M_LDL_CE","Cholesteryl Esters in Medium LDL","PCa_before_70","1.216(95% CI:1.053-1.405; P=0.0078478785)","0.991(95% CI:0.966-1.017; P=0.4992795257)","1.205(95% CI:1.048-1.387; P=0.0091023575)","Adjusted","healthy_noncancer_control","Adjusted healthy_noncancer_control"
"M_LDL_FC","Free Cholesterol in Medium LDL","PCa_before_70","1.19(95% CI:1.035-1.369; P=0.0145835639)","1.012(95% CI:0.987-1.039; P=0.34759459)","1.184(95% CI:1.031-1.359; P=0.0166869623)","Adjusted","healthy_noncancer_control","Adjusted healthy_noncancer_control"
"M_LDL_PL","Phospholipids in Medium LDL","PCa_before_70","1.216(95% CI:1.055-1.402; P=0.0070028294)","0.996(95% CI:0.971-1.023; P=0.7837381485)","1.206(95% CI:1.05-1.385; P=0.008079232)","Adjusted","healthy_noncancer_control","Adjusted healthy_noncancer_control"
"M_LDL_TG","Triglycerides in Medium LDL","PCa_before_70","1.11(95% CI:0.971-1.268; P=0.1252834206)","0.959(95% CI:0.933-0.986; P=0.0029501973)","1.112(95% CI:0.972-1.272; P=0.1216748203)","Adjusted","healthy_noncancer_control","Adjusted healthy_noncancer_control"
"M_VLDL_C","Cholesterol in Medium VLDL","PCa_before_70","1.214(95% CI:1.054-1.398; P=0.0070447001)","1.012(95% CI:0.986-1.038; P=0.3713131037)","1.203(95% CI:1.046-1.382; P=0.0093908592)","Adjusted","healthy_noncancer_control","Adjusted healthy_noncancer_control"
"M_VLDL_CE","Cholesteryl Esters in Medium VLDL","PCa_before_70","1.192(95% CI:1.037-1.369; P=0.0133222549)","1.019(95% CI:0.993-1.046; P=0.1479251806)","1.183(95% CI:1.029-1.359; P=0.0177930882)","Adjusted","healthy_noncancer_control","Adjusted healthy_noncancer_control"
"M_VLDL_FC","Free Cholesterol in Medium VLDL","PCa_before_70","1.213(95% CI:1.055-1.395; P=0.0067513589)","1(95% CI:0.974-1.026; P=0.9932418093)","1.204(95% CI:1.048-1.382; P=0.0085106769)","Adjusted","healthy_noncancer_control","Adjusted healthy_noncancer_control"
"M_VLDL_PL","Phospholipids in Medium VLDL","PCa_before_70","1.212(95% CI:1.052-1.395; P=0.0075401006)","0.992(95% CI:0.967-1.018; P=0.5598332545)","1.203(95% CI:1.047-1.383; P=0.0092019157)","Adjusted","healthy_noncancer_control","Adjusted healthy_noncancer_control"
"M_VLDL_TG","Triglycerides in Medium VLDL","PCa_before_70","1.143(95% CI:0.995-1.314; P=0.0586850695)","0.972(95% CI:0.947-0.999; P=0.039149252)","1.145(95% CI:0.994-1.318; P=0.0600914606)","Adjusted","healthy_noncancer_control","Adjusted healthy_noncancer_control"
"MUFA","Monounsaturated Fatty Acids","PCa_before_70","1.119(95% CI:0.968-1.294; P=0.1292925197)","0.948(95% CI:0.923-0.974; P=0.0001168324)","1.116(95% CI:0.967-1.289; P=0.1344658569)","Adjusted","healthy_noncancer_control","Adjusted healthy_noncancer_control"
"non_HDL_C","Total Cholesterol Minus HDL-C","PCa_before_70","1.23(95% CI:1.057-1.43; P=0.0073681628)","1.008(95% CI:0.982-1.034; P=0.5658098852)","1.213(95% CI:1.05-1.401; P=0.0089171722)","Adjusted","healthy_noncancer_control","Adjusted healthy_noncancer_control"
"Omega_3","Omega-3 Fatty Acids","PCa_before_70","1.043(95% CI:0.905-1.203; P=0.5609963803)","1.051(95% CI:1.024-1.078; P=0.000139374)","1.05(95% CI:0.913-1.207; P=0.4957429066)","Adjusted","healthy_noncancer_control","Adjusted healthy_noncancer_control"
"Omega_6","Omega-6 Fatty Acids","PCa_before_70","1.245(95% CI:1.075-1.443; P=0.0035492202)","0.975(95% CI:0.95-1; P=0.0536090083)","1.229(95% CI:1.066-1.416; P=0.0045252282)","Adjusted","healthy_noncancer_control","Adjusted healthy_noncancer_control"
"Phe","Phenylalanine","PCa_before_70","0.869(95% CI:0.733-1.03; P=0.104765165)","0.982(95% CI:0.956-1.009; P=0.1828825089)","0.894(95% CI:0.771-1.038; P=0.1418001048)","Adjusted","healthy_noncancer_control","Adjusted healthy_noncancer_control"
"Phosphatidylc","Phosphatidylcholines","PCa_before_70","1.149(95% CI:0.991-1.333; P=0.0650384573)","0.975(95% CI:0.949-1.002; P=0.0646605873)","1.14(95% CI:0.99-1.312; P=0.0680813439)","Adjusted","healthy_noncancer_control","Adjusted healthy_noncancer_control"
"Phosphoglyc","Phosphoglycerides","PCa_before_70","1.148(95% CI:0.991-1.329; P=0.0652071921)","0.971(95% CI:0.945-0.998; P=0.0322995113)","1.14(95% CI:0.991-1.312; P=0.0663403921)","Adjusted","healthy_noncancer_control","Adjusted healthy_noncancer_control"
"PUFA","Polyunsaturated Fatty Acids","PCa_before_70","1.217(95% CI:1.05-1.412; P=0.0092516357)","0.992(95% CI:0.966-1.018; P=0.5398027083)","1.204(95% CI:1.045-1.387; P=0.0102318168)","Adjusted","healthy_noncancer_control","Adjusted healthy_noncancer_control"
"Pyruvate","Pyruvate","PCa_before_70","0.911(95% CI:0.788-1.054; P=0.2097831675)","0.99(95% CI:0.965-1.017; P=0.4747893743)","0.918(95% CI:0.792-1.064; P=0.2542815922)","Adjusted","healthy_noncancer_control","Adjusted healthy_noncancer_control"
"Remnant_C","Remnant Cholesterol (Non-HDL and Non-LDL -Cholesterol)","PCa_before_70","1.221(95% CI:1.053-1.417; P=0.0084209513)","1.003(95% CI:0.978-1.029; P=0.808681909)","1.206(95% CI:1.045-1.392; P=0.010224922)","Adjusted","healthy_noncancer_control","Adjusted healthy_noncancer_control"
"S_HDL_C","Cholesterol in Small HDL","PCa_before_70","1.149(95% CI:0.993-1.329; P=0.0616627662)","0.974(95% CI:0.948-1; P=0.0520505295)","1.141(95% CI:0.99-1.315; P=0.0693736899)","Adjusted","healthy_noncancer_control","Adjusted healthy_noncancer_control"
"S_HDL_CE","Cholesteryl Esters in Small HDL","PCa_before_70","1.122(95% CI:0.97-1.296; P=0.1201646841)","0.977(95% CI:0.951-1.003; P=0.088252144)","1.115(95% CI:0.967-1.286; P=0.1355353782)","Adjusted","healthy_noncancer_control","Adjusted healthy_noncancer_control"
"S_HDL_FC","Free Cholesterol in Small HDL","PCa_before_70","1.167(95% CI:1.011-1.349; P=0.0354765062)","0.968(95% CI:0.942-0.995; P=0.0187927356)","1.16(95% CI:1.009-1.334; P=0.0369882617)","Adjusted","healthy_noncancer_control","Adjusted healthy_noncancer_control"
"S_HDL_PL","Phospholipids in Small HDL","PCa_before_70","1.105(95% CI:0.954-1.279; P=0.1836191116)","0.954(95% CI:0.928-0.98; P=0.0006843605)","1.101(95% CI:0.952-1.273; P=0.1940980996)","Adjusted","healthy_noncancer_control","Adjusted healthy_noncancer_control"
"S_HDL_TG","Triglycerides in Small HDL","PCa_before_70","1.089(95% CI:0.949-1.249; P=0.2269689402)","0.953(95% CI:0.927-0.98; P=0.0006607779)","1.09(95% CI:0.946-1.254; P=0.2321879216)","Adjusted","healthy_noncancer_control","Adjusted healthy_noncancer_control"
"S_LDL_C","Cholesterol in Small LDL","PCa_before_70","1.211(95% CI:1.051-1.395; P=0.0080783939)","0.998(95% CI:0.973-1.024; P=0.8969043496)","1.203(95% CI:1.047-1.382; P=0.0091433169)","Adjusted","healthy_noncancer_control","Adjusted healthy_noncancer_control"
"S_LDL_CE","Cholesteryl Esters in Small LDL","PCa_before_70","1.209(95% CI:1.05-1.393; P=0.0083591806)","0.989(95% CI:0.964-1.015; P=0.4013442029)","1.201(95% CI:1.046-1.379; P=0.0094469688)","Adjusted","healthy_noncancer_control","Adjusted healthy_noncancer_control"
"S_LDL_FC","Free Cholesterol in Small LDL","PCa_before_70","1.176(95% CI:1.024-1.351; P=0.0214957581)","1.022(95% CI:0.996-1.049; P=0.0995922784)","1.174(95% CI:1.022-1.348; P=0.0235841607)","Adjusted","healthy_noncancer_control","Adjusted healthy_noncancer_control"
"S_LDL_PL","Phospholipids in Small LDL","PCa_before_70","1.196(95% CI:1.04-1.376; P=0.0123849049)","1.009(95% CI:0.983-1.035; P=0.4962492541)","1.191(95% CI:1.038-1.367; P=0.0128867834)","Adjusted","healthy_noncancer_control","Adjusted healthy_noncancer_control"
"S_LDL_TG","Triglycerides in Small LDL","PCa_before_70","1.097(95% CI:0.961-1.253; P=0.1702119213)","0.956(95% CI:0.93-0.983; P=0.0015023825)","1.101(95% CI:0.962-1.261; P=0.1628117679)","Adjusted","healthy_noncancer_control","Adjusted healthy_noncancer_control"
"S_VLDL_C","Cholesterol in Small VLDL","PCa_before_70","1.21(95% CI:1.05-1.393; P=0.008250356)","1.001(95% CI:0.975-1.027; P=0.9496010605)","1.197(95% CI:1.042-1.375; P=0.0112206944)","Adjusted","healthy_noncancer_control","Adjusted healthy_noncancer_control"
"S_VLDL_CE","Cholesteryl Esters in Small VLDL","PCa_before_70","1.199(95% CI:1.042-1.379; P=0.0111450022)","0.998(95% CI:0.973-1.024; P=0.8990977706)","1.187(95% CI:1.034-1.363; P=0.0151554988)","Adjusted","healthy_noncancer_control","Adjusted healthy_noncancer_control"
"S_VLDL_FC","Free Cholesterol in Small VLDL","PCa_before_70","1.215(95% CI:1.056-1.397; P=0.0063956948)","1.004(95% CI:0.978-1.03; P=0.7716117629)","1.203(95% CI:1.048-1.381; P=0.0084590121)","Adjusted","healthy_noncancer_control","Adjusted healthy_noncancer_control"
"S_VLDL_PL","Phospholipids in Small VLDL","PCa_before_70","1.21(95% CI:1.051-1.392; P=0.0077794645)","0.995(95% CI:0.969-1.021; P=0.6783607417)","1.2(95% CI:1.045-1.378; P=0.0097931297)","Adjusted","healthy_noncancer_control","Adjusted healthy_noncancer_control"
"S_VLDL_TG","Triglycerides in Small VLDL","PCa_before_70","1.12(95% CI:0.977-1.284; P=0.1028993532)","0.97(95% CI:0.945-0.997; P=0.0280977616)","1.122(95% CI:0.976-1.29; P=0.1064157065)","Adjusted","healthy_noncancer_control","Adjusted healthy_noncancer_control"
"SFA","Saturated Fatty Acids","PCa_before_70","1.128(95% CI:0.976-1.303; P=0.1025908152)","0.961(95% CI:0.935-0.987; P=0.0038011418)","1.127(95% CI:0.979-1.298; P=0.0971581275)","Adjusted","healthy_noncancer_control","Adjusted healthy_noncancer_control"
"Sphingomyelins","Sphingomyelins","PCa_before_70","1.165(95% CI:1.009-1.344; P=0.0366893849)","1.012(95% CI:0.986-1.04; P=0.3620888441)","1.159(95% CI:1.009-1.33; P=0.0368836068)","Adjusted","healthy_noncancer_control","Adjusted healthy_noncancer_control"
"Total_C","Total Cholesterol","PCa_before_70","1.216(95% CI:1.047-1.413; P=0.0102963674)","1.006(95% CI:0.979-1.032; P=0.6797109988)","1.202(95% CI:1.041-1.387; P=0.0118727041)","Adjusted","healthy_noncancer_control","Adjusted healthy_noncancer_control"
"Total_CE","Total Esterified Cholesterol","PCa_before_70","1.211(95% CI:1.043-1.405; P=0.0117492363)","1.006(95% CI:0.979-1.033; P=0.6792153949)","1.197(95% CI:1.038-1.381; P=0.0134607113)","Adjusted","healthy_noncancer_control","Adjusted healthy_noncancer_control"
"Total_FA","Total Fatty Acids","PCa_before_70","1.158(95% CI:1-1.341; P=0.0500708136)","0.964(95% CI:0.939-0.99; P=0.0076502199)","1.152(95% CI:0.999-1.328; P=0.0509599031)","Adjusted","healthy_noncancer_control","Adjusted healthy_noncancer_control"
"Total_FC","Total Free Cholesterol","PCa_before_70","1.213(95% CI:1.047-1.404; P=0.010046634)","1.003(95% CI:0.977-1.03; P=0.816048283)","1.199(95% CI:1.041-1.381; P=0.0115984856)","Adjusted","healthy_noncancer_control","Adjusted healthy_noncancer_control"
"Total_L","Total Lipids in Lipoprotein Particles","PCa_before_70","1.206(95% CI:1.039-1.4; P=0.0139196373)","0.984(95% CI:0.958-1.01; P=0.22495619)","1.193(95% CI:1.035-1.375; P=0.0150256914)","Adjusted","healthy_noncancer_control","Adjusted healthy_noncancer_control"
"Total_PL","Total Phospholipids in Lipoprotein Particles","PCa_before_70","1.179(95% CI:1.018-1.367; P=0.0282905411)","0.981(95% CI:0.955-1.007; P=0.1483713421)","1.169(95% CI:1.015-1.345; P=0.0299811561)","Adjusted","healthy_noncancer_control","Adjusted healthy_noncancer_control"
"Total_TG","Total Triglycerides","PCa_before_70","1.107(95% CI:0.958-1.278; P=0.168161511)","0.962(95% CI:0.937-0.989; P=0.0055138466)","1.108(95% CI:0.958-1.281; P=0.1681474816)","Adjusted","healthy_noncancer_control","Adjusted healthy_noncancer_control"
"Tyr","Tyrosine","PCa_before_70","0.95(95% CI:0.822-1.098; P=0.4887446575)","0.95(95% CI:0.925-0.976; P=0.000226767)","0.956(95% CI:0.827-1.105; P=0.5444043006)","Adjusted","healthy_noncancer_control","Adjusted healthy_noncancer_control"
"Unsaturation","Degree of Unsaturation","PCa_before_70","1(95% CI:0.867-1.154; P=0.9948513027)","1.088(95% CI:1.06-1.118; P=0.0000000007)","1.001(95% CI:0.866-1.157; P=0.9853860285)","Adjusted","healthy_noncancer_control","Adjusted healthy_noncancer_control"
"Val","Valine","PCa_before_70","0.984(95% CI:0.852-1.138; P=0.832400437)","0.97(95% CI:0.944-0.996; P=0.0252641239)","0.993(95% CI:0.859-1.147; P=0.9202241686)","Adjusted","healthy_noncancer_control","Adjusted healthy_noncancer_control"
"VLDL_C","VLDL Cholesterol","PCa_before_70","1.206(95% CI:1.042-1.396; P=0.0122146939)","0.991(95% CI:0.965-1.017; P=0.4818064863)","1.194(95% CI:1.035-1.377; P=0.0152088562)","Adjusted","healthy_noncancer_control","Adjusted healthy_noncancer_control"
"VLDL_CE","Cholesteryl Esters in VLDL","PCa_before_70","1.209(95% CI:1.047-1.397; P=0.0099551575)","0.997(95% CI:0.971-1.023; P=0.8046124758)","1.196(95% CI:1.039-1.378; P=0.0129241443)","Adjusted","healthy_noncancer_control","Adjusted healthy_noncancer_control"
"VLDL_FC","Free Cholesterol in VLDL","PCa_before_70","1.179(95% CI:1.024-1.358; P=0.0220552165)","0.981(95% CI:0.956-1.007; P=0.1496594459)","1.174(95% CI:1.02-1.351; P=0.0252335636)","Adjusted","healthy_noncancer_control","Adjusted healthy_noncancer_control"
"VLDL_L","Total Lipids in VLDL","PCa_before_70","1.158(95% CI:0.999-1.343; P=0.0514424836)","0.973(95% CI:0.948-0.999; P=0.044514154)","1.154(95% CI:0.997-1.336; P=0.0554334987)","Adjusted","healthy_noncancer_control","Adjusted healthy_noncancer_control"
"VLDL_PL","Phospholipids in VLDL","PCa_before_70","1.166(95% CI:1.011-1.345; P=0.0345369977)","0.976(95% CI:0.95-1.002; P=0.0673330351)","1.162(95% CI:1.008-1.339; P=0.0382459363)","Adjusted","healthy_noncancer_control","Adjusted healthy_noncancer_control"
"VLDL_TG","Triglycerides in VLDL","PCa_before_70","1.106(95% CI:0.958-1.277; P=0.1675123976)","0.964(95% CI:0.938-0.99; P=0.0075190979)","1.109(95% CI:0.958-1.282; P=0.1652516234)","Adjusted","healthy_noncancer_control","Adjusted healthy_noncancer_control"
"XL_HDL_C","Cholesterol in Very Large HDL","PCa_before_70","0.982(95% CI:0.845-1.141; P=0.8126010028)","1.027(95% CI:1-1.055; P=0.0487188411)","0.987(95% CI:0.852-1.144; P=0.8649990996)","Adjusted","healthy_noncancer_control","Adjusted healthy_noncancer_control"
"XL_HDL_CE","Cholesteryl Esters in Very Large HDL","PCa_before_70","0.982(95% CI:0.844-1.142; P=0.8104374374)","1.026(95% CI:0.999-1.054; P=0.0574231182)","0.986(95% CI:0.85-1.144; P=0.8556377861)","Adjusted","healthy_noncancer_control","Adjusted healthy_noncancer_control"
"XL_HDL_FC","Free Cholesterol in Very Large HDL","PCa_before_70","0.978(95% CI:0.845-1.133; P=0.7711268158)","1.028(95% CI:1.002-1.055; P=0.0377167506)","0.986(95% CI:0.854-1.138; P=0.8449988431)","Adjusted","healthy_noncancer_control","Adjusted healthy_noncancer_control"
"XL_HDL_PL","Phospholipids in Very Large HDL","PCa_before_70","0.942(95% CI:0.808-1.1; P=0.4505409999)","1.021(95% CI:0.994-1.048; P=0.1303026037)","0.948(95% CI:0.816-1.102; P=0.4896038631)","Adjusted","healthy_noncancer_control","Adjusted healthy_noncancer_control"
"XL_HDL_TG","Triglycerides in Very Large HDL","PCa_before_70","1.083(95% CI:0.948-1.236; P=0.2392158055)","0.968(95% CI:0.943-0.994; P=0.0168286793)","1.085(95% CI:0.949-1.241; P=0.2306405645)","Adjusted","healthy_noncancer_control","Adjusted healthy_noncancer_control"
"XL_VLDL_C","Cholesterol in Very Large VLDL","PCa_before_70","1.148(95% CI:1.001-1.316; P=0.0485212965)","0.969(95% CI:0.943-0.995; P=0.0194741066)","1.148(95% CI:0.999-1.319; P=0.0517657126)","Adjusted","healthy_noncancer_control","Adjusted healthy_noncancer_control"
"XL_VLDL_CE","Cholesteryl Esters in Very Large VLDL","PCa_before_70","1.177(95% CI:1.026-1.351; P=0.0201440731)","0.975(95% CI:0.949-1.001; P=0.0576478944)","1.174(95% CI:1.022-1.349; P=0.0234482893)","Adjusted","healthy_noncancer_control","Adjusted healthy_noncancer_control"
"XL_VLDL_FC","Free Cholesterol in Very Large VLDL","PCa_before_70","1.112(95% CI:0.972-1.273; P=0.1217678604)","0.963(95% CI:0.938-0.99; P=0.0067527814)","1.116(95% CI:0.972-1.281; P=0.1206820716)","Adjusted","healthy_noncancer_control","Adjusted healthy_noncancer_control"
"XL_VLDL_PL","Phospholipids in Very Large VLDL","PCa_before_70","1.104(95% CI:0.964-1.264; P=0.1511406875)","0.961(95% CI:0.935-0.987; P=0.0040395)","1.108(95% CI:0.965-1.273; P=0.1470408061)","Adjusted","healthy_noncancer_control","Adjusted healthy_noncancer_control"
"XL_VLDL_TG","Triglycerides in Very Large VLDL","PCa_before_70","1.08(95% CI:0.941-1.239; P=0.2729471281)","0.958(95% CI:0.932-0.984; P=0.0020662745)","1.086(95% CI:0.942-1.251; P=0.2553290434)","Adjusted","healthy_noncancer_control","Adjusted healthy_noncancer_control"
"XS_VLDL_C","Cholesterol in Very Small VLDL","PCa_before_70","1.164(95% CI:1.012-1.34; P=0.033535885)","1.013(95% CI:0.987-1.039; P=0.330005064)","1.154(95% CI:1.006-1.324; P=0.0404362046)","Adjusted","healthy_noncancer_control","Adjusted healthy_noncancer_control"
"XS_VLDL_CE","Cholesteryl Esters in Very Small VLDL","PCa_before_70","1.161(95% CI:1.009-1.335; P=0.0365784251)","1.016(95% CI:0.99-1.042; P=0.2296835332)","1.152(95% CI:1.004-1.321; P=0.0436110925)","Adjusted","healthy_noncancer_control","Adjusted healthy_noncancer_control"
"XS_VLDL_FC","Free Cholesterol in Very Small VLDL","PCa_before_70","1.158(95% CI:1.009-1.329; P=0.0364763638)","1.004(95% CI:0.979-1.03; P=0.7493654649)","1.149(95% CI:1.004-1.315; P=0.0439926045)","Adjusted","healthy_noncancer_control","Adjusted healthy_noncancer_control"
"XS_VLDL_PL","Phospholipids in Very Small VLDL","PCa_before_70","1.145(95% CI:0.998-1.313; P=0.0532109261)","0.995(95% CI:0.97-1.021; P=0.7024783115)","1.137(95% CI:0.993-1.302; P=0.0623514519)","Adjusted","healthy_noncancer_control","Adjusted healthy_noncancer_control"
"XS_VLDL_TG","Triglycerides in Very Small VLDL","PCa_before_70","1.1(95% CI:0.962-1.258; P=0.1647262587)","0.969(95% CI:0.943-0.995; P=0.0211241591)","1.1(95% CI:0.96-1.26; P=0.1712322909)","Adjusted","healthy_noncancer_control","Adjusted healthy_noncancer_control"
"XXL_VLDL_C","Cholesterol in Chylomicrons and Extremely Large VLDL","PCa_before_70","1.069(95% CI:0.933-1.225; P=0.3345247823)","0.951(95% CI:0.925-0.977; P=0.0003354703)","1.073(95% CI:0.932-1.235; P=0.3295397791)","Adjusted","healthy_noncancer_control","Adjusted healthy_noncancer_control"
"XXL_VLDL_CE","Cholesteryl Esters in Chylomicrons and Extremely Large VLDL","PCa_before_70","1.082(95% CI:0.945-1.239; P=0.2534061421)","0.952(95% CI:0.926-0.978; P=0.0004195111)","1.085(95% CI:0.943-1.247; P=0.2549185935)","Adjusted","healthy_noncancer_control","Adjusted healthy_noncancer_control"
"XXL_VLDL_FC","Free Cholesterol in Chylomicrons and Extremely Large VLDL","PCa_before_70","1.049(95% CI:0.916-1.202; P=0.4870674429)","0.95(95% CI:0.925-0.977; P=0.0003132244)","1.053(95% CI:0.915-1.213; P=0.4688518618)","Adjusted","healthy_noncancer_control","Adjusted healthy_noncancer_control"
"XXL_VLDL_PL","Phospholipids in Chylomicrons and Extremely Large VLDL","PCa_before_70","1.035(95% CI:0.902-1.187; P=0.6256809446)","0.949(95% CI:0.923-0.976; P=0.0002562214)","1.04(95% CI:0.902-1.198; P=0.5915530158)","Adjusted","healthy_noncancer_control","Adjusted healthy_noncancer_control"
"XXL_VLDL_TG","Triglycerides in Chylomicrons and Extremely Large VLDL","PCa_before_70","1.048(95% CI:0.914-1.203; P=0.5019206853)","0.953(95% CI:0.927-0.98; P=0.000649447)","1.055(95% CI:0.915-1.216; P=0.4615085537)","Adjusted","healthy_noncancer_control","Adjusted healthy_noncancer_control"
"Acetate","Acetate","RC","0.742(95% CI:0.532-1.034; P=0.077955587)","1.006(95% CI:0.965-1.049; P=0.7721859142)","0.691(95% CI:0.447-1.068; P=0.0964173222)","Adjusted","healthy_noncancer_control","Adjusted healthy_noncancer_control"
"Acetoacetate","Acetoacetate","RC","0.906(95% CI:0.733-1.119; P=0.3586691132)","1.034(95% CI:0.991-1.079; P=0.1199430684)","0.965(95% CI:0.774-1.202; P=0.7494222762)","Adjusted","healthy_noncancer_control","Adjusted healthy_noncancer_control"
"Acetone","Acetone","RC","0.854(95% CI:0.675-1.079; P=0.1864194988)","1.036(95% CI:0.995-1.078; P=0.08547415)","0.926(95% CI:0.73-1.174; P=0.5237224409)","Adjusted","healthy_noncancer_control","Adjusted healthy_noncancer_control"
"Ala","Alanine","RC","0.945(95% CI:0.78-1.146; P=0.5669993198)","1.003(95% CI:0.955-1.053; P=0.9047180163)","1.025(95% CI:0.821-1.279; P=0.8301208663)","Adjusted","healthy_noncancer_control","Adjusted healthy_noncancer_control"
"Albumin","Albumin","RC","0.913(95% CI:0.743-1.122; P=0.3887357864)","0.959(95% CI:0.913-1.007; P=0.092447018)","0.898(95% CI:0.718-1.125; P=0.350057803)","Adjusted","healthy_noncancer_control","Adjusted healthy_noncancer_control"
"ApoA1","Apolipoprotein A1","RC","1.004(95% CI:0.813-1.24; P=0.9726714009)","1.055(95% CI:0.997-1.116; P=0.0646036425)","1.031(95% CI:0.813-1.308; P=0.8007866517)","Adjusted","healthy_noncancer_control","Adjusted healthy_noncancer_control"
"ApoB","Apolipoprotein B","RC","1.012(95% CI:0.832-1.23; P=0.9046781829)","0.993(95% CI:0.946-1.041; P=0.7643923718)","0.958(95% CI:0.769-1.192; P=0.6989814923)","Adjusted","healthy_noncancer_control","Adjusted healthy_noncancer_control"
"bOHbutyrate","3-Hydroxybutyrate","RC","0.984(95% CI:0.809-1.197; P=0.8718894642)","1.049(95% CI:1.004-1.096; P=0.0329983674)","1.014(95% CI:0.825-1.248; P=0.8920206397)","Adjusted","healthy_noncancer_control","Adjusted healthy_noncancer_control"
"Cholines","Total Cholines","RC","1.004(95% CI:0.815-1.237; P=0.9719864862)","1.032(95% CI:0.979-1.087; P=0.2442471316)","0.986(95% CI:0.786-1.238; P=0.9045141531)","Adjusted","healthy_noncancer_control","Adjusted healthy_noncancer_control"
"Citrate","Citrate","RC","1.003(95% CI:0.818-1.23; P=0.9744917781)","1.018(95% CI:0.968-1.07; P=0.4834191671)","0.951(95% CI:0.723-1.25; P=0.7167322669)","Adjusted","healthy_noncancer_control","Adjusted healthy_noncancer_control"
"Clinical_LDL_C","Clinical LDL Cholesterol","RC","1.008(95% CI:0.832-1.223; P=0.9329766642)","0.992(95% CI:0.946-1.04; P=0.7381599107)","0.96(95% CI:0.775-1.189; P=0.7059345881)","Adjusted","healthy_noncancer_control","Adjusted healthy_noncancer_control"
"Creatinine","Creatinine","RC","0.946(95% CI:0.763-1.174; P=0.6140796403)","0.928(95% CI:0.873-0.986; P=0.0150604638)","1.145(95% CI:0.895-1.463; P=0.2809467625)","Adjusted","healthy_noncancer_control","Adjusted healthy_noncancer_control"
"DHA","Docosahexaenoic Acid","RC","1.021(95% CI:0.847-1.231; P=0.8263905445)","0.994(95% CI:0.945-1.045; P=0.8079692327)","1.027(95% CI:0.824-1.28; P=0.8102296703)","Adjusted","healthy_noncancer_control","Adjusted healthy_noncancer_control"
"Gln","Glutamine","RC","0.998(95% CI:0.817-1.22; P=0.988078568)","0.976(95% CI:0.93-1.025; P=0.3361054654)","0.935(95% CI:0.747-1.171; P=0.5583233751)","Adjusted","healthy_noncancer_control","Adjusted healthy_noncancer_control"
"Glucose","Glucose","RC","0.957(95% CI:0.792-1.156; P=0.648226636)","1.054(95% CI:1.007-1.104; P=0.0247446613)","0.931(95% CI:0.741-1.171; P=0.5424060199)","Adjusted","healthy_noncancer_control","Adjusted healthy_noncancer_control"
"Gly","Glycine","RC","1.078(95% CI:0.879-1.321; P=0.4709698633)","0.978(95% CI:0.923-1.036; P=0.4529177655)","1.075(95% CI:0.849-1.361; P=0.5474876913)","Adjusted","healthy_noncancer_control","Adjusted healthy_noncancer_control"
"GlycA","Glycoprotein Acetyls","RC","1.023(95% CI:0.834-1.255; P=0.827498624)","1.093(95% CI:1.038-1.151; P=0.0007389784)","1.05(95% CI:0.829-1.33; P=0.6864082008)","Adjusted","healthy_noncancer_control","Adjusted healthy_noncancer_control"
"HDL_C","HDL Cholesterol","RC","1.04(95% CI:0.842-1.285; P=0.7160140855)","1.045(95% CI:0.985-1.109; P=0.1410024779)","1.057(95% CI:0.826-1.352; P=0.661637732)","Adjusted","healthy_noncancer_control","Adjusted healthy_noncancer_control"
"HDL_CE","Cholesteryl Esters in HDL","RC","1.041(95% CI:0.844-1.285; P=0.7064192754)","1.045(95% CI:0.986-1.109; P=0.1391419087)","1.062(95% CI:0.831-1.359; P=0.6293920906)","Adjusted","healthy_noncancer_control","Adjusted healthy_noncancer_control"
"HDL_FC","Free Cholesterol in HDL","RC","1.035(95% CI:0.837-1.28; P=0.7484168884)","1.04(95% CI:0.98-1.103; P=0.1986350005)","1.033(95% CI:0.811-1.316; P=0.7928060952)","Adjusted","healthy_noncancer_control","Adjusted healthy_noncancer_control"
"HDL_L","Total Lipids in HDL","RC","1.025(95% CI:0.828-1.269; P=0.8205455921)","1.053(95% CI:0.993-1.116; P=0.0821556648)","1.044(95% CI:0.82-1.329; P=0.7280365886)","Adjusted","healthy_noncancer_control","Adjusted healthy_noncancer_control"
"HDL_PL","Phospholipids in HDL","RC","1.019(95% CI:0.824-1.259; P=0.863176884)","1.056(95% CI:0.997-1.118; P=0.0626322645)","1.038(95% CI:0.819-1.317; P=0.7575984498)","Adjusted","healthy_noncancer_control","Adjusted healthy_noncancer_control"
"HDL_TG","Triglycerides in HDL","RC","0.971(95% CI:0.794-1.188; P=0.776944528)","1.018(95% CI:0.97-1.069; P=0.4646822036)","0.976(95% CI:0.779-1.223; P=0.8343856149)","Adjusted","healthy_noncancer_control","Adjusted healthy_noncancer_control"
"His","Histidine","RC","0.99(95% CI:0.816-1.201; P=0.9162461586)","0.904(95% CI:0.858-0.952; P=0.0001265067)","0.992(95% CI:0.798-1.234; P=0.9451967751)","Adjusted","healthy_noncancer_control","Adjusted healthy_noncancer_control"
"IDL_C","Cholesterol in IDL","RC","1.032(95% CI:0.849-1.254; P=0.7527101883)","0.996(95% CI:0.948-1.046; P=0.8681295241)","0.965(95% CI:0.774-1.202; P=0.7490037506)","Adjusted","healthy_noncancer_control","Adjusted healthy_noncancer_control"
"IDL_CE","Cholesteryl Esters in IDL","RC","1.039(95% CI:0.855-1.263; P=0.6974891924)","0.998(95% CI:0.95-1.048; P=0.9261467688)","0.975(95% CI:0.782-1.216; P=0.8236163583)","Adjusted","healthy_noncancer_control","Adjusted healthy_noncancer_control"
"IDL_FC","Free Cholesterol in IDL","RC","1.013(95% CI:0.837-1.227; P=0.893026814)","0.991(95% CI:0.944-1.041; P=0.7252128304)","0.942(95% CI:0.755-1.174; P=0.5944088697)","Adjusted","healthy_noncancer_control","Adjusted healthy_noncancer_control"
"IDL_PL","Phospholipids in IDL","RC","1.02(95% CI:0.84-1.238; P=0.8429968096)","0.996(95% CI:0.948-1.047; P=0.8875991389)","0.959(95% CI:0.769-1.195; P=0.708767828)","Adjusted","healthy_noncancer_control","Adjusted healthy_noncancer_control"
"IDL_TG","Triglycerides in IDL","RC","0.992(95% CI:0.809-1.217; P=0.9415455828)","1.004(95% CI:0.956-1.054; P=0.8857456391)","0.978(95% CI:0.78-1.226; P=0.8457273467)","Adjusted","healthy_noncancer_control","Adjusted healthy_noncancer_control"
"Ile","Isoleucine","RC","0.98(95% CI:0.811-1.185; P=0.8363563339)","0.978(95% CI:0.93-1.028; P=0.3789624042)","1.008(95% CI:0.808-1.258; P=0.9408709918)","Adjusted","healthy_noncancer_control","Adjusted healthy_noncancer_control"
"L_HDL_C","Cholesterol in Large HDL","RC","1.073(95% CI:0.868-1.326; P=0.5149130626)","1.025(95% CI:0.965-1.089; P=0.4160317046)","1.06(95% CI:0.825-1.362; P=0.6472068417)","Adjusted","healthy_noncancer_control","Adjusted healthy_noncancer_control"
"L_HDL_CE","Cholesteryl Esters in Large HDL","RC","1.073(95% CI:0.869-1.325; P=0.5107407958)","1.025(95% CI:0.965-1.089; P=0.4286808861)","1.064(95% CI:0.828-1.365; P=0.6291747026)","Adjusted","healthy_noncancer_control","Adjusted healthy_noncancer_control"
"L_HDL_FC","Free Cholesterol in Large HDL","RC","1.06(95% CI:0.86-1.308; P=0.5841337847)","1.024(95% CI:0.964-1.088; P=0.4420388551)","1.04(95% CI:0.812-1.331; P=0.7577121569)","Adjusted","healthy_noncancer_control","Adjusted healthy_noncancer_control"
"L_HDL_PL","Phospholipids in Large HDL","RC","1.059(95% CI:0.856-1.309; P=0.5985160898)","1.035(95% CI:0.975-1.099; P=0.2629473999)","1.057(95% CI:0.826-1.352; P=0.6596349269)","Adjusted","healthy_noncancer_control","Adjusted healthy_noncancer_control"
"L_HDL_TG","Triglycerides in Large HDL","RC","0.985(95% CI:0.804-1.207; P=0.8839198242)","1.017(95% CI:0.968-1.069; P=0.508756722)","0.988(95% CI:0.793-1.229; P=0.9105649132)","Adjusted","healthy_noncancer_control","Adjusted healthy_noncancer_control"
"L_LDL_C","Cholesterol in Large LDL","RC","1.013(95% CI:0.836-1.229; P=0.8918925293)","0.998(95% CI:0.951-1.047; P=0.9307716056)","0.97(95% CI:0.781-1.205; P=0.7812768791)","Adjusted","healthy_noncancer_control","Adjusted healthy_noncancer_control"
"L_LDL_CE","Cholesteryl Esters in Large LDL","RC","1.014(95% CI:0.836-1.23; P=0.8861486047)","1(95% CI:0.953-1.049; P=0.9944849896)","0.971(95% CI:0.782-1.208; P=0.7944632375)","Adjusted","healthy_noncancer_control","Adjusted healthy_noncancer_control"
"L_LDL_FC","Free Cholesterol in Large LDL","RC","1.012(95% CI:0.838-1.223; P=0.9018772774)","0.993(95% CI:0.946-1.043; P=0.784182701)","0.969(95% CI:0.78-1.204; P=0.7752715474)","Adjusted","healthy_noncancer_control","Adjusted healthy_noncancer_control"
"L_LDL_PL","Phospholipids in Large LDL","RC","1.005(95% CI:0.83-1.217; P=0.9584214509)","0.995(95% CI:0.948-1.044; P=0.8323955264)","0.962(95% CI:0.774-1.196; P=0.7268266895)","Adjusted","healthy_noncancer_control","Adjusted healthy_noncancer_control"
"L_LDL_TG","Triglycerides in Large LDL","RC","0.974(95% CI:0.792-1.198; P=0.8033352465)","1.005(95% CI:0.957-1.055; P=0.8519376824)","0.961(95% CI:0.763-1.211; P=0.7379313654)","Adjusted","healthy_noncancer_control","Adjusted healthy_noncancer_control"
"L_VLDL_C","Cholesterol in Large VLDL","RC","0.991(95% CI:0.81-1.211; P=0.925953509)","1.003(95% CI:0.954-1.055; P=0.9017169207)","0.959(95% CI:0.759-1.211; P=0.7240717545)","Adjusted","healthy_noncancer_control","Adjusted healthy_noncancer_control"
"L_VLDL_CE","Cholesteryl Esters in Large VLDL","RC","1.005(95% CI:0.824-1.226; P=0.960598344)","1(95% CI:0.951-1.051; P=0.9901740516)","0.965(95% CI:0.767-1.215; P=0.7645151521)","Adjusted","healthy_noncancer_control","Adjusted healthy_noncancer_control"
"L_VLDL_FC","Free Cholesterol in Large VLDL","RC","0.973(95% CI:0.794-1.192; P=0.7925859142)","1.006(95% CI:0.956-1.058; P=0.828219022)","0.948(95% CI:0.747-1.202; P=0.6579673844)","Adjusted","healthy_noncancer_control","Adjusted healthy_noncancer_control"
"L_VLDL_PL","Phospholipids in Large VLDL","RC","0.972(95% CI:0.793-1.19; P=0.7818899075)","1.007(95% CI:0.957-1.06; P=0.7856592226)","0.953(95% CI:0.751-1.21; P=0.6942980686)","Adjusted","healthy_noncancer_control","Adjusted healthy_noncancer_control"
"L_VLDL_TG","Triglycerides in Large VLDL","RC","0.991(95% CI:0.811-1.209; P=0.9264683052)","1.012(95% CI:0.963-1.064; P=0.6325448513)","0.979(95% CI:0.774-1.238; P=0.8565852077)","Adjusted","healthy_noncancer_control","Adjusted healthy_noncancer_control"
"LA","Linoleic Acid","RC","1.011(95% CI:0.83-1.232; P=0.9123386247)","1.005(95% CI:0.958-1.054; P=0.8419495692)","0.963(95% CI:0.772-1.202; P=0.7414131669)","Adjusted","healthy_noncancer_control","Adjusted healthy_noncancer_control"
"Lactate","Lactate","RC","0.944(95% CI:0.775-1.148; P=0.5626395875)","1.02(95% CI:0.97-1.073; P=0.4384634872)","0.95(95% CI:0.756-1.194; P=0.6619266316)","Adjusted","healthy_noncancer_control","Adjusted healthy_noncancer_control"
"LDL_C","LDL Cholesterol","RC","1.006(95% CI:0.828-1.221; P=0.9549112769)","0.996(95% CI:0.95-1.044; P=0.8650006346)","0.965(95% CI:0.777-1.198; P=0.7465464892)","Adjusted","healthy_noncancer_control","Adjusted healthy_noncancer_control"
"LDL_CE","Cholesteryl Esters in LDL","RC","1.003(95% CI:0.825-1.219; P=0.9756460553)","0.998(95% CI:0.951-1.046; P=0.9215113581)","0.964(95% CI:0.775-1.198; P=0.7399364242)","Adjusted","healthy_noncancer_control","Adjusted healthy_noncancer_control"
"LDL_FC","Free Cholesterol in LDL","RC","1.013(95% CI:0.839-1.224; P=0.8913240534)","0.993(95% CI:0.946-1.041; P=0.7588127741)","0.973(95% CI:0.784-1.207; P=0.8026573501)","Adjusted","healthy_noncancer_control","Adjusted healthy_noncancer_control"
"LDL_L","Total Lipids in LDL","RC","1.002(95% CI:0.824-1.219; P=0.9825095807)","0.996(95% CI:0.95-1.045; P=0.8767867179)","0.962(95% CI:0.774-1.195; P=0.725040047)","Adjusted","healthy_noncancer_control","Adjusted healthy_noncancer_control"
"LDL_PL","Phospholipids in LDL","RC","1.006(95% CI:0.829-1.22; P=0.9530200126)","0.995(95% CI:0.949-1.044; P=0.8522174391)","0.965(95% CI:0.776-1.2; P=0.7512974513)","Adjusted","healthy_noncancer_control","Adjusted healthy_noncancer_control"
"LDL_TG","Triglycerides in LDL","RC","0.972(95% CI:0.791-1.195; P=0.7872468184)","1.007(95% CI:0.959-1.057; P=0.7704166599)","0.962(95% CI:0.763-1.213; P=0.7451768845)","Adjusted","healthy_noncancer_control","Adjusted healthy_noncancer_control"
"Leu","Leucine","RC","0.942(95% CI:0.776-1.143; P=0.5435348168)","0.949(95% CI:0.901-1; P=0.0491224577)","0.996(95% CI:0.797-1.244; P=0.9713764137)","Adjusted","healthy_noncancer_control","Adjusted healthy_noncancer_control"
"M_HDL_C","Cholesterol in Medium HDL","RC","1.013(95% CI:0.823-1.246; P=0.904393245)","1.052(95% CI:0.994-1.113; P=0.078034859)","1.053(95% CI:0.83-1.336; P=0.6701811676)","Adjusted","healthy_noncancer_control","Adjusted healthy_noncancer_control"
"M_HDL_CE","Cholesteryl Esters in Medium HDL","RC","1.012(95% CI:0.823-1.244; P=0.9118621513)","1.052(95% CI:0.995-1.113; P=0.0766480148)","1.057(95% CI:0.833-1.34; P=0.6497048307)","Adjusted","healthy_noncancer_control","Adjusted healthy_noncancer_control"
"M_HDL_FC","Free Cholesterol in Medium HDL","RC","1.016(95% CI:0.824-1.254; P=0.8799116668)","1.049(95% CI:0.991-1.111; P=0.1011766539)","1.037(95% CI:0.818-1.313; P=0.7658573608)","Adjusted","healthy_noncancer_control","Adjusted healthy_noncancer_control"
"M_HDL_PL","Phospholipids in Medium HDL","RC","0.995(95% CI:0.81-1.222; P=0.9584855287)","1.056(95% CI:1-1.115; P=0.0482730968)","1.028(95% CI:0.817-1.292; P=0.8147576671)","Adjusted","healthy_noncancer_control","Adjusted healthy_noncancer_control"
"M_HDL_TG","Triglycerides in Medium HDL","RC","0.964(95% CI:0.788-1.179; P=0.7209209778)","1.021(95% CI:0.972-1.072; P=0.3998810803)","0.97(95% CI:0.774-1.216; P=0.7922072555)","Adjusted","healthy_noncancer_control","Adjusted healthy_noncancer_control"
"M_LDL_C","Cholesterol in Medium LDL","RC","0.99(95% CI:0.814-1.202; P=0.9160419266)","0.994(95% CI:0.947-1.043; P=0.7993377887)","0.96(95% CI:0.771-1.197; P=0.7189803414)","Adjusted","healthy_noncancer_control","Adjusted healthy_noncancer_control"
"M_LDL_CE","Cholesteryl Esters in Medium LDL","RC","0.982(95% CI:0.807-1.196; P=0.857954681)","0.994(95% CI:0.948-1.044; P=0.8215158519)","0.956(95% CI:0.765-1.194; P=0.6892793071)","Adjusted","healthy_noncancer_control","Adjusted healthy_noncancer_control"
"M_LDL_FC","Free Cholesterol in Medium LDL","RC","1.012(95% CI:0.838-1.221; P=0.9028742354)","0.993(95% CI:0.947-1.042; P=0.7838487553)","0.981(95% CI:0.79-1.217; P=0.860761354)","Adjusted","healthy_noncancer_control","Adjusted healthy_noncancer_control"
"M_LDL_PL","Phospholipids in Medium LDL","RC","1(95% CI:0.824-1.214; P=0.9995361313)","0.997(95% CI:0.95-1.046; P=0.905271107)","0.97(95% CI:0.779-1.209; P=0.7883025652)","Adjusted","healthy_noncancer_control","Adjusted healthy_noncancer_control"
"M_LDL_TG","Triglycerides in Medium LDL","RC","0.963(95% CI:0.783-1.183; P=0.7180900001)","1.008(95% CI:0.96-1.058; P=0.755030187)","0.958(95% CI:0.759-1.211; P=0.721816873)","Adjusted","healthy_noncancer_control","Adjusted healthy_noncancer_control"
"M_VLDL_C","Cholesterol in Medium VLDL","RC","1.03(95% CI:0.851-1.246; P=0.7633307884)","0.993(95% CI:0.947-1.042; P=0.7843438424)","0.97(95% CI:0.78-1.206; P=0.7822434568)","Adjusted","healthy_noncancer_control","Adjusted healthy_noncancer_control"
"M_VLDL_CE","Cholesteryl Esters in Medium VLDL","RC","1.034(95% CI:0.857-1.246; P=0.7295736231)","0.991(95% CI:0.944-1.039; P=0.7010030754)","0.974(95% CI:0.784-1.211; P=0.8149222322)","Adjusted","healthy_noncancer_control","Adjusted healthy_noncancer_control"
"M_VLDL_FC","Free Cholesterol in Medium VLDL","RC","1.02(95% CI:0.841-1.238; P=0.8394407081)","0.997(95% CI:0.95-1.047; P=0.9119020065)","0.966(95% CI:0.774-1.206; P=0.7590029158)","Adjusted","healthy_noncancer_control","Adjusted healthy_noncancer_control"
"M_VLDL_PL","Phospholipids in Medium VLDL","RC","1.02(95% CI:0.838-1.24; P=0.8446998788)","1(95% CI:0.952-1.049; P=0.9874831143)","0.969(95% CI:0.775-1.212; P=0.7826532161)","Adjusted","healthy_noncancer_control","Adjusted healthy_noncancer_control"
"M_VLDL_TG","Triglycerides in Medium VLDL","RC","1.012(95% CI:0.829-1.235; P=0.9061945959)","1.011(95% CI:0.961-1.063; P=0.6805132909)","0.999(95% CI:0.793-1.26; P=0.9953876767)","Adjusted","healthy_noncancer_control","Adjusted healthy_noncancer_control"
"MUFA","Monounsaturated Fatty Acids","RC","0.984(95% CI:0.8-1.21; P=0.8774882999)","1.038(95% CI:0.989-1.091; P=0.1308439122)","0.986(95% CI:0.782-1.244; P=0.9074937446)","Adjusted","healthy_noncancer_control","Adjusted healthy_noncancer_control"
"non_HDL_C","Total Cholesterol Minus HDL-C","RC","1.011(95% CI:0.83-1.23; P=0.9158418105)","0.996(95% CI:0.95-1.045; P=0.8739934797)","0.959(95% CI:0.771-1.191; P=0.7025877722)","Adjusted","healthy_noncancer_control","Adjusted healthy_noncancer_control"
"Omega_3","Omega-3 Fatty Acids","RC","0.994(95% CI:0.816-1.21; P=0.9488199063)","1.011(95% CI:0.962-1.062; P=0.6717360081)","1.02(95% CI:0.816-1.274; P=0.8628267413)","Adjusted","healthy_noncancer_control","Adjusted healthy_noncancer_control"
"Omega_6","Omega-6 Fatty Acids","RC","1.007(95% CI:0.822-1.234; P=0.947281709)","1.018(95% CI:0.97-1.069; P=0.4660838231)","0.983(95% CI:0.786-1.23; P=0.8820734635)","Adjusted","healthy_noncancer_control","Adjusted healthy_noncancer_control"
"Phe","Phenylalanine","RC","0.89(95% CI:0.721-1.099; P=0.2789309863)","0.964(95% CI:0.917-1.013; P=0.1513130232)","0.907(95% CI:0.721-1.143; P=0.4082805121)","Adjusted","healthy_noncancer_control","Adjusted healthy_noncancer_control"
"Phosphatidylc","Phosphatidylcholines","RC","1.011(95% CI:0.817-1.252; P=0.9170990162)","1.027(95% CI:0.974-1.083; P=0.328134479)","0.996(95% CI:0.793-1.252; P=0.9731556976)","Adjusted","healthy_noncancer_control","Adjusted healthy_noncancer_control"
"Phosphoglyc","Phosphoglycerides","RC","0.997(95% CI:0.808-1.23; P=0.9753847262)","1.035(95% CI:0.982-1.09; P=0.1972968111)","0.985(95% CI:0.785-1.237; P=0.8984577946)","Adjusted","healthy_noncancer_control","Adjusted healthy_noncancer_control"
"PUFA","Polyunsaturated Fatty Acids","RC","1.002(95% CI:0.813-1.234; P=0.9877933616)","1.018(95% CI:0.969-1.069; P=0.4884906831)","0.988(95% CI:0.788-1.239; P=0.9199749776)","Adjusted","healthy_noncancer_control","Adjusted healthy_noncancer_control"
"Pyruvate","Pyruvate","RC","0.959(95% CI:0.792-1.161; P=0.6677052013)","1.011(95% CI:0.963-1.062; P=0.6532959172)","0.966(95% CI:0.772-1.21; P=0.7645905742)","Adjusted","healthy_noncancer_control","Adjusted healthy_noncancer_control"
"Remnant_C","Remnant Cholesterol (Non-HDL and Non-LDL -Cholesterol)","RC","1.016(95% CI:0.834-1.239; P=0.8729321731)","0.997(95% CI:0.951-1.046; P=0.9077414112)","0.956(95% CI:0.768-1.19; P=0.6846797969)","Adjusted","healthy_noncancer_control","Adjusted healthy_noncancer_control"
"S_HDL_C","Cholesterol in Small HDL","RC","0.967(95% CI:0.794-1.177; P=0.7390288815)","1.036(95% CI:0.986-1.089; P=0.1654989634)","1.025(95% CI:0.821-1.28; P=0.8252677522)","Adjusted","healthy_noncancer_control","Adjusted healthy_noncancer_control"
"S_HDL_CE","Cholesteryl Esters in Small HDL","RC","0.964(95% CI:0.795-1.171; P=0.7142577698)","1.035(95% CI:0.985-1.087; P=0.1770298841)","1.027(95% CI:0.824-1.28; P=0.8117897378)","Adjusted","healthy_noncancer_control","Adjusted healthy_noncancer_control"
"S_HDL_FC","Free Cholesterol in Small HDL","RC","0.986(95% CI:0.802-1.212; P=0.8941183199)","1.035(95% CI:0.984-1.089; P=0.1871823085)","1.019(95% CI:0.813-1.277; P=0.8717071766)","Adjusted","healthy_noncancer_control","Adjusted healthy_noncancer_control"
"S_HDL_PL","Phospholipids in Small HDL","RC","0.954(95% CI:0.778-1.171; P=0.6539406702)","1.051(95% CI:0.999-1.105; P=0.0531158586)","1.005(95% CI:0.802-1.26; P=0.966694567)","Adjusted","healthy_noncancer_control","Adjusted healthy_noncancer_control"
"S_HDL_TG","Triglycerides in Small HDL","RC","0.956(95% CI:0.78-1.173; P=0.6682201299)","1.014(95% CI:0.963-1.067; P=0.5988520989)","0.962(95% CI:0.76-1.218; P=0.7472375985)","Adjusted","healthy_noncancer_control","Adjusted healthy_noncancer_control"
"S_LDL_C","Cholesterol in Small LDL","RC","0.999(95% CI:0.824-1.211; P=0.9929662333)","0.994(95% CI:0.948-1.042; P=0.802661317)","0.963(95% CI:0.773-1.198; P=0.7341064257)","Adjusted","healthy_noncancer_control","Adjusted healthy_noncancer_control"
"S_LDL_CE","Cholesteryl Esters in Small LDL","RC","0.988(95% CI:0.813-1.2; P=0.8998438075)","0.996(95% CI:0.95-1.045; P=0.8778538634)","0.954(95% CI:0.765-1.191; P=0.6797527363)","Adjusted","healthy_noncancer_control","Adjusted healthy_noncancer_control"
"S_LDL_FC","Free Cholesterol in Small LDL","RC","1.026(95% CI:0.852-1.236; P=0.7855479019)","0.989(95% CI:0.943-1.037; P=0.6515351464)","0.99(95% CI:0.799-1.227; P=0.9246477133)","Adjusted","healthy_noncancer_control","Adjusted healthy_noncancer_control"
"S_LDL_PL","Phospholipids in Small LDL","RC","1.027(95% CI:0.848-1.242; P=0.7863774096)","0.997(95% CI:0.951-1.045; P=0.9024817718)","0.985(95% CI:0.793-1.225; P=0.8945917528)","Adjusted","healthy_noncancer_control","Adjusted healthy_noncancer_control"
"S_LDL_TG","Triglycerides in Small LDL","RC","0.96(95% CI:0.784-1.177; P=0.6966428129)","1.013(95% CI:0.966-1.063; P=0.5874416789)","0.955(95% CI:0.755-1.207; P=0.6983020572)","Adjusted","healthy_noncancer_control","Adjusted healthy_noncancer_control"
"S_VLDL_C","Cholesterol in Small VLDL","RC","1.018(95% CI:0.837-1.238; P=0.8617977223)","0.993(95% CI:0.945-1.042; P=0.7623750405)","0.969(95% CI:0.775-1.211; P=0.7818665202)","Adjusted","healthy_noncancer_control","Adjusted healthy_noncancer_control"
"S_VLDL_CE","Cholesteryl Esters in Small VLDL","RC","1.01(95% CI:0.829-1.229; P=0.9245426747)","0.991(95% CI:0.944-1.041; P=0.7263624433)","0.963(95% CI:0.769-1.205; P=0.7389674355)","Adjusted","healthy_noncancer_control","Adjusted healthy_noncancer_control"
"S_VLDL_FC","Free Cholesterol in Small VLDL","RC","1.031(95% CI:0.851-1.251; P=0.7532936282)","0.994(95% CI:0.947-1.043; P=0.8100482359)","0.981(95% CI:0.787-1.223; P=0.8648527028)","Adjusted","healthy_noncancer_control","Adjusted healthy_noncancer_control"
"S_VLDL_PL","Phospholipids in Small VLDL","RC","1.028(95% CI:0.845-1.251; P=0.7811882119)","0.999(95% CI:0.951-1.048; P=0.9535190506)","0.984(95% CI:0.786-1.23; P=0.8846551644)","Adjusted","healthy_noncancer_control","Adjusted healthy_noncancer_control"
"S_VLDL_TG","Triglycerides in Small VLDL","RC","1.009(95% CI:0.828-1.231; P=0.9262953238)","1.013(95% CI:0.963-1.064; P=0.625136595)","1.01(95% CI:0.804-1.27; P=0.9308983572)","Adjusted","healthy_noncancer_control","Adjusted healthy_noncancer_control"
"SFA","Saturated Fatty Acids","RC","0.978(95% CI:0.795-1.204; P=0.8370261899)","1.033(95% CI:0.985-1.085; P=0.1838157283)","0.971(95% CI:0.772-1.222; P=0.8021311037)","Adjusted","healthy_noncancer_control","Adjusted healthy_noncancer_control"
"Sphingomyelins","Sphingomyelins","RC","1.04(95% CI:0.851-1.272; P=0.6985002081)","1.029(95% CI:0.976-1.084; P=0.2861167249)","1.011(95% CI:0.806-1.27; P=0.9228522753)","Adjusted","healthy_noncancer_control","Adjusted healthy_noncancer_control"
"Total_C","Total Cholesterol","RC","1.016(95% CI:0.834-1.238; P=0.8734055407)","1.006(95% CI:0.958-1.057; P=0.8114396885)","0.968(95% CI:0.777-1.206; P=0.7707175415)","Adjusted","healthy_noncancer_control","Adjusted healthy_noncancer_control"
"Total_CE","Total Esterified Cholesterol","RC","1.017(95% CI:0.835-1.239; P=0.8659945602)","1.008(95% CI:0.959-1.059; P=0.7621012967)","0.972(95% CI:0.779-1.212; P=0.8001402486)","Adjusted","healthy_noncancer_control","Adjusted healthy_noncancer_control"
"Total_FA","Total Fatty Acids","RC","0.984(95% CI:0.798-1.214; P=0.8826528283)","1.032(95% CI:0.983-1.083; P=0.2064888462)","0.98(95% CI:0.78-1.232; P=0.8640433079)","Adjusted","healthy_noncancer_control","Adjusted healthy_noncancer_control"
"Total_FC","Total Free Cholesterol","RC","1.014(95% CI:0.833-1.235; P=0.8886210639)","1.002(95% CI:0.955-1.052; P=0.9200559432)","0.961(95% CI:0.772-1.198; P=0.7258473227)","Adjusted","healthy_noncancer_control","Adjusted healthy_noncancer_control"
"Total_L","Total Lipids in Lipoprotein Particles","RC","1.002(95% CI:0.818-1.228; P=0.9807954827)","1.016(95% CI:0.968-1.066; P=0.5301037395)","0.969(95% CI:0.775-1.21; P=0.7797761295)","Adjusted","healthy_noncancer_control","Adjusted healthy_noncancer_control"
"Total_PL","Total Phospholipids in Lipoprotein Particles","RC","1.007(95% CI:0.82-1.238; P=0.9439800554)","1.029(95% CI:0.978-1.083; P=0.2731933729)","0.978(95% CI:0.781-1.226; P=0.8492468398)","Adjusted","healthy_noncancer_control","Adjusted healthy_noncancer_control"
"Total_TG","Total Triglycerides","RC","0.99(95% CI:0.807-1.215; P=0.9218528582)","1.016(95% CI:0.966-1.069; P=0.5320197815)","0.988(95% CI:0.781-1.25; P=0.9186168915)","Adjusted","healthy_noncancer_control","Adjusted healthy_noncancer_control"
"Tyr","Tyrosine","RC","0.958(95% CI:0.791-1.162; P=0.6648822988)","0.987(95% CI:0.939-1.037; P=0.6031604717)","1.004(95% CI:0.808-1.248; P=0.9700493021)","Adjusted","healthy_noncancer_control","Adjusted healthy_noncancer_control"
"Unsaturation","Degree of Unsaturation","RC","1.004(95% CI:0.832-1.212; P=0.9643264438)","0.977(95% CI:0.929-1.028; P=0.3728821892)","1.034(95% CI:0.823-1.299; P=0.7714220782)","Adjusted","healthy_noncancer_control","Adjusted healthy_noncancer_control"
"Val","Valine","RC","0.886(95% CI:0.721-1.089; P=0.2517153755)","0.953(95% CI:0.904-1.004; P=0.069718241)","0.932(95% CI:0.737-1.179; P=0.5563250298)","Adjusted","healthy_noncancer_control","Adjusted healthy_noncancer_control"
"VLDL_C","VLDL Cholesterol","RC","1.004(95% CI:0.821-1.226; P=0.9726308803)","1(95% CI:0.952-1.05; P=0.9937378958)","0.955(95% CI:0.763-1.195; P=0.6845448749)","Adjusted","healthy_noncancer_control","Adjusted healthy_noncancer_control"
"VLDL_CE","Cholesteryl Esters in VLDL","RC","1.008(95% CI:0.828-1.228; P=0.9378226666)","0.995(95% CI:0.948-1.045; P=0.8540200549)","0.953(95% CI:0.763-1.19; P=0.6691286281)","Adjusted","healthy_noncancer_control","Adjusted healthy_noncancer_control"
"VLDL_FC","Free Cholesterol in VLDL","RC","0.992(95% CI:0.812-1.212; P=0.936823488)","1.004(95% CI:0.955-1.054; P=0.8825596014)","0.951(95% CI:0.756-1.195; P=0.6638266025)","Adjusted","healthy_noncancer_control","Adjusted healthy_noncancer_control"
"VLDL_L","Total Lipids in VLDL","RC","1(95% CI:0.814-1.23; P=0.9975197313)","1.012(95% CI:0.963-1.065; P=0.6318226554)","0.978(95% CI:0.774-1.234; P=0.8489747634)","Adjusted","healthy_noncancer_control","Adjusted healthy_noncancer_control"
"VLDL_PL","Phospholipids in VLDL","RC","0.993(95% CI:0.811-1.216; P=0.9449152125)","1.006(95% CI:0.958-1.057; P=0.8045911177)","0.959(95% CI:0.762-1.208; P=0.7236393056)","Adjusted","healthy_noncancer_control","Adjusted healthy_noncancer_control"
"VLDL_TG","Triglycerides in VLDL","RC","0.992(95% CI:0.81-1.216; P=0.9404153718)","1.016(95% CI:0.966-1.069; P=0.536725731)","0.988(95% CI:0.78-1.252; P=0.9223494334)","Adjusted","healthy_noncancer_control","Adjusted healthy_noncancer_control"
"XL_HDL_C","Cholesterol in Very Large HDL","RC","1.053(95% CI:0.857-1.294; P=0.6227229073)","1.003(95% CI:0.946-1.064; P=0.914600885)","1.012(95% CI:0.791-1.296; P=0.9224281697)","Adjusted","healthy_noncancer_control","Adjusted healthy_noncancer_control"
"XL_HDL_CE","Cholesteryl Esters in Very Large HDL","RC","1.062(95% CI:0.864-1.305; P=0.5703925629)","1.007(95% CI:0.949-1.069; P=0.8196295601)","1.027(95% CI:0.802-1.315; P=0.8325537783)","Adjusted","healthy_noncancer_control","Adjusted healthy_noncancer_control"
"XL_HDL_FC","Free Cholesterol in Very Large HDL","RC","1.019(95% CI:0.833-1.248; P=0.8531617818)","0.991(95% CI:0.937-1.048; P=0.7495509888)","0.958(95% CI:0.752-1.221; P=0.7283460954)","Adjusted","healthy_noncancer_control","Adjusted healthy_noncancer_control"
"XL_HDL_PL","Phospholipids in Very Large HDL","RC","1.055(95% CI:0.857-1.299; P=0.6118553381)","1.011(95% CI:0.953-1.072; P=0.7190580675)","1.022(95% CI:0.798-1.308; P=0.8644859811)","Adjusted","healthy_noncancer_control","Adjusted healthy_noncancer_control"
"XL_HDL_TG","Triglycerides in Very Large HDL","RC","0.983(95% CI:0.805-1.201; P=0.869312458)","1.01(95% CI:0.964-1.059; P=0.6711565193)","0.973(95% CI:0.779-1.215; P=0.8100990883)","Adjusted","healthy_noncancer_control","Adjusted healthy_noncancer_control"
"XL_VLDL_C","Cholesterol in Very Large VLDL","RC","0.97(95% CI:0.792-1.188; P=0.7706538511)","1.005(95% CI:0.955-1.057; P=0.8564843375)","0.936(95% CI:0.739-1.186; P=0.5848965147)","Adjusted","healthy_noncancer_control","Adjusted healthy_noncancer_control"
"XL_VLDL_CE","Cholesteryl Esters in Very Large VLDL","RC","0.981(95% CI:0.803-1.199; P=0.8546566369)","0.999(95% CI:0.95-1.051; P=0.9749991782)","0.94(95% CI:0.744-1.187; P=0.6028009788)","Adjusted","healthy_noncancer_control","Adjusted healthy_noncancer_control"
"XL_VLDL_FC","Free Cholesterol in Very Large VLDL","RC","0.955(95% CI:0.778-1.171; P=0.657916095)","1.01(95% CI:0.96-1.061; P=0.7112808758)","0.929(95% CI:0.731-1.182; P=0.5509640323)","Adjusted","healthy_noncancer_control","Adjusted healthy_noncancer_control"
"XL_VLDL_PL","Phospholipids in Very Large VLDL","RC","0.953(95% CI:0.776-1.169; P=0.641865408)","1.01(95% CI:0.96-1.062; P=0.6997350521)","0.93(95% CI:0.73-1.184; P=0.554693907)","Adjusted","healthy_noncancer_control","Adjusted healthy_noncancer_control"
"XL_VLDL_TG","Triglycerides in Very Large VLDL","RC","0.956(95% CI:0.78-1.173; P=0.666472117)","1.015(95% CI:0.965-1.067; P=0.5624235009)","0.947(95% CI:0.744-1.205; P=0.6563576191)","Adjusted","healthy_noncancer_control","Adjusted healthy_noncancer_control"
"XS_VLDL_C","Cholesterol in Very Small VLDL","RC","1.019(95% CI:0.838-1.24; P=0.848209268)","0.99(95% CI:0.942-1.04; P=0.6771375275)","0.947(95% CI:0.759-1.182; P=0.6306174642)","Adjusted","healthy_noncancer_control","Adjusted healthy_noncancer_control"
"XS_VLDL_CE","Cholesteryl Esters in Very Small VLDL","RC","1.025(95% CI:0.844-1.245; P=0.8025009257)","0.989(95% CI:0.942-1.04; P=0.672822498)","0.949(95% CI:0.761-1.184; P=0.6431548319)","Adjusted","healthy_noncancer_control","Adjusted healthy_noncancer_control"
"XS_VLDL_FC","Free Cholesterol in Very Small VLDL","RC","1.007(95% CI:0.826-1.228; P=0.9417640556)","0.99(95% CI:0.942-1.039; P=0.6812236279)","0.943(95% CI:0.754-1.18; P=0.6081515414)","Adjusted","healthy_noncancer_control","Adjusted healthy_noncancer_control"
"XS_VLDL_PL","Phospholipids in Very Small VLDL","RC","1.009(95% CI:0.826-1.232; P=0.9336920331)","0.994(95% CI:0.947-1.044; P=0.8123525048)","0.955(95% CI:0.763-1.196; P=0.6896687705)","Adjusted","healthy_noncancer_control","Adjusted healthy_noncancer_control"
"XS_VLDL_TG","Triglycerides in Very Small VLDL","RC","0.993(95% CI:0.812-1.214; P=0.9456245782)","1.007(95% CI:0.959-1.058; P=0.7773393277)","0.986(95% CI:0.787-1.236; P=0.9037392267)","Adjusted","healthy_noncancer_control","Adjusted healthy_noncancer_control"
"XXL_VLDL_C","Cholesterol in Chylomicrons and Extremely Large VLDL","RC","0.926(95% CI:0.753-1.139; P=0.4692828134)","1.014(95% CI:0.965-1.066; P=0.574380736)","0.914(95% CI:0.716-1.167; P=0.4705212692)","Adjusted","healthy_noncancer_control","Adjusted healthy_noncancer_control"
"XXL_VLDL_CE","Cholesteryl Esters in Chylomicrons and Extremely Large VLDL","RC","0.93(95% CI:0.757-1.144; P=0.4934715954)","1.01(95% CI:0.961-1.061; P=0.6982764573)","0.915(95% CI:0.717-1.168; P=0.4777667377)","Adjusted","healthy_noncancer_control","Adjusted healthy_noncancer_control"
"XXL_VLDL_FC","Free Cholesterol in Chylomicrons and Extremely Large VLDL","RC","0.911(95% CI:0.739-1.124; P=0.3854063267)","1.018(95% CI:0.97-1.069; P=0.4696571066)","0.904(95% CI:0.706-1.157; P=0.4221583645)","Adjusted","healthy_noncancer_control","Adjusted healthy_noncancer_control"
"XXL_VLDL_PL","Phospholipids in Chylomicrons and Extremely Large VLDL","RC","0.905(95% CI:0.733-1.118; P=0.3564512675)","1.016(95% CI:0.967-1.067; P=0.5268769603)","0.905(95% CI:0.706-1.16; P=0.43031551)","Adjusted","healthy_noncancer_control","Adjusted healthy_noncancer_control"
"XXL_VLDL_TG","Triglycerides in Chylomicrons and Extremely Large VLDL","RC","0.93(95% CI:0.757-1.142; P=0.4876748516)","1.017(95% CI:0.969-1.067; P=0.5049899587)","0.916(95% CI:0.717-1.169; P=0.4803242574)","Adjusted","healthy_noncancer_control","Adjusted healthy_noncancer_control"
