"Biomarker","Description","Phenotype","HUNT_all","UKBB","HUNT_reduced","Analysis_type","Design","key"
"Acetate","Acetate","BC","0.863(95% CI:0.706-1.056; P=0.1522981967)","1(95% CI:0.978-1.022; P=0.9869443679)","0.768(95% CI:0.586-1.006; P=0.0553051613)","Adjusted","All_control_except_phenotype","Adjusted All_control_except_phenotype"
"Acetoacetate","Acetoacetate","BC","1.065(95% CI:0.96-1.181; P=0.2349292995)","1.036(95% CI:1.015-1.057; P=0.0007489723)","1.061(95% CI:0.947-1.189; P=0.3053331472)","Adjusted","All_control_except_phenotype","Adjusted All_control_except_phenotype"
"Acetone","Acetone","BC","1.002(95% CI:0.882-1.139; P=0.9714283738)","1.024(95% CI:1.004-1.045; P=0.0175776231)","1.016(95% CI:0.887-1.162; P=0.8227319967)","Adjusted","All_control_except_phenotype","Adjusted All_control_except_phenotype"
"Ala","Alanine","BC","1.036(95% CI:0.909-1.182; P=0.5940177202)","0.998(95% CI:0.976-1.021; P=0.8766937066)","1.143(95% CI:0.987-1.324; P=0.0741152631)","Adjusted","All_control_except_phenotype","Adjusted All_control_except_phenotype"
"Albumin","Albumin","BC","0.869(95% CI:0.756-0.999; P=0.0487387945)","0.96(95% CI:0.938-0.982; P=0.0005200907)","0.947(95% CI:0.813-1.103; P=0.4819291944)","Adjusted","All_control_except_phenotype","Adjusted All_control_except_phenotype"
"ApoA1","Apolipoprotein A1","BC","0.998(95% CI:0.869-1.147; P=0.9814737141)","0.985(95% CI:0.961-1.009; P=0.22003022)","0.997(95% CI:0.853-1.164; P=0.9672669064)","Adjusted","All_control_except_phenotype","Adjusted All_control_except_phenotype"
"ApoB","Apolipoprotein B","BC","0.972(95% CI:0.844-1.12; P=0.6963399546)","1.007(95% CI:0.985-1.031; P=0.5256154305)","1.01(95% CI:0.867-1.176; P=0.9016992336)","Adjusted","All_control_except_phenotype","Adjusted All_control_except_phenotype"
"bOHbutyrate","3-Hydroxybutyrate","BC","1.038(95% CI:0.92-1.171; P=0.5450823848)","1.031(95% CI:1.01-1.053; P=0.0040331812)","1.038(95% CI:0.909-1.185; P=0.5832385947)","Adjusted","All_control_except_phenotype","Adjusted All_control_except_phenotype"
"Cholines","Total Cholines","BC","0.986(95% CI:0.852-1.141; P=0.8505121943)","0.998(95% CI:0.974-1.021; P=0.8363076881)","1.018(95% CI:0.871-1.188; P=0.8260283789)","Adjusted","All_control_except_phenotype","Adjusted All_control_except_phenotype"
"Citrate","Citrate","BC","0.994(95% CI:0.872-1.133; P=0.9280123633)","1.008(95% CI:0.985-1.031; P=0.5220370422)","1.024(95% CI:0.932-1.125; P=0.6191383635)","Adjusted","All_control_except_phenotype","Adjusted All_control_except_phenotype"
"Clinical_LDL_C","Clinical LDL Cholesterol","BC","0.948(95% CI:0.825-1.09; P=0.4549942703)","1.002(95% CI:0.979-1.025; P=0.8700990113)","0.991(95% CI:0.852-1.152; P=0.9053741782)","Adjusted","All_control_except_phenotype","Adjusted All_control_except_phenotype"
"Creatinine","Creatinine","BC","0.972(95% CI:0.844-1.12; P=0.6971890147)","0.998(95% CI:0.975-1.022; P=0.8632629532)","0.975(95% CI:0.837-1.136; P=0.7470787856)","Adjusted","All_control_except_phenotype","Adjusted All_control_except_phenotype"
"DHA","Docosahexaenoic Acid","BC","0.918(95% CI:0.793-1.063; P=0.2526676472)","0.989(95% CI:0.966-1.013; P=0.3639670631)","0.914(95% CI:0.778-1.074; P=0.2742779759)","Adjusted","All_control_except_phenotype","Adjusted All_control_except_phenotype"
"Gln","Glutamine","BC","0.977(95% CI:0.853-1.12; P=0.7425473018)","0.964(95% CI:0.942-0.986; P=0.0013981986)","1.062(95% CI:0.912-1.237; P=0.4396695598)","Adjusted","All_control_except_phenotype","Adjusted All_control_except_phenotype"
"Glucose","Glucose","BC","1(95% CI:0.875-1.143; P=0.9986926557)","1.007(95% CI:0.984-1.03; P=0.5574643007)","1.045(95% CI:0.904-1.209; P=0.5494622856)","Adjusted","All_control_except_phenotype","Adjusted All_control_except_phenotype"
"Gly","Glycine","BC","0.961(95% CI:0.841-1.097; P=0.5521113893)","0.968(95% CI:0.946-0.991; P=0.0064928055)","0.953(95% CI:0.819-1.109; P=0.5327617337)","Adjusted","All_control_except_phenotype","Adjusted All_control_except_phenotype"
"GlycA","Glycoprotein Acetyls","BC","1.098(95% CI:0.951-1.268; P=0.2028197851)","1.03(95% CI:1.004-1.057; P=0.0224703409)","1.089(95% CI:0.924-1.285; P=0.3093049035)","Adjusted","All_control_except_phenotype","Adjusted All_control_except_phenotype"
"HDL_C","HDL Cholesterol","BC","0.987(95% CI:0.859-1.133; P=0.8484184418)","0.98(95% CI:0.956-1.005; P=0.1162661761)","0.971(95% CI:0.828-1.139; P=0.7216567924)","Adjusted","All_control_except_phenotype","Adjusted All_control_except_phenotype"
"HDL_CE","Cholesteryl Esters in HDL","BC","0.979(95% CI:0.853-1.125; P=0.7667791044)","0.979(95% CI:0.955-1.003; P=0.0913194048)","0.963(95% CI:0.821-1.13; P=0.6457197054)","Adjusted","All_control_except_phenotype","Adjusted All_control_except_phenotype"
"HDL_FC","Free Cholesterol in HDL","BC","1.01(95% CI:0.879-1.16; P=0.8909878528)","0.986(95% CI:0.962-1.011; P=0.260307911)","0.994(95% CI:0.85-1.162; P=0.9377082814)","Adjusted","All_control_except_phenotype","Adjusted All_control_except_phenotype"
"HDL_L","Total Lipids in HDL","BC","1.011(95% CI:0.88-1.162; P=0.8769936009)","0.984(95% CI:0.961-1.009; P=0.2106324166)","1.004(95% CI:0.859-1.174; P=0.9604254114)","Adjusted","All_control_except_phenotype","Adjusted All_control_except_phenotype"
"HDL_PL","Phospholipids in HDL","BC","1.019(95% CI:0.888-1.17; P=0.7879000554)","0.987(95% CI:0.963-1.011; P=0.2930714057)","1.015(95% CI:0.87-1.184; P=0.8531728818)","Adjusted","All_control_except_phenotype","Adjusted All_control_except_phenotype"
"HDL_TG","Triglycerides in HDL","BC","1.066(95% CI:0.931-1.221; P=0.3554658405)","1.014(95% CI:0.991-1.037; P=0.2418656813)","1.073(95% CI:0.926-1.244; P=0.3486195383)","Adjusted","All_control_except_phenotype","Adjusted All_control_except_phenotype"
"His","Histidine","BC","1.028(95% CI:0.9-1.174; P=0.6864565991)","0.969(95% CI:0.946-0.992; P=0.0084389438)","1.131(95% CI:0.975-1.311; P=0.1040073758)","Adjusted","All_control_except_phenotype","Adjusted All_control_except_phenotype"
"IDL_C","Cholesterol in IDL","BC","0.948(95% CI:0.824-1.091; P=0.457256186)","0.999(95% CI:0.977-1.022; P=0.9556639048)","0.978(95% CI:0.841-1.137; P=0.7708898187)","Adjusted","All_control_except_phenotype","Adjusted All_control_except_phenotype"
"IDL_CE","Cholesteryl Esters in IDL","BC","0.949(95% CI:0.824-1.092; P=0.4613311477)","0.999(95% CI:0.976-1.022; P=0.9095295776)","0.978(95% CI:0.84-1.138; P=0.7717463129)","Adjusted","All_control_except_phenotype","Adjusted All_control_except_phenotype"
"IDL_FC","Free Cholesterol in IDL","BC","0.939(95% CI:0.817-1.078; P=0.3709012942)","1.001(95% CI:0.978-1.024; P=0.9485274643)","0.963(95% CI:0.828-1.12; P=0.625606828)","Adjusted","All_control_except_phenotype","Adjusted All_control_except_phenotype"
"IDL_PL","Phospholipids in IDL","BC","0.949(95% CI:0.824-1.093; P=0.4660345835)","1.002(95% CI:0.979-1.025; P=0.8649183878)","0.977(95% CI:0.839-1.137; P=0.7629079218)","Adjusted","All_control_except_phenotype","Adjusted All_control_except_phenotype"
"IDL_TG","Triglycerides in IDL","BC","1.073(95% CI:0.934-1.233; P=0.320489826)","1.02(95% CI:0.997-1.044; P=0.0872850987)","1.068(95% CI:0.92-1.239; P=0.3872632153)","Adjusted","All_control_except_phenotype","Adjusted All_control_except_phenotype"
"Ile","Isoleucine","BC","0.991(95% CI:0.871-1.128; P=0.8928799653)","1.022(95% CI:0.999-1.045; P=0.0581046707)","1.059(95% CI:0.916-1.225; P=0.4408645805)","Adjusted","All_control_except_phenotype","Adjusted All_control_except_phenotype"
"L_HDL_C","Cholesterol in Large HDL","BC","1.001(95% CI:0.871-1.15; P=0.9868784695)","0.982(95% CI:0.957-1.007; P=0.1521645786)","0.965(95% CI:0.821-1.135; P=0.6693406005)","Adjusted","All_control_except_phenotype","Adjusted All_control_except_phenotype"
"L_HDL_CE","Cholesteryl Esters in Large HDL","BC","0.997(95% CI:0.867-1.145; P=0.9617364867)","0.981(95% CI:0.956-1.006; P=0.1300495638)","0.96(95% CI:0.816-1.129; P=0.6219245272)","Adjusted","All_control_except_phenotype","Adjusted All_control_except_phenotype"
"L_HDL_FC","Free Cholesterol in Large HDL","BC","1.016(95% CI:0.886-1.166; P=0.8161454497)","0.985(95% CI:0.96-1.01; P=0.2234585864)","0.98(95% CI:0.835-1.149; P=0.8026588572)","Adjusted","All_control_except_phenotype","Adjusted All_control_except_phenotype"
"L_HDL_PL","Phospholipids in Large HDL","BC","1.024(95% CI:0.893-1.175; P=0.7343608434)","0.985(95% CI:0.96-1.009; P=0.222353662)","0.989(95% CI:0.844-1.159; P=0.8928582887)","Adjusted","All_control_except_phenotype","Adjusted All_control_except_phenotype"
"L_HDL_TG","Triglycerides in Large HDL","BC","1.065(95% CI:0.931-1.217; P=0.3585170593)","1.003(95% CI:0.98-1.026; P=0.8005968097)","1.042(95% CI:0.903-1.203; P=0.573658519)","Adjusted","All_control_except_phenotype","Adjusted All_control_except_phenotype"
"L_LDL_C","Cholesterol in Large LDL","BC","0.93(95% CI:0.81-1.069; P=0.3093379059)","1(95% CI:0.978-1.023; P=0.9902144988)","0.977(95% CI:0.84-1.136; P=0.7596028841)","Adjusted","All_control_except_phenotype","Adjusted All_control_except_phenotype"
"L_LDL_CE","Cholesteryl Esters in Large LDL","BC","0.93(95% CI:0.809-1.07; P=0.3101376743)","1.001(95% CI:0.979-1.024; P=0.9160636466)","0.979(95% CI:0.841-1.139; P=0.7827349887)","Adjusted","All_control_except_phenotype","Adjusted All_control_except_phenotype"
"L_LDL_FC","Free Cholesterol in Large LDL","BC","0.923(95% CI:0.804-1.058; P=0.2504097212)","0.996(95% CI:0.973-1.018; P=0.6982608396)","0.958(95% CI:0.825-1.113; P=0.5771411511)","Adjusted","All_control_except_phenotype","Adjusted All_control_except_phenotype"
"L_LDL_PL","Phospholipids in Large LDL","BC","0.941(95% CI:0.818-1.082; P=0.3918522079)","1.001(95% CI:0.979-1.024; P=0.9220328495)","0.979(95% CI:0.842-1.139; P=0.7850739215)","Adjusted","All_control_except_phenotype","Adjusted All_control_except_phenotype"
"L_LDL_TG","Triglycerides in Large LDL","BC","1.081(95% CI:0.94-1.242; P=0.2751459233)","1.02(95% CI:0.996-1.043; P=0.1009984975)","1.076(95% CI:0.927-1.25; P=0.3345248265)","Adjusted","All_control_except_phenotype","Adjusted All_control_except_phenotype"
"L_VLDL_C","Cholesterol in Large VLDL","BC","1.041(95% CI:0.907-1.195; P=0.5682781888)","1.016(95% CI:0.992-1.04; P=0.1954104367)","1.085(95% CI:0.93-1.265; P=0.3024584458)","Adjusted","All_control_except_phenotype","Adjusted All_control_except_phenotype"
"L_VLDL_CE","Cholesteryl Esters in Large VLDL","BC","1.025(95% CI:0.893-1.177; P=0.7232803342)","1.014(95% CI:0.99-1.038; P=0.2605762824)","1.068(95% CI:0.916-1.246; P=0.4019597085)","Adjusted","All_control_except_phenotype","Adjusted All_control_except_phenotype"
"L_VLDL_FC","Free Cholesterol in Large VLDL","BC","1.063(95% CI:0.928-1.217; P=0.3808614146)","1.018(95% CI:0.994-1.042; P=0.1496029954)","1.104(95% CI:0.949-1.286; P=0.2000042735)","Adjusted","All_control_except_phenotype","Adjusted All_control_except_phenotype"
"L_VLDL_PL","Phospholipids in Large VLDL","BC","1.069(95% CI:0.934-1.224; P=0.3298672213)","1.018(95% CI:0.994-1.042; P=0.1358265408)","1.109(95% CI:0.953-1.29; P=0.1804369185)","Adjusted","All_control_except_phenotype","Adjusted All_control_except_phenotype"
"L_VLDL_TG","Triglycerides in Large VLDL","BC","1.081(95% CI:0.947-1.234; P=0.249196887)","1.018(95% CI:0.994-1.042; P=0.1401562348)","1.133(95% CI:0.977-1.314; P=0.0986088633)","Adjusted","All_control_except_phenotype","Adjusted All_control_except_phenotype"
"LA","Linoleic Acid","BC","1.006(95% CI:0.875-1.157; P=0.9341408438)","1.002(95% CI:0.979-1.025; P=0.8873858345)","1.036(95% CI:0.89-1.207; P=0.6462052084)","Adjusted","All_control_except_phenotype","Adjusted All_control_except_phenotype"
"Lactate","Lactate","BC","1.09(95% CI:0.959-1.239; P=0.1867764926)","1.025(95% CI:1.002-1.05; P=0.0349058053)","1.145(95% CI:0.99-1.325; P=0.0682063168)","Adjusted","All_control_except_phenotype","Adjusted All_control_except_phenotype"
"LDL_C","LDL Cholesterol","BC","0.943(95% CI:0.82-1.085; P=0.4116137164)","1.003(95% CI:0.98-1.026; P=0.8063120833)","0.989(95% CI:0.85-1.151; P=0.8899172559)","Adjusted","All_control_except_phenotype","Adjusted All_control_except_phenotype"
"LDL_CE","Cholesteryl Esters in LDL","BC","0.947(95% CI:0.823-1.09; P=0.4467233872)","1.004(95% CI:0.982-1.027; P=0.7127488435)","0.995(95% CI:0.854-1.159; P=0.9487072288)","Adjusted","All_control_except_phenotype","Adjusted All_control_except_phenotype"
"LDL_FC","Free Cholesterol in LDL","BC","0.926(95% CI:0.808-1.062; P=0.2744619004)","0.997(95% CI:0.975-1.02; P=0.8253412011)","0.964(95% CI:0.83-1.12; P=0.6340557224)","Adjusted","All_control_except_phenotype","Adjusted All_control_except_phenotype"
"LDL_L","Total Lipids in LDL","BC","0.951(95% CI:0.826-1.096; P=0.4890041675)","1.004(95% CI:0.982-1.028; P=0.7017846805)","0.996(95% CI:0.855-1.16; P=0.9568959481)","Adjusted","All_control_except_phenotype","Adjusted All_control_except_phenotype"
"LDL_PL","Phospholipids in LDL","BC","0.952(95% CI:0.828-1.096; P=0.4958700355)","1.004(95% CI:0.981-1.027; P=0.7482401057)","0.992(95% CI:0.852-1.155; P=0.9185270183)","Adjusted","All_control_except_phenotype","Adjusted All_control_except_phenotype"
"LDL_TG","Triglycerides in LDL","BC","1.085(95% CI:0.945-1.247; P=0.2461692139)","1.02(95% CI:0.997-1.044; P=0.0870766897)","1.085(95% CI:0.934-1.259; P=0.2860982155)","Adjusted","All_control_except_phenotype","Adjusted All_control_except_phenotype"
"Leu","Leucine","BC","1.025(95% CI:0.902-1.164; P=0.7068051107)","1.019(95% CI:0.996-1.042; P=0.102309357)","1.106(95% CI:0.958-1.276; P=0.1678725373)","Adjusted","All_control_except_phenotype","Adjusted All_control_except_phenotype"
"M_HDL_C","Cholesterol in Medium HDL","BC","0.985(95% CI:0.858-1.129; P=0.8234456318)","0.982(95% CI:0.958-1.006; P=0.1417718801)","0.977(95% CI:0.836-1.142; P=0.7700067659)","Adjusted","All_control_except_phenotype","Adjusted All_control_except_phenotype"
"M_HDL_CE","Cholesteryl Esters in Medium HDL","BC","0.98(95% CI:0.855-1.124; P=0.7761957742)","0.981(95% CI:0.958-1.005; P=0.128477133)","0.972(95% CI:0.831-1.136; P=0.7181361868)","Adjusted","All_control_except_phenotype","Adjusted All_control_except_phenotype"
"M_HDL_FC","Free Cholesterol in Medium HDL","BC","0.999(95% CI:0.87-1.147; P=0.9921399514)","0.986(95% CI:0.962-1.01; P=0.2563224639)","0.993(95% CI:0.851-1.16; P=0.9326797448)","Adjusted","All_control_except_phenotype","Adjusted All_control_except_phenotype"
"M_HDL_PL","Phospholipids in Medium HDL","BC","1.014(95% CI:0.885-1.163; P=0.8371811093)","0.99(95% CI:0.967-1.014; P=0.3960259259)","1.02(95% CI:0.876-1.188; P=0.796141797)","Adjusted","All_control_except_phenotype","Adjusted All_control_except_phenotype"
"M_HDL_TG","Triglycerides in Medium HDL","BC","1.062(95% CI:0.928-1.215; P=0.3797372636)","1.012(95% CI:0.99-1.036; P=0.2903412612)","1.072(95% CI:0.925-1.242; P=0.3566866643)","Adjusted","All_control_except_phenotype","Adjusted All_control_except_phenotype"
"M_LDL_C","Cholesterol in Medium LDL","BC","0.964(95% CI:0.838-1.109; P=0.6077254567)","1.007(95% CI:0.984-1.03; P=0.573246485)","1.008(95% CI:0.865-1.174; P=0.9200471515)","Adjusted","All_control_except_phenotype","Adjusted All_control_except_phenotype"
"M_LDL_CE","Cholesteryl Esters in Medium LDL","BC","0.978(95% CI:0.849-1.125; P=0.7533482576)","1.009(95% CI:0.986-1.032; P=0.4454292044)","1.022(95% CI:0.876-1.192; P=0.7813959985)","Adjusted","All_control_except_phenotype","Adjusted All_control_except_phenotype"
"M_LDL_FC","Free Cholesterol in Medium LDL","BC","0.927(95% CI:0.808-1.063; P=0.279400324)","1(95% CI:0.977-1.022; P=0.9660966134)","0.966(95% CI:0.832-1.122; P=0.6523788353)","Adjusted","All_control_except_phenotype","Adjusted All_control_except_phenotype"
"M_LDL_PL","Phospholipids in Medium LDL","BC","0.961(95% CI:0.835-1.105; P=0.5753837395)","1.005(95% CI:0.982-1.028; P=0.6656066223)","1.002(95% CI:0.86-1.167; P=0.9784790399)","Adjusted","All_control_except_phenotype","Adjusted All_control_except_phenotype"
"M_LDL_TG","Triglycerides in Medium LDL","BC","1.094(95% CI:0.955-1.252; P=0.1947966428)","1.021(95% CI:0.997-1.044; P=0.0814342492)","1.091(95% CI:0.942-1.265; P=0.2446904968)","Adjusted","All_control_except_phenotype","Adjusted All_control_except_phenotype"
"M_VLDL_C","Cholesterol in Medium VLDL","BC","0.955(95% CI:0.832-1.097; P=0.5170560224)","1.005(95% CI:0.982-1.028; P=0.6771038813)","0.993(95% CI:0.854-1.155; P=0.9264291525)","Adjusted","All_control_except_phenotype","Adjusted All_control_except_phenotype"
"M_VLDL_CE","Cholesteryl Esters in Medium VLDL","BC","0.937(95% CI:0.817-1.074; P=0.3511654648)","1.001(95% CI:0.979-1.024; P=0.9193822572)","0.969(95% CI:0.834-1.125; P=0.6776161625)","Adjusted","All_control_except_phenotype","Adjusted All_control_except_phenotype"
"M_VLDL_FC","Free Cholesterol in Medium VLDL","BC","0.98(95% CI:0.852-1.127; P=0.776476804)","1.01(95% CI:0.987-1.033; P=0.4128943951)","1.022(95% CI:0.877-1.191; P=0.7786415518)","Adjusted","All_control_except_phenotype","Adjusted All_control_except_phenotype"
"M_VLDL_PL","Phospholipids in Medium VLDL","BC","0.997(95% CI:0.867-1.147; P=0.9675564017)","1.01(95% CI:0.987-1.034; P=0.3752256277)","1.039(95% CI:0.891-1.211; P=0.6285613271)","Adjusted","All_control_except_phenotype","Adjusted All_control_except_phenotype"
"M_VLDL_TG","Triglycerides in Medium VLDL","BC","1.06(95% CI:0.925-1.215; P=0.4034262689)","1.017(95% CI:0.993-1.041; P=0.1599040923)","1.114(95% CI:0.956-1.297; P=0.1668206395)","Adjusted","All_control_except_phenotype","Adjusted All_control_except_phenotype"
"MUFA","Monounsaturated Fatty Acids","BC","1.067(95% CI:0.925-1.232; P=0.3735160146)","1.02(95% CI:0.996-1.044; P=0.1058799286)","1.104(95% CI:0.944-1.29; P=0.2149858459)","Adjusted","All_control_except_phenotype","Adjusted All_control_except_phenotype"
"non_HDL_C","Total Cholesterol Minus HDL-C","BC","0.957(95% CI:0.83-1.103; P=0.5447367647)","1.005(95% CI:0.982-1.028; P=0.6794450919)","1.001(95% CI:0.859-1.166; P=0.9928700661)","Adjusted","All_control_except_phenotype","Adjusted All_control_except_phenotype"
"Omega_3","Omega-3 Fatty Acids","BC","0.941(95% CI:0.811-1.092; P=0.4213544575)","0.995(95% CI:0.972-1.019; P=0.6967396372)","0.95(95% CI:0.81-1.115; P=0.5333993632)","Adjusted","All_control_except_phenotype","Adjusted All_control_except_phenotype"
"Omega_6","Omega-6 Fatty Acids","BC","1(95% CI:0.867-1.154; P=0.9993531595)","1(95% CI:0.977-1.023; P=0.9941523483)","1.036(95% CI:0.888-1.209; P=0.6550369589)","Adjusted","All_control_except_phenotype","Adjusted All_control_except_phenotype"
"Phe","Phenylalanine","BC","1.02(95% CI:0.887-1.171; P=0.7838524402)","0.999(95% CI:0.977-1.022; P=0.9611248438)","1.031(95% CI:0.881-1.205; P=0.7068873616)","Adjusted","All_control_except_phenotype","Adjusted All_control_except_phenotype"
"Phosphatidylc","Phosphatidylcholines","BC","0.993(95% CI:0.857-1.15; P=0.9246261797)","0.998(95% CI:0.975-1.022; P=0.8727426634)","1.025(95% CI:0.878-1.197; P=0.7553779274)","Adjusted","All_control_except_phenotype","Adjusted All_control_except_phenotype"
"Phosphoglyc","Phosphoglycerides","BC","0.995(95% CI:0.859-1.152; P=0.9462489511)","0.999(95% CI:0.976-1.023; P=0.963015257)","1.028(95% CI:0.88-1.2; P=0.7292281284)","Adjusted","All_control_except_phenotype","Adjusted All_control_except_phenotype"
"PUFA","Polyunsaturated Fatty Acids","BC","0.981(95% CI:0.846-1.137; P=0.7948715573)","0.998(95% CI:0.975-1.022; P=0.8778151949)","1.015(95% CI:0.868-1.187; P=0.8534825709)","Adjusted","All_control_except_phenotype","Adjusted All_control_except_phenotype"
"Pyruvate","Pyruvate","BC","1.135(95% CI:1.009-1.277; P=0.0353484147)","1.022(95% CI:0.999-1.044; P=0.0586794148)","1.188(95% CI:1.042-1.355; P=0.0099049268)","Adjusted","All_control_except_phenotype","Adjusted All_control_except_phenotype"
"Remnant_C","Remnant Cholesterol (Non-HDL and Non-LDL -Cholesterol)","BC","0.973(95% CI:0.843-1.122; P=0.7049961646)","1.006(95% CI:0.984-1.03; P=0.5819554303)","1.01(95% CI:0.867-1.178; P=0.8955577951)","Adjusted","All_control_except_phenotype","Adjusted All_control_except_phenotype"
"S_HDL_C","Cholesterol in Small HDL","BC","0.917(95% CI:0.8-1.052; P=0.2157618946)","0.992(95% CI:0.97-1.016; P=0.5212277641)","0.976(95% CI:0.838-1.137; P=0.7517688178)","Adjusted","All_control_except_phenotype","Adjusted All_control_except_phenotype"
"S_HDL_CE","Cholesteryl Esters in Small HDL","BC","0.905(95% CI:0.792-1.034; P=0.1413466704)","0.991(95% CI:0.969-1.014; P=0.4490701352)","0.965(95% CI:0.831-1.121; P=0.6415826475)","Adjusted","All_control_except_phenotype","Adjusted All_control_except_phenotype"
"S_HDL_FC","Free Cholesterol in Small HDL","BC","0.979(95% CI:0.847-1.131; P=0.7700124514)","0.998(95% CI:0.975-1.022; P=0.8601600397)","1.013(95% CI:0.867-1.184; P=0.8692299477)","Adjusted","All_control_except_phenotype","Adjusted All_control_except_phenotype"
"S_HDL_PL","Phospholipids in Small HDL","BC","0.979(95% CI:0.85-1.128; P=0.7724041475)","1.001(95% CI:0.978-1.024; P=0.9600143265)","1.035(95% CI:0.886-1.208; P=0.6680829322)","Adjusted","All_control_except_phenotype","Adjusted All_control_except_phenotype"
"S_HDL_TG","Triglycerides in Small HDL","BC","1.067(95% CI:0.931-1.222; P=0.3508670965)","1.021(95% CI:0.997-1.045; P=0.0867035947)","1.087(95% CI:0.934-1.266; P=0.2821576785)","Adjusted","All_control_except_phenotype","Adjusted All_control_except_phenotype"
"S_LDL_C","Cholesterol in Small LDL","BC","0.969(95% CI:0.843-1.114; P=0.662132015)","1.006(95% CI:0.984-1.029; P=0.5863600371)","1.009(95% CI:0.867-1.174; P=0.9095576689)","Adjusted","All_control_except_phenotype","Adjusted All_control_except_phenotype"
"S_LDL_CE","Cholesteryl Esters in Small LDL","BC","0.985(95% CI:0.856-1.133; P=0.8270598593)","1.008(95% CI:0.985-1.032; P=0.4806633726)","1.024(95% CI:0.879-1.192; P=0.7641037296)","Adjusted","All_control_except_phenotype","Adjusted All_control_except_phenotype"
"S_LDL_FC","Free Cholesterol in Small LDL","BC","0.929(95% CI:0.812-1.064; P=0.2889480336)","1.001(95% CI:0.979-1.023; P=0.9499313205)","0.965(95% CI:0.832-1.12; P=0.6407027679)","Adjusted","All_control_except_phenotype","Adjusted All_control_except_phenotype"
"S_LDL_PL","Phospholipids in Small LDL","BC","0.983(95% CI:0.855-1.129; P=0.8044065485)","1.01(95% CI:0.987-1.033; P=0.4041367951)","1.014(95% CI:0.872-1.179; P=0.8557824189)","Adjusted","All_control_except_phenotype","Adjusted All_control_except_phenotype"
"S_LDL_TG","Triglycerides in Small LDL","BC","1.097(95% CI:0.963-1.249; P=0.1622268509)","1.021(95% CI:0.998-1.045; P=0.0701615423)","1.104(95% CI:0.956-1.275; P=0.1797335781)","Adjusted","All_control_except_phenotype","Adjusted All_control_except_phenotype"
"S_VLDL_C","Cholesterol in Small VLDL","BC","0.976(95% CI:0.847-1.124; P=0.7351676164)","1.012(95% CI:0.989-1.036; P=0.2990157571)","1.006(95% CI:0.863-1.174; P=0.9350589668)","Adjusted","All_control_except_phenotype","Adjusted All_control_except_phenotype"
"S_VLDL_CE","Cholesteryl Esters in Small VLDL","BC","0.981(95% CI:0.852-1.13; P=0.7912667721)","1.014(95% CI:0.991-1.038; P=0.2433189037)","1.008(95% CI:0.863-1.176; P=0.9238495656)","Adjusted","All_control_except_phenotype","Adjusted All_control_except_phenotype"
"S_VLDL_FC","Free Cholesterol in Small VLDL","BC","0.969(95% CI:0.842-1.115; P=0.6598581172)","1.01(95% CI:0.987-1.033; P=0.4129691205)","1.005(95% CI:0.862-1.171; P=0.9537164165)","Adjusted","All_control_except_phenotype","Adjusted All_control_except_phenotype"
"S_VLDL_PL","Phospholipids in Small VLDL","BC","0.993(95% CI:0.862-1.144; P=0.9218845442)","1.013(95% CI:0.99-1.037; P=0.2569635435)","1.027(95% CI:0.88-1.198; P=0.7330924517)","Adjusted","All_control_except_phenotype","Adjusted All_control_except_phenotype"
"S_VLDL_TG","Triglycerides in Small VLDL","BC","1.079(95% CI:0.942-1.236; P=0.272530526)","1.022(95% CI:0.998-1.046; P=0.0712806779)","1.105(95% CI:0.95-1.284; P=0.1954543758)","Adjusted","All_control_except_phenotype","Adjusted All_control_except_phenotype"
"SFA","Saturated Fatty Acids","BC","1.052(95% CI:0.91-1.217; P=0.495014233)","1.017(95% CI:0.993-1.041; P=0.1579752869)","1.084(95% CI:0.928-1.265; P=0.3090439821)","Adjusted","All_control_except_phenotype","Adjusted All_control_except_phenotype"
"Sphingomyelins","Sphingomyelins","BC","0.95(95% CI:0.823-1.096; P=0.4787844724)","0.996(95% CI:0.973-1.019; P=0.7211199935)","0.973(95% CI:0.834-1.136; P=0.7288166418)","Adjusted","All_control_except_phenotype","Adjusted All_control_except_phenotype"
"Total_C","Total Cholesterol","BC","0.956(95% CI:0.83-1.102; P=0.536946825)","0.999(95% CI:0.977-1.023; P=0.9602137175)","0.996(95% CI:0.855-1.16; P=0.9606102344)","Adjusted","All_control_except_phenotype","Adjusted All_control_except_phenotype"
"Total_CE","Total Esterified Cholesterol","BC","0.952(95% CI:0.827-1.097; P=0.4957547473)","0.998(95% CI:0.975-1.021; P=0.8696306019)","0.991(95% CI:0.851-1.154; P=0.9061817942)","Adjusted","All_control_except_phenotype","Adjusted All_control_except_phenotype"
"Total_FA","Total Fatty Acids","BC","1.032(95% CI:0.89-1.197; P=0.6726979668)","1.012(95% CI:0.988-1.036; P=0.3206652433)","1.068(95% CI:0.913-1.25; P=0.4100182388)","Adjusted","All_control_except_phenotype","Adjusted All_control_except_phenotype"
"Total_FC","Total Free Cholesterol","BC","0.965(95% CI:0.837-1.112; P=0.6223228051)","1.002(95% CI:0.979-1.025; P=0.8676471179)","1.003(95% CI:0.861-1.169; P=0.9679752211)","Adjusted","All_control_except_phenotype","Adjusted All_control_except_phenotype"
"Total_L","Total Lipids in Lipoprotein Particles","BC","0.992(95% CI:0.857-1.148; P=0.9136520785)","1.006(95% CI:0.983-1.029; P=0.6196549853)","1.036(95% CI:0.887-1.21; P=0.6510902933)","Adjusted","All_control_except_phenotype","Adjusted All_control_except_phenotype"
"Total_PL","Total Phospholipids in Lipoprotein Particles","BC","0.995(95% CI:0.86-1.15; P=0.9417198404)","1.001(95% CI:0.978-1.025; P=0.9437307458)","1.031(95% CI:0.883-1.203; P=0.7027296949)","Adjusted","All_control_except_phenotype","Adjusted All_control_except_phenotype"
"Total_TG","Total Triglycerides","BC","1.073(95% CI:0.934-1.234; P=0.3203679338)","1.021(95% CI:0.998-1.046; P=0.0795557673)","1.108(95% CI:0.949-1.294; P=0.1929872483)","Adjusted","All_control_except_phenotype","Adjusted All_control_except_phenotype"
"Tyr","Tyrosine","BC","1.039(95% CI:0.912-1.183; P=0.5679986171)","0.992(95% CI:0.969-1.015; P=0.4879170554)","1.116(95% CI:0.966-1.289; P=0.1351118892)","Adjusted","All_control_except_phenotype","Adjusted All_control_except_phenotype"
"Unsaturation","Degree of Unsaturation","BC","0.886(95% CI:0.776-1.013; P=0.0772815255)","0.97(95% CI:0.948-0.994; P=0.0127753467)","0.881(95% CI:0.755-1.028; P=0.1073431348)","Adjusted","All_control_except_phenotype","Adjusted All_control_except_phenotype"
"Val","Valine","BC","1.055(95% CI:0.926-1.203; P=0.4186597415)","1.024(95% CI:1.001-1.048; P=0.044841412)","1.159(95% CI:1.002-1.339; P=0.046334318)","Adjusted","All_control_except_phenotype","Adjusted All_control_except_phenotype"
"VLDL_C","VLDL Cholesterol","BC","0.996(95% CI:0.863-1.148; P=0.9531103452)","1.012(95% CI:0.989-1.036; P=0.3044602192)","1.034(95% CI:0.885-1.207; P=0.6768719059)","Adjusted","All_control_except_phenotype","Adjusted All_control_except_phenotype"
"VLDL_CE","Cholesteryl Esters in VLDL","BC","0.986(95% CI:0.856-1.136; P=0.8461374935)","1.01(95% CI:0.987-1.034; P=0.3771225874)","1.021(95% CI:0.875-1.191; P=0.7921619564)","Adjusted","All_control_except_phenotype","Adjusted All_control_except_phenotype"
"VLDL_FC","Free Cholesterol in VLDL","BC","1.018(95% CI:0.884-1.172; P=0.8094511915)","1.015(95% CI:0.992-1.039; P=0.2059987176)","1.056(95% CI:0.905-1.233; P=0.4872764203)","Adjusted","All_control_except_phenotype","Adjusted All_control_except_phenotype"
"VLDL_L","Total Lipids in VLDL","BC","1.037(95% CI:0.898-1.197; P=0.6237479069)","1.018(95% CI:0.994-1.043; P=0.1354975054)","1.077(95% CI:0.92-1.262; P=0.3562473618)","Adjusted","All_control_except_phenotype","Adjusted All_control_except_phenotype"
"VLDL_PL","Phospholipids in VLDL","BC","1.032(95% CI:0.895-1.189; P=0.6661688264)","1.016(95% CI:0.993-1.041; P=0.1725775432)","1.068(95% CI:0.914-1.248; P=0.4078394695)","Adjusted","All_control_except_phenotype","Adjusted All_control_except_phenotype"
"VLDL_TG","Triglycerides in VLDL","BC","1.077(95% CI:0.939-1.236; P=0.2890988052)","1.021(95% CI:0.997-1.045; P=0.0867602164)","1.118(95% CI:0.958-1.304; P=0.1570299433)","Adjusted","All_control_except_phenotype","Adjusted All_control_except_phenotype"
"XL_HDL_C","Cholesterol in Very Large HDL","BC","1.016(95% CI:0.885-1.166; P=0.8198379099)","0.987(95% CI:0.963-1.012; P=0.3059205095)","0.976(95% CI:0.831-1.145; P=0.7635337698)","Adjusted","All_control_except_phenotype","Adjusted All_control_except_phenotype"
"XL_HDL_CE","Cholesteryl Esters in Very Large HDL","BC","1.013(95% CI:0.882-1.163; P=0.8587647388)","0.986(95% CI:0.961-1.01; P=0.2538161741)","0.971(95% CI:0.827-1.141; P=0.7237460733)","Adjusted","All_control_except_phenotype","Adjusted All_control_except_phenotype"
"XL_HDL_FC","Free Cholesterol in Very Large HDL","BC","1.028(95% CI:0.897-1.178; P=0.6947073251)","0.993(95% CI:0.969-1.017; P=0.5473282764)","0.989(95% CI:0.846-1.157; P=0.8919064755)","Adjusted","All_control_except_phenotype","Adjusted All_control_except_phenotype"
"XL_HDL_PL","Phospholipids in Very Large HDL","BC","1.037(95% CI:0.905-1.189; P=0.5985368964)","0.988(95% CI:0.964-1.013; P=0.3394808434)","0.991(95% CI:0.845-1.161; P=0.9070802127)","Adjusted","All_control_except_phenotype","Adjusted All_control_except_phenotype"
"XL_HDL_TG","Triglycerides in Very Large HDL","BC","1.088(95% CI:0.954-1.241; P=0.2100654022)","1.013(95% CI:0.99-1.036; P=0.2700926795)","1.071(95% CI:0.928-1.235; P=0.3499075141)","Adjusted","All_control_except_phenotype","Adjusted All_control_except_phenotype"
"XL_VLDL_C","Cholesterol in Very Large VLDL","BC","1.06(95% CI:0.925-1.214; P=0.4054395007)","1.017(95% CI:0.993-1.041; P=0.1728424738)","1.099(95% CI:0.944-1.28; P=0.2230095266)","Adjusted","All_control_except_phenotype","Adjusted All_control_except_phenotype"
"XL_VLDL_CE","Cholesteryl Esters in Very Large VLDL","BC","1.043(95% CI:0.909-1.196; P=0.5495058287)","1.015(95% CI:0.991-1.039; P=0.2237282872)","1.084(95% CI:0.93-1.264; P=0.3007446284)","Adjusted","All_control_except_phenotype","Adjusted All_control_except_phenotype"
"XL_VLDL_FC","Free Cholesterol in Very Large VLDL","BC","1.076(95% CI:0.943-1.229; P=0.2758270461)","1.018(95% CI:0.994-1.042; P=0.1373200005)","1.112(95% CI:0.958-1.289; P=0.1620936881)","Adjusted","All_control_except_phenotype","Adjusted All_control_except_phenotype"
"XL_VLDL_PL","Phospholipids in Very Large VLDL","BC","1.083(95% CI:0.95-1.235; P=0.2343077645)","1.018(95% CI:0.994-1.042; P=0.1345878987)","1.117(95% CI:0.964-1.295; P=0.1403490519)","Adjusted","All_control_except_phenotype","Adjusted All_control_except_phenotype"
"XL_VLDL_TG","Triglycerides in Very Large VLDL","BC","1.093(95% CI:0.96-1.244; P=0.1792546843)","1.02(95% CI:0.996-1.044; P=0.1033371523)","1.129(95% CI:0.976-1.307; P=0.1029928073)","Adjusted","All_control_except_phenotype","Adjusted All_control_except_phenotype"
"XS_VLDL_C","Cholesterol in Very Small VLDL","BC","0.969(95% CI:0.841-1.117; P=0.6649206315)","1.008(95% CI:0.985-1.031; P=0.5035309728)","0.99(95% CI:0.85-1.152; P=0.8954486359)","Adjusted","All_control_except_phenotype","Adjusted All_control_except_phenotype"
"XS_VLDL_CE","Cholesteryl Esters in Very Small VLDL","BC","0.96(95% CI:0.834-1.106; P=0.5722857316)","1.005(95% CI:0.983-1.028; P=0.6393265837)","0.981(95% CI:0.843-1.141; P=0.8029445691)","Adjusted","All_control_except_phenotype","Adjusted All_control_except_phenotype"
"XS_VLDL_FC","Free Cholesterol in Very Small VLDL","BC","0.991(95% CI:0.859-1.144; P=0.9041026663)","1.013(95% CI:0.99-1.037; P=0.2559931238)","1.008(95% CI:0.865-1.174; P=0.9225475396)","Adjusted","All_control_except_phenotype","Adjusted All_control_except_phenotype"
"XS_VLDL_PL","Phospholipids in Very Small VLDL","BC","1.017(95% CI:0.882-1.174; P=0.8133583738)","1.016(95% CI:0.993-1.039; P=0.1818423879)","1.03(95% CI:0.884-1.199; P=0.7052292426)","Adjusted","All_control_except_phenotype","Adjusted All_control_except_phenotype"
"XS_VLDL_TG","Triglycerides in Very Small VLDL","BC","1.073(95% CI:0.935-1.231; P=0.3153034106)","1.022(95% CI:0.998-1.046; P=0.0678261345)","1.073(95% CI:0.925-1.246; P=0.3534930465)","Adjusted","All_control_except_phenotype","Adjusted All_control_except_phenotype"
"XXL_VLDL_C","Cholesterol in Chylomicrons and Extremely Large VLDL","BC","1.104(95% CI:0.973-1.253; P=0.1259211739)","1.018(95% CI:0.995-1.042; P=0.1237671724)","1.124(95% CI:0.973-1.298; P=0.1111471584)","Adjusted","All_control_except_phenotype","Adjusted All_control_except_phenotype"
"XXL_VLDL_CE","Cholesteryl Esters in Chylomicrons and Extremely Large VLDL","BC","1.109(95% CI:0.976-1.26; P=0.1119615271)","1.018(95% CI:0.995-1.042; P=0.1276936132)","1.13(95% CI:0.978-1.306; P=0.0970864423)","Adjusted","All_control_except_phenotype","Adjusted All_control_except_phenotype"
"XXL_VLDL_FC","Free Cholesterol in Chylomicrons and Extremely Large VLDL","BC","1.094(95% CI:0.967-1.238; P=0.1552496693)","1.018(95% CI:0.995-1.042; P=0.1291243175)","1.11(95% CI:0.964-1.278; P=0.1483166143)","Adjusted","All_control_except_phenotype","Adjusted All_control_except_phenotype"
"XXL_VLDL_PL","Phospholipids in Chylomicrons and Extremely Large VLDL","BC","1.104(95% CI:0.978-1.245; P=0.1092751288)","1.017(95% CI:0.994-1.041; P=0.1526241852)","1.114(95% CI:0.97-1.28; P=0.1258182563)","Adjusted","All_control_except_phenotype","Adjusted All_control_except_phenotype"
"XXL_VLDL_TG","Triglycerides in Chylomicrons and Extremely Large VLDL","BC","1.119(95% CI:0.991-1.262; P=0.0685921184)","1.017(95% CI:0.994-1.041; P=0.1436356272)","1.133(95% CI:0.987-1.3; P=0.0762961097)","Adjusted","All_control_except_phenotype","Adjusted All_control_except_phenotype"
"Acetate","Acetate","BC_postmeno","0.843(95% CI:0.657-1.081; P=0.1786662293)","1.008(95% CI:0.985-1.032; P=0.4746389058)","0.771(95% CI:0.564-1.054; P=0.1034016487)","Adjusted","All_control_except_phenotype","Adjusted All_control_except_phenotype"
"Acetoacetate","Acetoacetate","BC_postmeno","1.065(95% CI:0.944-1.202; P=0.3042148151)","1.049(95% CI:1.026-1.073; P=0.0000250036)","1.056(95% CI:0.928-1.202; P=0.4076720294)","Adjusted","All_control_except_phenotype","Adjusted All_control_except_phenotype"
"Acetone","Acetone","BC_postmeno","1.001(95% CI:0.858-1.168; P=0.9915562665)","1.038(95% CI:1.016-1.06; P=0.0005195552)","1.008(95% CI:0.86-1.181; P=0.925959333)","Adjusted","All_control_except_phenotype","Adjusted All_control_except_phenotype"
"Ala","Alanine","BC_postmeno","1.147(95% CI:0.98-1.343; P=0.0882337684)","0.992(95% CI:0.966-1.018; P=0.5482068475)","1.221(95% CI:1.03-1.448; P=0.0213895241)","Adjusted","All_control_except_phenotype","Adjusted All_control_except_phenotype"
"Albumin","Albumin","BC_postmeno","0.86(95% CI:0.723-1.023; P=0.0880062343)","0.968(95% CI:0.942-0.994; P=0.0170693453)","0.931(95% CI:0.779-1.112; P=0.4295270478)","Adjusted","All_control_except_phenotype","Adjusted All_control_except_phenotype"
"ApoA1","Apolipoprotein A1","BC_postmeno","1.004(95% CI:0.846-1.193; P=0.9609209172)","1.004(95% CI:0.976-1.032; P=0.791808083)","0.961(95% CI:0.801-1.153; P=0.6680719847)","Adjusted","All_control_except_phenotype","Adjusted All_control_except_phenotype"
"ApoB","Apolipoprotein B","BC_postmeno","1.012(95% CI:0.856-1.196; P=0.8911297639)","1.035(95% CI:1.009-1.062; P=0.0081071796)","1.023(95% CI:0.859-1.22; P=0.7963361651)","Adjusted","All_control_except_phenotype","Adjusted All_control_except_phenotype"
"bOHbutyrate","3-Hydroxybutyrate","BC_postmeno","1.037(95% CI:0.893-1.205; P=0.630995712)","1.043(95% CI:1.018-1.069; P=0.0006170167)","1.032(95% CI:0.881-1.209; P=0.6942958875)","Adjusted","All_control_except_phenotype","Adjusted All_control_except_phenotype"
"Cholines","Total Cholines","BC_postmeno","1.032(95% CI:0.86-1.238; P=0.7380220481)","1.031(95% CI:1.004-1.06; P=0.0265579183)","1.015(95% CI:0.846-1.217; P=0.875741758)","Adjusted","All_control_except_phenotype","Adjusted All_control_except_phenotype"
"Citrate","Citrate","BC_postmeno","0.963(95% CI:0.787-1.178; P=0.7129983573)","1.028(95% CI:1.001-1.055; P=0.0388928579)","1.026(95% CI:0.871-1.208; P=0.758946848)","Adjusted","All_control_except_phenotype","Adjusted All_control_except_phenotype"
"Clinical_LDL_C","Clinical LDL Cholesterol","BC_postmeno","0.998(95% CI:0.844-1.18; P=0.9791717408)","1.03(95% CI:1.004-1.057; P=0.023867464)","0.996(95% CI:0.837-1.185; P=0.9662943932)","Adjusted","All_control_except_phenotype","Adjusted All_control_except_phenotype"
"Creatinine","Creatinine","BC_postmeno","1.013(95% CI:0.856-1.197; P=0.8827879531)","1(95% CI:0.974-1.027; P=0.9983125287)","0.999(95% CI:0.836-1.193; P=0.9898862682)","Adjusted","All_control_except_phenotype","Adjusted All_control_except_phenotype"
"DHA","Docosahexaenoic Acid","BC_postmeno","0.973(95% CI:0.824-1.148; P=0.7463616848)","1.018(95% CI:0.992-1.046; P=0.173526593)","0.926(95% CI:0.772-1.112; P=0.4105210516)","Adjusted","All_control_except_phenotype","Adjusted All_control_except_phenotype"
"Gln","Glutamine","BC_postmeno","1.017(95% CI:0.855-1.209; P=0.8508981486)","0.986(95% CI:0.96-1.013; P=0.3016619785)","1.018(95% CI:0.849-1.22; P=0.8476608803)","Adjusted","All_control_except_phenotype","Adjusted All_control_except_phenotype"
"Glucose","Glucose","BC_postmeno","1.015(95% CI:0.872-1.182; P=0.8437677273)","1.021(95% CI:0.995-1.048; P=0.1184695708)","1.075(95% CI:0.916-1.261; P=0.3755089392)","Adjusted","All_control_except_phenotype","Adjusted All_control_except_phenotype"
"Gly","Glycine","BC_postmeno","1.001(95% CI:0.853-1.174; P=0.9938452367)","0.96(95% CI:0.935-0.987; P=0.0033912102)","0.981(95% CI:0.824-1.169; P=0.8340748164)","Adjusted","All_control_except_phenotype","Adjusted All_control_except_phenotype"
"GlycA","Glycoprotein Acetyls","BC_postmeno","1.147(95% CI:0.963-1.365; P=0.1243812306)","1.068(95% CI:1.037-1.1; P=0.000010232)","1.179(95% CI:0.975-1.424; P=0.0891611305)","Adjusted","All_control_except_phenotype","Adjusted All_control_except_phenotype"
"HDL_C","HDL Cholesterol","BC_postmeno","0.992(95% CI:0.839-1.172; P=0.9229448703)","0.99(95% CI:0.962-1.019; P=0.5067531544)","0.919(95% CI:0.763-1.106; P=0.3702702393)","Adjusted","All_control_except_phenotype","Adjusted All_control_except_phenotype"
"HDL_CE","Cholesteryl Esters in HDL","BC_postmeno","0.984(95% CI:0.834-1.162; P=0.8518702584)","0.988(95% CI:0.96-1.016; P=0.4033130767)","0.912(95% CI:0.758-1.097; P=0.3266119441)","Adjusted","All_control_except_phenotype","Adjusted All_control_except_phenotype"
"HDL_FC","Free Cholesterol in HDL","BC_postmeno","1.016(95% CI:0.857-1.205; P=0.8551117636)","1(95% CI:0.972-1.029; P=0.998331098)","0.94(95% CI:0.781-1.13; P=0.509209921)","Adjusted","All_control_except_phenotype","Adjusted All_control_except_phenotype"
"HDL_L","Total Lipids in HDL","BC_postmeno","1.015(95% CI:0.854-1.205; P=0.8693494927)","0.999(95% CI:0.971-1.028; P=0.9344345163)","0.959(95% CI:0.799-1.152; P=0.6554982048)","Adjusted","All_control_except_phenotype","Adjusted All_control_except_phenotype"
"HDL_PL","Phospholipids in HDL","BC_postmeno","1.02(95% CI:0.859-1.211; P=0.8226905731)","1.003(95% CI:0.975-1.031; P=0.8567080874)","0.973(95% CI:0.812-1.167; P=0.7702575502)","Adjusted","All_control_except_phenotype","Adjusted All_control_except_phenotype"
"HDL_TG","Triglycerides in HDL","BC_postmeno","1.075(95% CI:0.913-1.265; P=0.3880891794)","1.033(95% CI:1.007-1.061; P=0.0129306177)","1.107(95% CI:0.937-1.308; P=0.2314304761)","Adjusted","All_control_except_phenotype","Adjusted All_control_except_phenotype"
"His","Histidine","BC_postmeno","1.093(95% CI:0.926-1.291; P=0.2919185715)","0.961(95% CI:0.935-0.988; P=0.0046696255)","1.141(95% CI:0.958-1.358; P=0.1389291195)","Adjusted","All_control_except_phenotype","Adjusted All_control_except_phenotype"
"IDL_C","Cholesterol in IDL","BC_postmeno","0.984(95% CI:0.834-1.163; P=0.8538218997)","1.025(95% CI:0.999-1.052; P=0.057003333)","0.957(95% CI:0.805-1.138; P=0.6208096)","Adjusted","All_control_except_phenotype","Adjusted All_control_except_phenotype"
"IDL_CE","Cholesteryl Esters in IDL","BC_postmeno","0.985(95% CI:0.834-1.164; P=0.862084791)","1.024(95% CI:0.998-1.05; P=0.0725928941)","0.958(95% CI:0.806-1.139; P=0.6282678269)","Adjusted","All_control_except_phenotype","Adjusted All_control_except_phenotype"
"IDL_FC","Free Cholesterol in IDL","BC_postmeno","0.966(95% CI:0.822-1.137; P=0.6810173702)","1.029(95% CI:1.003-1.055; P=0.029670877)","0.94(95% CI:0.791-1.117; P=0.4811040253)","Adjusted","All_control_except_phenotype","Adjusted All_control_except_phenotype"
"IDL_PL","Phospholipids in IDL","BC_postmeno","0.976(95% CI:0.826-1.152; P=0.7716367091)","1.028(95% CI:1.002-1.055; P=0.0317649106)","0.962(95% CI:0.809-1.145; P=0.6650330087)","Adjusted","All_control_except_phenotype","Adjusted All_control_except_phenotype"
"IDL_TG","Triglycerides in IDL","BC_postmeno","1.085(95% CI:0.919-1.281; P=0.3359883604)","1.041(95% CI:1.014-1.068; P=0.0023066167)","1.087(95% CI:0.919-1.287; P=0.3279644394)","Adjusted","All_control_except_phenotype","Adjusted All_control_except_phenotype"
"Ile","Isoleucine","BC_postmeno","1.042(95% CI:0.896-1.211; P=0.5920929128)","1.031(95% CI:1.005-1.057; P=0.0188930572)","1.098(95% CI:0.932-1.293; P=0.263655494)","Adjusted","All_control_except_phenotype","Adjusted All_control_except_phenotype"
"L_HDL_C","Cholesterol in Large HDL","BC_postmeno","0.99(95% CI:0.839-1.169; P=0.9089331142)","0.98(95% CI:0.953-1.009; P=0.1766133071)","0.894(95% CI:0.739-1.08; P=0.2440560385)","Adjusted","All_control_except_phenotype","Adjusted All_control_except_phenotype"
"L_HDL_CE","Cholesteryl Esters in Large HDL","BC_postmeno","0.987(95% CI:0.836-1.165; P=0.8776633407)","0.979(95% CI:0.951-1.008; P=0.1472355465)","0.889(95% CI:0.735-1.076; P=0.2264992398)","Adjusted","All_control_except_phenotype","Adjusted All_control_except_phenotype"
"L_HDL_FC","Free Cholesterol in Large HDL","BC_postmeno","1.005(95% CI:0.851-1.187; P=0.9500062258)","0.986(95% CI:0.958-1.015; P=0.3331125537)","0.905(95% CI:0.749-1.094; P=0.3034945554)","Adjusted","All_control_except_phenotype","Adjusted All_control_except_phenotype"
"L_HDL_PL","Phospholipids in Large HDL","BC_postmeno","1.008(95% CI:0.854-1.191; P=0.9215591223)","0.986(95% CI:0.958-1.015; P=0.3333859875)","0.92(95% CI:0.763-1.108; P=0.3792289602)","Adjusted","All_control_except_phenotype","Adjusted All_control_except_phenotype"
"L_HDL_TG","Triglycerides in Large HDL","BC_postmeno","1.056(95% CI:0.893-1.249; P=0.5249283593)","1.018(95% CI:0.991-1.044; P=0.1901630534)","1.037(95% CI:0.878-1.225; P=0.6686740323)","Adjusted","All_control_except_phenotype","Adjusted All_control_except_phenotype"
"L_LDL_C","Cholesterol in Large LDL","BC_postmeno","0.978(95% CI:0.829-1.155; P=0.7972466945)","1.03(95% CI:1.004-1.057; P=0.0249425059)","0.98(95% CI:0.824-1.166; P=0.8235943125)","Adjusted","All_control_except_phenotype","Adjusted All_control_except_phenotype"
"L_LDL_CE","Cholesteryl Esters in Large LDL","BC_postmeno","0.979(95% CI:0.829-1.156; P=0.8014998742)","1.032(95% CI:1.006-1.059; P=0.01724925)","0.987(95% CI:0.829-1.175; P=0.8847567766)","Adjusted","All_control_except_phenotype","Adjusted All_control_except_phenotype"
"L_LDL_FC","Free Cholesterol in Large LDL","BC_postmeno","0.963(95% CI:0.819-1.132; P=0.6462375574)","1.022(95% CI:0.997-1.049; P=0.0887841396)","0.949(95% CI:0.8-1.126; P=0.5482637638)","Adjusted","All_control_except_phenotype","Adjusted All_control_except_phenotype"
"L_LDL_PL","Phospholipids in Large LDL","BC_postmeno","0.985(95% CI:0.835-1.161; P=0.8534110128)","1.03(95% CI:1.004-1.057; P=0.0217557111)","0.983(95% CI:0.827-1.17; P=0.8500694282)","Adjusted","All_control_except_phenotype","Adjusted All_control_except_phenotype"
"L_LDL_TG","Triglycerides in Large LDL","BC_postmeno","1.108(95% CI:0.94-1.306; P=0.2219755882)","1.042(95% CI:1.016-1.07; P=0.0015972264)","1.107(95% CI:0.936-1.308; P=0.2353907495)","Adjusted","All_control_except_phenotype","Adjusted All_control_except_phenotype"
"L_VLDL_C","Cholesterol in Large VLDL","BC_postmeno","1.072(95% CI:0.913-1.257; P=0.3968475764)","1.04(95% CI:1.013-1.068; P=0.0035055885)","1.144(95% CI:0.962-1.361; P=0.128154724)","Adjusted","All_control_except_phenotype","Adjusted All_control_except_phenotype"
"L_VLDL_CE","Cholesteryl Esters in Large VLDL","BC_postmeno","1.055(95% CI:0.898-1.238; P=0.5166346161)","1.038(95% CI:1.011-1.066; P=0.0053380774)","1.12(95% CI:0.942-1.332; P=0.1995820024)","Adjusted","All_control_except_phenotype","Adjusted All_control_except_phenotype"
"L_VLDL_FC","Free Cholesterol in Large VLDL","BC_postmeno","1.091(95% CI:0.934-1.275; P=0.2728840398)","1.04(95% CI:1.013-1.068; P=0.0031920683)","1.168(95% CI:0.986-1.383; P=0.0720187504)","Adjusted","All_control_except_phenotype","Adjusted All_control_except_phenotype"
"L_VLDL_PL","Phospholipids in Large VLDL","BC_postmeno","1.095(95% CI:0.938-1.279; P=0.2484907213)","1.039(95% CI:1.012-1.066; P=0.0048171089)","1.173(95% CI:0.991-1.387; P=0.0633511212)","Adjusted","All_control_except_phenotype","Adjusted All_control_except_phenotype"
"L_VLDL_TG","Triglycerides in Large VLDL","BC_postmeno","1.12(95% CI:0.963-1.302; P=0.1425973381)","1.038(95% CI:1.012-1.066; P=0.0047392628)","1.202(95% CI:1.02-1.416; P=0.0283664205)","Adjusted","All_control_except_phenotype","Adjusted All_control_except_phenotype"
"LA","Linoleic Acid","BC_postmeno","1.046(95% CI:0.882-1.241; P=0.6049525835)","1.026(95% CI:0.999-1.053; P=0.055716167)","1.056(95% CI:0.883-1.262; P=0.5530602022)","Adjusted","All_control_except_phenotype","Adjusted All_control_except_phenotype"
"Lactate","Lactate","BC_postmeno","1.149(95% CI:0.988-1.335; P=0.0708860908)","1.015(95% CI:0.988-1.043; P=0.2783145586)","1.207(95% CI:1.024-1.424; P=0.025136048)","Adjusted","All_control_except_phenotype","Adjusted All_control_except_phenotype"
"LDL_C","LDL Cholesterol","BC_postmeno","0.992(95% CI:0.839-1.174; P=0.9292553055)","1.034(95% CI:1.007-1.061; P=0.0120879618)","1.001(95% CI:0.84-1.192; P=0.9930844808)","Adjusted","All_control_except_phenotype","Adjusted All_control_except_phenotype"
"LDL_CE","Cholesteryl Esters in LDL","BC_postmeno","0.996(95% CI:0.841-1.179; P=0.9598911495)","1.036(95% CI:1.01-1.064; P=0.0069651044)","1.011(95% CI:0.848-1.206; P=0.90007379)","Adjusted","All_control_except_phenotype","Adjusted All_control_except_phenotype"
"LDL_FC","Free Cholesterol in LDL","BC_postmeno","0.972(95% CI:0.827-1.143; P=0.7297763344)","1.024(95% CI:0.998-1.051; P=0.0684817415)","0.962(95% CI:0.811-1.142; P=0.6612192523)","Adjusted","All_control_except_phenotype","Adjusted All_control_except_phenotype"
"LDL_L","Total Lipids in LDL","BC_postmeno","1.003(95% CI:0.846-1.189; P=0.976191004)","1.036(95% CI:1.009-1.063; P=0.0077580677)","1.01(95% CI:0.847-1.205; P=0.9105204248)","Adjusted","All_control_except_phenotype","Adjusted All_control_except_phenotype"
"LDL_PL","Phospholipids in LDL","BC_postmeno","1.001(95% CI:0.848-1.183; P=0.9871977005)","1.033(95% CI:1.007-1.06; P=0.0131668178)","1.005(95% CI:0.844-1.197; P=0.9533396808)","Adjusted","All_control_except_phenotype","Adjusted All_control_except_phenotype"
"LDL_TG","Triglycerides in LDL","BC_postmeno","1.114(95% CI:0.947-1.312; P=0.1920004445)","1.044(95% CI:1.017-1.071; P=0.0011479413)","1.122(95% CI:0.949-1.326; P=0.1766441087)","Adjusted","All_control_except_phenotype","Adjusted All_control_except_phenotype"
"Leu","Leucine","BC_postmeno","1.081(95% CI:0.932-1.255; P=0.3031003484)","1.028(95% CI:1.002-1.054; P=0.033706985)","1.139(95% CI:0.969-1.339; P=0.1136314615)","Adjusted","All_control_except_phenotype","Adjusted All_control_except_phenotype"
"M_HDL_C","Cholesterol in Medium HDL","BC_postmeno","0.988(95% CI:0.836-1.167; P=0.8853816169)","0.996(95% CI:0.968-1.024; P=0.7518688181)","0.939(95% CI:0.784-1.127; P=0.5004003293)","Adjusted","All_control_except_phenotype","Adjusted All_control_except_phenotype"
"M_HDL_CE","Cholesteryl Esters in Medium HDL","BC_postmeno","0.982(95% CI:0.832-1.158; P=0.8258271875)","0.994(95% CI:0.967-1.022; P=0.6713500547)","0.933(95% CI:0.779-1.119; P=0.4567460843)","Adjusted","All_control_except_phenotype","Adjusted All_control_except_phenotype"
"M_HDL_FC","Free Cholesterol in Medium HDL","BC_postmeno","1.009(95% CI:0.851-1.196; P=0.9196273585)","1.004(95% CI:0.976-1.032; P=0.7952964633)","0.957(95% CI:0.797-1.148; P=0.6325974724)","Adjusted","All_control_except_phenotype","Adjusted All_control_except_phenotype"
"M_HDL_PL","Phospholipids in Medium HDL","BC_postmeno","1.017(95% CI:0.858-1.206; P=0.8474991525)","1.009(95% CI:0.982-1.037; P=0.5275179474)","0.999(95% CI:0.836-1.193; P=0.9883992923)","Adjusted","All_control_except_phenotype","Adjusted All_control_except_phenotype"
"M_HDL_TG","Triglycerides in Medium HDL","BC_postmeno","1.062(95% CI:0.903-1.25; P=0.4665225449)","1.032(95% CI:1.005-1.059; P=0.018727976)","1.104(95% CI:0.935-1.304; P=0.2423857924)","Adjusted","All_control_except_phenotype","Adjusted All_control_except_phenotype"
"M_LDL_C","Cholesterol in Medium LDL","BC_postmeno","1.009(95% CI:0.855-1.192; P=0.9128761124)","1.039(95% CI:1.012-1.066; P=0.0043192975)","1.034(95% CI:0.867-1.232; P=0.7106562673)","Adjusted","All_control_except_phenotype","Adjusted All_control_except_phenotype"
"M_LDL_CE","Cholesteryl Esters in Medium LDL","BC_postmeno","1.02(95% CI:0.864-1.204; P=0.8157106555)","1.042(95% CI:1.015-1.069; P=0.002116525)","1.053(95% CI:0.883-1.257; P=0.5626335118)","Adjusted","All_control_except_phenotype","Adjusted All_control_except_phenotype"
"M_LDL_FC","Free Cholesterol in Medium LDL","BC_postmeno","0.975(95% CI:0.83-1.145; P=0.7549854202)","1.027(95% CI:1.001-1.053; P=0.0432612603)","0.976(95% CI:0.822-1.158; P=0.7788310665)","Adjusted","All_control_except_phenotype","Adjusted All_control_except_phenotype"
"M_LDL_PL","Phospholipids in Medium LDL","BC_postmeno","1.01(95% CI:0.856-1.191; P=0.9047179045)","1.035(95% CI:1.008-1.062; P=0.0095623815)","1.028(95% CI:0.864-1.225; P=0.7533910225)","Adjusted","All_control_except_phenotype","Adjusted All_control_except_phenotype"
"M_LDL_TG","Triglycerides in Medium LDL","BC_postmeno","1.117(95% CI:0.955-1.308; P=0.1665413998)","1.043(95% CI:1.017-1.07; P=0.0012306903)","1.132(95% CI:0.962-1.333; P=0.1354882211)","Adjusted","All_control_except_phenotype","Adjusted All_control_except_phenotype"
"M_VLDL_C","Cholesterol in Medium VLDL","BC_postmeno","0.983(95% CI:0.835-1.156; P=0.833846559)","1.031(95% CI:1.005-1.057; P=0.0203769518)","0.998(95% CI:0.84-1.186; P=0.9822422821)","Adjusted","All_control_except_phenotype","Adjusted All_control_except_phenotype"
"M_VLDL_CE","Cholesteryl Esters in Medium VLDL","BC_postmeno","0.958(95% CI:0.817-1.124; P=0.5984042304)","1.024(95% CI:0.998-1.05; P=0.0686226102)","0.96(95% CI:0.81-1.139; P=0.6428153251)","Adjusted","All_control_except_phenotype","Adjusted All_control_except_phenotype"
"M_VLDL_FC","Free Cholesterol in Medium VLDL","BC_postmeno","1.012(95% CI:0.86-1.191; P=0.8855144336)","1.038(95% CI:1.011-1.065; P=0.0047276814)","1.045(95% CI:0.879-1.243; P=0.6182638767)","Adjusted","All_control_except_phenotype","Adjusted All_control_except_phenotype"
"M_VLDL_PL","Phospholipids in Medium VLDL","BC_postmeno","1.033(95% CI:0.877-1.216; P=0.7014607913)","1.038(95% CI:1.012-1.066; P=0.0043768783)","1.071(95% CI:0.9-1.276; P=0.4394787005)","Adjusted","All_control_except_phenotype","Adjusted All_control_except_phenotype"
"M_VLDL_TG","Triglycerides in Medium VLDL","BC_postmeno","1.105(95% CI:0.943-1.294; P=0.2157521638)","1.041(95% CI:1.014-1.068; P=0.0030263152)","1.186(95% CI:0.999-1.407; P=0.0512507592)","Adjusted","All_control_except_phenotype","Adjusted All_control_except_phenotype"
"MUFA","Monounsaturated Fatty Acids","BC_postmeno","1.118(95% CI:0.942-1.326; P=0.2023453989)","1.057(95% CI:1.029-1.086; P=0.0000618842)","1.162(95% CI:0.972-1.389; P=0.0993803227)","Adjusted","All_control_except_phenotype","Adjusted All_control_except_phenotype"
"non_HDL_C","Total Cholesterol Minus HDL-C","BC_postmeno","1.003(95% CI:0.845-1.19; P=0.9738479193)","1.036(95% CI:1.009-1.064; P=0.0075977187)","1.009(95% CI:0.846-1.204; P=0.916624714)","Adjusted","All_control_except_phenotype","Adjusted All_control_except_phenotype"
"Omega_3","Omega-3 Fatty Acids","BC_postmeno","0.992(95% CI:0.834-1.181; P=0.9304587271)","1.034(95% CI:1.007-1.062; P=0.0122269425)","0.977(95% CI:0.814-1.172; P=0.800608794)","Adjusted","All_control_except_phenotype","Adjusted All_control_except_phenotype"
"Omega_6","Omega-6 Fatty Acids","BC_postmeno","1.04(95% CI:0.872-1.24; P=0.6654406686)","1.034(95% CI:1.007-1.062; P=0.0133139613)","1.054(95% CI:0.879-1.263; P=0.5715518865)","Adjusted","All_control_except_phenotype","Adjusted All_control_except_phenotype"
"Phe","Phenylalanine","BC_postmeno","1.079(95% CI:0.915-1.273; P=0.3660090533)","0.987(95% CI:0.962-1.013; P=0.3180508037)","1.081(95% CI:0.904-1.293; P=0.3913943111)","Adjusted","All_control_except_phenotype","Adjusted All_control_except_phenotype"
"Phosphatidylc","Phosphatidylcholines","BC_postmeno","1.043(95% CI:0.866-1.256; P=0.6550452539)","1.029(95% CI:1.001-1.058; P=0.0416296495)","1.031(95% CI:0.859-1.237; P=0.7462879893)","Adjusted","All_control_except_phenotype","Adjusted All_control_except_phenotype"
"Phosphoglyc","Phosphoglycerides","BC_postmeno","1.043(95% CI:0.867-1.253; P=0.6569898704)","1.035(95% CI:1.007-1.063; P=0.0145002201)","1.034(95% CI:0.861-1.241; P=0.7216425755)","Adjusted","All_control_except_phenotype","Adjusted All_control_except_phenotype"
"PUFA","Polyunsaturated Fatty Acids","BC_postmeno","1.031(95% CI:0.858-1.239; P=0.7467013947)","1.039(95% CI:1.011-1.067; P=0.0055279155)","1.038(95% CI:0.863-1.248; P=0.6941073318)","Adjusted","All_control_except_phenotype","Adjusted All_control_except_phenotype"
"Pyruvate","Pyruvate","BC_postmeno","1.166(95% CI:1.017-1.337; P=0.0276374232)","1.015(95% CI:0.988-1.043; P=0.2720519177)","1.22(95% CI:1.053-1.413; P=0.0079987955)","Adjusted","All_control_except_phenotype","Adjusted All_control_except_phenotype"
"Remnant_C","Remnant Cholesterol (Non-HDL and Non-LDL -Cholesterol)","BC_postmeno","1.01(95% CI:0.851-1.198; P=0.9118260324)","1.037(95% CI:1.01-1.064; P=0.0065313367)","1.015(95% CI:0.851-1.211; P=0.866941877)","Adjusted","All_control_except_phenotype","Adjusted All_control_except_phenotype"
"S_HDL_C","Cholesterol in Small HDL","BC_postmeno","0.966(95% CI:0.818-1.141; P=0.6834312801)","1.022(95% CI:0.995-1.049; P=0.1096179101)","1.013(95% CI:0.848-1.21; P=0.890087512)","Adjusted","All_control_except_phenotype","Adjusted All_control_except_phenotype"
"S_HDL_CE","Cholesteryl Esters in Small HDL","BC_postmeno","0.948(95% CI:0.807-1.114; P=0.5176417003)","1.017(95% CI:0.991-1.044; P=0.2068751062)","0.999(95% CI:0.839-1.19; P=0.9949173671)","Adjusted","All_control_except_phenotype","Adjusted All_control_except_phenotype"
"S_HDL_FC","Free Cholesterol in Small HDL","BC_postmeno","1.029(95% CI:0.86-1.23; P=0.7558294812)","1.032(95% CI:1.005-1.061; P=0.0202836534)","1.041(95% CI:0.868-1.249; P=0.6659027353)","Adjusted","All_control_except_phenotype","Adjusted All_control_except_phenotype"
"S_HDL_PL","Phospholipids in Small HDL","BC_postmeno","1.011(95% CI:0.849-1.205; P=0.9022268866)","1.032(95% CI:1.004-1.06; P=0.0233797824)","1.077(95% CI:0.899-1.291; P=0.4208340315)","Adjusted","All_control_except_phenotype","Adjusted All_control_except_phenotype"
"S_HDL_TG","Triglycerides in Small HDL","BC_postmeno","1.08(95% CI:0.922-1.266; P=0.3392567611)","1.04(95% CI:1.013-1.068; P=0.0037402398)","1.148(95% CI:0.969-1.358; P=0.1100571372)","Adjusted","All_control_except_phenotype","Adjusted All_control_except_phenotype"
"S_LDL_C","Cholesterol in Small LDL","BC_postmeno","1.015(95% CI:0.862-1.196; P=0.8578212666)","1.035(95% CI:1.009-1.062; P=0.0088983548)","1.031(95% CI:0.867-1.226; P=0.7306826095)","Adjusted","All_control_except_phenotype","Adjusted All_control_except_phenotype"
"S_LDL_CE","Cholesteryl Esters in Small LDL","BC_postmeno","1.025(95% CI:0.87-1.208; P=0.7665391924)","1.038(95% CI:1.012-1.065; P=0.0042119668)","1.049(95% CI:0.882-1.248; P=0.5887618567)","Adjusted","All_control_except_phenotype","Adjusted All_control_except_phenotype"
"S_LDL_FC","Free Cholesterol in Small LDL","BC_postmeno","0.981(95% CI:0.836-1.15; P=0.8099371916)","1.022(95% CI:0.997-1.048; P=0.0882032809)","0.977(95% CI:0.824-1.157; P=0.7847362616)","Adjusted","All_control_except_phenotype","Adjusted All_control_except_phenotype"
"S_LDL_PL","Phospholipids in Small LDL","BC_postmeno","1.035(95% CI:0.879-1.218; P=0.6781947555)","1.033(95% CI:1.008-1.06; P=0.0109357339)","1.033(95% CI:0.87-1.227; P=0.7119392543)","Adjusted","All_control_except_phenotype","Adjusted All_control_except_phenotype"
"S_LDL_TG","Triglycerides in Small LDL","BC_postmeno","1.11(95% CI:0.956-1.289; P=0.1708120352)","1.041(95% CI:1.015-1.068; P=0.0016439373)","1.147(95% CI:0.979-1.344; P=0.0886608892)","Adjusted","All_control_except_phenotype","Adjusted All_control_except_phenotype"
"S_VLDL_C","Cholesterol in Small VLDL","BC_postmeno","1.003(95% CI:0.85-1.183; P=0.9693185685)","1.038(95% CI:1.012-1.066; P=0.0044642277)","1.034(95% CI:0.867-1.232; P=0.710075785)","Adjusted","All_control_except_phenotype","Adjusted All_control_except_phenotype"
"S_VLDL_CE","Cholesteryl Esters in Small VLDL","BC_postmeno","1.004(95% CI:0.851-1.184; P=0.9629335988)","1.039(95% CI:1.012-1.066; P=0.0041421073)","1.038(95% CI:0.871-1.237; P=0.6791196823)","Adjusted","All_control_except_phenotype","Adjusted All_control_except_phenotype"
"S_VLDL_FC","Free Cholesterol in Small VLDL","BC_postmeno","1.001(95% CI:0.85-1.178; P=0.9927389913)","1.036(95% CI:1.01-1.063; P=0.0061662998)","1.026(95% CI:0.862-1.221; P=0.7723476209)","Adjusted","All_control_except_phenotype","Adjusted All_control_except_phenotype"
"S_VLDL_PL","Phospholipids in Small VLDL","BC_postmeno","1.027(95% CI:0.871-1.211; P=0.7517733886)","1.041(95% CI:1.014-1.068; P=0.002375084)","1.061(95% CI:0.891-1.264; P=0.5043146433)","Adjusted","All_control_except_phenotype","Adjusted All_control_except_phenotype"
"S_VLDL_TG","Triglycerides in Small VLDL","BC_postmeno","1.11(95% CI:0.949-1.299; P=0.1923277176)","1.043(95% CI:1.016-1.07; P=0.0017032763)","1.171(95% CI:0.989-1.385; P=0.0662820233)","Adjusted","All_control_except_phenotype","Adjusted All_control_except_phenotype"
"SFA","Saturated Fatty Acids","BC_postmeno","1.105(95% CI:0.928-1.317; P=0.2621972617)","1.057(95% CI:1.029-1.086; P=0.0000517127)","1.129(95% CI:0.945-1.348; P=0.1806154478)","Adjusted","All_control_except_phenotype","Adjusted All_control_except_phenotype"
"Sphingomyelins","Sphingomyelins","BC_postmeno","0.996(95% CI:0.839-1.182; P=0.9629104666)","1.029(95% CI:1.002-1.057; P=0.0335953761)","0.958(95% CI:0.802-1.145; P=0.6393728718)","Adjusted","All_control_except_phenotype","Adjusted All_control_except_phenotype"
"Total_C","Total Cholesterol","BC_postmeno","1.002(95% CI:0.844-1.189; P=0.9835230187)","1.032(95% CI:1.005-1.059; P=0.0197743535)","0.989(95% CI:0.829-1.179; P=0.9003608056)","Adjusted","All_control_except_phenotype","Adjusted All_control_except_phenotype"
"Total_CE","Total Esterified Cholesterol","BC_postmeno","0.998(95% CI:0.841-1.183; P=0.9786985162)","1.03(95% CI:1.003-1.057; P=0.0283319053)","0.982(95% CI:0.824-1.17; P=0.8356313787)","Adjusted","All_control_except_phenotype","Adjusted All_control_except_phenotype"
"Total_FA","Total Fatty Acids","BC_postmeno","1.09(95% CI:0.909-1.306; P=0.3521580188)","1.055(95% CI:1.026-1.084; P=0.0001210995)","1.114(95% CI:0.928-1.337; P=0.2465681269)","Adjusted","All_control_except_phenotype","Adjusted All_control_except_phenotype"
"Total_FC","Total Free Cholesterol","BC_postmeno","1.005(95% CI:0.847-1.191; P=0.9555227783)","1.035(95% CI:1.008-1.062; P=0.0094301327)","1(95% CI:0.839-1.193; P=0.9958283453)","Adjusted","All_control_except_phenotype","Adjusted All_control_except_phenotype"
"Total_L","Total Lipids in Lipoprotein Particles","BC_postmeno","1.043(95% CI:0.873-1.247; P=0.642765365)","1.043(95% CI:1.016-1.071; P=0.0018333224)","1.051(95% CI:0.878-1.259; P=0.587470963)","Adjusted","All_control_except_phenotype","Adjusted All_control_except_phenotype"
"Total_PL","Total Phospholipids in Lipoprotein Particles","BC_postmeno","1.034(95% CI:0.864-1.238; P=0.7121896096)","1.037(95% CI:1.01-1.066; P=0.0080443969)","1.025(95% CI:0.856-1.228; P=0.7875321684)","Adjusted","All_control_except_phenotype","Adjusted All_control_except_phenotype"
"Total_TG","Total Triglycerides","BC_postmeno","1.113(95% CI:0.945-1.311; P=0.1996210448)","1.047(95% CI:1.019-1.075; P=0.0008040781)","1.178(95% CI:0.988-1.404; P=0.0680906127)","Adjusted","All_control_except_phenotype","Adjusted All_control_except_phenotype"
"Tyr","Tyrosine","BC_postmeno","1.126(95% CI:0.967-1.31; P=0.1257182155)","1.013(95% CI:0.987-1.04; P=0.3141384988)","1.167(95% CI:0.991-1.374; P=0.0644708973)","Adjusted","All_control_except_phenotype","Adjusted All_control_except_phenotype"
"Unsaturation","Degree of Unsaturation","BC_postmeno","0.899(95% CI:0.769-1.05; P=0.1789292603)","0.981(95% CI:0.955-1.008; P=0.1630758952)","0.858(95% CI:0.72-1.023; P=0.0876733485)","Adjusted","All_control_except_phenotype","Adjusted All_control_except_phenotype"
"Val","Valine","BC_postmeno","1.092(95% CI:0.936-1.275; P=0.2620958856)","1.043(95% CI:1.016-1.071; P=0.0015227461)","1.163(95% CI:0.986-1.372; P=0.0725703041)","Adjusted","All_control_except_phenotype","Adjusted All_control_except_phenotype"
"VLDL_C","VLDL Cholesterol","BC_postmeno","1.027(95% CI:0.867-1.216; P=0.7616478585)","1.041(95% CI:1.014-1.069; P=0.0025972334)","1.063(95% CI:0.889-1.271; P=0.5025550594)","Adjusted","All_control_except_phenotype","Adjusted All_control_except_phenotype"
"VLDL_CE","Cholesteryl Esters in VLDL","BC_postmeno","1.012(95% CI:0.857-1.196; P=0.8864521199)","1.038(95% CI:1.011-1.065; P=0.0052400557)","1.041(95% CI:0.872-1.241; P=0.6587602275)","Adjusted","All_control_except_phenotype","Adjusted All_control_except_phenotype"
"VLDL_FC","Free Cholesterol in VLDL","BC_postmeno","1.048(95% CI:0.888-1.236; P=0.5819287112)","1.044(95% CI:1.017-1.071; P=0.0014191162)","1.097(95% CI:0.92-1.309; P=0.3013381395)","Adjusted","All_control_except_phenotype","Adjusted All_control_except_phenotype"
"VLDL_L","Total Lipids in VLDL","BC_postmeno","1.077(95% CI:0.907-1.278; P=0.3983762112)","1.048(95% CI:1.02-1.077; P=0.0006551752)","1.136(95% CI:0.947-1.364; P=0.1688357538)","Adjusted","All_control_except_phenotype","Adjusted All_control_except_phenotype"
"VLDL_PL","Phospholipids in VLDL","BC_postmeno","1.063(95% CI:0.9-1.256; P=0.4704110463)","1.044(95% CI:1.017-1.072; P=0.0014019178)","1.115(95% CI:0.934-1.331; P=0.2292996645)","Adjusted","All_control_except_phenotype","Adjusted All_control_except_phenotype"
"VLDL_TG","Triglycerides in VLDL","BC_postmeno","1.112(95% CI:0.947-1.305; P=0.19443957)","1.045(95% CI:1.017-1.073; P=0.0013315039)","1.188(95% CI:0.998-1.413; P=0.0523009841)","Adjusted","All_control_except_phenotype","Adjusted All_control_except_phenotype"
"XL_HDL_C","Cholesterol in Very Large HDL","BC_postmeno","1.001(95% CI:0.848-1.181; P=0.9916761197)","0.985(95% CI:0.958-1.014; P=0.3059698905)","0.894(95% CI:0.739-1.082; P=0.2494771457)","Adjusted","All_control_except_phenotype","Adjusted All_control_except_phenotype"
"XL_HDL_CE","Cholesteryl Esters in Very Large HDL","BC_postmeno","0.998(95% CI:0.846-1.178; P=0.9835024646)","0.984(95% CI:0.956-1.012; P=0.2675737166)","0.891(95% CI:0.736-1.078; P=0.2351426697)","Adjusted","All_control_except_phenotype","Adjusted All_control_except_phenotype"
"XL_HDL_FC","Free Cholesterol in Very Large HDL","BC_postmeno","1.012(95% CI:0.859-1.193; P=0.8830762308)","0.991(95% CI:0.964-1.018; P=0.4990899489)","0.911(95% CI:0.756-1.097; P=0.3239887155)","Adjusted","All_control_except_phenotype","Adjusted All_control_except_phenotype"
"XL_HDL_PL","Phospholipids in Very Large HDL","BC_postmeno","1.007(95% CI:0.853-1.188; P=0.9343122754)","0.984(95% CI:0.957-1.012; P=0.265216471)","0.901(95% CI:0.745-1.09; P=0.2831961877)","Adjusted","All_control_except_phenotype","Adjusted All_control_except_phenotype"
"XL_HDL_TG","Triglycerides in Very Large HDL","BC_postmeno","1.093(95% CI:0.932-1.282; P=0.2724344912)","1.029(95% CI:1.004-1.056; P=0.0244080422)","1.083(95% CI:0.921-1.274; P=0.3332610336)","Adjusted","All_control_except_phenotype","Adjusted All_control_except_phenotype"
"XL_VLDL_C","Cholesterol in Very Large VLDL","BC_postmeno","1.083(95% CI:0.925-1.267; P=0.3213005979)","1.039(95% CI:1.012-1.067; P=0.0039286779)","1.152(95% CI:0.972-1.366; P=0.1022950676)","Adjusted","All_control_except_phenotype","Adjusted All_control_except_phenotype"
"XL_VLDL_CE","Cholesteryl Esters in Very Large VLDL","BC_postmeno","1.067(95% CI:0.91-1.251; P=0.4219204584)","1.038(95% CI:1.011-1.066; P=0.0049605419)","1.132(95% CI:0.953-1.345; P=0.1574925142)","Adjusted","All_control_except_phenotype","Adjusted All_control_except_phenotype"
"XL_VLDL_FC","Free Cholesterol in Very Large VLDL","BC_postmeno","1.095(95% CI:0.941-1.275; P=0.2385873283)","1.039(95% CI:1.012-1.066; P=0.0043360115)","1.166(95% CI:0.99-1.374; P=0.0656463476)","Adjusted","All_control_except_phenotype","Adjusted All_control_except_phenotype"
"XL_VLDL_PL","Phospholipids in Very Large VLDL","BC_postmeno","1.102(95% CI:0.948-1.281; P=0.2051515295)","1.038(95% CI:1.011-1.065; P=0.0050360325)","1.173(95% CI:0.997-1.38; P=0.0540590123)","Adjusted","All_control_except_phenotype","Adjusted All_control_except_phenotype"
"XL_VLDL_TG","Triglycerides in Very Large VLDL","BC_postmeno","1.116(95% CI:0.962-1.293; P=0.1466076353)","1.038(95% CI:1.011-1.065; P=0.0049698986)","1.191(95% CI:1.014-1.398; P=0.0328608823)","Adjusted","All_control_except_phenotype","Adjusted All_control_except_phenotype"
"XS_VLDL_C","Cholesterol in Very Small VLDL","BC_postmeno","0.983(95% CI:0.831-1.162; P=0.8399966923)","1.032(95% CI:1.006-1.058; P=0.0161272555)","0.975(95% CI:0.819-1.16; P=0.7722253964)","Adjusted","All_control_except_phenotype","Adjusted All_control_except_phenotype"
"XS_VLDL_CE","Cholesteryl Esters in Very Small VLDL","BC_postmeno","0.973(95% CI:0.825-1.149; P=0.7498435201)","1.029(95% CI:1.003-1.055; P=0.0295697228)","0.96(95% CI:0.807-1.141; P=0.6426056669)","Adjusted","All_control_except_phenotype","Adjusted All_control_except_phenotype"
"XS_VLDL_FC","Free Cholesterol in Very Small VLDL","BC_postmeno","1.003(95% CI:0.847-1.187; P=0.9718384266)","1.038(95% CI:1.012-1.065; P=0.0042602096)","1.006(95% CI:0.846-1.198; P=0.9423993556)","Adjusted","All_control_except_phenotype","Adjusted All_control_except_phenotype"
"XS_VLDL_PL","Phospholipids in Very Small VLDL","BC_postmeno","1.027(95% CI:0.867-1.216; P=0.7590648551)","1.039(95% CI:1.012-1.066; P=0.0037348533)","1.035(95% CI:0.87-1.231; P=0.6962569483)","Adjusted","All_control_except_phenotype","Adjusted All_control_except_phenotype"
"XS_VLDL_TG","Triglycerides in Very Small VLDL","BC_postmeno","1.08(95% CI:0.919-1.27; P=0.349745235)","1.041(95% CI:1.014-1.068; P=0.0024206396)","1.105(95% CI:0.936-1.305; P=0.2386745648)","Adjusted","All_control_except_phenotype","Adjusted All_control_except_phenotype"
"XXL_VLDL_C","Cholesterol in Chylomicrons and Extremely Large VLDL","BC_postmeno","1.104(95% CI:0.955-1.277; P=0.1815481174)","1.036(95% CI:1.009-1.063; P=0.0074266194)","1.174(95% CI:1.002-1.375; P=0.0468763268)","Adjusted","All_control_except_phenotype","Adjusted All_control_except_phenotype"
"XXL_VLDL_CE","Cholesteryl Esters in Chylomicrons and Extremely Large VLDL","BC_postmeno","1.111(95% CI:0.959-1.286; P=0.1609975767)","1.035(95% CI:1.009-1.062; P=0.0085930191)","1.179(95% CI:1.005-1.383; P=0.0427203447)","Adjusted","All_control_except_phenotype","Adjusted All_control_except_phenotype"
"XXL_VLDL_FC","Free Cholesterol in Chylomicrons and Extremely Large VLDL","BC_postmeno","1.091(95% CI:0.946-1.257; P=0.2306949605)","1.035(95% CI:1.009-1.062; P=0.008184728)","1.158(95% CI:0.994-1.35; P=0.060456943)","Adjusted","All_control_except_phenotype","Adjusted All_control_except_phenotype"
"XXL_VLDL_PL","Phospholipids in Chylomicrons and Extremely Large VLDL","BC_postmeno","1.098(95% CI:0.956-1.261; P=0.1864805135)","1.032(95% CI:1.007-1.059; P=0.0138515374)","1.158(95% CI:0.997-1.346; P=0.0543346815)","Adjusted","All_control_except_phenotype","Adjusted All_control_except_phenotype"
"XXL_VLDL_TG","Triglycerides in Chylomicrons and Extremely Large VLDL","BC_postmeno","1.12(95% CI:0.976-1.286; P=0.1074364356)","1.032(95% CI:1.006-1.059; P=0.0144929115)","1.172(95% CI:1.009-1.362; P=0.0373023128)","Adjusted","All_control_except_phenotype","Adjusted All_control_except_phenotype"
"Acetate","Acetate","BC_premeno","0.937(95% CI:0.67-1.312; P=0.7060254341)","0.954(95% CI:0.891-1.021; P=0.1754182781)","0.797(95% CI:0.461-1.378; P=0.4164571934)","Adjusted","All_control_except_phenotype","Adjusted All_control_except_phenotype"
"Acetoacetate","Acetoacetate","BC_premeno","1.076(95% CI:0.874-1.324; P=0.4902430147)","0.987(95% CI:0.942-1.034; P=0.5751753395)","1.09(95% CI:0.849-1.399; P=0.4984248144)","Adjusted","All_control_except_phenotype","Adjusted All_control_except_phenotype"
"Acetone","Acetone","BC_premeno","1.006(95% CI:0.797-1.27; P=0.9600433213)","0.971(95% CI:0.926-1.019; P=0.2373729774)","1.048(95% CI:0.806-1.363; P=0.7253526614)","Adjusted","All_control_except_phenotype","Adjusted All_control_except_phenotype"
"Ala","Alanine","BC_premeno","0.837(95% CI:0.659-1.061; P=0.1418107214)","1.011(95% CI:0.967-1.057; P=0.6330846394)","0.946(95% CI:0.708-1.263; P=0.704948108)","Adjusted","All_control_except_phenotype","Adjusted All_control_except_phenotype"
"Albumin","Albumin","BC_premeno","0.881(95% CI:0.696-1.115; P=0.2904775075)","0.933(95% CI:0.891-0.977; P=0.0029451877)","1.003(95% CI:0.747-1.346; P=0.9847845118)","Adjusted","All_control_except_phenotype","Adjusted All_control_except_phenotype"
"ApoA1","Apolipoprotein A1","BC_premeno","0.984(95% CI:0.777-1.247; P=0.8958587755)","0.928(95% CI:0.884-0.974; P=0.0025749709)","1.093(95% CI:0.811-1.473; P=0.5600577663)","Adjusted","All_control_except_phenotype","Adjusted All_control_except_phenotype"
"ApoB","Apolipoprotein B","BC_premeno","0.94(95% CI:0.717-1.233; P=0.6551684031)","0.938(95% CI:0.893-0.986; P=0.0115369657)","1.012(95% CI:0.737-1.389; P=0.9427473326)","Adjusted","All_control_except_phenotype","Adjusted All_control_except_phenotype"
"bOHbutyrate","3-Hydroxybutyrate","BC_premeno","1.043(95% CI:0.851-1.278; P=0.6852378023)","0.998(95% CI:0.956-1.042; P=0.9418234851)","1.051(95% CI:0.82-1.347; P=0.6922162307)","Adjusted","All_control_except_phenotype","Adjusted All_control_except_phenotype"
"Cholines","Total Cholines","BC_premeno","0.939(95% CI:0.734-1.202; P=0.6179155232)","0.917(95% CI:0.875-0.96; P=0.0002361386)","1.043(95% CI:0.774-1.405; P=0.7826621816)","Adjusted","All_control_except_phenotype","Adjusted All_control_except_phenotype"
"Citrate","Citrate","BC_premeno","1.009(95% CI:0.885-1.151; P=0.893751285)","0.94(95% CI:0.896-0.987; P=0.0119964941)","1.016(95% CI:0.899-1.15; P=0.7957899314)","Adjusted","All_control_except_phenotype","Adjusted All_control_except_phenotype"
"Clinical_LDL_C","Clinical LDL Cholesterol","BC_premeno","0.9(95% CI:0.697-1.163; P=0.4212543938)","0.936(95% CI:0.893-0.982; P=0.0064864496)","1.027(95% CI:0.755-1.396; P=0.866752361)","Adjusted","All_control_except_phenotype","Adjusted All_control_except_phenotype"
"Creatinine","Creatinine","BC_premeno","0.881(95% CI:0.677-1.146; P=0.3440664999)","0.984(95% CI:0.934-1.037; P=0.5415069119)","0.903(95% CI:0.669-1.219; P=0.5034278796)","Adjusted","All_control_except_phenotype","Adjusted All_control_except_phenotype"
"DHA","Docosahexaenoic Acid","BC_premeno","0.791(95% CI:0.58-1.078; P=0.1379746495)","0.891(95% CI:0.844-0.941; P=0.0000349517)","0.896(95% CI:0.633-1.267; P=0.5333119109)","Adjusted","All_control_except_phenotype","Adjusted All_control_except_phenotype"
"Gln","Glutamine","BC_premeno","0.926(95% CI:0.743-1.155; P=0.4956374273)","0.907(95% CI:0.869-0.947; P=0.0000097958)","1.185(95% CI:0.895-1.567; P=0.2355141103)","Adjusted","All_control_except_phenotype","Adjusted All_control_except_phenotype"
"Glucose","Glucose","BC_premeno","0.945(95% CI:0.721-1.24; P=0.6842484138)","0.96(95% CI:0.915-1.007; P=0.0924085431)","0.928(95% CI:0.669-1.288; P=0.6550019787)","Adjusted","All_control_except_phenotype","Adjusted All_control_except_phenotype"
"Gly","Glycine","BC_premeno","0.898(95% CI:0.709-1.138; P=0.3746749237)","0.991(95% CI:0.948-1.037; P=0.700532332)","0.897(95% CI:0.662-1.214; P=0.4817819451)","Adjusted","All_control_except_phenotype","Adjusted All_control_except_phenotype"
"GlycA","Glycoprotein Acetyls","BC_premeno","1.038(95% CI:0.803-1.343; P=0.773658537)","0.937(95% CI:0.89-0.988; P=0.0156933875)","0.881(95% CI:0.63-1.232; P=0.4594559029)","Adjusted","All_control_except_phenotype","Adjusted All_control_except_phenotype"
"HDL_C","HDL Cholesterol","BC_premeno","0.978(95% CI:0.763-1.254; P=0.8606578615)","0.946(95% CI:0.899-0.996; P=0.0343983129)","1.149(95% CI:0.839-1.574; P=0.3869245714)","Adjusted","All_control_except_phenotype","Adjusted All_control_except_phenotype"
"HDL_CE","Cholesteryl Esters in HDL","BC_premeno","0.969(95% CI:0.754-1.247; P=0.8086221442)","0.946(95% CI:0.899-0.997; P=0.0366811999)","1.143(95% CI:0.831-1.572; P=0.4115924589)","Adjusted","All_control_except_phenotype","Adjusted All_control_except_phenotype"
"HDL_FC","Free Cholesterol in HDL","BC_premeno","1.007(95% CI:0.791-1.281; P=0.9567847674)","0.945(95% CI:0.898-0.994; P=0.0277956144)","1.162(95% CI:0.863-1.566; P=0.3228839579)","Adjusted","All_control_except_phenotype","Adjusted All_control_except_phenotype"
"HDL_L","Total Lipids in HDL","BC_premeno","1.001(95% CI:0.79-1.268; P=0.994693366)","0.94(95% CI:0.895-0.987; P=0.0128883603)","1.13(95% CI:0.836-1.527; P=0.4274037804)","Adjusted","All_control_except_phenotype","Adjusted All_control_except_phenotype"
"HDL_PL","Phospholipids in HDL","BC_premeno","1.01(95% CI:0.8-1.276; P=0.9305891601)","0.939(95% CI:0.894-0.985; P=0.0104106944)","1.123(95% CI:0.835-1.511; P=0.4431679894)","Adjusted","All_control_except_phenotype","Adjusted All_control_except_phenotype"
"HDL_TG","Triglycerides in HDL","BC_premeno","1.044(95% CI:0.817-1.333; P=0.7324299929)","0.951(95% CI:0.906-0.999; P=0.0463313517)","0.94(95% CI:0.683-1.295; P=0.7068291674)","Adjusted","All_control_except_phenotype","Adjusted All_control_except_phenotype"
"His","Histidine","BC_premeno","0.931(95% CI:0.743-1.167; P=0.5370551866)","0.992(95% CI:0.948-1.038; P=0.7207208646)","1.12(95% CI:0.845-1.483; P=0.430274673)","Adjusted","All_control_except_phenotype","Adjusted All_control_except_phenotype"
"IDL_C","Cholesterol in IDL","BC_premeno","0.923(95% CI:0.707-1.204; P=0.5550322456)","0.935(95% CI:0.89-0.982; P=0.0075426756)","1.102(95% CI:0.803-1.512; P=0.5479900777)","Adjusted","All_control_except_phenotype","Adjusted All_control_except_phenotype"
"IDL_CE","Cholesteryl Esters in IDL","BC_premeno","0.923(95% CI:0.707-1.205; P=0.5544899946)","0.937(95% CI:0.892-0.984; P=0.0097315059)","1.098(95% CI:0.8-1.507; P=0.5610218086)","Adjusted","All_control_except_phenotype","Adjusted All_control_except_phenotype"
"IDL_FC","Free Cholesterol in IDL","BC_premeno","0.925(95% CI:0.704-1.216; P=0.5784246046)","0.924(95% CI:0.878-0.972; P=0.0022545839)","1.101(95% CI:0.8-1.514; P=0.5557025443)","Adjusted","All_control_except_phenotype","Adjusted All_control_except_phenotype"
"IDL_PL","Phospholipids in IDL","BC_premeno","0.94(95% CI:0.716-1.236; P=0.6595972776)","0.933(95% CI:0.888-0.981; P=0.0068657272)","1.074(95% CI:0.781-1.476; P=0.6601088875)","Adjusted","All_control_except_phenotype","Adjusted All_control_except_phenotype"
"IDL_TG","Triglycerides in IDL","BC_premeno","1.063(95% CI:0.826-1.369; P=0.6341309305)","0.956(95% CI:0.909-1.005; P=0.0802003477)","0.996(95% CI:0.725-1.37; P=0.9817190666)","Adjusted","All_control_except_phenotype","Adjusted All_control_except_phenotype"
"Ile","Isoleucine","BC_premeno","0.874(95% CI:0.68-1.123; P=0.2922550519)","0.996(95% CI:0.95-1.043; P=0.854732686)","0.929(95% CI:0.678-1.274; P=0.6486804728)","Adjusted","All_control_except_phenotype","Adjusted All_control_except_phenotype"
"L_HDL_C","Cholesterol in Large HDL","BC_premeno","1.032(95% CI:0.802-1.328; P=0.8079422073)","0.986(95% CI:0.935-1.039; P=0.5874081969)","1.219(95% CI:0.889-1.671; P=0.2191382677)","Adjusted","All_control_except_phenotype","Adjusted All_control_except_phenotype"
"L_HDL_CE","Cholesteryl Esters in Large HDL","BC_premeno","1.025(95% CI:0.795-1.321; P=0.8514954604)","0.986(95% CI:0.935-1.039; P=0.5885372721)","1.211(95% CI:0.882-1.662; P=0.2363636924)","Adjusted","All_control_except_phenotype","Adjusted All_control_except_phenotype"
"L_HDL_FC","Free Cholesterol in Large HDL","BC_premeno","1.049(95% CI:0.821-1.341; P=0.6996742034)","0.981(95% CI:0.932-1.033; P=0.4656967224)","1.225(95% CI:0.907-1.655; P=0.1847179875)","Adjusted","All_control_except_phenotype","Adjusted All_control_except_phenotype"
"L_HDL_PL","Phospholipids in Large HDL","BC_premeno","1.055(95% CI:0.827-1.345; P=0.6675179925)","0.977(95% CI:0.928-1.028; P=0.3708335959)","1.211(95% CI:0.891-1.645; P=0.2210673869)","Adjusted","All_control_except_phenotype","Adjusted All_control_except_phenotype"
"L_HDL_TG","Triglycerides in Large HDL","BC_premeno","1.079(95% CI:0.863-1.349; P=0.5029690295)","0.96(95% CI:0.916-1.006; P=0.09094773)","1.033(95% CI:0.775-1.378; P=0.8246044769)","Adjusted","All_control_except_phenotype","Adjusted All_control_except_phenotype"
"L_LDL_C","Cholesterol in Large LDL","BC_premeno","0.877(95% CI:0.675-1.139; P=0.3253755725)","0.928(95% CI:0.884-0.974; P=0.0023058528)","1.013(95% CI:0.741-1.383; P=0.937413826)","Adjusted","All_control_except_phenotype","Adjusted All_control_except_phenotype"
"L_LDL_CE","Cholesteryl Esters in Large LDL","BC_premeno","0.874(95% CI:0.672-1.138; P=0.3183028913)","0.927(95% CI:0.883-0.972; P=0.0018869175)","0.999(95% CI:0.731-1.365; P=0.9925093859)","Adjusted","All_control_except_phenotype","Adjusted All_control_except_phenotype"
"L_LDL_FC","Free Cholesterol in Large LDL","BC_premeno","0.879(95% CI:0.672-1.149; P=0.3461971003)","0.926(95% CI:0.882-0.973; P=0.0024803156)","1.043(95% CI:0.761-1.431; P=0.7923465982)","Adjusted","All_control_except_phenotype","Adjusted All_control_except_phenotype"
"L_LDL_PL","Phospholipids in Large LDL","BC_premeno","0.894(95% CI:0.682-1.17; P=0.4137387168)","0.926(95% CI:0.882-0.973; P=0.0021891489)","1.015(95% CI:0.74-1.391; P=0.9286820605)","Adjusted","All_control_except_phenotype","Adjusted All_control_except_phenotype"
"L_LDL_TG","Triglycerides in Large LDL","BC_premeno","1.04(95% CI:0.802-1.349; P=0.7684818826)","0.946(95% CI:0.899-0.996; P=0.0351171629)","0.975(95% CI:0.704-1.351; P=0.8783931343)","Adjusted","All_control_except_phenotype","Adjusted All_control_except_phenotype"
"L_VLDL_C","Cholesterol in Large VLDL","BC_premeno","0.994(95% CI:0.755-1.309; P=0.9674943712)","0.945(95% CI:0.896-0.996; P=0.0350450738)","0.903(95% CI:0.64-1.275; P=0.5618103429)","Adjusted","All_control_except_phenotype","Adjusted All_control_except_phenotype"
"L_VLDL_CE","Cholesteryl Esters in Large VLDL","BC_premeno","0.989(95% CI:0.751-1.301; P=0.9353262166)","0.945(95% CI:0.897-0.996; P=0.0340377807)","0.916(95% CI:0.652-1.287; P=0.6123295592)","Adjusted","All_control_except_phenotype","Adjusted All_control_except_phenotype"
"L_VLDL_FC","Free Cholesterol in Large VLDL","BC_premeno","1.009(95% CI:0.766-1.328; P=0.9501508983)","0.946(95% CI:0.896-0.998; P=0.0436758573)","0.892(95% CI:0.626-1.271; P=0.5282236633)","Adjusted","All_control_except_phenotype","Adjusted All_control_except_phenotype"
"L_VLDL_PL","Phospholipids in Large VLDL","BC_premeno","1.017(95% CI:0.774-1.336; P=0.9054230013)","0.954(95% CI:0.904-1.006; P=0.0836687868)","0.889(95% CI:0.623-1.27; P=0.5178772971)","Adjusted","All_control_except_phenotype","Adjusted All_control_except_phenotype"
"L_VLDL_TG","Triglycerides in Large VLDL","BC_premeno","0.989(95% CI:0.752-1.301; P=0.9382315473)","0.953(95% CI:0.904-1.005; P=0.0773250984)","0.893(95% CI:0.625-1.274; P=0.5315936113)","Adjusted","All_control_except_phenotype","Adjusted All_control_except_phenotype"
"LA","Linoleic Acid","BC_premeno","0.978(95% CI:0.764-1.251; P=0.8572141923)","0.948(95% CI:0.905-0.993; P=0.024902083)","1.011(95% CI:0.749-1.365; P=0.9430581938)","Adjusted","All_control_except_phenotype","Adjusted All_control_except_phenotype"
"Lactate","Lactate","BC_premeno","0.96(95% CI:0.754-1.222; P=0.7407469782)","1.055(95% CI:1.008-1.105; P=0.0227116365)","0.965(95% CI:0.708-1.317; P=0.8244681578)","Adjusted","All_control_except_phenotype","Adjusted All_control_except_phenotype"
"LDL_C","LDL Cholesterol","BC_premeno","0.892(95% CI:0.688-1.157; P=0.3882194698)","0.93(95% CI:0.886-0.975; P=0.0026160793)","1.002(95% CI:0.735-1.366; P=0.9887828829)","Adjusted","All_control_except_phenotype","Adjusted All_control_except_phenotype"
"LDL_CE","Cholesteryl Esters in LDL","BC_premeno","0.895(95% CI:0.689-1.165; P=0.4101137426)","0.927(95% CI:0.884-0.972; P=0.0018956178)","0.991(95% CI:0.726-1.353; P=0.9544752139)","Adjusted","All_control_except_phenotype","Adjusted All_control_except_phenotype"
"LDL_FC","Free Cholesterol in LDL","BC_premeno","0.874(95% CI:0.672-1.138; P=0.3182835084)","0.931(95% CI:0.887-0.978; P=0.0042686267)","1.023(95% CI:0.748-1.4; P=0.8850418795)","Adjusted","All_control_except_phenotype","Adjusted All_control_except_phenotype"
"LDL_L","Total Lipids in LDL","BC_premeno","0.899(95% CI:0.693-1.167; P=0.4238413646)","0.93(95% CI:0.887-0.975; P=0.0028000612)","1(95% CI:0.734-1.362; P=0.9982415055)","Adjusted","All_control_except_phenotype","Adjusted All_control_except_phenotype"
"LDL_PL","Phospholipids in LDL","BC_premeno","0.898(95% CI:0.688-1.174; P=0.4324236265)","0.931(95% CI:0.887-0.977; P=0.0038658012)","1(95% CI:0.731-1.369; P=0.9999568718)","Adjusted","All_control_except_phenotype","Adjusted All_control_except_phenotype"
"LDL_TG","Triglycerides in LDL","BC_premeno","1.038(95% CI:0.799-1.35; P=0.7779308265)","0.944(95% CI:0.896-0.995; P=0.0308159983)","0.959(95% CI:0.688-1.335; P=0.8031532375)","Adjusted","All_control_except_phenotype","Adjusted All_control_except_phenotype"
"Leu","Leucine","BC_premeno","0.892(95% CI:0.696-1.144; P=0.3689566218)","0.991(95% CI:0.945-1.039; P=0.7019723388)","0.99(95% CI:0.726-1.35; P=0.949269195)","Adjusted","All_control_except_phenotype","Adjusted All_control_except_phenotype"
"M_HDL_C","Cholesterol in Medium HDL","BC_premeno","0.967(95% CI:0.758-1.234; P=0.7898913147)","0.934(95% CI:0.889-0.982; P=0.0073892098)","1.086(95% CI:0.798-1.479; P=0.5994014555)","Adjusted","All_control_except_phenotype","Adjusted All_control_except_phenotype"
"M_HDL_CE","Cholesteryl Esters in Medium HDL","BC_premeno","0.966(95% CI:0.755-1.235; P=0.7816135685)","0.935(95% CI:0.89-0.983; P=0.0085024509)","1.085(95% CI:0.795-1.482; P=0.6057095165)","Adjusted","All_control_except_phenotype","Adjusted All_control_except_phenotype"
"M_HDL_FC","Free Cholesterol in Medium HDL","BC_premeno","0.979(95% CI:0.772-1.242; P=0.8628955774)","0.932(95% CI:0.887-0.979; P=0.0049013466)","1.096(95% CI:0.814-1.475; P=0.547631862)","Adjusted","All_control_except_phenotype","Adjusted All_control_except_phenotype"
"M_HDL_PL","Phospholipids in Medium HDL","BC_premeno","0.995(95% CI:0.789-1.254; P=0.9646615757)","0.93(95% CI:0.886-0.975; P=0.0025266684)","1.062(95% CI:0.792-1.424; P=0.6884012889)","Adjusted","All_control_except_phenotype","Adjusted All_control_except_phenotype"
"M_HDL_TG","Triglycerides in Medium HDL","BC_premeno","1.052(95% CI:0.826-1.34; P=0.6797094911)","0.951(95% CI:0.905-0.998; P=0.0420463531)","0.939(95% CI:0.681-1.295; P=0.7014939032)","Adjusted","All_control_except_phenotype","Adjusted All_control_except_phenotype"
"M_LDL_C","Cholesterol in Medium LDL","BC_premeno","0.916(95% CI:0.701-1.197; P=0.5193851372)","0.926(95% CI:0.882-0.972; P=0.0019728147)","0.973(95% CI:0.71-1.334; P=0.8652586822)","Adjusted","All_control_except_phenotype","Adjusted All_control_except_phenotype"
"M_LDL_CE","Cholesteryl Esters in Medium LDL","BC_premeno","0.934(95% CI:0.712-1.224; P=0.6190797819)","0.924(95% CI:0.879-0.971; P=0.0017026756)","0.966(95% CI:0.702-1.331; P=0.8346103599)","Adjusted","All_control_except_phenotype","Adjusted All_control_except_phenotype"
"M_LDL_FC","Free Cholesterol in Medium LDL","BC_premeno","0.867(95% CI:0.664-1.133; P=0.2953792307)","0.931(95% CI:0.887-0.978; P=0.0040887191)","0.985(95% CI:0.719-1.349; P=0.9245784441)","Adjusted","All_control_except_phenotype","Adjusted All_control_except_phenotype"
"M_LDL_PL","Phospholipids in Medium LDL","BC_premeno","0.899(95% CI:0.685-1.18; P=0.4440300416)","0.929(95% CI:0.884-0.976; P=0.0032392813)","0.964(95% CI:0.7-1.327; P=0.8217968309)","Adjusted","All_control_except_phenotype","Adjusted All_control_except_phenotype"
"M_LDL_TG","Triglycerides in Medium LDL","BC_premeno","1.051(95% CI:0.81-1.365; P=0.7061788475)","0.943(95% CI:0.894-0.995; P=0.0306793892)","0.943(95% CI:0.671-1.326; P=0.7358097868)","Adjusted","All_control_except_phenotype","Adjusted All_control_except_phenotype"
"M_VLDL_C","Cholesterol in Medium VLDL","BC_premeno","0.947(95% CI:0.722-1.242; P=0.6939359942)","0.939(95% CI:0.893-0.988; P=0.0147089551)","1.022(95% CI:0.744-1.405; P=0.8915241659)","Adjusted","All_control_except_phenotype","Adjusted All_control_except_phenotype"
"M_VLDL_CE","Cholesteryl Esters in Medium VLDL","BC_premeno","0.944(95% CI:0.72-1.238; P=0.6775582245)","0.945(95% CI:0.898-0.993; P=0.0266807503)","1.05(95% CI:0.765-1.443; P=0.761351407)","Adjusted","All_control_except_phenotype","Adjusted All_control_except_phenotype"
"M_VLDL_FC","Free Cholesterol in Medium VLDL","BC_premeno","0.955(95% CI:0.725-1.259; P=0.7438085463)","0.934(95% CI:0.888-0.983; P=0.0090096276)","0.984(95% CI:0.71-1.362; P=0.9202606119)","Adjusted","All_control_except_phenotype","Adjusted All_control_except_phenotype"
"M_VLDL_PL","Phospholipids in Medium VLDL","BC_premeno","0.962(95% CI:0.731-1.267; P=0.785257261)","0.936(95% CI:0.89-0.985; P=0.011247159)","0.966(95% CI:0.697-1.341; P=0.8381782098)","Adjusted","All_control_except_phenotype","Adjusted All_control_except_phenotype"
"M_VLDL_TG","Triglycerides in Medium VLDL","BC_premeno","0.972(95% CI:0.739-1.277; P=0.8373710855)","0.947(95% CI:0.899-0.998; P=0.0417024268)","0.892(95% CI:0.631-1.259; P=0.5142615842)","Adjusted","All_control_except_phenotype","Adjusted All_control_except_phenotype"
"MUFA","Monounsaturated Fatty Acids","BC_premeno","0.991(95% CI:0.762-1.288; P=0.9460343955)","0.921(95% CI:0.876-0.968; P=0.0011351859)","0.947(95% CI:0.685-1.307; P=0.7387435405)","Adjusted","All_control_except_phenotype","Adjusted All_control_except_phenotype"
"non_HDL_C","Total Cholesterol Minus HDL-C","BC_premeno","0.918(95% CI:0.706-1.192; P=0.519541537)","0.932(95% CI:0.888-0.977; P=0.0036702649)","1.021(95% CI:0.748-1.392; P=0.8977022165)","Adjusted","All_control_except_phenotype","Adjusted All_control_except_phenotype"
"Omega_3","Omega-3 Fatty Acids","BC_premeno","0.847(95% CI:0.634-1.131; P=0.2608156879)","0.878(95% CI:0.834-0.925; P=0.0000010433)","0.893(95% CI:0.641-1.244; P=0.5034725851)","Adjusted","All_control_except_phenotype","Adjusted All_control_except_phenotype"
"Omega_6","Omega-6 Fatty Acids","BC_premeno","0.976(95% CI:0.762-1.251; P=0.8477484857)","0.923(95% CI:0.882-0.967; P=0.0007095866)","1.017(95% CI:0.754-1.373; P=0.9107261375)","Adjusted","All_control_except_phenotype","Adjusted All_control_except_phenotype"
"Phe","Phenylalanine","BC_premeno","0.904(95% CI:0.697-1.172; P=0.4462276182)","1.035(95% CI:0.99-1.083; P=0.129716191)","0.879(95% CI:0.635-1.217; P=0.4365510183)","Adjusted","All_control_except_phenotype","Adjusted All_control_except_phenotype"
"Phosphatidylc","Phosphatidylcholines","BC_premeno","0.938(95% CI:0.736-1.196; P=0.6068006635)","0.925(95% CI:0.883-0.968; P=0.0008605464)","1.02(95% CI:0.759-1.37; P=0.8954783229)","Adjusted","All_control_except_phenotype","Adjusted All_control_except_phenotype"
"Phosphoglyc","Phosphoglycerides","BC_premeno","0.943(95% CI:0.737-1.205; P=0.6365324923)","0.915(95% CI:0.874-0.959; P=0.0001693386)","1.024(95% CI:0.761-1.378; P=0.8767484688)","Adjusted","All_control_except_phenotype","Adjusted All_control_except_phenotype"
"PUFA","Polyunsaturated Fatty Acids","BC_premeno","0.941(95% CI:0.73-1.214; P=0.6414615434)","0.906(95% CI:0.865-0.949; P=0.0000340002)","0.987(95% CI:0.73-1.334; P=0.9306763885)","Adjusted","All_control_except_phenotype","Adjusted All_control_except_phenotype"
"Pyruvate","Pyruvate","BC_premeno","1.054(95% CI:0.836-1.329; P=0.6573394434)","1.035(95% CI:0.996-1.076; P=0.0795793483)","1.077(95% CI:0.805-1.443; P=0.6162822955)","Adjusted","All_control_except_phenotype","Adjusted All_control_except_phenotype"
"Remnant_C","Remnant Cholesterol (Non-HDL and Non-LDL -Cholesterol)","BC_premeno","0.95(95% CI:0.728-1.24; P=0.7050403059)","0.934(95% CI:0.889-0.98; P=0.0055720264)","1.038(95% CI:0.759-1.42; P=0.8165049534)","Adjusted","All_control_except_phenotype","Adjusted All_control_except_phenotype"
"S_HDL_C","Cholesterol in Small HDL","BC_premeno","0.834(95% CI:0.654-1.064; P=0.144334367)","0.911(95% CI:0.869-0.954; P=0.0000755046)","0.891(95% CI:0.661-1.202; P=0.4510038903)","Adjusted","All_control_except_phenotype","Adjusted All_control_except_phenotype"
"S_HDL_CE","Cholesteryl Esters in Small HDL","BC_premeno","0.826(95% CI:0.651-1.048; P=0.1151166893)","0.917(95% CI:0.875-0.96; P=0.0002225549)","0.887(95% CI:0.661-1.188; P=0.4206931509)","Adjusted","All_control_except_phenotype","Adjusted All_control_except_phenotype"
"S_HDL_FC","Free Cholesterol in Small HDL","BC_premeno","0.908(95% CI:0.708-1.166; P=0.449474808)","0.906(95% CI:0.864-0.95; P=0.0000430886)","0.947(95% CI:0.698-1.285; P=0.7260583517)","Adjusted","All_control_except_phenotype","Adjusted All_control_except_phenotype"
"S_HDL_PL","Phospholipids in Small HDL","BC_premeno","0.917(95% CI:0.719-1.169; P=0.4860695204)","0.912(95% CI:0.87-0.956; P=0.0001176624)","0.912(95% CI:0.671-1.24; P=0.5575953379)","Adjusted","All_control_except_phenotype","Adjusted All_control_except_phenotype"
"S_HDL_TG","Triglycerides in Small HDL","BC_premeno","1.028(95% CI:0.789-1.339; P=0.8382694129)","0.954(95% CI:0.905-1.006; P=0.0814022232)","0.86(95% CI:0.603-1.226; P=0.4049762485)","Adjusted","All_control_except_phenotype","Adjusted All_control_except_phenotype"
"S_LDL_C","Cholesterol in Small LDL","BC_premeno","0.918(95% CI:0.7-1.205; P=0.5388246903)","0.933(95% CI:0.887-0.98; P=0.0060216543)","0.986(95% CI:0.717-1.357; P=0.9333974143)","Adjusted","All_control_except_phenotype","Adjusted All_control_except_phenotype"
"S_LDL_CE","Cholesteryl Esters in Small LDL","BC_premeno","0.943(95% CI:0.716-1.241; P=0.6755305107)","0.928(95% CI:0.882-0.976; P=0.0035073768)","0.986(95% CI:0.714-1.361; P=0.930375136)","Adjusted","All_control_except_phenotype","Adjusted All_control_except_phenotype"
"S_LDL_FC","Free Cholesterol in Small LDL","BC_premeno","0.861(95% CI:0.661-1.12; P=0.2638672906)","0.949(95% CI:0.904-0.997; P=0.0369658553)","0.981(95% CI:0.718-1.341; P=0.9056913001)","Adjusted","All_control_except_phenotype","Adjusted All_control_except_phenotype"
"S_LDL_PL","Phospholipids in Small LDL","BC_premeno","0.917(95% CI:0.698-1.205; P=0.5351114617)","0.95(95% CI:0.904-0.999; P=0.0438613203)","1.006(95% CI:0.731-1.384; P=0.9723162244)","Adjusted","All_control_except_phenotype","Adjusted All_control_except_phenotype"
"S_LDL_TG","Triglycerides in Small LDL","BC_premeno","1.073(95% CI:0.829-1.388; P=0.5923662771)","0.949(95% CI:0.899-1.002; P=0.0592752905)","0.931(95% CI:0.657-1.319; P=0.68747357)","Adjusted","All_control_except_phenotype","Adjusted All_control_except_phenotype"
"S_VLDL_C","Cholesterol in Small VLDL","BC_premeno","0.96(95% CI:0.729-1.264; P=0.7700361342)","0.942(95% CI:0.895-0.991; P=0.0220725488)","0.948(95% CI:0.683-1.316; P=0.7517258712)","Adjusted","All_control_except_phenotype","Adjusted All_control_except_phenotype"
"S_VLDL_CE","Cholesteryl Esters in Small VLDL","BC_premeno","0.972(95% CI:0.737-1.281; P=0.8393487052)","0.945(95% CI:0.898-0.995; P=0.031544907)","0.935(95% CI:0.671-1.303; P=0.6899699554)","Adjusted","All_control_except_phenotype","Adjusted All_control_except_phenotype"
"S_VLDL_FC","Free Cholesterol in Small VLDL","BC_premeno","0.944(95% CI:0.716-1.246; P=0.6856450086)","0.937(95% CI:0.891-0.986; P=0.0125745797)","0.971(95% CI:0.701-1.346; P=0.8595236367)","Adjusted","All_control_except_phenotype","Adjusted All_control_except_phenotype"
"S_VLDL_PL","Phospholipids in Small VLDL","BC_premeno","0.96(95% CI:0.727-1.266; P=0.7704353295)","0.939(95% CI:0.892-0.988; P=0.015187892)","0.947(95% CI:0.68-1.318; P=0.7446667357)","Adjusted","All_control_except_phenotype","Adjusted All_control_except_phenotype"
"S_VLDL_TG","Triglycerides in Small VLDL","BC_premeno","1.012(95% CI:0.775-1.322; P=0.9300503311)","0.955(95% CI:0.907-1.006; P=0.0852947086)","0.88(95% CI:0.623-1.244; P=0.4699029444)","Adjusted","All_control_except_phenotype","Adjusted All_control_except_phenotype"
"SFA","Saturated Fatty Acids","BC_premeno","0.976(95% CI:0.751-1.268; P=0.8545297312)","0.911(95% CI:0.868-0.957; P=0.000186329)","0.964(95% CI:0.702-1.325; P=0.8230660472)","Adjusted","All_control_except_phenotype","Adjusted All_control_except_phenotype"
"Sphingomyelins","Sphingomyelins","BC_premeno","0.899(95% CI:0.689-1.173; P=0.4323608093)","0.909(95% CI:0.865-0.955; P=0.0001397561)","1.066(95% CI:0.778-1.459; P=0.6909756252)","Adjusted","All_control_except_phenotype","Adjusted All_control_except_phenotype"
"Total_C","Total Cholesterol","BC_premeno","0.915(95% CI:0.706-1.186; P=0.5015362842)","0.921(95% CI:0.877-0.966; P=0.0007256672)","1.065(95% CI:0.781-1.453; P=0.6904078352)","Adjusted","All_control_except_phenotype","Adjusted All_control_except_phenotype"
"Total_CE","Total Esterified Cholesterol","BC_premeno","0.909(95% CI:0.701-1.177; P=0.4690094649)","0.92(95% CI:0.877-0.965; P=0.0006783812)","1.067(95% CI:0.782-1.456; P=0.6837121284)","Adjusted","All_control_except_phenotype","Adjusted All_control_except_phenotype"
"Total_FA","Total Fatty Acids","BC_premeno","0.966(95% CI:0.745-1.251; P=0.7917607444)","0.909(95% CI:0.867-0.953; P=0.0000853733)","0.965(95% CI:0.707-1.317; P=0.8226917702)","Adjusted","All_control_except_phenotype","Adjusted All_control_except_phenotype"
"Total_FC","Total Free Cholesterol","BC_premeno","0.933(95% CI:0.715-1.217; P=0.6090387385)","0.918(95% CI:0.875-0.964; P=0.0006192445)","1.056(95% CI:0.772-1.443; P=0.7346805969)","Adjusted","All_control_except_phenotype","Adjusted All_control_except_phenotype"
"Total_L","Total Lipids in Lipoprotein Particles","BC_premeno","0.94(95% CI:0.725-1.219; P=0.6414413954)","0.916(95% CI:0.874-0.96; P=0.0002717438)","1.025(95% CI:0.753-1.395; P=0.8753155459)","Adjusted","All_control_except_phenotype","Adjusted All_control_except_phenotype"
"Total_PL","Total Phospholipids in Lipoprotein Particles","BC_premeno","0.958(95% CI:0.745-1.232; P=0.7408327975)","0.913(95% CI:0.871-0.957; P=0.0001380735)","1.069(95% CI:0.79-1.446; P=0.6669231192)","Adjusted","All_control_except_phenotype","Adjusted All_control_except_phenotype"
"Total_TG","Total Triglycerides","BC_premeno","0.998(95% CI:0.765-1.303; P=0.98808121)","0.946(95% CI:0.899-0.996; P=0.0358701724)","0.898(95% CI:0.64-1.259; P=0.5314425377)","Adjusted","All_control_except_phenotype","Adjusted All_control_except_phenotype"
"Tyr","Tyrosine","BC_premeno","0.865(95% CI:0.673-1.111; P=0.2555625264)","0.924(95% CI:0.88-0.97; P=0.0015069696)","0.97(95% CI:0.718-1.309; P=0.8421439262)","Adjusted","All_control_except_phenotype","Adjusted All_control_except_phenotype"
"Unsaturation","Degree of Unsaturation","BC_premeno","0.878(95% CI:0.676-1.14; P=0.3303408386)","0.945(95% CI:0.899-0.994; P=0.0289084996)","1.002(95% CI:0.724-1.387; P=0.9898733934)","Adjusted","All_control_except_phenotype","Adjusted All_control_except_phenotype"
"Val","Valine","BC_premeno","0.972(95% CI:0.76-1.242; P=0.8190697653)","0.966(95% CI:0.921-1.014; P=0.1592080118)","1.136(95% CI:0.836-1.544; P=0.4155585849)","Adjusted","All_control_except_phenotype","Adjusted All_control_except_phenotype"
"VLDL_C","VLDL Cholesterol","BC_premeno","0.976(95% CI:0.745-1.279; P=0.8627082742)","0.939(95% CI:0.893-0.987; P=0.0132758835)","0.975(95% CI:0.707-1.345; P=0.8778214647)","Adjusted","All_control_except_phenotype","Adjusted All_control_except_phenotype"
"VLDL_CE","Cholesteryl Esters in VLDL","BC_premeno","0.978(95% CI:0.746-1.283; P=0.873950333)","0.941(95% CI:0.894-0.989; P=0.0168343261)","0.993(95% CI:0.72-1.369; P=0.9666542206)","Adjusted","All_control_except_phenotype","Adjusted All_control_except_phenotype"
"VLDL_FC","Free Cholesterol in VLDL","BC_premeno","0.989(95% CI:0.752-1.301; P=0.9354228063)","0.936(95% CI:0.889-0.986; P=0.0124967366)","0.95(95% CI:0.682-1.323; P=0.7606764572)","Adjusted","All_control_except_phenotype","Adjusted All_control_except_phenotype"
"VLDL_L","Total Lipids in VLDL","BC_premeno","0.986(95% CI:0.755-1.289; P=0.9198092271)","0.941(95% CI:0.895-0.99; P=0.0182983521)","0.926(95% CI:0.667-1.284; P=0.6429274433)","Adjusted","All_control_except_phenotype","Adjusted All_control_except_phenotype"
"VLDL_PL","Phospholipids in VLDL","BC_premeno","0.996(95% CI:0.759-1.309; P=0.9798553997)","0.941(95% CI:0.893-0.99; P=0.0198937051)","0.941(95% CI:0.675-1.312; P=0.7183478228)","Adjusted","All_control_except_phenotype","Adjusted All_control_except_phenotype"
"VLDL_TG","Triglycerides in VLDL","BC_premeno","1.008(95% CI:0.771-1.318; P=0.9511449365)","0.95(95% CI:0.901-1; P=0.0520954693)","0.897(95% CI:0.636-1.265; P=0.535304576)","Adjusted","All_control_except_phenotype","Adjusted All_control_except_phenotype"
"XL_HDL_C","Cholesterol in Very Large HDL","BC_premeno","1.077(95% CI:0.84-1.38; P=0.5591102675)","0.999(95% CI:0.95-1.052; P=0.9844302921)","1.263(95% CI:0.938-1.702; P=0.1238911992)","Adjusted","All_control_except_phenotype","Adjusted All_control_except_phenotype"
"XL_HDL_CE","Cholesteryl Esters in Very Large HDL","BC_premeno","1.07(95% CI:0.834-1.373; P=0.5957625194)","0.996(95% CI:0.946-1.049; P=0.8893135756)","1.256(95% CI:0.931-1.694; P=0.1355193712)","Adjusted","All_control_except_phenotype","Adjusted All_control_except_phenotype"
"XL_HDL_FC","Free Cholesterol in Very Large HDL","BC_premeno","1.093(95% CI:0.856-1.395; P=0.4742059739)","1.008(95% CI:0.959-1.06; P=0.743338895)","1.265(95% CI:0.947-1.69; P=0.1108890277)","Adjusted","All_control_except_phenotype","Adjusted All_control_except_phenotype"
"XL_HDL_PL","Phospholipids in Very Large HDL","BC_premeno","1.12(95% CI:0.881-1.425; P=0.3552700281)","1.004(95% CI:0.955-1.056; P=0.8792152202)","1.283(95% CI:0.958-1.719; P=0.0941277529)","Adjusted","All_control_except_phenotype","Adjusted All_control_except_phenotype"
"XL_HDL_TG","Triglycerides in Very Large HDL","BC_premeno","1.088(95% CI:0.863-1.371; P=0.4741949028)","0.963(95% CI:0.917-1.012; P=0.1341866853)","1.016(95% CI:0.75-1.377; P=0.9164681369)","Adjusted","All_control_except_phenotype","Adjusted All_control_except_phenotype"
"XL_VLDL_C","Cholesterol in Very Large VLDL","BC_premeno","1.029(95% CI:0.784-1.351; P=0.83746627)","0.947(95% CI:0.898-1; P=0.0482210578)","0.93(95% CI:0.659-1.314; P=0.6815122583)","Adjusted","All_control_except_phenotype","Adjusted All_control_except_phenotype"
"XL_VLDL_CE","Cholesteryl Esters in Very Large VLDL","BC_premeno","1.019(95% CI:0.775-1.339; P=0.8931652463)","0.946(95% CI:0.897-0.998; P=0.0413613836)","0.944(95% CI:0.673-1.325; P=0.7403024478)","Adjusted","All_control_except_phenotype","Adjusted All_control_except_phenotype"
"XL_VLDL_FC","Free Cholesterol in Very Large VLDL","BC_premeno","1.042(95% CI:0.796-1.365; P=0.7649638236)","0.951(95% CI:0.901-1.004; P=0.0689996821)","0.914(95% CI:0.641-1.303; P=0.6184958567)","Adjusted","All_control_except_phenotype","Adjusted All_control_except_phenotype"
"XL_VLDL_PL","Phospholipids in Very Large VLDL","BC_premeno","1.044(95% CI:0.798-1.366; P=0.7540616795)","0.952(95% CI:0.902-1.006; P=0.0780593393)","0.909(95% CI:0.635-1.301; P=0.6023378356)","Adjusted","All_control_except_phenotype","Adjusted All_control_except_phenotype"
"XL_VLDL_TG","Triglycerides in Very Large VLDL","BC_premeno","1.031(95% CI:0.787-1.35; P=0.8270743728)","0.955(95% CI:0.905-1.009; P=0.1002972295)","0.887(95% CI:0.616-1.278; P=0.52022608)","Adjusted","All_control_except_phenotype","Adjusted All_control_except_phenotype"
"XS_VLDL_C","Cholesterol in Very Small VLDL","BC_premeno","0.99(95% CI:0.754-1.299; P=0.9403948154)","0.946(95% CI:0.9-0.994; P=0.0285489032)","1.08(95% CI:0.786-1.483; P=0.635363095)","Adjusted","All_control_except_phenotype","Adjusted All_control_except_phenotype"
"XS_VLDL_CE","Cholesteryl Esters in Very Small VLDL","BC_premeno","0.984(95% CI:0.749-1.292; P=0.9055697406)","0.946(95% CI:0.9-0.994; P=0.0291860722)","1.099(95% CI:0.799-1.51; P=0.5624672222)","Adjusted","All_control_except_phenotype","Adjusted All_control_except_phenotype"
"XS_VLDL_FC","Free Cholesterol in Very Small VLDL","BC_premeno","1.011(95% CI:0.77-1.327; P=0.9390249424)","0.946(95% CI:0.899-0.995; P=0.0311444924)","1.037(95% CI:0.753-1.428; P=0.8260766498)","Adjusted","All_control_except_phenotype","Adjusted All_control_except_phenotype"
"XS_VLDL_PL","Phospholipids in Very Small VLDL","BC_premeno","1.035(95% CI:0.793-1.352; P=0.7999210254)","0.953(95% CI:0.907-1.002; P=0.0611287673)","1.026(95% CI:0.746-1.412; P=0.8724586408)","Adjusted","All_control_except_phenotype","Adjusted All_control_except_phenotype"
"XS_VLDL_TG","Triglycerides in Very Small VLDL","BC_premeno","1.064(95% CI:0.824-1.373; P=0.6357138188)","0.96(95% CI:0.912-1.01; P=0.1150100531)","0.948(95% CI:0.68-1.322; P=0.7525485868)","Adjusted","All_control_except_phenotype","Adjusted All_control_except_phenotype"
"XXL_VLDL_C","Cholesterol in Chylomicrons and Extremely Large VLDL","BC_premeno","1.105(95% CI:0.858-1.424; P=0.4389320163)","0.956(95% CI:0.905-1.009; P=0.1040035068)","0.922(95% CI:0.646-1.316; P=0.6547366341)","Adjusted","All_control_except_phenotype","Adjusted All_control_except_phenotype"
"XXL_VLDL_CE","Cholesteryl Esters in Chylomicrons and Extremely Large VLDL","BC_premeno","1.111(95% CI:0.862-1.432; P=0.4163644755)","0.959(95% CI:0.908-1.012; P=0.1302679447)","0.939(95% CI:0.661-1.333; P=0.7236498716)","Adjusted","All_control_except_phenotype","Adjusted All_control_except_phenotype"
"XXL_VLDL_FC","Free Cholesterol in Chylomicrons and Extremely Large VLDL","BC_premeno","1.099(95% CI:0.856-1.412; P=0.4585998963)","0.953(95% CI:0.903-1.007; P=0.0883093166)","0.893(95% CI:0.618-1.291; P=0.5475950463)","Adjusted","All_control_except_phenotype","Adjusted All_control_except_phenotype"
"XXL_VLDL_PL","Phospholipids in Chylomicrons and Extremely Large VLDL","BC_premeno","1.114(95% CI:0.872-1.424; P=0.3883157469)","0.956(95% CI:0.905-1.011; P=0.112535287)","0.905(95% CI:0.625-1.31; P=0.5964190599)","Adjusted","All_control_except_phenotype","Adjusted All_control_except_phenotype"
"XXL_VLDL_TG","Triglycerides in Chylomicrons and Extremely Large VLDL","BC_premeno","1.106(95% CI:0.865-1.415; P=0.4195619323)","0.96(95% CI:0.909-1.014; P=0.1396593748)","0.95(95% CI:0.667-1.351; P=0.7736293402)","Adjusted","All_control_except_phenotype","Adjusted All_control_except_phenotype"
"Acetate","Acetate","CC","0.962(95% CI:0.826-1.12; P=0.6190419467)","1.018(95% CI:0.989-1.048; P=0.2256263595)","0.862(95% CI:0.657-1.131; P=0.2837801977)","Adjusted","All_control_except_phenotype","Adjusted All_control_except_phenotype"
"Acetoacetate","Acetoacetate","CC","0.909(95% CI:0.783-1.055; P=0.2107436407)","1.072(95% CI:1.043-1.101; P=0.000000388)","0.877(95% CI:0.725-1.06; P=0.1734082745)","Adjusted","All_control_except_phenotype","Adjusted All_control_except_phenotype"
"Acetone","Acetone","CC","0.923(95% CI:0.792-1.076; P=0.3054495805)","1.042(95% CI:1.013-1.072; P=0.0048671334)","0.911(95% CI:0.759-1.094; P=0.3188886324)","Adjusted","All_control_except_phenotype","Adjusted All_control_except_phenotype"
"Ala","Alanine","CC","0.896(95% CI:0.782-1.026; P=0.1110740171)","0.993(95% CI:0.959-1.028; P=0.6998739669)","0.906(95% CI:0.769-1.068; P=0.2390011677)","Adjusted","All_control_except_phenotype","Adjusted All_control_except_phenotype"
"Albumin","Albumin","CC","0.967(95% CI:0.838-1.117; P=0.6510290754)","0.886(95% CI:0.856-0.917; P=0)","0.907(95% CI:0.77-1.067; P=0.2394750055)","Adjusted","All_control_except_phenotype","Adjusted All_control_except_phenotype"
"ApoA1","Apolipoprotein A1","CC","1(95% CI:0.863-1.159; P=0.9949390652)","0.976(95% CI:0.937-1.017; P=0.2426222748)","1.041(95% CI:0.875-1.238; P=0.6504797252)","Adjusted","All_control_except_phenotype","Adjusted All_control_except_phenotype"
"ApoB","Apolipoprotein B","CC","1.02(95% CI:0.891-1.167; P=0.7789024681)","0.981(95% CI:0.949-1.015; P=0.2776563743)","0.961(95% CI:0.821-1.125; P=0.6196075319)","Adjusted","All_control_except_phenotype","Adjusted All_control_except_phenotype"
"bOHbutyrate","3-Hydroxybutyrate","CC","0.979(95% CI:0.851-1.126; P=0.7641515475)","1.083(95% CI:1.052-1.115; P=0.0000000757)","0.98(95% CI:0.828-1.159; P=0.8106373216)","Adjusted","All_control_except_phenotype","Adjusted All_control_except_phenotype"
"Cholines","Total Cholines","CC","0.999(95% CI:0.864-1.155; P=0.9899706308)","0.976(95% CI:0.94-1.013; P=0.2011382724)","0.995(95% CI:0.843-1.173; P=0.9495165914)","Adjusted","All_control_except_phenotype","Adjusted All_control_except_phenotype"
"Citrate","Citrate","CC","1.006(95% CI:0.871-1.162; P=0.9360563975)","1.039(95% CI:1.003-1.076; P=0.0333577222)","0.981(95% CI:0.809-1.189; P=0.8441536512)","Adjusted","All_control_except_phenotype","Adjusted All_control_except_phenotype"
"Clinical_LDL_C","Clinical LDL Cholesterol","CC","1.027(95% CI:0.899-1.174; P=0.6930224853)","0.961(95% CI:0.929-0.994; P=0.0205879734)","0.949(95% CI:0.815-1.106; P=0.5051036033)","Adjusted","All_control_except_phenotype","Adjusted All_control_except_phenotype"
"Creatinine","Creatinine","CC","0.943(95% CI:0.813-1.093; P=0.43348173)","1.045(95% CI:1.012-1.078; P=0.0068375288)","0.958(95% CI:0.8-1.147; P=0.6433845094)","Adjusted","All_control_except_phenotype","Adjusted All_control_except_phenotype"
"DHA","Docosahexaenoic Acid","CC","0.887(95% CI:0.773-1.019; P=0.0893697087)","0.933(95% CI:0.899-0.968; P=0.0002507382)","0.878(95% CI:0.741-1.04; P=0.1329590989)","Adjusted","All_control_except_phenotype","Adjusted All_control_except_phenotype"
"Gln","Glutamine","CC","0.892(95% CI:0.776-1.026; P=0.109057679)","0.949(95% CI:0.916-0.982; P=0.00298873)","0.94(95% CI:0.797-1.108; P=0.4584693665)","Adjusted","All_control_except_phenotype","Adjusted All_control_except_phenotype"
"Glucose","Glucose","CC","0.947(95% CI:0.831-1.079; P=0.4109546605)","1.064(95% CI:1.029-1.099; P=0.0002252142)","0.929(95% CI:0.79-1.092; P=0.3721865787)","Adjusted","All_control_except_phenotype","Adjusted All_control_except_phenotype"
"Gly","Glycine","CC","1.034(95% CI:0.896-1.193; P=0.6474459229)","0.994(95% CI:0.957-1.034; P=0.7782177277)","0.956(95% CI:0.799-1.144; P=0.622019007)","Adjusted","All_control_except_phenotype","Adjusted All_control_except_phenotype"
"GlycA","Glycoprotein Acetyls","CC","1.069(95% CI:0.927-1.233; P=0.3559021119)","1.126(95% CI:1.085-1.168; P=0.0000000003)","1.097(95% CI:0.923-1.303; P=0.2941715502)","Adjusted","All_control_except_phenotype","Adjusted All_control_except_phenotype"
"HDL_C","HDL Cholesterol","CC","0.998(95% CI:0.861-1.156; P=0.9786067746)","0.97(95% CI:0.93-1.012; P=0.1645581121)","1.044(95% CI:0.873-1.248; P=0.6378547649)","Adjusted","All_control_except_phenotype","Adjusted All_control_except_phenotype"
"HDL_CE","Cholesteryl Esters in HDL","CC","1.001(95% CI:0.865-1.158; P=0.9920755796)","0.967(95% CI:0.927-1.009; P=0.1175360113)","1.045(95% CI:0.874-1.249; P=0.6291780684)","Adjusted","All_control_except_phenotype","Adjusted All_control_except_phenotype"
"HDL_FC","Free Cholesterol in HDL","CC","1(95% CI:0.862-1.16; P=0.9966405538)","0.99(95% CI:0.949-1.033; P=0.6445689586)","1.057(95% CI:0.887-1.258; P=0.5368408112)","Adjusted","All_control_except_phenotype","Adjusted All_control_except_phenotype"
"HDL_L","Total Lipids in HDL","CC","0.99(95% CI:0.852-1.149; P=0.8902328286)","0.982(95% CI:0.942-1.023; P=0.3829444559)","1.04(95% CI:0.872-1.24; P=0.6655835659)","Adjusted","All_control_except_phenotype","Adjusted All_control_except_phenotype"
"HDL_PL","Phospholipids in HDL","CC","0.992(95% CI:0.855-1.151; P=0.91281678)","0.988(95% CI:0.948-1.029; P=0.560196353)","1.042(95% CI:0.876-1.24; P=0.6410737622)","Adjusted","All_control_except_phenotype","Adjusted All_control_except_phenotype"
"HDL_TG","Triglycerides in HDL","CC","0.966(95% CI:0.838-1.112; P=0.6275366193)","1.022(95% CI:0.987-1.058; P=0.214275643)","0.987(95% CI:0.838-1.162; P=0.8721217909)","Adjusted","All_control_except_phenotype","Adjusted All_control_except_phenotype"
"His","Histidine","CC","0.949(95% CI:0.828-1.087; P=0.4483700282)","0.922(95% CI:0.889-0.957; P=0.0000178496)","0.92(95% CI:0.783-1.08; P=0.306624143)","Adjusted","All_control_except_phenotype","Adjusted All_control_except_phenotype"
"IDL_C","Cholesterol in IDL","CC","1.005(95% CI:0.879-1.148; P=0.9468607606)","0.954(95% CI:0.922-0.988; P=0.0084787185)","0.95(95% CI:0.812-1.11; P=0.5172726178)","Adjusted","All_control_except_phenotype","Adjusted All_control_except_phenotype"
"IDL_CE","Cholesteryl Esters in IDL","CC","1.006(95% CI:0.881-1.15; P=0.9255615757)","0.953(95% CI:0.92-0.987; P=0.0070232827)","0.952(95% CI:0.814-1.114; P=0.5403894894)","Adjusted","All_control_except_phenotype","Adjusted All_control_except_phenotype"
"IDL_FC","Free Cholesterol in IDL","CC","0.988(95% CI:0.867-1.127; P=0.8568881575)","0.962(95% CI:0.929-0.996; P=0.0301428998)","0.933(95% CI:0.797-1.092; P=0.384839658)","Adjusted","All_control_except_phenotype","Adjusted All_control_except_phenotype"
"IDL_PL","Phospholipids in IDL","CC","0.974(95% CI:0.852-1.113; P=0.7011541208)","0.97(95% CI:0.937-1.005; P=0.0940209352)","0.909(95% CI:0.776-1.065; P=0.2383470959)","Adjusted","All_control_except_phenotype","Adjusted All_control_except_phenotype"
"IDL_TG","Triglycerides in IDL","CC","0.962(95% CI:0.834-1.111; P=0.6005047034)","1.031(95% CI:0.997-1.068; P=0.0771123685)","0.971(95% CI:0.823-1.145; P=0.7245333185)","Adjusted","All_control_except_phenotype","Adjusted All_control_except_phenotype"
"Ile","Isoleucine","CC","0.917(95% CI:0.8-1.051; P=0.2112895127)","1.006(95% CI:0.971-1.041; P=0.7457381826)","0.911(95% CI:0.771-1.077; P=0.2765161269)","Adjusted","All_control_except_phenotype","Adjusted All_control_except_phenotype"
"L_HDL_C","Cholesterol in Large HDL","CC","0.979(95% CI:0.843-1.136; P=0.7762894526)","0.993(95% CI:0.952-1.036; P=0.7514892482)","1.062(95% CI:0.887-1.271; P=0.5115590816)","Adjusted","All_control_except_phenotype","Adjusted All_control_except_phenotype"
"L_HDL_CE","Cholesteryl Esters in Large HDL","CC","0.98(95% CI:0.844-1.138; P=0.7930093969)","0.992(95% CI:0.95-1.035; P=0.6950608318)","1.066(95% CI:0.891-1.275; P=0.4879399242)","Adjusted","All_control_except_phenotype","Adjusted All_control_except_phenotype"
"L_HDL_FC","Free Cholesterol in Large HDL","CC","0.989(95% CI:0.852-1.148; P=0.8845215491)","1.004(95% CI:0.963-1.048; P=0.8430149111)","1.076(95% CI:0.903-1.282; P=0.4130949222)","Adjusted","All_control_except_phenotype","Adjusted All_control_except_phenotype"
"L_HDL_PL","Phospholipids in Large HDL","CC","0.981(95% CI:0.844-1.141; P=0.8067874709)","0.999(95% CI:0.957-1.042; P=0.9520434582)","1.066(95% CI:0.893-1.274; P=0.4780703431)","Adjusted","All_control_except_phenotype","Adjusted All_control_except_phenotype"
"L_HDL_TG","Triglycerides in Large HDL","CC","0.945(95% CI:0.817-1.093; P=0.4450815354)","1.015(95% CI:0.98-1.052; P=0.397107158)","0.999(95% CI:0.852-1.171; P=0.9896075936)","Adjusted","All_control_except_phenotype","Adjusted All_control_except_phenotype"
"L_LDL_C","Cholesterol in Large LDL","CC","1.014(95% CI:0.888-1.158; P=0.8375695674)","0.963(95% CI:0.931-0.997; P=0.0315005714)","0.936(95% CI:0.801-1.092; P=0.3988120346)","Adjusted","All_control_except_phenotype","Adjusted All_control_except_phenotype"
"L_LDL_CE","Cholesteryl Esters in Large LDL","CC","1.014(95% CI:0.888-1.159; P=0.836792807)","0.968(95% CI:0.935-1.001; P=0.059016906)","0.935(95% CI:0.8-1.092; P=0.3965324532)","Adjusted","All_control_except_phenotype","Adjusted All_control_except_phenotype"
"L_LDL_FC","Free Cholesterol in Large LDL","CC","1.003(95% CI:0.88-1.142; P=0.9652772048)","0.956(95% CI:0.923-0.989; P=0.0101666951)","0.929(95% CI:0.795-1.085; P=0.3514849798)","Adjusted","All_control_except_phenotype","Adjusted All_control_except_phenotype"
"L_LDL_PL","Phospholipids in Large LDL","CC","1.008(95% CI:0.883-1.15; P=0.907646902)","0.962(95% CI:0.93-0.996; P=0.0268084479)","0.932(95% CI:0.797-1.09; P=0.3761305717)","Adjusted","All_control_except_phenotype","Adjusted All_control_except_phenotype"
"L_LDL_TG","Triglycerides in Large LDL","CC","0.98(95% CI:0.849-1.13; P=0.777742188)","1.036(95% CI:1.001-1.072; P=0.0445544001)","0.982(95% CI:0.833-1.159; P=0.8333242222)","Adjusted","All_control_except_phenotype","Adjusted All_control_except_phenotype"
"L_VLDL_C","Cholesterol in Large VLDL","CC","1.035(95% CI:0.902-1.189; P=0.6216699864)","1.016(95% CI:0.98-1.053; P=0.38135635)","1.02(95% CI:0.864-1.204; P=0.8156533998)","Adjusted","All_control_except_phenotype","Adjusted All_control_except_phenotype"
"L_VLDL_CE","Cholesteryl Esters in Large VLDL","CC","1.031(95% CI:0.899-1.183; P=0.6607488997)","1.004(95% CI:0.969-1.04; P=0.8373265415)","1.01(95% CI:0.857-1.191; P=0.9033196408)","Adjusted","All_control_except_phenotype","Adjusted All_control_except_phenotype"
"L_VLDL_FC","Free Cholesterol in Large VLDL","CC","1.042(95% CI:0.908-1.195; P=0.5603719082)","1.028(95% CI:0.992-1.066; P=0.1276178524)","1.034(95% CI:0.875-1.221; P=0.6961143416)","Adjusted","All_control_except_phenotype","Adjusted All_control_except_phenotype"
"L_VLDL_PL","Phospholipids in Large VLDL","CC","1.045(95% CI:0.911-1.198; P=0.5328761551)","1.033(95% CI:0.996-1.07; P=0.0788646507)","1.045(95% CI:0.885-1.233; P=0.605547015)","Adjusted","All_control_except_phenotype","Adjusted All_control_except_phenotype"
"L_VLDL_TG","Triglycerides in Large VLDL","CC","1.067(95% CI:0.933-1.221; P=0.3417739249)","1.039(95% CI:1.003-1.077; P=0.0328107873)","1.085(95% CI:0.922-1.276; P=0.3263809808)","Adjusted","All_control_except_phenotype","Adjusted All_control_except_phenotype"
"LA","Linoleic Acid","CC","1.062(95% CI:0.926-1.218; P=0.3864759733)","0.974(95% CI:0.941-1.008; P=0.1380679614)","1.044(95% CI:0.89-1.225; P=0.5971124612)","Adjusted","All_control_except_phenotype","Adjusted All_control_except_phenotype"
"Lactate","Lactate","CC","0.931(95% CI:0.812-1.068; P=0.3074212976)","1.002(95% CI:0.967-1.039; P=0.9158234359)","0.973(95% CI:0.826-1.148; P=0.7494472679)","Adjusted","All_control_except_phenotype","Adjusted All_control_except_phenotype"
"LDL_C","LDL Cholesterol","CC","1.027(95% CI:0.898-1.174; P=0.6960846927)","0.968(95% CI:0.935-1.001; P=0.0567439081)","0.948(95% CI:0.812-1.107; P=0.5033200789)","Adjusted","All_control_except_phenotype","Adjusted All_control_except_phenotype"
"LDL_CE","Cholesteryl Esters in LDL","CC","1.027(95% CI:0.898-1.176; P=0.6957775959)","0.973(95% CI:0.94-1.006; P=0.1084705527)","0.95(95% CI:0.812-1.11; P=0.5165451864)","Adjusted","All_control_except_phenotype","Adjusted All_control_except_phenotype"
"LDL_FC","Free Cholesterol in LDL","CC","1.014(95% CI:0.89-1.155; P=0.8378139004)","0.958(95% CI:0.926-0.991; P=0.0137040352)","0.936(95% CI:0.802-1.093; P=0.403289761)","Adjusted","All_control_except_phenotype","Adjusted All_control_except_phenotype"
"LDL_L","Total Lipids in LDL","CC","1.029(95% CI:0.899-1.179; P=0.675933785)","0.971(95% CI:0.939-1.005; P=0.0934929341)","0.954(95% CI:0.816-1.115; P=0.5514086456)","Adjusted","All_control_except_phenotype","Adjusted All_control_except_phenotype"
"LDL_PL","Phospholipids in LDL","CC","1.025(95% CI:0.897-1.171; P=0.7138198471)","0.97(95% CI:0.938-1.004; P=0.0832972368)","0.95(95% CI:0.812-1.111; P=0.5209566467)","Adjusted","All_control_except_phenotype","Adjusted All_control_except_phenotype"
"LDL_TG","Triglycerides in LDL","CC","0.991(95% CI:0.86-1.142; P=0.9011517598)","1.041(95% CI:1.006-1.077; P=0.0219557063)","0.996(95% CI:0.845-1.174; P=0.9644336882)","Adjusted","All_control_except_phenotype","Adjusted All_control_except_phenotype"
"Leu","Leucine","CC","0.911(95% CI:0.794-1.044; P=0.1799226944)","0.957(95% CI:0.922-0.993; P=0.0184890321)","0.914(95% CI:0.775-1.08; P=0.2910443385)","Adjusted","All_control_except_phenotype","Adjusted All_control_except_phenotype"
"M_HDL_C","Cholesterol in Medium HDL","CC","1.013(95% CI:0.876-1.171; P=0.8605822406)","0.968(95% CI:0.929-1.008; P=0.1133498935)","1.048(95% CI:0.881-1.247; P=0.593805642)","Adjusted","All_control_except_phenotype","Adjusted All_control_except_phenotype"
"M_HDL_CE","Cholesteryl Esters in Medium HDL","CC","1.016(95% CI:0.88-1.174; P=0.8258851193)","0.966(95% CI:0.928-1.006; P=0.0945594452)","1.051(95% CI:0.883-1.249; P=0.5773049416)","Adjusted","All_control_except_phenotype","Adjusted All_control_except_phenotype"
"M_HDL_FC","Free Cholesterol in Medium HDL","CC","1.012(95% CI:0.874-1.173; P=0.8685464488)","0.979(95% CI:0.94-1.02; P=0.3192725059)","1.055(95% CI:0.888-1.253; P=0.5434492739)","Adjusted","All_control_except_phenotype","Adjusted All_control_except_phenotype"
"M_HDL_PL","Phospholipids in Medium HDL","CC","0.998(95% CI:0.864-1.153; P=0.9811110012)","0.985(95% CI:0.947-1.024; P=0.4379924795)","1.028(95% CI:0.869-1.216; P=0.7458174546)","Adjusted","All_control_except_phenotype","Adjusted All_control_except_phenotype"
"M_HDL_TG","Triglycerides in Medium HDL","CC","0.967(95% CI:0.84-1.112; P=0.6365305736)","1.015(95% CI:0.98-1.051; P=0.4131460327)","0.982(95% CI:0.834-1.156; P=0.8230777357)","Adjusted","All_control_except_phenotype","Adjusted All_control_except_phenotype"
"M_LDL_C","Cholesterol in Medium LDL","CC","1.036(95% CI:0.906-1.186; P=0.6038923487)","0.976(95% CI:0.943-1.01; P=0.1664130068)","0.959(95% CI:0.819-1.124; P=0.6070243801)","Adjusted","All_control_except_phenotype","Adjusted All_control_except_phenotype"
"M_LDL_CE","Cholesteryl Esters in Medium LDL","CC","1.037(95% CI:0.905-1.188; P=0.5982022854)","0.982(95% CI:0.949-1.017; P=0.3113130258)","0.965(95% CI:0.822-1.133; P=0.6635847318)","Adjusted","All_control_except_phenotype","Adjusted All_control_except_phenotype"
"M_LDL_FC","Free Cholesterol in Medium LDL","CC","1.02(95% CI:0.896-1.163; P=0.7608617557)","0.962(95% CI:0.93-0.996; P=0.0275682662)","0.937(95% CI:0.802-1.096; P=0.4159649747)","Adjusted","All_control_except_phenotype","Adjusted All_control_except_phenotype"
"M_LDL_PL","Phospholipids in Medium LDL","CC","1.035(95% CI:0.905-1.183; P=0.6127646529)","0.976(95% CI:0.944-1.01; P=0.1696775141)","0.959(95% CI:0.818-1.124; P=0.6058668129)","Adjusted","All_control_except_phenotype","Adjusted All_control_except_phenotype"
"M_LDL_TG","Triglycerides in Medium LDL","CC","1.01(95% CI:0.879-1.16; P=0.8917109491)","1.045(95% CI:1.01-1.081; P=0.0106379591)","1.019(95% CI:0.866-1.198; P=0.8210048952)","Adjusted","All_control_except_phenotype","Adjusted All_control_except_phenotype"
"M_VLDL_C","Cholesterol in Medium VLDL","CC","1.007(95% CI:0.882-1.15; P=0.9154444349)","0.973(95% CI:0.94-1.006; P=0.1085221975)","0.95(95% CI:0.812-1.111; P=0.5212781506)","Adjusted","All_control_except_phenotype","Adjusted All_control_except_phenotype"
"M_VLDL_CE","Cholesteryl Esters in Medium VLDL","CC","0.995(95% CI:0.874-1.133; P=0.9446872409)","0.963(95% CI:0.931-0.997; P=0.0316205817)","0.931(95% CI:0.797-1.089; P=0.3732356169)","Adjusted","All_control_except_phenotype","Adjusted All_control_except_phenotype"
"M_VLDL_FC","Free Cholesterol in Medium VLDL","CC","1.015(95% CI:0.887-1.161; P=0.8265637895)","0.988(95% CI:0.954-1.022; P=0.4746890442)","0.971(95% CI:0.827-1.139; P=0.7156024797)","Adjusted","All_control_except_phenotype","Adjusted All_control_except_phenotype"
"M_VLDL_PL","Phospholipids in Medium VLDL","CC","1.026(95% CI:0.896-1.176; P=0.7081879709)","0.993(95% CI:0.96-1.028; P=0.704676022)","0.987(95% CI:0.841-1.16; P=0.8781298269)","Adjusted","All_control_except_phenotype","Adjusted All_control_except_phenotype"
"M_VLDL_TG","Triglycerides in Medium VLDL","CC","1.067(95% CI:0.931-1.223; P=0.3528635055)","1.023(95% CI:0.988-1.06; P=0.2021559397)","1.073(95% CI:0.911-1.264; P=0.3973129717)","Adjusted","All_control_except_phenotype","Adjusted All_control_except_phenotype"
"MUFA","Monounsaturated Fatty Acids","CC","1.029(95% CI:0.892-1.188; P=0.6917110375)","1.046(95% CI:1.009-1.083; P=0.0130301104)","1.032(95% CI:0.873-1.219; P=0.7136260417)","Adjusted","All_control_except_phenotype","Adjusted All_control_except_phenotype"
"non_HDL_C","Total Cholesterol Minus HDL-C","CC","1.025(95% CI:0.894-1.174; P=0.7254653352)","0.97(95% CI:0.938-1.004; P=0.0796227798)","0.959(95% CI:0.821-1.121; P=0.5986609218)","Adjusted","All_control_except_phenotype","Adjusted All_control_except_phenotype"
"Omega_3","Omega-3 Fatty Acids","CC","0.888(95% CI:0.771-1.024; P=0.1034453766)","0.96(95% CI:0.927-0.995; P=0.0256633036)","0.883(95% CI:0.746-1.046; P=0.1496462863)","Adjusted","All_control_except_phenotype","Adjusted All_control_except_phenotype"
"Omega_6","Omega-6 Fatty Acids","CC","1.056(95% CI:0.917-1.216; P=0.4499098901)","0.977(95% CI:0.943-1.012; P=0.187655746)","1.035(95% CI:0.879-1.217; P=0.6821216811)","Adjusted","All_control_except_phenotype","Adjusted All_control_except_phenotype"
"Phe","Phenylalanine","CC","1(95% CI:0.87-1.15; P=0.9970353007)","1(95% CI:0.966-1.034; P=0.9778718708)","1.026(95% CI:0.873-1.206; P=0.7546902913)","Adjusted","All_control_except_phenotype","Adjusted All_control_except_phenotype"
"Phosphatidylc","Phosphatidylcholines","CC","0.993(95% CI:0.856-1.151; P=0.9232110096)","0.971(95% CI:0.935-1.009; P=0.1311280728)","0.999(95% CI:0.846-1.179; P=0.9865349716)","Adjusted","All_control_except_phenotype","Adjusted All_control_except_phenotype"
"Phosphoglyc","Phosphoglycerides","CC","0.994(95% CI:0.859-1.151; P=0.939846745)","0.982(95% CI:0.946-1.02; P=0.3505223723)","0.996(95% CI:0.844-1.175; P=0.9620148847)","Adjusted","All_control_except_phenotype","Adjusted All_control_except_phenotype"
"PUFA","Polyunsaturated Fatty Acids","CC","1.011(95% CI:0.874-1.169; P=0.8877943281)","0.969(95% CI:0.935-1.004; P=0.0784999257)","0.996(95% CI:0.844-1.174; P=0.9595956461)","Adjusted","All_control_except_phenotype","Adjusted All_control_except_phenotype"
"Pyruvate","Pyruvate","CC","0.914(95% CI:0.798-1.048; P=0.1988916542)","1.025(95% CI:0.991-1.06; P=0.1476008014)","0.888(95% CI:0.749-1.053; P=0.1724855826)","Adjusted","All_control_except_phenotype","Adjusted All_control_except_phenotype"
"Remnant_C","Remnant Cholesterol (Non-HDL and Non-LDL -Cholesterol)","CC","1.014(95% CI:0.884-1.162; P=0.8460321845)","0.975(95% CI:0.942-1.009; P=0.1438940373)","0.965(95% CI:0.825-1.13; P=0.6617368031)","Adjusted","All_control_except_phenotype","Adjusted All_control_except_phenotype"
"S_HDL_C","Cholesterol in Small HDL","CC","1.047(95% CI:0.912-1.201; P=0.5175435325)","0.953(95% CI:0.92-0.988; P=0.0081157527)","0.965(95% CI:0.819-1.137; P=0.6720197469)","Adjusted","All_control_except_phenotype","Adjusted All_control_except_phenotype"
"S_HDL_CE","Cholesteryl Esters in Small HDL","CC","1.049(95% CI:0.915-1.202; P=0.4931343084)","0.949(95% CI:0.916-0.983; P=0.0033841245)","0.958(95% CI:0.815-1.126; P=0.5993926662)","Adjusted","All_control_except_phenotype","Adjusted All_control_except_phenotype"
"S_HDL_FC","Free Cholesterol in Small HDL","CC","1.028(95% CI:0.89-1.186; P=0.709616209)","0.977(95% CI:0.942-1.013; P=0.2031510224)","0.996(95% CI:0.844-1.175; P=0.9607893206)","Adjusted","All_control_except_phenotype","Adjusted All_control_except_phenotype"
"S_HDL_PL","Phospholipids in Small HDL","CC","1.019(95% CI:0.884-1.174; P=0.7988923174)","0.977(95% CI:0.943-1.013; P=0.2114355346)","0.986(95% CI:0.835-1.165; P=0.8690272061)","Adjusted","All_control_except_phenotype","Adjusted All_control_except_phenotype"
"S_HDL_TG","Triglycerides in Small HDL","CC","0.996(95% CI:0.866-1.145; P=0.9575113305)","1.03(95% CI:0.993-1.068; P=0.1095758628)","0.993(95% CI:0.839-1.175; P=0.9355913265)","Adjusted","All_control_except_phenotype","Adjusted All_control_except_phenotype"
"S_LDL_C","Cholesterol in Small LDL","CC","1.037(95% CI:0.908-1.184; P=0.5932192716)","0.982(95% CI:0.949-1.016; P=0.2965882106)","0.968(95% CI:0.827-1.133; P=0.6836759957)","Adjusted","All_control_except_phenotype","Adjusted All_control_except_phenotype"
"S_LDL_CE","Cholesteryl Esters in Small LDL","CC","1.036(95% CI:0.906-1.184; P=0.6042721494)","0.988(95% CI:0.954-1.022; P=0.4713172901)","0.973(95% CI:0.83-1.141; P=0.739230073)","Adjusted","All_control_except_phenotype","Adjusted All_control_except_phenotype"
"S_LDL_FC","Free Cholesterol in Small LDL","CC","1.028(95% CI:0.904-1.17; P=0.6703225358)","0.971(95% CI:0.938-1.004; P=0.0828085606)","0.952(95% CI:0.815-1.111; P=0.5289553346)","Adjusted","All_control_except_phenotype","Adjusted All_control_except_phenotype"
"S_LDL_PL","Phospholipids in Small LDL","CC","1.04(95% CI:0.912-1.186; P=0.5550486733)","1.001(95% CI:0.968-1.035; P=0.9638687109)","0.981(95% CI:0.839-1.147; P=0.8094174284)","Adjusted","All_control_except_phenotype","Adjusted All_control_except_phenotype"
"S_LDL_TG","Triglycerides in Small LDL","CC","1.03(95% CI:0.9-1.179; P=0.6653648738)","1.052(95% CI:1.017-1.088; P=0.0030688348)","1.045(95% CI:0.891-1.226; P=0.5863521885)","Adjusted","All_control_except_phenotype","Adjusted All_control_except_phenotype"
"S_VLDL_C","Cholesterol in Small VLDL","CC","0.99(95% CI:0.864-1.135; P=0.8887480844)","0.985(95% CI:0.951-1.019; P=0.3757340034)","0.939(95% CI:0.798-1.104; P=0.4449804321)","Adjusted","All_control_except_phenotype","Adjusted All_control_except_phenotype"
"S_VLDL_CE","Cholesteryl Esters in Small VLDL","CC","0.981(95% CI:0.855-1.126; P=0.7868222893)","0.987(95% CI:0.954-1.022; P=0.470017492)","0.932(95% CI:0.792-1.097; P=0.3974029926)","Adjusted","All_control_except_phenotype","Adjusted All_control_except_phenotype"
"S_VLDL_FC","Free Cholesterol in Small VLDL","CC","1.004(95% CI:0.877-1.148; P=0.9578537857)","0.981(95% CI:0.948-1.016; P=0.2846782567)","0.95(95% CI:0.81-1.115; P=0.5332267505)","Adjusted","All_control_except_phenotype","Adjusted All_control_except_phenotype"
"S_VLDL_PL","Phospholipids in Small VLDL","CC","1.012(95% CI:0.883-1.16; P=0.8669939225)","0.992(95% CI:0.958-1.027; P=0.6490880111)","0.97(95% CI:0.825-1.141; P=0.7127597558)","Adjusted","All_control_except_phenotype","Adjusted All_control_except_phenotype"
"S_VLDL_TG","Triglycerides in Small VLDL","CC","1.025(95% CI:0.894-1.176; P=0.7210428893)","1.031(95% CI:0.995-1.068; P=0.089654905)","1.046(95% CI:0.889-1.232; P=0.5857230655)","Adjusted","All_control_except_phenotype","Adjusted All_control_except_phenotype"
"SFA","Saturated Fatty Acids","CC","1.018(95% CI:0.882-1.174; P=0.8102277977)","1.041(95% CI:1.005-1.077; P=0.0253055179)","1.023(95% CI:0.868-1.205; P=0.7897432082)","Adjusted","All_control_except_phenotype","Adjusted All_control_except_phenotype"
"Sphingomyelins","Sphingomyelins","CC","0.993(95% CI:0.864-1.14; P=0.9162842769)","0.985(95% CI:0.949-1.023; P=0.4413087644)","0.959(95% CI:0.814-1.13; P=0.6170743191)","Adjusted","All_control_except_phenotype","Adjusted All_control_except_phenotype"
"Total_C","Total Cholesterol","CC","1.025(95% CI:0.895-1.174; P=0.7209555676)","0.965(95% CI:0.931-0.999; P=0.0437787311)","0.974(95% CI:0.832-1.14; P=0.7418139353)","Adjusted","All_control_except_phenotype","Adjusted All_control_except_phenotype"
"Total_CE","Total Esterified Cholesterol","CC","1.024(95% CI:0.894-1.173; P=0.7295909831)","0.961(95% CI:0.928-0.996; P=0.0287329796)","0.972(95% CI:0.83-1.138; P=0.7203522274)","Adjusted","All_control_except_phenotype","Adjusted All_control_except_phenotype"
"Total_FA","Total Fatty Acids","CC","1.02(95% CI:0.882-1.18; P=0.7861933731)","1.021(95% CI:0.986-1.057; P=0.2399471446)","1.018(95% CI:0.863-1.202; P=0.8281807763)","Adjusted","All_control_except_phenotype","Adjusted All_control_except_phenotype"
"Total_FC","Total Free Cholesterol","CC","1.019(95% CI:0.89-1.167; P=0.7885575849)","0.975(95% CI:0.941-1.009; P=0.1451963914)","0.973(95% CI:0.831-1.139; P=0.7337405148)","Adjusted","All_control_except_phenotype","Adjusted All_control_except_phenotype"
"Total_L","Total Lipids in Lipoprotein Particles","CC","1.033(95% CI:0.898-1.189; P=0.6460512898)","0.992(95% CI:0.959-1.027; P=0.669475526)","1.006(95% CI:0.857-1.181; P=0.9443974536)","Adjusted","All_control_except_phenotype","Adjusted All_control_except_phenotype"
"Total_PL","Total Phospholipids in Lipoprotein Particles","CC","1.015(95% CI:0.88-1.171; P=0.8345528498)","0.987(95% CI:0.951-1.024; P=0.4794847297)","0.999(95% CI:0.849-1.176; P=0.9911001737)","Adjusted","All_control_except_phenotype","Adjusted All_control_except_phenotype"
"Total_TG","Total Triglycerides","CC","1.024(95% CI:0.889-1.18; P=0.7428361983)","1.039(95% CI:1.003-1.077; P=0.0342299207)","1.039(95% CI:0.878-1.23; P=0.6527480923)","Adjusted","All_control_except_phenotype","Adjusted All_control_except_phenotype"
"Tyr","Tyrosine","CC","0.946(95% CI:0.827-1.082; P=0.4203078369)","0.996(95% CI:0.962-1.031; P=0.8029501479)","0.955(95% CI:0.813-1.123; P=0.579754797)","Adjusted","All_control_except_phenotype","Adjusted All_control_except_phenotype"
"Unsaturation","Degree of Unsaturation","CC","0.93(95% CI:0.816-1.06; P=0.2755724804)","0.903(95% CI:0.87-0.936; P=0.000000038)","0.907(95% CI:0.77-1.068; P=0.240908215)","Adjusted","All_control_except_phenotype","Adjusted All_control_except_phenotype"
"Val","Valine","CC","0.884(95% CI:0.766-1.021; P=0.0925479583)","0.961(95% CI:0.926-0.997; P=0.0349273984)","0.893(95% CI:0.752-1.061; P=0.1990953001)","Adjusted","All_control_except_phenotype","Adjusted All_control_except_phenotype"
"VLDL_C","VLDL Cholesterol","CC","1.007(95% CI:0.876-1.158; P=0.9182549921)","0.995(95% CI:0.962-1.03; P=0.7950834705)","0.968(95% CI:0.823-1.139; P=0.6983854646)","Adjusted","All_control_except_phenotype","Adjusted All_control_except_phenotype"
"VLDL_CE","Cholesteryl Esters in VLDL","CC","1(95% CI:0.872-1.147; P=0.9999268259)","0.986(95% CI:0.953-1.02; P=0.420102137)","0.955(95% CI:0.814-1.121; P=0.5736478808)","Adjusted","All_control_except_phenotype","Adjusted All_control_except_phenotype"
"VLDL_FC","Free Cholesterol in VLDL","CC","1.018(95% CI:0.886-1.169; P=0.803584673)","1.011(95% CI:0.976-1.047; P=0.5469223777)","0.991(95% CI:0.841-1.167; P=0.9097595493)","Adjusted","All_control_except_phenotype","Adjusted All_control_except_phenotype"
"VLDL_L","Total Lipids in VLDL","CC","1.022(95% CI:0.885-1.18; P=0.7636233913)","1.023(95% CI:0.987-1.061; P=0.2083822348)","1.012(95% CI:0.855-1.198; P=0.8878003392)","Adjusted","All_control_except_phenotype","Adjusted All_control_except_phenotype"
"VLDL_PL","Phospholipids in VLDL","CC","1.018(95% CI:0.885-1.171; P=0.8031346994)","1.018(95% CI:0.982-1.054; P=0.332402183)","0.998(95% CI:0.846-1.178; P=0.9829333422)","Adjusted","All_control_except_phenotype","Adjusted All_control_except_phenotype"
"VLDL_TG","Triglycerides in VLDL","CC","1.042(95% CI:0.906-1.198; P=0.5625261937)","1.041(95% CI:1.004-1.079; P=0.030304985)","1.058(95% CI:0.895-1.252; P=0.5099421269)","Adjusted","All_control_except_phenotype","Adjusted All_control_except_phenotype"
"XL_HDL_C","Cholesterol in Very Large HDL","CC","0.996(95% CI:0.862-1.15; P=0.9532348794)","1.013(95% CI:0.972-1.055; P=0.5423041756)","1.084(95% CI:0.912-1.287; P=0.3603391936)","Adjusted","All_control_except_phenotype","Adjusted All_control_except_phenotype"
"XL_HDL_CE","Cholesteryl Esters in Very Large HDL","CC","1(95% CI:0.865-1.156; P=0.9966529884)","1.009(95% CI:0.968-1.051; P=0.6757607407)","1.09(95% CI:0.917-1.295; P=0.3297572414)","Adjusted","All_control_except_phenotype","Adjusted All_control_except_phenotype"
"XL_HDL_FC","Free Cholesterol in Very Large HDL","CC","0.987(95% CI:0.858-1.136; P=0.8564818537)","1.026(95% CI:0.988-1.066; P=0.1865654768)","1.065(95% CI:0.902-1.258; P=0.4549162661)","Adjusted","All_control_except_phenotype","Adjusted All_control_except_phenotype"
"XL_HDL_PL","Phospholipids in Very Large HDL","CC","0.988(95% CI:0.852-1.145; P=0.8702811637)","1.019(95% CI:0.979-1.061; P=0.3620643434)","1.087(95% CI:0.915-1.292; P=0.343534887)","Adjusted","All_control_except_phenotype","Adjusted All_control_except_phenotype"
"XL_HDL_TG","Triglycerides in Very Large HDL","CC","0.988(95% CI:0.86-1.136; P=0.8680217403)","1.043(95% CI:1.009-1.079; P=0.012346043)","1.036(95% CI:0.887-1.21; P=0.656795513)","Adjusted","All_control_except_phenotype","Adjusted All_control_except_phenotype"
"XL_VLDL_C","Cholesterol in Very Large VLDL","CC","1.036(95% CI:0.903-1.189; P=0.6151122118)","1.023(95% CI:0.987-1.06; P=0.2116628191)","1.02(95% CI:0.864-1.204; P=0.8171458486)","Adjusted","All_control_except_phenotype","Adjusted All_control_except_phenotype"
"XL_VLDL_CE","Cholesteryl Esters in Very Large VLDL","CC","1.033(95% CI:0.9-1.185; P=0.6428108271)","1.009(95% CI:0.974-1.045; P=0.6315780151)","1.004(95% CI:0.851-1.185; P=0.9609972863)","Adjusted","All_control_except_phenotype","Adjusted All_control_except_phenotype"
"XL_VLDL_FC","Free Cholesterol in Very Large VLDL","CC","1.04(95% CI:0.908-1.192; P=0.5716480593)","1.037(95% CI:1.001-1.074; P=0.0429255327)","1.039(95% CI:0.881-1.224; P=0.6511943662)","Adjusted","All_control_except_phenotype","Adjusted All_control_except_phenotype"
"XL_VLDL_PL","Phospholipids in Very Large VLDL","CC","1.045(95% CI:0.912-1.197; P=0.5258303978)","1.041(95% CI:1.005-1.079; P=0.0257087669)","1.049(95% CI:0.891-1.236; P=0.5662579544)","Adjusted","All_control_except_phenotype","Adjusted All_control_except_phenotype"
"XL_VLDL_TG","Triglycerides in Very Large VLDL","CC","1.055(95% CI:0.922-1.207; P=0.4380223683)","1.051(95% CI:1.014-1.089; P=0.0059517098)","1.073(95% CI:0.912-1.263; P=0.3937771359)","Adjusted","All_control_except_phenotype","Adjusted All_control_except_phenotype"
"XS_VLDL_C","Cholesterol in Very Small VLDL","CC","0.955(95% CI:0.834-1.094; P=0.5084664766)","0.976(95% CI:0.943-1.011; P=0.1739650799)","0.914(95% CI:0.779-1.072; P=0.2679232599)","Adjusted","All_control_except_phenotype","Adjusted All_control_except_phenotype"
"XS_VLDL_CE","Cholesteryl Esters in Very Small VLDL","CC","0.954(95% CI:0.834-1.092; P=0.4941126876)","0.97(95% CI:0.937-1.005; P=0.0886448142)","0.906(95% CI:0.773-1.063; P=0.2256730916)","Adjusted","All_control_except_phenotype","Adjusted All_control_except_phenotype"
"XS_VLDL_FC","Free Cholesterol in Very Small VLDL","CC","0.956(95% CI:0.832-1.098; P=0.5257921013)","0.993(95% CI:0.959-1.028; P=0.6831664169)","0.931(95% CI:0.792-1.095; P=0.3873291975)","Adjusted","All_control_except_phenotype","Adjusted All_control_except_phenotype"
"XS_VLDL_PL","Phospholipids in Very Small VLDL","CC","0.95(95% CI:0.825-1.094; P=0.4759371489)","1.005(95% CI:0.971-1.041; P=0.7554263303)","0.933(95% CI:0.793-1.099; P=0.4079625414)","Adjusted","All_control_except_phenotype","Adjusted All_control_except_phenotype"
"XS_VLDL_TG","Triglycerides in Very Small VLDL","CC","0.971(95% CI:0.843-1.118; P=0.6795253579)","1.035(95% CI:1-1.071; P=0.0507210348)","0.988(95% CI:0.839-1.163; P=0.8823888829)","Adjusted","All_control_except_phenotype","Adjusted All_control_except_phenotype"
"XXL_VLDL_C","Cholesterol in Chylomicrons and Extremely Large VLDL","CC","1.045(95% CI:0.914-1.195; P=0.5171802127)","1.044(95% CI:1.009-1.082; P=0.0145450349)","1.065(95% CI:0.906-1.251; P=0.4455507064)","Adjusted","All_control_except_phenotype","Adjusted All_control_except_phenotype"
"XXL_VLDL_CE","Cholesteryl Esters in Chylomicrons and Extremely Large VLDL","CC","1.05(95% CI:0.918-1.201; P=0.4727760788)","1.04(95% CI:1.004-1.077; P=0.0294337821)","1.069(95% CI:0.91-1.256; P=0.4142882178)","Adjusted","All_control_except_phenotype","Adjusted All_control_except_phenotype"
"XXL_VLDL_FC","Free Cholesterol in Chylomicrons and Extremely Large VLDL","CC","1.041(95% CI:0.912-1.188; P=0.5542743972)","1.05(95% CI:1.015-1.087; P=0.0052162905)","1.06(95% CI:0.904-1.242; P=0.4757278478)","Adjusted","All_control_except_phenotype","Adjusted All_control_except_phenotype"
"XXL_VLDL_PL","Phospholipids in Chylomicrons and Extremely Large VLDL","CC","1.044(95% CI:0.916-1.19; P=0.5181284192)","1.053(95% CI:1.018-1.09; P=0.0030716816)","1.063(95% CI:0.908-1.244; P=0.449972083)","Adjusted","All_control_except_phenotype","Adjusted All_control_except_phenotype"
"XXL_VLDL_TG","Triglycerides in Chylomicrons and Extremely Large VLDL","CC","1.048(95% CI:0.919-1.196; P=0.4832931891)","1.058(95% CI:1.023-1.095; P=0.0011559212)","1.068(95% CI:0.911-1.252; P=0.4153534632)","Adjusted","All_control_except_phenotype","Adjusted All_control_except_phenotype"
"Acetate","Acetate","CRC","0.9(95% CI:0.768-1.055; P=0.1950707934)","1.014(95% CI:0.99-1.038; P=0.2616291677)","0.803(95% CI:0.635-1.015; P=0.0663223818)","Adjusted","All_control_except_phenotype","Adjusted All_control_except_phenotype"
"Acetoacetate","Acetoacetate","CRC","0.903(95% CI:0.799-1.021; P=0.1044035521)","1.06(95% CI:1.036-1.084; P=0.0000005973)","0.907(95% CI:0.785-1.048; P=0.1867410867)","Adjusted","All_control_except_phenotype","Adjusted All_control_except_phenotype"
"Acetone","Acetone","CRC","0.899(95% CI:0.79-1.022; P=0.1029413228)","1.04(95% CI:1.016-1.064; P=0.0010065589)","0.915(95% CI:0.792-1.058; P=0.2299213822)","Adjusted","All_control_except_phenotype","Adjusted All_control_except_phenotype"
"Ala","Alanine","CRC","0.914(95% CI:0.818-1.021; P=0.1130821982)","0.997(95% CI:0.969-1.025; P=0.816905983)","0.949(95% CI:0.831-1.082; P=0.4315872223)","Adjusted","All_control_except_phenotype","Adjusted All_control_except_phenotype"
"Albumin","Albumin","CRC","0.95(95% CI:0.845-1.069; P=0.3934404818)","0.91(95% CI:0.885-0.936; P=0.0000000001)","0.902(95% CI:0.791-1.03; P=0.1275028935)","Adjusted","All_control_except_phenotype","Adjusted All_control_except_phenotype"
"ApoA1","Apolipoprotein A1","CRC","1(95% CI:0.886-1.129; P=0.9975450165)","1.003(95% CI:0.97-1.036; P=0.8748707618)","1.034(95% CI:0.899-1.19; P=0.6375408738)","Adjusted","All_control_except_phenotype","Adjusted All_control_except_phenotype"
"ApoB","Apolipoprotein B","CRC","1.016(95% CI:0.91-1.136; P=0.7736504658)","0.986(95% CI:0.959-1.014; P=0.3140964549)","0.957(95% CI:0.842-1.088; P=0.5031180104)","Adjusted","All_control_except_phenotype","Adjusted All_control_except_phenotype"
"bOHbutyrate","3-Hydroxybutyrate","CRC","0.978(95% CI:0.873-1.096; P=0.7041636138)","1.072(95% CI:1.047-1.099; P=0.0000000183)","0.99(95% CI:0.869-1.128; P=0.8840987125)","Adjusted","All_control_except_phenotype","Adjusted All_control_except_phenotype"
"Cholines","Total Cholines","CRC","0.999(95% CI:0.887-1.125; P=0.9851453849)","0.995(95% CI:0.965-1.026; P=0.7468283372)","0.988(95% CI:0.864-1.129; P=0.8575672021)","Adjusted","All_control_except_phenotype","Adjusted All_control_except_phenotype"
"Citrate","Citrate","CRC","1.005(95% CI:0.893-1.131; P=0.9355380252)","1.032(95% CI:1.003-1.062; P=0.0331070195)","0.971(95% CI:0.829-1.136; P=0.7111005281)","Adjusted","All_control_except_phenotype","Adjusted All_control_except_phenotype"
"Clinical_LDL_C","Clinical LDL Cholesterol","CRC","1.021(95% CI:0.915-1.14; P=0.7061029293)","0.973(95% CI:0.946-1; P=0.0465434912)","0.95(95% CI:0.839-1.077; P=0.4240707992)","Adjusted","All_control_except_phenotype","Adjusted All_control_except_phenotype"
"Creatinine","Creatinine","CRC","0.942(95% CI:0.834-1.064; P=0.3373994198)","1.01(95% CI:0.979-1.041; P=0.531557252)","1.019(95% CI:0.881-1.179; P=0.7995688609)","Adjusted","All_control_except_phenotype","Adjusted All_control_except_phenotype"
"DHA","Docosahexaenoic Acid","CRC","0.927(95% CI:0.829-1.036; P=0.1819718329)","0.953(95% CI:0.925-0.982; P=0.0014927314)","0.923(95% CI:0.807-1.057; P=0.2466356569)","Adjusted","All_control_except_phenotype","Adjusted All_control_except_phenotype"
"Gln","Glutamine","CRC","0.925(95% CI:0.825-1.038; P=0.1846488533)","0.958(95% CI:0.932-0.986; P=0.0033875207)","0.937(95% CI:0.821-1.07; P=0.3377156921)","Adjusted","All_control_except_phenotype","Adjusted All_control_except_phenotype"
"Glucose","Glucose","CRC","0.951(95% CI:0.854-1.059; P=0.3609287343)","1.06(95% CI:1.032-1.089; P=0.0000175594)","0.93(95% CI:0.814-1.061; P=0.2806915565)","Adjusted","All_control_except_phenotype","Adjusted All_control_except_phenotype"
"Gly","Glycine","CRC","1.05(95% CI:0.934-1.18; P=0.4171420438)","0.99(95% CI:0.959-1.023; P=0.5468321899)","0.998(95% CI:0.865-1.151; P=0.9778998282)","Adjusted","All_control_except_phenotype","Adjusted All_control_except_phenotype"
"GlycA","Glycoprotein Acetyls","CRC","1.053(95% CI:0.937-1.184; P=0.3882130394)","1.114(95% CI:1.081-1.148; P=0)","1.08(95% CI:0.939-1.241; P=0.2800006223)","Adjusted","All_control_except_phenotype","Adjusted All_control_except_phenotype"
"HDL_C","HDL Cholesterol","CRC","1.01(95% CI:0.895-1.14; P=0.8680360982)","0.996(95% CI:0.962-1.031; P=0.8187752287)","1.045(95% CI:0.904-1.207; P=0.5511244976)","Adjusted","All_control_except_phenotype","Adjusted All_control_except_phenotype"
"HDL_CE","Cholesteryl Esters in HDL","CRC","1.013(95% CI:0.898-1.142; P=0.8348851123)","0.994(95% CI:0.96-1.028; P=0.7173310526)","1.048(95% CI:0.907-1.211; P=0.524244323)","Adjusted","All_control_except_phenotype","Adjusted All_control_except_phenotype"
"HDL_FC","Free Cholesterol in HDL","CRC","1.009(95% CI:0.893-1.139; P=0.8859230913)","1.007(95% CI:0.973-1.042; P=0.7037754684)","1.044(95% CI:0.906-1.203; P=0.5503939822)","Adjusted","All_control_except_phenotype","Adjusted All_control_except_phenotype"
"HDL_L","Total Lipids in HDL","CRC","0.999(95% CI:0.884-1.129; P=0.9908783661)","1.006(95% CI:0.972-1.04; P=0.7427059855)","1.038(95% CI:0.9-1.196; P=0.6109977819)","Adjusted","All_control_except_phenotype","Adjusted All_control_except_phenotype"
"HDL_PL","Phospholipids in HDL","CRC","0.999(95% CI:0.885-1.128; P=0.9846729315)","1.011(95% CI:0.978-1.045; P=0.533887684)","1.038(95% CI:0.902-1.193; P=0.6061616896)","Adjusted","All_control_except_phenotype","Adjusted All_control_except_phenotype"
"HDL_TG","Triglycerides in HDL","CRC","0.965(95% CI:0.86-1.084; P=0.5514434892)","1.02(95% CI:0.991-1.049; P=0.1748890677)","0.981(95% CI:0.86-1.12; P=0.7803090258)","Adjusted","All_control_except_phenotype","Adjusted All_control_except_phenotype"
"His","Histidine","CRC","0.964(95% CI:0.863-1.078; P=0.5233710273)","0.916(95% CI:0.889-0.944; P=0.000000013)","0.945(95% CI:0.83-1.075; P=0.3870959171)","Adjusted","All_control_except_phenotype","Adjusted All_control_except_phenotype"
"IDL_C","Cholesterol in IDL","CRC","1.012(95% CI:0.907-1.13; P=0.8266805591)","0.969(95% CI:0.942-0.997; P=0.0298086677)","0.952(95% CI:0.838-1.081; P=0.4451457349)","Adjusted","All_control_except_phenotype","Adjusted All_control_except_phenotype"
"IDL_CE","Cholesteryl Esters in IDL","CRC","1.016(95% CI:0.91-1.134; P=0.7776141143)","0.969(95% CI:0.941-0.997; P=0.0291744297)","0.957(95% CI:0.842-1.087; P=0.4978205301)","Adjusted","All_control_except_phenotype","Adjusted All_control_except_phenotype"
"IDL_FC","Free Cholesterol in IDL","CRC","0.995(95% CI:0.893-1.109; P=0.9299087271)","0.973(95% CI:0.945-1.001; P=0.055834936)","0.933(95% CI:0.82-1.06; P=0.2858423389)","Adjusted","All_control_except_phenotype","Adjusted All_control_except_phenotype"
"IDL_PL","Phospholipids in IDL","CRC","0.987(95% CI:0.884-1.102; P=0.8207275263)","0.98(95% CI:0.952-1.008; P=0.1601963057)","0.922(95% CI:0.811-1.049; P=0.2181266943)","Adjusted","All_control_except_phenotype","Adjusted All_control_except_phenotype"
"IDL_TG","Triglycerides in IDL","CRC","0.969(95% CI:0.862-1.09; P=0.602004178)","1.021(95% CI:0.993-1.05; P=0.1464146142)","0.97(95% CI:0.849-1.109; P=0.6568886961)","Adjusted","All_control_except_phenotype","Adjusted All_control_except_phenotype"
"Ile","Isoleucine","CRC","0.937(95% CI:0.839-1.047; P=0.2517530394)","0.996(95% CI:0.968-1.025; P=0.8046496585)","0.945(95% CI:0.827-1.08; P=0.4053114153)","Adjusted","All_control_except_phenotype","Adjusted All_control_except_phenotype"
"L_HDL_C","Cholesterol in Large HDL","CRC","1.006(95% CI:0.891-1.137; P=0.920859272)","1.004(95% CI:0.97-1.04; P=0.8246272502)","1.058(95% CI:0.914-1.224; P=0.4509940899)","Adjusted","All_control_except_phenotype","Adjusted All_control_except_phenotype"
"L_HDL_CE","Cholesteryl Esters in Large HDL","CRC","1.008(95% CI:0.892-1.138; P=0.902701798)","1.003(95% CI:0.968-1.038; P=0.8808038128)","1.061(95% CI:0.918-1.227; P=0.4238004215)","Adjusted","All_control_except_phenotype","Adjusted All_control_except_phenotype"
"L_HDL_FC","Free Cholesterol in Large HDL","CRC","1.009(95% CI:0.894-1.139; P=0.8815580998)","1.011(95% CI:0.976-1.046; P=0.5501493639)","1.059(95% CI:0.918-1.221; P=0.4290371916)","Adjusted","All_control_except_phenotype","Adjusted All_control_except_phenotype"
"L_HDL_PL","Phospholipids in Large HDL","CRC","1.004(95% CI:0.888-1.135; P=0.9528613943)","1.01(95% CI:0.976-1.046; P=0.5564449434)","1.059(95% CI:0.917-1.223; P=0.4318439371)","Adjusted","All_control_except_phenotype","Adjusted All_control_except_phenotype"
"L_HDL_TG","Triglycerides in Large HDL","CRC","0.955(95% CI:0.849-1.075; P=0.4453125222)","1.014(95% CI:0.986-1.044; P=0.3306237866)","0.992(95% CI:0.872-1.128; P=0.9039385361)","Adjusted","All_control_except_phenotype","Adjusted All_control_except_phenotype"
"L_LDL_C","Cholesterol in Large LDL","CRC","1.014(95% CI:0.909-1.131; P=0.8049685729)","0.976(95% CI:0.949-1.003; P=0.0861032881)","0.944(95% CI:0.833-1.071; P=0.3739202736)","Adjusted","All_control_except_phenotype","Adjusted All_control_except_phenotype"
"L_LDL_CE","Cholesteryl Esters in Large LDL","CRC","1.014(95% CI:0.909-1.132; P=0.8018520931)","0.979(95% CI:0.953-1.007; P=0.1443307057)","0.945(95% CI:0.832-1.072; P=0.3775221392)","Adjusted","All_control_except_phenotype","Adjusted All_control_except_phenotype"
"L_LDL_FC","Free Cholesterol in Large LDL","CRC","1.006(95% CI:0.904-1.12; P=0.9145192384)","0.969(95% CI:0.943-0.997; P=0.0305003071)","0.94(95% CI:0.828-1.066; P=0.33501395)","Adjusted","All_control_except_phenotype","Adjusted All_control_except_phenotype"
"L_LDL_PL","Phospholipids in Large LDL","CRC","1.007(95% CI:0.903-1.123; P=0.9011451191)","0.974(95% CI:0.947-1.002; P=0.0650476075)","0.939(95% CI:0.827-1.067; P=0.3349578029)","Adjusted","All_control_except_phenotype","Adjusted All_control_except_phenotype"
"L_LDL_TG","Triglycerides in Large LDL","CRC","0.975(95% CI:0.867-1.097; P=0.6751215381)","1.024(95% CI:0.996-1.054; P=0.090990395)","0.972(95% CI:0.85-1.112; P=0.6804074879)","Adjusted","All_control_except_phenotype","Adjusted All_control_except_phenotype"
"L_VLDL_C","Cholesterol in Large VLDL","CRC","1.02(95% CI:0.91-1.143; P=0.7303802291)","1.012(95% CI:0.983-1.042; P=0.4354954132)","0.998(95% CI:0.871-1.143; P=0.9756366024)","Adjusted","All_control_except_phenotype","Adjusted All_control_except_phenotype"
"L_VLDL_CE","Cholesteryl Esters in Large VLDL","CRC","1.022(95% CI:0.913-1.144; P=0.7046317851)","1.002(95% CI:0.974-1.032; P=0.8743089813)","0.994(95% CI:0.869-1.136; P=0.9244218585)","Adjusted","All_control_except_phenotype","Adjusted All_control_except_phenotype"
"L_VLDL_FC","Free Cholesterol in Large VLDL","CRC","1.019(95% CI:0.909-1.142; P=0.7462082464)","1.021(95% CI:0.991-1.051; P=0.1744937754)","1.004(95% CI:0.876-1.15; P=0.9595337424)","Adjusted","All_control_except_phenotype","Adjusted All_control_except_phenotype"
"L_VLDL_PL","Phospholipids in Large VLDL","CRC","1.02(95% CI:0.911-1.143; P=0.7263742431)","1.024(95% CI:0.994-1.054; P=0.1154747124)","1.013(95% CI:0.884-1.16; P=0.8531475348)","Adjusted","All_control_except_phenotype","Adjusted All_control_except_phenotype"
"L_VLDL_TG","Triglycerides in Large VLDL","CRC","1.043(95% CI:0.933-1.166; P=0.4624462636)","1.03(95% CI:1.001-1.06; P=0.0449811824)","1.049(95% CI:0.918-1.198; P=0.4858763278)","Adjusted","All_control_except_phenotype","Adjusted All_control_except_phenotype"
"LA","Linoleic Acid","CRC","1.045(95% CI:0.934-1.17; P=0.4399182662)","0.985(95% CI:0.958-1.013; P=0.303998593)","1.014(95% CI:0.891-1.154; P=0.8353106192)","Adjusted","All_control_except_phenotype","Adjusted All_control_except_phenotype"
"Lactate","Lactate","CRC","0.936(95% CI:0.837-1.047; P=0.2498218856)","1.008(95% CI:0.979-1.038; P=0.5785164926)","0.967(95% CI:0.846-1.105; P=0.6200974275)","Adjusted","All_control_except_phenotype","Adjusted All_control_except_phenotype"
"LDL_C","LDL Cholesterol","CRC","1.02(95% CI:0.914-1.139; P=0.7206784582)","0.978(95% CI:0.951-1.006; P=0.1171798769)","0.952(95% CI:0.839-1.08; P=0.4412362394)","Adjusted","All_control_except_phenotype","Adjusted All_control_except_phenotype"
"LDL_CE","Cholesteryl Esters in LDL","CRC","1.02(95% CI:0.912-1.139; P=0.7325100075)","0.982(95% CI:0.955-1.01; P=0.1981768414)","0.952(95% CI:0.838-1.081; P=0.4483128502)","Adjusted","All_control_except_phenotype","Adjusted All_control_except_phenotype"
"LDL_FC","Free Cholesterol in LDL","CRC","1.014(95% CI:0.911-1.129; P=0.8010353742)","0.971(95% CI:0.944-0.998; P=0.0363818919)","0.946(95% CI:0.834-1.073; P=0.3888875509)","Adjusted","All_control_except_phenotype","Adjusted All_control_except_phenotype"
"LDL_L","Total Lipids in LDL","CRC","1.02(95% CI:0.913-1.141; P=0.7215502381)","0.981(95% CI:0.954-1.008; P=0.1680583558)","0.954(95% CI:0.84-1.083; P=0.4658154643)","Adjusted","All_control_except_phenotype","Adjusted All_control_except_phenotype"
"LDL_PL","Phospholipids in LDL","CRC","1.019(95% CI:0.913-1.137; P=0.7365484368)","0.98(95% CI:0.953-1.007; P=0.1504251602)","0.953(95% CI:0.839-1.082; P=0.456632092)","Adjusted","All_control_except_phenotype","Adjusted All_control_except_phenotype"
"LDL_TG","Triglycerides in LDL","CRC","0.982(95% CI:0.874-1.104; P=0.7666117993)","1.029(95% CI:1-1.058; P=0.0471646886)","0.982(95% CI:0.859-1.123; P=0.789672697)","Adjusted","All_control_except_phenotype","Adjusted All_control_except_phenotype"
"Leu","Leucine","CRC","0.921(95% CI:0.824-1.03; P=0.1494146457)","0.955(95% CI:0.926-0.984; P=0.0023758022)","0.943(95% CI:0.826-1.077; P=0.3868911286)","Adjusted","All_control_except_phenotype","Adjusted All_control_except_phenotype"
"M_HDL_C","Cholesterol in Medium HDL","CRC","1.012(95% CI:0.899-1.14; P=0.8378346644)","0.996(95% CI:0.964-1.03; P=0.8272321648)","1.048(95% CI:0.911-1.205; P=0.5146161301)","Adjusted","All_control_except_phenotype","Adjusted All_control_except_phenotype"
"M_HDL_CE","Cholesteryl Esters in Medium HDL","CRC","1.015(95% CI:0.902-1.142; P=0.8107786411)","0.995(95% CI:0.963-1.028; P=0.7776379203)","1.051(95% CI:0.913-1.208; P=0.4892822664)","Adjusted","All_control_except_phenotype","Adjusted All_control_except_phenotype"
"M_HDL_FC","Free Cholesterol in Medium HDL","CRC","1.012(95% CI:0.898-1.141; P=0.8427005863)","1.003(95% CI:0.97-1.037; P=0.8727126862)","1.045(95% CI:0.909-1.201; P=0.5348956931)","Adjusted","All_control_except_phenotype","Adjusted All_control_except_phenotype"
"M_HDL_PL","Phospholipids in Medium HDL","CRC","0.996(95% CI:0.885-1.121; P=0.9471100888)","1.009(95% CI:0.977-1.041; P=0.5935369602)","1.026(95% CI:0.896-1.175; P=0.7120507445)","Adjusted","All_control_except_phenotype","Adjusted All_control_except_phenotype"
"M_HDL_TG","Triglycerides in Medium HDL","CRC","0.964(95% CI:0.859-1.082; P=0.5333805562)","1.016(95% CI:0.987-1.045; P=0.2798889003)","0.976(95% CI:0.855-1.114; P=0.7215091934)","Adjusted","All_control_except_phenotype","Adjusted All_control_except_phenotype"
"M_LDL_C","Cholesterol in Medium LDL","CRC","1.022(95% CI:0.914-1.141; P=0.7061823751)","0.983(95% CI:0.956-1.011; P=0.2300309943)","0.958(95% CI:0.842-1.089; P=0.5122502312)","Adjusted","All_control_except_phenotype","Adjusted All_control_except_phenotype"
"M_LDL_CE","Cholesteryl Esters in Medium LDL","CRC","1.02(95% CI:0.912-1.14; P=0.7328177491)","0.987(95% CI:0.96-1.015; P=0.3726737675)","0.96(95% CI:0.843-1.094; P=0.540921727)","Adjusted","All_control_except_phenotype","Adjusted All_control_except_phenotype"
"M_LDL_FC","Free Cholesterol in Medium LDL","CRC","1.018(95% CI:0.915-1.134; P=0.7406313573)","0.974(95% CI:0.947-1.001; P=0.0631453162)","0.95(95% CI:0.837-1.078; P=0.4272082927)","Adjusted","All_control_except_phenotype","Adjusted All_control_except_phenotype"
"M_LDL_PL","Phospholipids in Medium LDL","CRC","1.024(95% CI:0.917-1.143; P=0.6727793153)","0.984(95% CI:0.957-1.012; P=0.2681625294)","0.961(95% CI:0.845-1.093; P=0.544205267)","Adjusted","All_control_except_phenotype","Adjusted All_control_except_phenotype"
"M_LDL_TG","Triglycerides in Medium LDL","CRC","0.992(95% CI:0.884-1.114; P=0.8973445455)","1.032(95% CI:1.004-1.061; P=0.026664995)","0.996(95% CI:0.872-1.138; P=0.9529895212)","Adjusted","All_control_except_phenotype","Adjusted All_control_except_phenotype"
"M_VLDL_C","Cholesterol in Medium VLDL","CRC","1.014(95% CI:0.91-1.13; P=0.8026839092)","0.98(95% CI:0.953-1.008; P=0.158121139)","0.954(95% CI:0.84-1.084; P=0.4714203148)","Adjusted","All_control_except_phenotype","Adjusted All_control_except_phenotype"
"M_VLDL_CE","Cholesteryl Esters in Medium VLDL","CRC","1.007(95% CI:0.905-1.121; P=0.8943738433)","0.973(95% CI:0.947-1.001; P=0.0567124839)","0.943(95% CI:0.831-1.071; P=0.3690853216)","Adjusted","All_control_except_phenotype","Adjusted All_control_except_phenotype"
"M_VLDL_FC","Free Cholesterol in Medium VLDL","CRC","1.016(95% CI:0.91-1.135; P=0.7752939792)","0.991(95% CI:0.964-1.019; P=0.5397200272)","0.967(95% CI:0.849-1.101; P=0.6111368953)","Adjusted","All_control_except_phenotype","Adjusted All_control_except_phenotype"
"M_VLDL_PL","Phospholipids in Medium VLDL","CRC","1.024(95% CI:0.915-1.145; P=0.6826150267)","0.996(95% CI:0.968-1.024; P=0.7726354233)","0.979(95% CI:0.859-1.116; P=0.7520831084)","Adjusted","All_control_except_phenotype","Adjusted All_control_except_phenotype"
"M_VLDL_TG","Triglycerides in Medium VLDL","CRC","1.049(95% CI:0.937-1.174; P=0.4059585642)","1.019(95% CI:0.99-1.049; P=0.2044918391)","1.047(95% CI:0.916-1.197; P=0.4966835501)","Adjusted","All_control_except_phenotype","Adjusted All_control_except_phenotype"
"MUFA","Monounsaturated Fatty Acids","CRC","1.013(95% CI:0.901-1.139; P=0.8309548693)","1.043(95% CI:1.014-1.073; P=0.0037641698)","1.014(95% CI:0.886-1.161; P=0.8376297173)","Adjusted","All_control_except_phenotype","Adjusted All_control_except_phenotype"
"non_HDL_C","Total Cholesterol Minus HDL-C","CRC","1.02(95% CI:0.912-1.14; P=0.7321733928)","0.98(95% CI:0.953-1.007; P=0.1460262275)","0.956(95% CI:0.842-1.085; P=0.4880198655)","Adjusted","All_control_except_phenotype","Adjusted All_control_except_phenotype"
"Omega_3","Omega-3 Fatty Acids","CRC","0.919(95% CI:0.818-1.031; P=0.150672961)","0.976(95% CI:0.948-1.005; P=0.1014531164)","0.924(95% CI:0.808-1.058; P=0.2533052472)","Adjusted","All_control_except_phenotype","Adjusted All_control_except_phenotype"
"Omega_6","Omega-6 Fatty Acids","CRC","1.039(95% CI:0.926-1.167; P=0.5153834326)","0.992(95% CI:0.964-1.02; P=0.5570731001)","1.014(95% CI:0.889-1.156; P=0.8356594791)","Adjusted","All_control_except_phenotype","Adjusted All_control_except_phenotype"
"Phe","Phenylalanine","CRC","0.965(95% CI:0.857-1.086; P=0.5531607087)","0.988(95% CI:0.96-1.016; P=0.3881975433)","0.985(95% CI:0.863-1.124; P=0.8189028157)","Adjusted","All_control_except_phenotype","Adjusted All_control_except_phenotype"
"Phosphatidylc","Phosphatidylcholines","CRC","0.997(95% CI:0.883-1.126; P=0.9611934285)","0.99(95% CI:0.96-1.021; P=0.5249363346)","0.994(95% CI:0.869-1.137; P=0.9296341164)","Adjusted","All_control_except_phenotype","Adjusted All_control_except_phenotype"
"Phosphoglyc","Phosphoglycerides","CRC","0.993(95% CI:0.881-1.12; P=0.9120525451)","1(95% CI:0.97-1.031; P=0.9862901297)","0.988(95% CI:0.865-1.13; P=0.8651419409)","Adjusted","All_control_except_phenotype","Adjusted All_control_except_phenotype"
"PUFA","Polyunsaturated Fatty Acids","CRC","1.006(95% CI:0.893-1.133; P=0.9240342791)","0.986(95% CI:0.958-1.014; P=0.320849582)","0.989(95% CI:0.866-1.13; P=0.8745785595)","Adjusted","All_control_except_phenotype","Adjusted All_control_except_phenotype"
"Pyruvate","Pyruvate","CRC","0.93(95% CI:0.832-1.039; P=0.1978482019)","1.021(95% CI:0.993-1.049; P=0.1453848923)","0.916(95% CI:0.8-1.05; P=0.2069816371)","Adjusted","All_control_except_phenotype","Adjusted All_control_except_phenotype"
"Remnant_C","Remnant Cholesterol (Non-HDL and Non-LDL -Cholesterol)","CRC","1.013(95% CI:0.906-1.134; P=0.8160063544)","0.983(95% CI:0.956-1.011; P=0.2247285012)","0.959(95% CI:0.844-1.09; P=0.5229729055)","Adjusted","All_control_except_phenotype","Adjusted All_control_except_phenotype"
"S_HDL_C","Cholesterol in Small HDL","CRC","1.022(95% CI:0.913-1.144; P=0.7041280555)","0.982(95% CI:0.954-1.011; P=0.2137581676)","0.985(95% CI:0.864-1.125; P=0.8280576916)","Adjusted","All_control_except_phenotype","Adjusted All_control_except_phenotype"
"S_HDL_CE","Cholesteryl Esters in Small HDL","CRC","1.023(95% CI:0.915-1.144; P=0.6852972026)","0.978(95% CI:0.951-1.007; P=0.1379176995)","0.982(95% CI:0.862-1.119; P=0.7827893372)","Adjusted","All_control_except_phenotype","Adjusted All_control_except_phenotype"
"S_HDL_FC","Free Cholesterol in Small HDL","CRC","1.013(95% CI:0.901-1.14; P=0.8237836332)","0.997(95% CI:0.968-1.027; P=0.8224125064)","1.001(95% CI:0.876-1.144; P=0.9881347786)","Adjusted","All_control_except_phenotype","Adjusted All_control_except_phenotype"
"S_HDL_PL","Phospholipids in Small HDL","CRC","0.998(95% CI:0.888-1.121; P=0.9691393527)","1.002(95% CI:0.973-1.032; P=0.8841377246)","0.992(95% CI:0.867-1.134; P=0.9012608377)","Adjusted","All_control_except_phenotype","Adjusted All_control_except_phenotype"
"S_HDL_TG","Triglycerides in Small HDL","CRC","0.982(95% CI:0.875-1.102; P=0.757999974)","1.024(95% CI:0.994-1.054; P=0.1203468041)","0.982(95% CI:0.856-1.126; P=0.7910266938)","Adjusted","All_control_except_phenotype","Adjusted All_control_except_phenotype"
"S_LDL_C","Cholesterol in Small LDL","CRC","1.025(95% CI:0.919-1.143; P=0.6583209445)","0.987(95% CI:0.96-1.015; P=0.3592552098)","0.964(95% CI:0.848-1.096; P=0.5770000119)","Adjusted","All_control_except_phenotype","Adjusted All_control_except_phenotype"
"S_LDL_CE","Cholesteryl Esters in Small LDL","CRC","1.02(95% CI:0.914-1.139; P=0.7188010192)","0.991(95% CI:0.964-1.019; P=0.5435015025)","0.965(95% CI:0.848-1.098; P=0.5894790445)","Adjusted","All_control_except_phenotype","Adjusted All_control_except_phenotype"
"S_LDL_FC","Free Cholesterol in Small LDL","CRC","1.028(95% CI:0.925-1.144; P=0.6038014403)","0.978(95% CI:0.952-1.005; P=0.1142550319)","0.963(95% CI:0.849-1.092; P=0.5543404913)","Adjusted","All_control_except_phenotype","Adjusted All_control_except_phenotype"
"S_LDL_PL","Phospholipids in Small LDL","CRC","1.036(95% CI:0.93-1.154; P=0.5223338957)","1(95% CI:0.973-1.028; P=0.9768282138)","0.98(95% CI:0.863-1.113; P=0.7599853651)","Adjusted","All_control_except_phenotype","Adjusted All_control_except_phenotype"
"S_LDL_TG","Triglycerides in Small LDL","CRC","1.006(95% CI:0.899-1.126; P=0.9124336402)","1.039(95% CI:1.01-1.068; P=0.0072080859)","1.013(95% CI:0.888-1.156; P=0.8447461206)","Adjusted","All_control_except_phenotype","Adjusted All_control_except_phenotype"
"S_VLDL_C","Cholesterol in Small VLDL","CRC","0.998(95% CI:0.892-1.117; P=0.9728682594)","0.987(95% CI:0.96-1.016; P=0.3785864145)","0.947(95% CI:0.83-1.079; P=0.4135102894)","Adjusted","All_control_except_phenotype","Adjusted All_control_except_phenotype"
"S_VLDL_CE","Cholesteryl Esters in Small VLDL","CRC","0.989(95% CI:0.884-1.107; P=0.8499585788)","0.989(95% CI:0.961-1.017; P=0.4326461255)","0.94(95% CI:0.824-1.073; P=0.3593346871)","Adjusted","All_control_except_phenotype","Adjusted All_control_except_phenotype"
"S_VLDL_FC","Free Cholesterol in Small VLDL","CRC","1.012(95% CI:0.906-1.13; P=0.8332389217)","0.986(95% CI:0.959-1.014; P=0.3280451425)","0.958(95% CI:0.842-1.091; P=0.5219547164)","Adjusted","All_control_except_phenotype","Adjusted All_control_except_phenotype"
"S_VLDL_PL","Phospholipids in Small VLDL","CRC","1.016(95% CI:0.908-1.137; P=0.780198524)","0.994(95% CI:0.967-1.023; P=0.6967635345)","0.972(95% CI:0.853-1.109; P=0.6771491037)","Adjusted","All_control_except_phenotype","Adjusted All_control_except_phenotype"
"S_VLDL_TG","Triglycerides in Small VLDL","CRC","1.019(95% CI:0.91-1.14; P=0.7444510486)","1.024(95% CI:0.995-1.054; P=0.106667907)","1.033(95% CI:0.904-1.18; P=0.6317780729)","Adjusted","All_control_except_phenotype","Adjusted All_control_except_phenotype"
"SFA","Saturated Fatty Acids","CRC","1.003(95% CI:0.892-1.129; P=0.9581303247)","1.038(95% CI:1.009-1.068; P=0.009796366)","1.002(95% CI:0.877-1.145; P=0.9757160478)","Adjusted","All_control_except_phenotype","Adjusted All_control_except_phenotype"
"Sphingomyelins","Sphingomyelins","CRC","1.006(95% CI:0.898-1.128; P=0.9148191286)","1.001(95% CI:0.971-1.032; P=0.9660315104)","0.972(95% CI:0.851-1.11; P=0.6788381201)","Adjusted","All_control_except_phenotype","Adjusted All_control_except_phenotype"
"Total_C","Total Cholesterol","CRC","1.022(95% CI:0.913-1.143; P=0.7077841311)","0.979(95% CI:0.952-1.008; P=0.1547480405)","0.969(95% CI:0.852-1.101; P=0.6254021349)","Adjusted","All_control_except_phenotype","Adjusted All_control_except_phenotype"
"Total_CE","Total Esterified Cholesterol","CRC","1.021(95% CI:0.914-1.142; P=0.7092381299)","0.978(95% CI:0.95-1.006; P=0.1285983156)","0.969(95% CI:0.852-1.101; P=0.625131058)","Adjusted","All_control_except_phenotype","Adjusted All_control_except_phenotype"
"Total_FA","Total Fatty Acids","CRC","1.007(95% CI:0.893-1.134; P=0.9125144729)","1.025(95% CI:0.996-1.054; P=0.0891551837)","1.002(95% CI:0.876-1.146; P=0.9740227319)","Adjusted","All_control_except_phenotype","Adjusted All_control_except_phenotype"
"Total_FC","Total Free Cholesterol","CRC","1.016(95% CI:0.909-1.137; P=0.7757267028)","0.985(95% CI:0.957-1.013; P=0.2865959955)","0.966(95% CI:0.85-1.098; P=0.5950801742)","Adjusted","All_control_except_phenotype","Adjusted All_control_except_phenotype"
"Total_L","Total Lipids in Lipoprotein Particles","CRC","1.022(95% CI:0.911-1.147; P=0.7087261091)","1.001(95% CI:0.973-1.03; P=0.9508057999)","0.99(95% CI:0.869-1.127; P=0.8767899395)","Adjusted","All_control_except_phenotype","Adjusted All_control_except_phenotype"
"Total_PL","Total Phospholipids in Lipoprotein Particles","CRC","1.011(95% CI:0.899-1.137; P=0.8523232548)","1.002(95% CI:0.972-1.032; P=0.9168237261)","0.988(95% CI:0.866-1.128; P=0.8594123182)","Adjusted","All_control_except_phenotype","Adjusted All_control_except_phenotype"
"Total_TG","Total Triglycerides","CRC","1.012(95% CI:0.901-1.137; P=0.8409198706)","1.031(95% CI:1.001-1.062; P=0.0400570935)","1.021(95% CI:0.89-1.17; P=0.7685230768)","Adjusted","All_control_except_phenotype","Adjusted All_control_except_phenotype"
"Tyr","Tyrosine","CRC","0.95(95% CI:0.851-1.061; P=0.3655915624)","0.993(95% CI:0.965-1.022; P=0.6288776034)","0.974(95% CI:0.856-1.108; P=0.6877877939)","Adjusted","All_control_except_phenotype","Adjusted All_control_except_phenotype"
"Unsaturation","Degree of Unsaturation","CRC","0.952(95% CI:0.855-1.06; P=0.3702412254)","0.927(95% CI:0.9-0.955; P=0.0000006256)","0.945(95% CI:0.827-1.08; P=0.4041525476)","Adjusted","All_control_except_phenotype","Adjusted All_control_except_phenotype"
"Val","Valine","CRC","0.885(95% CI:0.787-0.996; P=0.0426223523)","0.958(95% CI:0.93-0.988; P=0.005571483)","0.907(95% CI:0.79-1.042; P=0.1691313138)","Adjusted","All_control_except_phenotype","Adjusted All_control_except_phenotype"
"VLDL_C","VLDL Cholesterol","CRC","1.005(95% CI:0.896-1.127; P=0.9322594295)","0.997(95% CI:0.969-1.026; P=0.8417156579)","0.961(95% CI:0.843-1.096; P=0.5564294493)","Adjusted","All_control_except_phenotype","Adjusted All_control_except_phenotype"
"VLDL_CE","Cholesteryl Esters in VLDL","CRC","1.001(95% CI:0.895-1.121; P=0.9796427167)","0.989(95% CI:0.962-1.018; P=0.4591554641)","0.952(95% CI:0.836-1.084; P=0.4560503382)","Adjusted","All_control_except_phenotype","Adjusted All_control_except_phenotype"
"VLDL_FC","Free Cholesterol in VLDL","CRC","1.008(95% CI:0.9-1.13; P=0.8859071863)","1.008(95% CI:0.98-1.038; P=0.560226928)","0.975(95% CI:0.853-1.114; P=0.7081715447)","Adjusted","All_control_except_phenotype","Adjusted All_control_except_phenotype"
"VLDL_L","Total Lipids in VLDL","CRC","1.014(95% CI:0.901-1.141; P=0.8149210486)","1.019(95% CI:0.99-1.05; P=0.1954471232)","0.999(95% CI:0.871-1.145; P=0.9860626736)","Adjusted","All_control_except_phenotype","Adjusted All_control_except_phenotype"
"VLDL_PL","Phospholipids in VLDL","CRC","1.009(95% CI:0.899-1.132; P=0.882974466)","1.014(95% CI:0.985-1.043; P=0.3527133241)","0.983(95% CI:0.859-1.125; P=0.8023673879)","Adjusted","All_control_except_phenotype","Adjusted All_control_except_phenotype"
"VLDL_TG","Triglycerides in VLDL","CRC","1.025(95% CI:0.914-1.151; P=0.6680807045)","1.032(95% CI:1.002-1.063; P=0.03575189)","1.034(95% CI:0.902-1.185; P=0.6344455173)","Adjusted","All_control_except_phenotype","Adjusted All_control_except_phenotype"
"XL_HDL_C","Cholesterol in Very Large HDL","CRC","1.011(95% CI:0.899-1.138; P=0.8500553685)","1.01(95% CI:0.976-1.044; P=0.5764852028)","1.055(95% CI:0.916-1.214; P=0.4562832722)","Adjusted","All_control_except_phenotype","Adjusted All_control_except_phenotype"
"XL_HDL_CE","Cholesteryl Esters in Very Large HDL","CRC","1.017(95% CI:0.903-1.145; P=0.7809387156)","1.008(95% CI:0.975-1.043; P=0.6346570394)","1.064(95% CI:0.924-1.225; P=0.3893208798)","Adjusted","All_control_except_phenotype","Adjusted All_control_except_phenotype"
"XL_HDL_FC","Free Cholesterol in Very Large HDL","CRC","0.995(95% CI:0.886-1.116; P=0.9282415243)","1.014(95% CI:0.983-1.047; P=0.3780560476)","1.025(95% CI:0.894-1.175; P=0.7281296738)","Adjusted","All_control_except_phenotype","Adjusted All_control_except_phenotype"
"XL_HDL_PL","Phospholipids in Very Large HDL","CRC","1.007(95% CI:0.893-1.135; P=0.9145217822)","1.016(95% CI:0.982-1.05; P=0.3558411164)","1.061(95% CI:0.921-1.222; P=0.4144872099)","Adjusted","All_control_except_phenotype","Adjusted All_control_except_phenotype"
"XL_HDL_TG","Triglycerides in Very Large HDL","CRC","0.984(95% CI:0.878-1.103; P=0.7801465485)","1.031(95% CI:1.003-1.06; P=0.0271932559)","1.012(95% CI:0.891-1.149; P=0.8592747325)","Adjusted","All_control_except_phenotype","Adjusted All_control_except_phenotype"
"XL_VLDL_C","Cholesterol in Very Large VLDL","CRC","1.014(95% CI:0.905-1.136; P=0.8104960235)","1.017(95% CI:0.988-1.047; P=0.2605967334)","0.99(95% CI:0.864-1.134; P=0.8854342412)","Adjusted","All_control_except_phenotype","Adjusted All_control_except_phenotype"
"XL_VLDL_CE","Cholesteryl Esters in Very Large VLDL","CRC","1.016(95% CI:0.907-1.138; P=0.786967543)","1.006(95% CI:0.977-1.035; P=0.6969975972)","0.981(95% CI:0.857-1.123; P=0.7786724911)","Adjusted","All_control_except_phenotype","Adjusted All_control_except_phenotype"
"XL_VLDL_FC","Free Cholesterol in Very Large VLDL","CRC","1.012(95% CI:0.904-1.133; P=0.836883285)","1.028(95% CI:0.998-1.058; P=0.0642862279)","1.001(95% CI:0.874-1.146; P=0.9908704934)","Adjusted","All_control_except_phenotype","Adjusted All_control_except_phenotype"
"XL_VLDL_PL","Phospholipids in Very Large VLDL","CRC","1.015(95% CI:0.906-1.136; P=0.8015860748)","1.03(95% CI:1.001-1.061; P=0.0429685989)","1.008(95% CI:0.88-1.154; P=0.9071060687)","Adjusted","All_control_except_phenotype","Adjusted All_control_except_phenotype"
"XL_VLDL_TG","Triglycerides in Very Large VLDL","CRC","1.023(95% CI:0.914-1.145; P=0.6931907677)","1.038(95% CI:1.009-1.069; P=0.0107288583)","1.031(95% CI:0.901-1.179; P=0.6609892876)","Adjusted","All_control_except_phenotype","Adjusted All_control_except_phenotype"
"XS_VLDL_C","Cholesterol in Very Small VLDL","CRC","0.974(95% CI:0.871-1.089; P=0.6386526265)","0.981(95% CI:0.953-1.009; P=0.1775210212)","0.922(95% CI:0.81-1.049; P=0.2163306522)","Adjusted","All_control_except_phenotype","Adjusted All_control_except_phenotype"
"XS_VLDL_CE","Cholesteryl Esters in Very Small VLDL","CRC","0.975(95% CI:0.873-1.089; P=0.6512099175)","0.977(95% CI:0.949-1.005; P=0.104703502)","0.917(95% CI:0.806-1.044; P=0.1902276154)","Adjusted","All_control_except_phenotype","Adjusted All_control_except_phenotype"
"XS_VLDL_FC","Free Cholesterol in Very Small VLDL","CRC","0.97(95% CI:0.866-1.087; P=0.602616584)","0.992(95% CI:0.964-1.02; P=0.5542645084)","0.932(95% CI:0.817-1.062; P=0.2910141647)","Adjusted","All_control_except_phenotype","Adjusted All_control_except_phenotype"
"XS_VLDL_PL","Phospholipids in Very Small VLDL","CRC","0.966(95% CI:0.861-1.084; P=0.558355582)","1.001(95% CI:0.973-1.03; P=0.9367278753)","0.937(95% CI:0.821-1.07; P=0.3377453721)","Adjusted","All_control_except_phenotype","Adjusted All_control_except_phenotype"
"XS_VLDL_TG","Triglycerides in Very Small VLDL","CRC","0.975(95% CI:0.869-1.095; P=0.6736539182)","1.024(95% CI:0.996-1.054; P=0.093586588)","0.985(95% CI:0.863-1.125; P=0.8223874708)","Adjusted","All_control_except_phenotype","Adjusted All_control_except_phenotype"
"XXL_VLDL_C","Cholesterol in Chylomicrons and Extremely Large VLDL","CRC","1.006(95% CI:0.899-1.126; P=0.9101140596)","1.034(95% CI:1.005-1.064; P=0.0214160555)","1.014(95% CI:0.886-1.159; P=0.8435728747)","Adjusted","All_control_except_phenotype","Adjusted All_control_except_phenotype"
"XXL_VLDL_CE","Cholesteryl Esters in Chylomicrons and Extremely Large VLDL","CRC","1.011(95% CI:0.903-1.132; P=0.8478853571)","1.029(95% CI:1-1.059; P=0.0464804702)","1.017(95% CI:0.889-1.163; P=0.8051089185)","Adjusted","All_control_except_phenotype","Adjusted All_control_except_phenotype"
"XXL_VLDL_FC","Free Cholesterol in Chylomicrons and Extremely Large VLDL","CRC","0.999(95% CI:0.894-1.118; P=0.9895568354)","1.039(95% CI:1.01-1.069; P=0.0076045921)","1.008(95% CI:0.882-1.152; P=0.9114538587)","Adjusted","All_control_except_phenotype","Adjusted All_control_except_phenotype"
"XXL_VLDL_PL","Phospholipids in Chylomicrons and Extremely Large VLDL","CRC","1(95% CI:0.895-1.118; P=0.9973404602)","1.04(95% CI:1.011-1.07; P=0.0059797193)","1.011(95% CI:0.885-1.154; P=0.8751972594)","Adjusted","All_control_except_phenotype","Adjusted All_control_except_phenotype"
"XXL_VLDL_TG","Triglycerides in Chylomicrons and Extremely Large VLDL","CRC","1.01(95% CI:0.904-1.129; P=0.8577622659)","1.044(95% CI:1.015-1.073; P=0.0026388614)","1.017(95% CI:0.891-1.162; P=0.7990694335)","Adjusted","All_control_except_phenotype","Adjusted All_control_except_phenotype"
"Acetate","Acetate","LC","1.074(95% CI:1.027-1.122; P=0.0016159807)","1.015(95% CI:0.99-1.041; P=0.2348095761)","1.082(95% CI:1.027-1.14; P=0.003033582)","Adjusted","All_control_except_phenotype","Adjusted All_control_except_phenotype"
"Acetoacetate","Acetoacetate","LC","1.113(95% CI:0.987-1.255; P=0.0816392897)","1.062(95% CI:1.036-1.088; P=0.0000019493)","1.139(95% CI:1.007-1.288; P=0.037790344)","Adjusted","All_control_except_phenotype","Adjusted All_control_except_phenotype"
"Acetone","Acetone","LC","1.086(95% CI:0.942-1.252; P=0.254328471)","1.048(95% CI:1.021-1.076; P=0.0005257822)","1.122(95% CI:0.974-1.293; P=0.1109584359)","Adjusted","All_control_except_phenotype","Adjusted All_control_except_phenotype"
"Ala","Alanine","LC","0.909(95% CI:0.765-1.08; P=0.2778936926)","0.959(95% CI:0.926-0.994; P=0.0205782026)","0.871(95% CI:0.712-1.065; P=0.1788817092)","Adjusted","All_control_except_phenotype","Adjusted All_control_except_phenotype"
"Albumin","Albumin","LC","1.042(95% CI:0.871-1.245; P=0.6556508596)","0.845(95% CI:0.817-0.874; P=0)","1.006(95% CI:0.828-1.223; P=0.9493127702)","Adjusted","All_control_except_phenotype","Adjusted All_control_except_phenotype"
"ApoA1","Apolipoprotein A1","LC","1.033(95% CI:0.864-1.235; P=0.722512992)","0.931(95% CI:0.895-0.97; P=0.0005119049)","1.008(95% CI:0.822-1.237; P=0.9375404539)","Adjusted","All_control_except_phenotype","Adjusted All_control_except_phenotype"
"ApoB","Apolipoprotein B","LC","0.901(95% CI:0.761-1.066; P=0.2250208592)","0.87(95% CI:0.841-0.899; P=0)","0.905(95% CI:0.749-1.094; P=0.3040304034)","Adjusted","All_control_except_phenotype","Adjusted All_control_except_phenotype"
"bOHbutyrate","3-Hydroxybutyrate","LC","1.103(95% CI:0.964-1.26; P=0.15280529)","1.08(95% CI:1.05-1.111; P=0.0000000714)","1.125(95% CI:0.975-1.298; P=0.1054929068)","Adjusted","All_control_except_phenotype","Adjusted All_control_except_phenotype"
"Cholines","Total Cholines","LC","0.985(95% CI:0.822-1.181; P=0.8733298129)","0.885(95% CI:0.853-0.918; P=0.0000000001)","0.979(95% CI:0.802-1.194; P=0.8317923162)","Adjusted","All_control_except_phenotype","Adjusted All_control_except_phenotype"
"Citrate","Citrate","LC","0.958(95% CI:0.794-1.157; P=0.6587911201)","0.975(95% CI:0.941-1.01; P=0.1629357848)","1.015(95% CI:0.822-1.254; P=0.8876936794)","Adjusted","All_control_except_phenotype","Adjusted All_control_except_phenotype"
"Clinical_LDL_C","Clinical LDL Cholesterol","LC","0.847(95% CI:0.721-0.994; P=0.041864754)","0.847(95% CI:0.82-0.875; P=0)","0.846(95% CI:0.706-1.013; P=0.06939622)","Adjusted","All_control_except_phenotype","Adjusted All_control_except_phenotype"
"Creatinine","Creatinine","LC","0.977(95% CI:0.813-1.174; P=0.8049665342)","1.003(95% CI:0.965-1.042; P=0.891507802)","0.952(95% CI:0.764-1.187; P=0.6627248107)","Adjusted","All_control_except_phenotype","Adjusted All_control_except_phenotype"
"DHA","Docosahexaenoic Acid","LC","0.916(95% CI:0.77-1.091; P=0.3255723386)","0.85(95% CI:0.817-0.883; P=0)","0.89(95% CI:0.726-1.092; P=0.2647078661)","Adjusted","All_control_except_phenotype","Adjusted All_control_except_phenotype"
"Gln","Glutamine","LC","0.95(95% CI:0.798-1.129; P=0.5589376279)","0.981(95% CI:0.948-1.015; P=0.2693950188)","0.929(95% CI:0.763-1.131; P=0.4637418703)","Adjusted","All_control_except_phenotype","Adjusted All_control_except_phenotype"
"Glucose","Glucose","LC","0.951(95% CI:0.806-1.122; P=0.5486755452)","1.005(95% CI:0.971-1.039; P=0.7957323454)","1.01(95% CI:0.837-1.218; P=0.9170755715)","Adjusted","All_control_except_phenotype","Adjusted All_control_except_phenotype"
"Gly","Glycine","LC","1.019(95% CI:0.853-1.216; P=0.8390457383)","0.96(95% CI:0.924-0.998; P=0.0397306088)","0.939(95% CI:0.759-1.161; P=0.5598030346)","Adjusted","All_control_except_phenotype","Adjusted All_control_except_phenotype"
"GlycA","Glycoprotein Acetyls","LC","1.264(95% CI:1.068-1.496; P=0.0064665267)","1.255(95% CI:1.212-1.3; P=0)","1.197(95% CI:0.98-1.462; P=0.0780608046)","Adjusted","All_control_except_phenotype","Adjusted All_control_except_phenotype"
"HDL_C","HDL Cholesterol","LC","0.965(95% CI:0.805-1.157; P=0.7017394004)","0.91(95% CI:0.872-0.949; P=0.0000104857)","0.928(95% CI:0.75-1.15; P=0.4962979089)","Adjusted","All_control_except_phenotype","Adjusted All_control_except_phenotype"
"HDL_CE","Cholesteryl Esters in HDL","LC","0.957(95% CI:0.799-1.146; P=0.63279902)","0.91(95% CI:0.872-0.949; P=0.0000092567)","0.919(95% CI:0.742-1.138; P=0.4400700042)","Adjusted","All_control_except_phenotype","Adjusted All_control_except_phenotype"
"HDL_FC","Free Cholesterol in HDL","LC","0.99(95% CI:0.826-1.187; P=0.9134189781)","0.918(95% CI:0.88-0.958; P=0.0000810399)","0.959(95% CI:0.777-1.183; P=0.6952329756)","Adjusted","All_control_except_phenotype","Adjusted All_control_except_phenotype"
"HDL_L","Total Lipids in HDL","LC","1.022(95% CI:0.852-1.225; P=0.8155897982)","0.939(95% CI:0.901-0.979; P=0.002740018)","0.992(95% CI:0.805-1.222; P=0.9389100662)","Adjusted","All_control_except_phenotype","Adjusted All_control_except_phenotype"
"HDL_PL","Phospholipids in HDL","LC","1.04(95% CI:0.869-1.244; P=0.6720367262)","0.964(95% CI:0.925-1.003; P=0.0717059304)","1.012(95% CI:0.824-1.242; P=0.9107788607)","Adjusted","All_control_except_phenotype","Adjusted All_control_except_phenotype"
"HDL_TG","Triglycerides in HDL","LC","1.173(95% CI:0.996-1.382; P=0.0554877496)","1.033(95% CI:0.998-1.069; P=0.062396556)","1.183(95% CI:0.986-1.419; P=0.0713735721)","Adjusted","All_control_except_phenotype","Adjusted All_control_except_phenotype"
"His","Histidine","LC","0.931(95% CI:0.786-1.103; P=0.4083688351)","0.903(95% CI:0.87-0.937; P=0.0000000613)","0.819(95% CI:0.675-0.993; P=0.0424735297)","Adjusted","All_control_except_phenotype","Adjusted All_control_except_phenotype"
"IDL_C","Cholesterol in IDL","LC","0.86(95% CI:0.729-1.015; P=0.0740104862)","0.845(95% CI:0.816-0.874; P=0)","0.852(95% CI:0.707-1.028; P=0.0943237594)","Adjusted","All_control_except_phenotype","Adjusted All_control_except_phenotype"
"IDL_CE","Cholesteryl Esters in IDL","LC","0.871(95% CI:0.737-1.029; P=0.1036514106)","0.841(95% CI:0.812-0.871; P=0)","0.865(95% CI:0.717-1.044; P=0.1318582234)","Adjusted","All_control_except_phenotype","Adjusted All_control_except_phenotype"
"IDL_FC","Free Cholesterol in IDL","LC","0.835(95% CI:0.707-0.985; P=0.032891935)","0.858(95% CI:0.828-0.888; P=0)","0.822(95% CI:0.68-0.995; P=0.0439876881)","Adjusted","All_control_except_phenotype","Adjusted All_control_except_phenotype"
"IDL_PL","Phospholipids in IDL","LC","0.87(95% CI:0.735-1.03; P=0.1049608706)","0.87(95% CI:0.84-0.901; P=0)","0.869(95% CI:0.718-1.052; P=0.1499786929)","Adjusted","All_control_except_phenotype","Adjusted All_control_except_phenotype"
"IDL_TG","Triglycerides in IDL","LC","1.163(95% CI:0.988-1.369; P=0.0703060489)","1.033(95% CI:0.999-1.069; P=0.0605404561)","1.178(95% CI:0.988-1.403; P=0.0674084414)","Adjusted","All_control_except_phenotype","Adjusted All_control_except_phenotype"
"Ile","Isoleucine","LC","0.892(95% CI:0.751-1.059; P=0.1911324632)","1.001(95% CI:0.967-1.037; P=0.9442602822)","0.856(95% CI:0.697-1.053; P=0.1409798362)","Adjusted","All_control_except_phenotype","Adjusted All_control_except_phenotype"
"L_HDL_C","Cholesterol in Large HDL","LC","0.96(95% CI:0.798-1.154; P=0.6626446044)","0.929(95% CI:0.89-0.97; P=0.0009037381)","0.913(95% CI:0.732-1.139; P=0.4181408927)","Adjusted","All_control_except_phenotype","Adjusted All_control_except_phenotype"
"L_HDL_CE","Cholesteryl Esters in Large HDL","LC","0.957(95% CI:0.796-1.151; P=0.6401157673)","0.926(95% CI:0.886-0.967; P=0.0004936583)","0.91(95% CI:0.729-1.135; P=0.4028613315)","Adjusted","All_control_except_phenotype","Adjusted All_control_except_phenotype"
"L_HDL_FC","Free Cholesterol in Large HDL","LC","0.964(95% CI:0.803-1.157; P=0.6937666784)","0.941(95% CI:0.901-0.982; P=0.005531806)","0.916(95% CI:0.736-1.141; P=0.4329335806)","Adjusted","All_control_except_phenotype","Adjusted All_control_except_phenotype"
"L_HDL_PL","Phospholipids in Large HDL","LC","1.001(95% CI:0.835-1.202; P=0.9876495418)","0.965(95% CI:0.925-1.007; P=0.099945179)","0.955(95% CI:0.77-1.184; P=0.6750441405)","Adjusted","All_control_except_phenotype","Adjusted All_control_except_phenotype"
"L_HDL_TG","Triglycerides in Large HDL","LC","1.142(95% CI:0.971-1.342; P=0.1085123811)","1.011(95% CI:0.976-1.047; P=0.5411202197)","1.129(95% CI:0.945-1.347; P=0.1814576519)","Adjusted","All_control_except_phenotype","Adjusted All_control_except_phenotype"
"L_LDL_C","Cholesterol in Large LDL","LC","0.841(95% CI:0.715-0.99; P=0.0378284712)","0.84(95% CI:0.812-0.869; P=0)","0.84(95% CI:0.698-1.011; P=0.0650869837)","Adjusted","All_control_except_phenotype","Adjusted All_control_except_phenotype"
"L_LDL_CE","Cholesteryl Esters in Large LDL","LC","0.847(95% CI:0.719-0.999; P=0.048377767)","0.843(95% CI:0.815-0.872; P=0)","0.849(95% CI:0.704-1.023; P=0.08481397)","Adjusted","All_control_except_phenotype","Adjusted All_control_except_phenotype"
"L_LDL_FC","Free Cholesterol in Large LDL","LC","0.828(95% CI:0.703-0.974; P=0.0231612867)","0.835(95% CI:0.807-0.864; P=0)","0.822(95% CI:0.681-0.991; P=0.0403303314)","Adjusted","All_control_except_phenotype","Adjusted All_control_except_phenotype"
"L_LDL_PL","Phospholipids in Large LDL","LC","0.86(95% CI:0.728-1.015; P=0.074942661)","0.848(95% CI:0.82-0.878; P=0)","0.864(95% CI:0.715-1.043; P=0.1283565816)","Adjusted","All_control_except_phenotype","Adjusted All_control_except_phenotype"
"L_LDL_TG","Triglycerides in Large LDL","LC","1.163(95% CI:0.988-1.37; P=0.070117711)","1.024(95% CI:0.99-1.06; P=0.1731666671)","1.19(95% CI:0.999-1.417; P=0.0515633904)","Adjusted","All_control_except_phenotype","Adjusted All_control_except_phenotype"
"L_VLDL_C","Cholesterol in Large VLDL","LC","1.05(95% CI:0.884-1.248; P=0.5778304018)","0.95(95% CI:0.916-0.984; P=0.0048931039)","1.065(95% CI:0.875-1.296; P=0.5323769408)","Adjusted","All_control_except_phenotype","Adjusted All_control_except_phenotype"
"L_VLDL_CE","Cholesteryl Esters in Large VLDL","LC","1.028(95% CI:0.866-1.22; P=0.7535228297)","0.933(95% CI:0.9-0.967; P=0.0001235448)","1.039(95% CI:0.855-1.262; P=0.7014845888)","Adjusted","All_control_except_phenotype","Adjusted All_control_except_phenotype"
"L_VLDL_FC","Free Cholesterol in Large VLDL","LC","1.07(95% CI:0.901-1.27; P=0.4419891658)","0.968(95% CI:0.933-1.003; P=0.0746405719)","1.089(95% CI:0.895-1.324; P=0.394998668)","Adjusted","All_control_except_phenotype","Adjusted All_control_except_phenotype"
"L_VLDL_PL","Phospholipids in Large VLDL","LC","1.092(95% CI:0.921-1.294; P=0.3111765933)","0.98(95% CI:0.946-1.016; P=0.2833064568)","1.109(95% CI:0.913-1.348; P=0.2970747638)","Adjusted","All_control_except_phenotype","Adjusted All_control_except_phenotype"
"L_VLDL_TG","Triglycerides in Large VLDL","LC","1.069(95% CI:0.902-1.267; P=0.4398118256)","0.973(95% CI:0.939-1.008; P=0.1327811626)","1.078(95% CI:0.886-1.312; P=0.4507952473)","Adjusted","All_control_except_phenotype","Adjusted All_control_except_phenotype"
"LA","Linoleic Acid","LC","1.014(95% CI:0.854-1.205; P=0.87107307)","0.841(95% CI:0.813-0.87; P=0)","1.015(95% CI:0.836-1.232; P=0.8776146817)","Adjusted","All_control_except_phenotype","Adjusted All_control_except_phenotype"
"Lactate","Lactate","LC","1.063(95% CI:0.897-1.258; P=0.4816675743)","1.122(95% CI:1.083-1.163; P=0.0000000002)","1.052(95% CI:0.864-1.282; P=0.6122510383)","Adjusted","All_control_except_phenotype","Adjusted All_control_except_phenotype"
"LDL_C","LDL Cholesterol","LC","0.854(95% CI:0.725-1.005; P=0.0579045185)","0.846(95% CI:0.818-0.874; P=0)","0.856(95% CI:0.711-1.029; P=0.0979015284)","Adjusted","All_control_except_phenotype","Adjusted All_control_except_phenotype"
"LDL_CE","Cholesteryl Esters in LDL","LC","0.864(95% CI:0.732-1.02; P=0.0848985051)","0.85(95% CI:0.822-0.879; P=0)","0.87(95% CI:0.721-1.049; P=0.1432296634)","Adjusted","All_control_except_phenotype","Adjusted All_control_except_phenotype"
"LDL_FC","Free Cholesterol in LDL","LC","0.83(95% CI:0.706-0.976; P=0.0244069523)","0.836(95% CI:0.809-0.865; P=0)","0.826(95% CI:0.687-0.994; P=0.0432567329)","Adjusted","All_control_except_phenotype","Adjusted All_control_except_phenotype"
"LDL_L","Total Lipids in LDL","LC","0.869(95% CI:0.736-1.026; P=0.0979478862)","0.852(95% CI:0.824-0.881; P=0)","0.875(95% CI:0.726-1.054; P=0.1608790038)","Adjusted","All_control_except_phenotype","Adjusted All_control_except_phenotype"
"LDL_PL","Phospholipids in LDL","LC","0.873(95% CI:0.739-1.03; P=0.1082111036)","0.852(95% CI:0.823-0.881; P=0)","0.88(95% CI:0.729-1.062; P=0.1833604797)","Adjusted","All_control_except_phenotype","Adjusted All_control_except_phenotype"
"LDL_TG","Triglycerides in LDL","LC","1.164(95% CI:0.987-1.373; P=0.0705359948)","1.019(95% CI:0.985-1.055; P=0.2749192501)","1.191(95% CI:0.997-1.424; P=0.0543242365)","Adjusted","All_control_except_phenotype","Adjusted All_control_except_phenotype"
"Leu","Leucine","LC","0.865(95% CI:0.727-1.028; P=0.0988926698)","0.993(95% CI:0.958-1.03; P=0.7042997914)","0.825(95% CI:0.671-1.014; P=0.0673156461)","Adjusted","All_control_except_phenotype","Adjusted All_control_except_phenotype"
"M_HDL_C","Cholesterol in Medium HDL","LC","1.01(95% CI:0.847-1.205; P=0.910648636)","0.947(95% CI:0.91-0.986; P=0.0074295695)","0.982(95% CI:0.8-1.205; P=0.8616414514)","Adjusted","All_control_except_phenotype","Adjusted All_control_except_phenotype"
"M_HDL_CE","Cholesteryl Esters in Medium HDL","LC","1.005(95% CI:0.844-1.198; P=0.9520164255)","0.95(95% CI:0.913-0.988; P=0.0102268304)","0.976(95% CI:0.796-1.198; P=0.8189441288)","Adjusted","All_control_except_phenotype","Adjusted All_control_except_phenotype"
"M_HDL_FC","Free Cholesterol in Medium HDL","LC","1.023(95% CI:0.857-1.221; P=0.8025778515)","0.942(95% CI:0.904-0.981; P=0.0036676016)","1(95% CI:0.816-1.226; P=0.9983274473)","Adjusted","All_control_except_phenotype","Adjusted All_control_except_phenotype"
"M_HDL_PL","Phospholipids in Medium HDL","LC","1.072(95% CI:0.9-1.277; P=0.4333644959)","0.99(95% CI:0.953-1.028; P=0.5902483793)","1.06(95% CI:0.869-1.292; P=0.567504721)","Adjusted","All_control_except_phenotype","Adjusted All_control_except_phenotype"
"M_HDL_TG","Triglycerides in Medium HDL","LC","1.167(95% CI:0.992-1.372; P=0.0623818505)","1.041(95% CI:1.007-1.078; P=0.0195158791)","1.18(95% CI:0.984-1.414; P=0.0739951908)","Adjusted","All_control_except_phenotype","Adjusted All_control_except_phenotype"
"M_LDL_C","Cholesterol in Medium LDL","LC","0.884(95% CI:0.747-1.046; P=0.1520723411)","0.858(95% CI:0.829-0.887; P=0)","0.896(95% CI:0.74-1.085; P=0.2599787645)","Adjusted","All_control_except_phenotype","Adjusted All_control_except_phenotype"
"M_LDL_CE","Cholesteryl Esters in Medium LDL","LC","0.906(95% CI:0.763-1.075; P=0.2574239699)","0.868(95% CI:0.839-0.898; P=0)","0.923(95% CI:0.76-1.119; P=0.413972613)","Adjusted","All_control_except_phenotype","Adjusted All_control_except_phenotype"
"M_LDL_FC","Free Cholesterol in Medium LDL","LC","0.84(95% CI:0.713-0.99; P=0.0376661153)","0.839(95% CI:0.811-0.868; P=0)","0.842(95% CI:0.698-1.017; P=0.0738930684)","Adjusted","All_control_except_phenotype","Adjusted All_control_except_phenotype"
"M_LDL_PL","Phospholipids in Medium LDL","LC","0.897(95% CI:0.758-1.063; P=0.2095391771)","0.858(95% CI:0.829-0.888; P=0)","0.912(95% CI:0.754-1.105; P=0.3480912109)","Adjusted","All_control_except_phenotype","Adjusted All_control_except_phenotype"
"M_LDL_TG","Triglycerides in Medium LDL","LC","1.166(95% CI:0.993-1.37; P=0.0606254109)","1.011(95% CI:0.977-1.046; P=0.5344578832)","1.194(95% CI:1.003-1.423; P=0.0467147674)","Adjusted","All_control_except_phenotype","Adjusted All_control_except_phenotype"
"M_VLDL_C","Cholesterol in Medium VLDL","LC","0.876(95% CI:0.742-1.035; P=0.1203480806)","0.863(95% CI:0.835-0.893; P=0)","0.871(95% CI:0.721-1.052; P=0.1522173056)","Adjusted","All_control_except_phenotype","Adjusted All_control_except_phenotype"
"M_VLDL_CE","Cholesteryl Esters in Medium VLDL","LC","0.848(95% CI:0.719-0.999; P=0.0492655988)","0.857(95% CI:0.828-0.887; P=0)","0.836(95% CI:0.692-1.01; P=0.0633820379)","Adjusted","All_control_except_phenotype","Adjusted All_control_except_phenotype"
"M_VLDL_FC","Free Cholesterol in Medium VLDL","LC","0.927(95% CI:0.782-1.099; P=0.3849239828)","0.882(95% CI:0.852-0.913; P=0)","0.931(95% CI:0.768-1.128; P=0.4639577291)","Adjusted","All_control_except_phenotype","Adjusted All_control_except_phenotype"
"M_VLDL_PL","Phospholipids in Medium VLDL","LC","0.957(95% CI:0.806-1.136; P=0.6125240204)","0.891(95% CI:0.86-0.922; P=0.0000000001)","0.965(95% CI:0.795-1.171; P=0.7171002428)","Adjusted","All_control_except_phenotype","Adjusted All_control_except_phenotype"
"M_VLDL_TG","Triglycerides in Medium VLDL","LC","1.079(95% CI:0.909-1.28; P=0.3851256696)","0.953(95% CI:0.919-0.987; P=0.0077687283)","1.089(95% CI:0.895-1.325; P=0.393057751)","Adjusted","All_control_except_phenotype","Adjusted All_control_except_phenotype"
"MUFA","Monounsaturated Fatty Acids","LC","1.149(95% CI:0.962-1.373; P=0.1259595101)","1.029(95% CI:0.994-1.066; P=0.1077424344)","1.153(95% CI:0.945-1.407; P=0.1595078925)","Adjusted","All_control_except_phenotype","Adjusted All_control_except_phenotype"
"non_HDL_C","Total Cholesterol Minus HDL-C","LC","0.874(95% CI:0.74-1.032; P=0.1125755384)","0.855(95% CI:0.828-0.884; P=0)","0.874(95% CI:0.726-1.053; P=0.1568918708)","Adjusted","All_control_except_phenotype","Adjusted All_control_except_phenotype"
"Omega_3","Omega-3 Fatty Acids","LC","0.934(95% CI:0.782-1.115; P=0.4487254977)","0.887(95% CI:0.855-0.921; P=0.0000000002)","0.911(95% CI:0.744-1.115; P=0.3638313932)","Adjusted","All_control_except_phenotype","Adjusted All_control_except_phenotype"
"Omega_6","Omega-6 Fatty Acids","LC","1.004(95% CI:0.841-1.198; P=0.9627552638)","0.861(95% CI:0.832-0.891; P=0)","1.002(95% CI:0.824-1.219; P=0.9839022442)","Adjusted","All_control_except_phenotype","Adjusted All_control_except_phenotype"
"Phe","Phenylalanine","LC","0.967(95% CI:0.809-1.156; P=0.714675778)","1.022(95% CI:0.989-1.055; P=0.1900991638)","0.875(95% CI:0.716-1.07; P=0.1944048365)","Adjusted","All_control_except_phenotype","Adjusted All_control_except_phenotype"
"Phosphatidylc","Phosphatidylcholines","LC","1.025(95% CI:0.852-1.234; P=0.7901838592)","0.881(95% CI:0.849-0.915; P=0)","1.02(95% CI:0.835-1.246; P=0.8491393908)","Adjusted","All_control_except_phenotype","Adjusted All_control_except_phenotype"
"Phosphoglyc","Phosphoglycerides","LC","1.017(95% CI:0.847-1.222; P=0.8533899469)","0.905(95% CI:0.872-0.939; P=0.0000001025)","1.012(95% CI:0.83-1.236; P=0.9028549565)","Adjusted","All_control_except_phenotype","Adjusted All_control_except_phenotype"
"PUFA","Polyunsaturated Fatty Acids","LC","0.986(95% CI:0.822-1.182; P=0.8760193607)","0.851(95% CI:0.822-0.882; P=0)","0.978(95% CI:0.802-1.194; P=0.8291542993)","Adjusted","All_control_except_phenotype","Adjusted All_control_except_phenotype"
"Pyruvate","Pyruvate","LC","1.053(95% CI:0.896-1.237; P=0.530194801)","1.075(95% CI:1.045-1.106; P=0.0000006516)","1.047(95% CI:0.866-1.266; P=0.6336218419)","Adjusted","All_control_except_phenotype","Adjusted All_control_except_phenotype"
"Remnant_C","Remnant Cholesterol (Non-HDL and Non-LDL -Cholesterol)","LC","0.904(95% CI:0.762-1.072; P=0.2443946653)","0.871(95% CI:0.842-0.901; P=0)","0.902(95% CI:0.747-1.089; P=0.2840574653)","Adjusted","All_control_except_phenotype","Adjusted All_control_except_phenotype"
"S_HDL_C","Cholesterol in Small HDL","LC","0.946(95% CI:0.798-1.123; P=0.5285962913)","0.903(95% CI:0.872-0.936; P=0.0000000146)","0.972(95% CI:0.8-1.181; P=0.7746270193)","Adjusted","All_control_except_phenotype","Adjusted All_control_except_phenotype"
"S_HDL_CE","Cholesteryl Esters in Small HDL","LC","0.922(95% CI:0.78-1.09; P=0.3406442491)","0.907(95% CI:0.876-0.939; P=0.0000000417)","0.943(95% CI:0.78-1.142; P=0.5500721753)","Adjusted","All_control_except_phenotype","Adjusted All_control_except_phenotype"
"S_HDL_FC","Free Cholesterol in Small HDL","LC","1.041(95% CI:0.87-1.246; P=0.6589984067)","0.911(95% CI:0.878-0.944; P=0.0000004632)","1.066(95% CI:0.875-1.298; P=0.5284368947)","Adjusted","All_control_except_phenotype","Adjusted All_control_except_phenotype"
"S_HDL_PL","Phospholipids in Small HDL","LC","1.078(95% CI:0.904-1.286; P=0.4043065339)","0.97(95% CI:0.936-1.006; P=0.0998543311)","1.104(95% CI:0.905-1.346; P=0.3287945793)","Adjusted","All_control_except_phenotype","Adjusted All_control_except_phenotype"
"S_HDL_TG","Triglycerides in Small HDL","LC","1.179(95% CI:1.001-1.39; P=0.0488994951)","1.04(95% CI:1.004-1.078; P=0.0305810786)","1.212(95% CI:1.006-1.46; P=0.0426108172)","Adjusted","All_control_except_phenotype","Adjusted All_control_except_phenotype"
"S_LDL_C","Cholesterol in Small LDL","LC","0.883(95% CI:0.747-1.044; P=0.1465229727)","0.858(95% CI:0.829-0.887; P=0)","0.892(95% CI:0.738-1.079; P=0.2400968166)","Adjusted","All_control_except_phenotype","Adjusted All_control_except_phenotype"
"S_LDL_CE","Cholesteryl Esters in Small LDL","LC","0.91(95% CI:0.767-1.078; P=0.2744466145)","0.869(95% CI:0.839-0.899; P=0)","0.922(95% CI:0.761-1.118; P=0.4095637662)","Adjusted","All_control_except_phenotype","Adjusted All_control_except_phenotype"
"S_LDL_FC","Free Cholesterol in Small LDL","LC","0.833(95% CI:0.709-0.979; P=0.0269150852)","0.845(95% CI:0.818-0.874; P=0)","0.832(95% CI:0.691-1.002; P=0.0526214212)","Adjusted","All_control_except_phenotype","Adjusted All_control_except_phenotype"
"S_LDL_PL","Phospholipids in Small LDL","LC","0.893(95% CI:0.757-1.055; P=0.1836846293)","0.87(95% CI:0.841-0.9; P=0)","0.909(95% CI:0.753-1.098; P=0.321859942)","Adjusted","All_control_except_phenotype","Adjusted All_control_except_phenotype"
"S_LDL_TG","Triglycerides in Small LDL","LC","1.138(95% CI:0.969-1.336; P=0.1139351767)","1.008(95% CI:0.974-1.043; P=0.6632539307)","1.157(95% CI:0.967-1.386; P=0.1114039859)","Adjusted","All_control_except_phenotype","Adjusted All_control_except_phenotype"
"S_VLDL_C","Cholesterol in Small VLDL","LC","0.96(95% CI:0.809-1.139; P=0.6398647188)","0.906(95% CI:0.875-0.938; P=0.0000000196)","0.973(95% CI:0.803-1.18; P=0.7833243968)","Adjusted","All_control_except_phenotype","Adjusted All_control_except_phenotype"
"S_VLDL_CE","Cholesteryl Esters in Small VLDL","LC","0.983(95% CI:0.828-1.165; P=0.8398907123)","0.921(95% CI:0.889-0.953; P=0.0000030162)","0.999(95% CI:0.825-1.211; P=0.9955451162)","Adjusted","All_control_except_phenotype","Adjusted All_control_except_phenotype"
"S_VLDL_FC","Free Cholesterol in Small VLDL","LC","0.927(95% CI:0.782-1.098; P=0.3772003067)","0.883(95% CI:0.854-0.914; P=0)","0.936(95% CI:0.773-1.133; P=0.4956482493)","Adjusted","All_control_except_phenotype","Adjusted All_control_except_phenotype"
"S_VLDL_PL","Phospholipids in Small VLDL","LC","0.982(95% CI:0.827-1.165; P=0.8330305566)","0.903(95% CI:0.872-0.935; P=0.0000000094)","0.997(95% CI:0.823-1.208; P=0.9787406047)","Adjusted","All_control_except_phenotype","Adjusted All_control_except_phenotype"
"S_VLDL_TG","Triglycerides in Small VLDL","LC","1.16(95% CI:0.983-1.368; P=0.0781602371)","0.996(95% CI:0.962-1.032; P=0.8401801477)","1.176(95% CI:0.975-1.42; P=0.090432745)","Adjusted","All_control_except_phenotype","Adjusted All_control_except_phenotype"
"SFA","Saturated Fatty Acids","LC","1.065(95% CI:0.889-1.275; P=0.4936881996)","0.99(95% CI:0.956-1.025; P=0.5737113717)","1.073(95% CI:0.88-1.309; P=0.4857982118)","Adjusted","All_control_except_phenotype","Adjusted All_control_except_phenotype"
"Sphingomyelins","Sphingomyelins","LC","0.881(95% CI:0.74-1.048; P=0.1532966036)","0.895(95% CI:0.862-0.928; P=0.0000000041)","0.866(95% CI:0.711-1.055; P=0.1535619243)","Adjusted","All_control_except_phenotype","Adjusted All_control_except_phenotype"
"Total_C","Total Cholesterol","LC","0.876(95% CI:0.742-1.035; P=0.1201409027)","0.842(95% CI:0.814-0.871; P=0)","0.87(95% CI:0.722-1.049; P=0.1450700416)","Adjusted","All_control_except_phenotype","Adjusted All_control_except_phenotype"
"Total_CE","Total Esterified Cholesterol","LC","0.87(95% CI:0.737-1.027; P=0.100413518)","0.838(95% CI:0.81-0.867; P=0)","0.862(95% CI:0.715-1.04; P=0.1210399464)","Adjusted","All_control_except_phenotype","Adjusted All_control_except_phenotype"
"Total_FA","Total Fatty Acids","LC","1.067(95% CI:0.889-1.282; P=0.484945596)","0.954(95% CI:0.921-0.988; P=0.0084364963)","1.068(95% CI:0.874-1.304; P=0.5214722039)","Adjusted","All_control_except_phenotype","Adjusted All_control_except_phenotype"
"Total_FC","Total Free Cholesterol","LC","0.894(95% CI:0.755-1.058; P=0.1922293964)","0.852(95% CI:0.824-0.882; P=0)","0.891(95% CI:0.737-1.077; P=0.2332851484)","Adjusted","All_control_except_phenotype","Adjusted All_control_except_phenotype"
"Total_L","Total Lipids in Lipoprotein Particles","LC","0.951(95% CI:0.798-1.135; P=0.5803207432)","0.88(95% CI:0.851-0.911; P=0)","0.953(95% CI:0.785-1.157; P=0.6249734344)","Adjusted","All_control_except_phenotype","Adjusted All_control_except_phenotype"
"Total_PL","Total Phospholipids in Lipoprotein Particles","LC","0.964(95% CI:0.806-1.152; P=0.6849758306)","0.885(95% CI:0.854-0.918; P=0)","0.96(95% CI:0.789-1.169; P=0.6860333453)","Adjusted","All_control_except_phenotype","Adjusted All_control_except_phenotype"
"Total_TG","Total Triglycerides","LC","1.128(95% CI:0.946-1.345; P=0.1801113155)","1.005(95% CI:0.969-1.041; P=0.8010155198)","1.14(95% CI:0.933-1.394; P=0.1999457532)","Adjusted","All_control_except_phenotype","Adjusted All_control_except_phenotype"
"Tyr","Tyrosine","LC","0.91(95% CI:0.769-1.077; P=0.2733144045)","1.003(95% CI:0.969-1.038; P=0.8667368898)","0.837(95% CI:0.685-1.023; P=0.0817517149)","Adjusted","All_control_except_phenotype","Adjusted All_control_except_phenotype"
"Unsaturation","Degree of Unsaturation","LC","0.821(95% CI:0.693-0.972; P=0.0221196062)","0.842(95% CI:0.812-0.872; P=0)","0.79(95% CI:0.646-0.966; P=0.0214279584)","Adjusted","All_control_except_phenotype","Adjusted All_control_except_phenotype"
"Val","Valine","LC","0.817(95% CI:0.68-0.982; P=0.0316511057)","0.964(95% CI:0.929-1; P=0.0496827089)","0.781(95% CI:0.629-0.969; P=0.0248571801)","Adjusted","All_control_except_phenotype","Adjusted All_control_except_phenotype"
"VLDL_C","VLDL Cholesterol","LC","0.962(95% CI:0.808-1.145; P=0.6601937627)","0.912(95% CI:0.882-0.944; P=0.0000001684)","0.964(95% CI:0.793-1.171; P=0.710223343)","Adjusted","All_control_except_phenotype","Adjusted All_control_except_phenotype"
"VLDL_CE","Cholesteryl Esters in VLDL","LC","0.939(95% CI:0.791-1.115; P=0.4736552595)","0.902(95% CI:0.872-0.934; P=0.0000000036)","0.941(95% CI:0.776-1.141; P=0.5342513281)","Adjusted","All_control_except_phenotype","Adjusted All_control_except_phenotype"
"VLDL_FC","Free Cholesterol in VLDL","LC","1.002(95% CI:0.841-1.193; P=0.9862655033)","0.931(95% CI:0.899-0.964; P=0.0000628069)","1.009(95% CI:0.829-1.229; P=0.9255415879)","Adjusted","All_control_except_phenotype","Adjusted All_control_except_phenotype"
"VLDL_L","Total Lipids in VLDL","LC","1.051(95% CI:0.877-1.259; P=0.5907808745)","0.96(95% CI:0.926-0.995; P=0.0241305736)","1.056(95% CI:0.861-1.295; P=0.5997010042)","Adjusted","All_control_except_phenotype","Adjusted All_control_except_phenotype"
"VLDL_PL","Phospholipids in VLDL","LC","1.036(95% CI:0.868-1.235; P=0.6959856451)","0.948(95% CI:0.915-0.982; P=0.0030506813)","1.045(95% CI:0.857-1.275; P=0.6606922817)","Adjusted","All_control_except_phenotype","Adjusted All_control_except_phenotype"
"VLDL_TG","Triglycerides in VLDL","LC","1.107(95% CI:0.929-1.318; P=0.2545691553)","0.997(95% CI:0.962-1.034; P=0.8845776184)","1.119(95% CI:0.916-1.369; P=0.2713001393)","Adjusted","All_control_except_phenotype","Adjusted All_control_except_phenotype"
"XL_HDL_C","Cholesterol in Very Large HDL","LC","0.925(95% CI:0.771-1.11; P=0.4010070354)","0.925(95% CI:0.887-0.965; P=0.0002888157)","0.871(95% CI:0.698-1.086; P=0.2193029678)","Adjusted","All_control_except_phenotype","Adjusted All_control_except_phenotype"
"XL_HDL_CE","Cholesteryl Esters in Very Large HDL","LC","0.926(95% CI:0.771-1.112; P=0.4114598293)","0.917(95% CI:0.879-0.957; P=0.0000729501)","0.87(95% CI:0.696-1.087; P=0.2198058906)","Adjusted","All_control_except_phenotype","Adjusted All_control_except_phenotype"
"XL_HDL_FC","Free Cholesterol in Very Large HDL","LC","0.923(95% CI:0.774-1.101; P=0.3758413335)","0.957(95% CI:0.92-0.995; P=0.0288814114)","0.88(95% CI:0.712-1.087; P=0.2353216572)","Adjusted","All_control_except_phenotype","Adjusted All_control_except_phenotype"
"XL_HDL_PL","Phospholipids in Very Large HDL","LC","0.955(95% CI:0.795-1.146; P=0.6206583394)","0.963(95% CI:0.924-1.004; P=0.079102645)","0.892(95% CI:0.714-1.114; P=0.3146191785)","Adjusted","All_control_except_phenotype","Adjusted All_control_except_phenotype"
"XL_HDL_TG","Triglycerides in Very Large HDL","LC","1.138(95% CI:0.97-1.336; P=0.1121248133)","0.997(95% CI:0.964-1.032; P=0.8782082887)","1.133(95% CI:0.95-1.352; P=0.1635556789)","Adjusted","All_control_except_phenotype","Adjusted All_control_except_phenotype"
"XL_VLDL_C","Cholesterol in Very Large VLDL","LC","1.04(95% CI:0.874-1.236; P=0.6604159225)","0.959(95% CI:0.926-0.994; P=0.0233672173)","1.053(95% CI:0.865-1.282; P=0.6080997766)","Adjusted","All_control_except_phenotype","Adjusted All_control_except_phenotype"
"XL_VLDL_CE","Cholesteryl Esters in Very Large VLDL","LC","1.008(95% CI:0.848-1.198; P=0.9305817795)","0.938(95% CI:0.905-0.972; P=0.0004132602)","1.02(95% CI:0.838-1.242; P=0.8427741221)","Adjusted","All_control_except_phenotype","Adjusted All_control_except_phenotype"
"XL_VLDL_FC","Free Cholesterol in Very Large VLDL","LC","1.071(95% CI:0.904-1.269; P=0.4275856099)","0.983(95% CI:0.949-1.019; P=0.3582173843)","1.085(95% CI:0.893-1.317; P=0.4115085138)","Adjusted","All_control_except_phenotype","Adjusted All_control_except_phenotype"
"XL_VLDL_PL","Phospholipids in Very Large VLDL","LC","1.081(95% CI:0.913-1.281; P=0.3644994426)","0.992(95% CI:0.958-1.028; P=0.6697188588)","1.097(95% CI:0.904-1.331; P=0.3505764879)","Adjusted","All_control_except_phenotype","Adjusted All_control_except_phenotype"
"XL_VLDL_TG","Triglycerides in Very Large VLDL","LC","1.101(95% CI:0.931-1.303; P=0.2600388555)","1.011(95% CI:0.976-1.048; P=0.534827959)","1.118(95% CI:0.92-1.357; P=0.2618811839)","Adjusted","All_control_except_phenotype","Adjusted All_control_except_phenotype"
"XS_VLDL_C","Cholesterol in Very Small VLDL","LC","0.917(95% CI:0.772-1.089; P=0.3243365231)","0.906(95% CI:0.875-0.939; P=0.000000032)","0.915(95% CI:0.755-1.108; P=0.3626504219)","Adjusted","All_control_except_phenotype","Adjusted All_control_except_phenotype"
"XS_VLDL_CE","Cholesteryl Esters in Very Small VLDL","LC","0.894(95% CI:0.754-1.06; P=0.1967541128)","0.897(95% CI:0.866-0.929; P=0.000000001)","0.89(95% CI:0.735-1.078; P=0.2337229832)","Adjusted","All_control_except_phenotype","Adjusted All_control_except_phenotype"
"XS_VLDL_FC","Free Cholesterol in Very Small VLDL","LC","0.981(95% CI:0.825-1.165; P=0.8245743221)","0.935(95% CI:0.903-0.968; P=0.0001326911)","0.983(95% CI:0.813-1.19; P=0.8629938071)","Adjusted","All_control_except_phenotype","Adjusted All_control_except_phenotype"
"XS_VLDL_PL","Phospholipids in Very Small VLDL","LC","1.029(95% CI:0.867-1.223; P=0.7418272512)","0.963(95% CI:0.93-0.996; P=0.0308239228)","1.034(95% CI:0.856-1.249; P=0.7268633334)","Adjusted","All_control_except_phenotype","Adjusted All_control_except_phenotype"
"XS_VLDL_TG","Triglycerides in Very Small VLDL","LC","1.182(95% CI:1.008-1.386; P=0.0401044867)","1.034(95% CI:0.999-1.069; P=0.0582271336)","1.194(95% CI:1.002-1.422; P=0.0470653542)","Adjusted","All_control_except_phenotype","Adjusted All_control_except_phenotype"
"XXL_VLDL_C","Cholesterol in Chylomicrons and Extremely Large VLDL","LC","1.109(95% CI:0.941-1.308; P=0.2168192287)","1.023(95% CI:0.988-1.059; P=0.1960073799)","1.119(95% CI:0.925-1.354; P=0.2488741721)","Adjusted","All_control_except_phenotype","Adjusted All_control_except_phenotype"
"XXL_VLDL_CE","Cholesteryl Esters in Chylomicrons and Extremely Large VLDL","LC","1.104(95% CI:0.935-1.303; P=0.2447573624)","1.013(95% CI:0.979-1.05; P=0.4541431222)","1.111(95% CI:0.917-1.347; P=0.2834913458)","Adjusted","All_control_except_phenotype","Adjusted All_control_except_phenotype"
"XXL_VLDL_FC","Free Cholesterol in Chylomicrons and Extremely Large VLDL","LC","1.113(95% CI:0.949-1.305; P=0.1896918201)","1.033(95% CI:0.998-1.069; P=0.0647717094)","1.121(95% CI:0.932-1.349; P=0.225775726)","Adjusted","All_control_except_phenotype","Adjusted All_control_except_phenotype"
"XXL_VLDL_PL","Phospholipids in Chylomicrons and Extremely Large VLDL","LC","1.113(95% CI:0.951-1.303; P=0.1834282507)","1.038(95% CI:1.003-1.074; P=0.0317701496)","1.125(95% CI:0.937-1.351; P=0.2078186438)","Adjusted","All_control_except_phenotype","Adjusted All_control_except_phenotype"
"XXL_VLDL_TG","Triglycerides in Chylomicrons and Extremely Large VLDL","LC","1.077(95% CI:0.913-1.271; P=0.3780460397)","1.035(95% CI:1.001-1.071; P=0.0438686297)","1.097(95% CI:0.906-1.328; P=0.3436248171)","Adjusted","All_control_except_phenotype","Adjusted All_control_except_phenotype"
"Acetate","Acetate","PCa","1.031(95% CI:0.968-1.099; P=0.3443197437)","0.994(95% CI:0.972-1.017; P=0.6027578072)","1.02(95% CI:0.936-1.111; P=0.6545562112)","Adjusted","All_control_except_phenotype","Adjusted All_control_except_phenotype"
"Acetoacetate","Acetoacetate","PCa","0.961(95% CI:0.865-1.067; P=0.4591447904)","1.015(95% CI:0.995-1.034; P=0.1409414644)","0.919(95% CI:0.815-1.036; P=0.1663478875)","Adjusted","All_control_except_phenotype","Adjusted All_control_except_phenotype"
"Acetone","Acetone","PCa","0.943(95% CI:0.842-1.056; P=0.3075425131)","1.021(95% CI:1.002-1.041; P=0.0325454583)","0.942(95% CI:0.837-1.06; P=0.3204395813)","Adjusted","All_control_except_phenotype","Adjusted All_control_except_phenotype"
"Ala","Alanine","PCa","0.928(95% CI:0.841-1.024; P=0.1383309706)","0.938(95% CI:0.919-0.957; P=0.0000000006)","0.987(95% CI:0.885-1.1; P=0.8062489497)","Adjusted","All_control_except_phenotype","Adjusted All_control_except_phenotype"
"Albumin","Albumin","PCa","1.1(95% CI:0.991-1.221; P=0.073798597)","0.988(95% CI:0.968-1.008; P=0.2344333846)","1.1(95% CI:0.986-1.228; P=0.0867057869)","Adjusted","All_control_except_phenotype","Adjusted All_control_except_phenotype"
"ApoA1","Apolipoprotein A1","PCa","0.995(95% CI:0.901-1.098; P=0.9145338388)","0.994(95% CI:0.973-1.016; P=0.5810425124)","1(95% CI:0.897-1.116; P=0.997285845)","Adjusted","All_control_except_phenotype","Adjusted All_control_except_phenotype"
"ApoB","Apolipoprotein B","PCa","1.115(95% CI:1.01-1.231; P=0.0310390321)","0.995(95% CI:0.976-1.016; P=0.6561474039)","1.149(95% CI:1.032-1.28; P=0.0113626273)","Adjusted","All_control_except_phenotype","Adjusted All_control_except_phenotype"
"bOHbutyrate","3-Hydroxybutyrate","PCa","0.93(95% CI:0.831-1.042; P=0.211024967)","1.016(95% CI:0.996-1.035; P=0.1140773496)","0.95(95% CI:0.843-1.069; P=0.3930822831)","Adjusted","All_control_except_phenotype","Adjusted All_control_except_phenotype"
"Cholines","Total Cholines","PCa","1.056(95% CI:0.954-1.168; P=0.294662182)","0.985(95% CI:0.965-1.006; P=0.1578598006)","1.09(95% CI:0.979-1.214; P=0.1142541422)","Adjusted","All_control_except_phenotype","Adjusted All_control_except_phenotype"
"Citrate","Citrate","PCa","0.892(95% CI:0.805-0.989; P=0.0301917956)","0.971(95% CI:0.951-0.991; P=0.0046600535)","0.927(95% CI:0.832-1.033; P=0.1713408165)","Adjusted","All_control_except_phenotype","Adjusted All_control_except_phenotype"
"Clinical_LDL_C","Clinical LDL Cholesterol","PCa","1.132(95% CI:1.024-1.251; P=0.015268762)","1.009(95% CI:0.989-1.029; P=0.3940071987)","1.151(95% CI:1.031-1.284; P=0.0119679105)","Adjusted","All_control_except_phenotype","Adjusted All_control_except_phenotype"
"Creatinine","Creatinine","PCa","0.974(95% CI:0.883-1.074; P=0.5961073647)","1.013(95% CI:0.994-1.033; P=0.1924380568)","1.053(95% CI:0.946-1.171; P=0.3432301661)","Adjusted","All_control_except_phenotype","Adjusted All_control_except_phenotype"
"DHA","Docosahexaenoic Acid","PCa","0.98(95% CI:0.889-1.08; P=0.6823426027)","1.06(95% CI:1.04-1.081; P=0.000000003)","1.021(95% CI:0.918-1.135; P=0.7062428123)","Adjusted","All_control_except_phenotype","Adjusted All_control_except_phenotype"
"Gln","Glutamine","PCa","1.041(95% CI:0.943-1.149; P=0.4303604425)","0.977(95% CI:0.958-0.998; P=0.0286795402)","1.076(95% CI:0.963-1.202; P=0.194619547)","Adjusted","All_control_except_phenotype","Adjusted All_control_except_phenotype"
"Glucose","Glucose","PCa","0.88(95% CI:0.793-0.976; P=0.0154775465)","0.955(95% CI:0.935-0.976; P=0.0000239928)","0.864(95% CI:0.769-0.971; P=0.0145222955)","Adjusted","All_control_except_phenotype","Adjusted All_control_except_phenotype"
"Gly","Glycine","PCa","0.977(95% CI:0.884-1.079; P=0.6482270353)","0.973(95% CI:0.953-0.993; P=0.0098236013)","1.064(95% CI:0.955-1.185; P=0.2589646992)","Adjusted","All_control_except_phenotype","Adjusted All_control_except_phenotype"
"GlycA","Glycoprotein Acetyls","PCa","1.07(95% CI:0.966-1.184; P=0.1943128979)","0.987(95% CI:0.966-1.008; P=0.2328331401)","1.116(95% CI:0.998-1.249; P=0.0551296729)","Adjusted","All_control_except_phenotype","Adjusted All_control_except_phenotype"
"HDL_C","HDL Cholesterol","PCa","0.986(95% CI:0.893-1.088; P=0.777638987)","1.012(95% CI:0.99-1.034; P=0.2764758749)","0.978(95% CI:0.876-1.092; P=0.6952522656)","Adjusted","All_control_except_phenotype","Adjusted All_control_except_phenotype"
"HDL_CE","Cholesteryl Esters in HDL","PCa","0.985(95% CI:0.892-1.088; P=0.7689754269)","1.015(95% CI:0.993-1.037; P=0.1884466539)","0.973(95% CI:0.871-1.088; P=0.6307121991)","Adjusted","All_control_except_phenotype","Adjusted All_control_except_phenotype"
"HDL_FC","Free Cholesterol in HDL","PCa","0.982(95% CI:0.89-1.083; P=0.7113732986)","1.002(95% CI:0.981-1.024; P=0.8300656433)","0.989(95% CI:0.889-1.102; P=0.8458310249)","Adjusted","All_control_except_phenotype","Adjusted All_control_except_phenotype"
"HDL_L","Total Lipids in HDL","PCa","0.981(95% CI:0.888-1.084; P=0.7074879308)","0.999(95% CI:0.977-1.02; P=0.9032550539)","0.985(95% CI:0.883-1.099; P=0.7869639844)","Adjusted","All_control_except_phenotype","Adjusted All_control_except_phenotype"
"HDL_PL","Phospholipids in HDL","PCa","0.974(95% CI:0.882-1.076; P=0.6092961083)","0.995(95% CI:0.974-1.016; P=0.6285664813)","0.979(95% CI:0.877-1.092; P=0.7051295925)","Adjusted","All_control_except_phenotype","Adjusted All_control_except_phenotype"
"HDL_TG","Triglycerides in HDL","PCa","1.005(95% CI:0.908-1.112; P=0.9271712225)","0.956(95% CI:0.936-0.977; P=0.0000383111)","1.044(95% CI:0.935-1.165; P=0.4464248055)","Adjusted","All_control_except_phenotype","Adjusted All_control_except_phenotype"
"His","Histidine","PCa","1.035(95% CI:0.939-1.141; P=0.4933618571)","1.01(95% CI:0.99-1.03; P=0.330626785)","1.05(95% CI:0.943-1.168; P=0.3735746128)","Adjusted","All_control_except_phenotype","Adjusted All_control_except_phenotype"
"IDL_C","Cholesterol in IDL","PCa","1.094(95% CI:0.993-1.206; P=0.0699073554)","1.01(95% CI:0.99-1.031; P=0.3094162812)","1.115(95% CI:1.003-1.241; P=0.044420775)","Adjusted","All_control_except_phenotype","Adjusted All_control_except_phenotype"
"IDL_CE","Cholesteryl Esters in IDL","PCa","1.092(95% CI:0.99-1.203; P=0.0778080876)","1.009(95% CI:0.989-1.03; P=0.3751239049)","1.115(95% CI:1.002-1.24; P=0.0450489033)","Adjusted","All_control_except_phenotype","Adjusted All_control_except_phenotype"
"IDL_FC","Free Cholesterol in IDL","PCa","1.089(95% CI:0.99-1.198; P=0.0807419884)","1.01(95% CI:0.99-1.031; P=0.3238908941)","1.105(95% CI:0.995-1.228; P=0.0628749617)","Adjusted","All_control_except_phenotype","Adjusted All_control_except_phenotype"
"IDL_PL","Phospholipids in IDL","PCa","1.09(95% CI:0.99-1.201; P=0.0794643889)","1.005(95% CI:0.985-1.025; P=0.6139480869)","1.114(95% CI:1.002-1.238; P=0.0449480292)","Adjusted","All_control_except_phenotype","Adjusted All_control_except_phenotype"
"IDL_TG","Triglycerides in IDL","PCa","1.018(95% CI:0.919-1.127; P=0.7380911763)","0.962(95% CI:0.941-0.982; P=0.0003375836)","1.056(95% CI:0.948-1.177; P=0.3204264432)","Adjusted","All_control_except_phenotype","Adjusted All_control_except_phenotype"
"Ile","Isoleucine","PCa","0.965(95% CI:0.875-1.065; P=0.4832188546)","0.993(95% CI:0.973-1.014; P=0.5185318254)","0.974(95% CI:0.872-1.087; P=0.6373275638)","Adjusted","All_control_except_phenotype","Adjusted All_control_except_phenotype"
"L_HDL_C","Cholesterol in Large HDL","PCa","0.946(95% CI:0.855-1.046; P=0.2764663218)","1.021(95% CI:1-1.043; P=0.0516911992)","0.935(95% CI:0.835-1.046; P=0.2414667186)","Adjusted","All_control_except_phenotype","Adjusted All_control_except_phenotype"
"L_HDL_CE","Cholesteryl Esters in Large HDL","PCa","0.944(95% CI:0.854-1.045; P=0.2663972145)","1.023(95% CI:1.001-1.044; P=0.0382450264)","0.932(95% CI:0.832-1.044; P=0.2221943531)","Adjusted","All_control_except_phenotype","Adjusted All_control_except_phenotype"
"L_HDL_FC","Free Cholesterol in Large HDL","PCa","0.942(95% CI:0.853-1.041; P=0.2449234148)","1.014(95% CI:0.994-1.036; P=0.1773867756)","0.937(95% CI:0.839-1.048; P=0.2549649475)","Adjusted","All_control_except_phenotype","Adjusted All_control_except_phenotype"
"L_HDL_PL","Phospholipids in Large HDL","PCa","0.938(95% CI:0.848-1.037; P=0.2097976777)","1.013(95% CI:0.992-1.034; P=0.2398851326)","0.934(95% CI:0.835-1.044; P=0.2276274553)","Adjusted","All_control_except_phenotype","Adjusted All_control_except_phenotype"
"L_HDL_TG","Triglycerides in Large HDL","PCa","0.976(95% CI:0.882-1.08; P=0.6364885446)","0.968(95% CI:0.948-0.988; P=0.0019921348)","1.014(95% CI:0.91-1.13; P=0.8026960723)","Adjusted","All_control_except_phenotype","Adjusted All_control_except_phenotype"
"L_LDL_C","Cholesterol in Large LDL","PCa","1.12(95% CI:1.015-1.237; P=0.023766276)","1.007(95% CI:0.986-1.027; P=0.52339531)","1.141(95% CI:1.024-1.271; P=0.0164979276)","Adjusted","All_control_except_phenotype","Adjusted All_control_except_phenotype"
"L_LDL_CE","Cholesteryl Esters in Large LDL","PCa","1.121(95% CI:1.016-1.237; P=0.0228646342)","1.004(95% CI:0.984-1.025; P=0.6944779588)","1.145(95% CI:1.028-1.275; P=0.0139686216)","Adjusted","All_control_except_phenotype","Adjusted All_control_except_phenotype"
"L_LDL_FC","Free Cholesterol in Large LDL","PCa","1.106(95% CI:1.004-1.218; P=0.0411056751)","1.009(95% CI:0.989-1.029; P=0.3958068971)","1.121(95% CI:1.007-1.248; P=0.0360245844)","Adjusted","All_control_except_phenotype","Adjusted All_control_except_phenotype"
"L_LDL_PL","Phospholipids in Large LDL","PCa","1.118(95% CI:1.014-1.232; P=0.0250871158)","1.002(95% CI:0.982-1.023; P=0.8277754202)","1.14(95% CI:1.025-1.269; P=0.0158759066)","Adjusted","All_control_except_phenotype","Adjusted All_control_except_phenotype"
"L_LDL_TG","Triglycerides in Large LDL","PCa","1.027(95% CI:0.927-1.137; P=0.6134771657)","0.957(95% CI:0.936-0.978; P=0.0000598873)","1.064(95% CI:0.955-1.186; P=0.2623992281)","Adjusted","All_control_except_phenotype","Adjusted All_control_except_phenotype"
"L_VLDL_C","Cholesterol in Large VLDL","PCa","1.083(95% CI:0.98-1.196; P=0.1168037401)","0.97(95% CI:0.95-0.99; P=0.0039767171)","1.128(95% CI:1.012-1.257; P=0.0292905731)","Adjusted","All_control_except_phenotype","Adjusted All_control_except_phenotype"
"L_VLDL_CE","Cholesteryl Esters in Large VLDL","PCa","1.09(95% CI:0.988-1.204; P=0.0863668524)","0.977(95% CI:0.957-0.997; P=0.0274107351)","1.136(95% CI:1.02-1.265; P=0.0200211305)","Adjusted","All_control_except_phenotype","Adjusted All_control_except_phenotype"
"L_VLDL_FC","Free Cholesterol in Large VLDL","PCa","1.073(95% CI:0.971-1.185; P=0.1645469597)","0.963(95% CI:0.943-0.984; P=0.0005172855)","1.115(95% CI:1-1.243; P=0.0490745066)","Adjusted","All_control_except_phenotype","Adjusted All_control_except_phenotype"
"L_VLDL_PL","Phospholipids in Large VLDL","PCa","1.064(95% CI:0.963-1.176; P=0.2202024223)","0.961(95% CI:0.94-0.981; P=0.0002124823)","1.106(95% CI:0.992-1.234; P=0.0683610774)","Adjusted","All_control_except_phenotype","Adjusted All_control_except_phenotype"
"L_VLDL_TG","Triglycerides in Large VLDL","PCa","1.063(95% CI:0.963-1.174; P=0.2241941898)","0.965(95% CI:0.945-0.985; P=0.0009007857)","1.105(95% CI:0.992-1.232; P=0.0708386385)","Adjusted","All_control_except_phenotype","Adjusted All_control_except_phenotype"
"LA","Linoleic Acid","PCa","1.127(95% CI:1.019-1.246; P=0.0204734641)","0.976(95% CI:0.956-0.995; P=0.0163560283)","1.162(95% CI:1.042-1.295; P=0.006776225)","Adjusted","All_control_except_phenotype","Adjusted All_control_except_phenotype"
"Lactate","Lactate","PCa","0.963(95% CI:0.872-1.065; P=0.464425941)","0.992(95% CI:0.972-1.013; P=0.4678492697)","0.997(95% CI:0.893-1.113; P=0.9582718431)","Adjusted","All_control_except_phenotype","Adjusted All_control_except_phenotype"
"LDL_C","LDL Cholesterol","PCa","1.131(95% CI:1.024-1.25; P=0.0154541694)","1.003(95% CI:0.983-1.023; P=0.7926783568)","1.155(95% CI:1.036-1.288; P=0.009271587)","Adjusted","All_control_except_phenotype","Adjusted All_control_except_phenotype"
"LDL_CE","Cholesteryl Esters in LDL","PCa","1.132(95% CI:1.024-1.25; P=0.0151045888)","0.999(95% CI:0.979-1.019; P=0.8848739808)","1.159(95% CI:1.04-1.292; P=0.0076343096)","Adjusted","All_control_except_phenotype","Adjusted All_control_except_phenotype"
"LDL_FC","Free Cholesterol in LDL","PCa","1.115(95% CI:1.012-1.229; P=0.0280792597)","1.01(95% CI:0.989-1.03; P=0.3599413076)","1.131(95% CI:1.016-1.259; P=0.0247553233)","Adjusted","All_control_except_phenotype","Adjusted All_control_except_phenotype"
"LDL_L","Total Lipids in LDL","PCa","1.129(95% CI:1.021-1.248; P=0.0175829136)","1(95% CI:0.98-1.02; P=0.9672888589)","1.156(95% CI:1.037-1.289; P=0.0089007055)","Adjusted","All_control_except_phenotype","Adjusted All_control_except_phenotype"
"LDL_PL","Phospholipids in LDL","PCa","1.124(95% CI:1.019-1.24; P=0.0198987095)","0.999(95% CI:0.979-1.019; P=0.9139426843)","1.15(95% CI:1.033-1.281; P=0.0106412135)","Adjusted","All_control_except_phenotype","Adjusted All_control_except_phenotype"
"LDL_TG","Triglycerides in LDL","PCa","1.031(95% CI:0.931-1.142; P=0.559642627)","0.954(95% CI:0.934-0.975; P=0.0000256701)","1.07(95% CI:0.96-1.193; P=0.2208543043)","Adjusted","All_control_except_phenotype","Adjusted All_control_except_phenotype"
"Leu","Leucine","PCa","0.985(95% CI:0.894-1.086; P=0.7632790555)","0.986(95% CI:0.966-1.006; P=0.177885953)","0.997(95% CI:0.895-1.111; P=0.9626606556)","Adjusted","All_control_except_phenotype","Adjusted All_control_except_phenotype"
"M_HDL_C","Cholesterol in Medium HDL","PCa","0.986(95% CI:0.893-1.088; P=0.7746379858)","1.004(95% CI:0.983-1.026; P=0.7156891219)","0.976(95% CI:0.874-1.091; P=0.6727184223)","Adjusted","All_control_except_phenotype","Adjusted All_control_except_phenotype"
"M_HDL_CE","Cholesteryl Esters in Medium HDL","PCa","0.984(95% CI:0.891-1.087; P=0.753470652)","1.005(95% CI:0.984-1.027; P=0.626226709)","0.972(95% CI:0.869-1.086; P=0.6144072961)","Adjusted","All_control_except_phenotype","Adjusted All_control_except_phenotype"
"M_HDL_FC","Free Cholesterol in Medium HDL","PCa","0.986(95% CI:0.894-1.088; P=0.7838846658)","0.998(95% CI:0.977-1.02; P=0.8641286956)","0.991(95% CI:0.888-1.105; P=0.8669578489)","Adjusted","All_control_except_phenotype","Adjusted All_control_except_phenotype"
"M_HDL_PL","Phospholipids in Medium HDL","PCa","0.983(95% CI:0.89-1.086; P=0.734985642)","0.988(95% CI:0.967-1.009; P=0.2642543666)","0.986(95% CI:0.883-1.101; P=0.8047608286)","Adjusted","All_control_except_phenotype","Adjusted All_control_except_phenotype"
"M_HDL_TG","Triglycerides in Medium HDL","PCa","1.003(95% CI:0.906-1.11; P=0.9613800038)","0.957(95% CI:0.937-0.977; P=0.0000491786)","1.036(95% CI:0.928-1.158; P=0.5251939807)","Adjusted","All_control_except_phenotype","Adjusted All_control_except_phenotype"
"M_LDL_C","Cholesterol in Medium LDL","PCa","1.139(95% CI:1.032-1.258; P=0.0099932487)","0.992(95% CI:0.972-1.012; P=0.416784112)","1.169(95% CI:1.049-1.302; P=0.0046231963)","Adjusted","All_control_except_phenotype","Adjusted All_control_except_phenotype"
"M_LDL_CE","Cholesteryl Esters in Medium LDL","PCa","1.139(95% CI:1.031-1.257; P=0.010413512)","0.986(95% CI:0.966-1.006; P=0.1656096756)","1.171(95% CI:1.051-1.304; P=0.0041647021)","Adjusted","All_control_except_phenotype","Adjusted All_control_except_phenotype"
"M_LDL_FC","Free Cholesterol in Medium LDL","PCa","1.122(95% CI:1.018-1.235; P=0.0198280504)","1.005(95% CI:0.985-1.026; P=0.6028685971)","1.141(95% CI:1.026-1.27; P=0.0152994283)","Adjusted","All_control_except_phenotype","Adjusted All_control_except_phenotype"
"M_LDL_PL","Phospholipids in Medium LDL","PCa","1.127(95% CI:1.022-1.244; P=0.0164972173)","0.99(95% CI:0.97-1.01; P=0.3205235547)","1.158(95% CI:1.041-1.289; P=0.0071132975)","Adjusted","All_control_except_phenotype","Adjusted All_control_except_phenotype"
"M_LDL_TG","Triglycerides in Medium LDL","PCa","1.036(95% CI:0.937-1.146; P=0.4883714088)","0.952(95% CI:0.931-0.973; P=0.0000095163)","1.076(95% CI:0.966-1.198; P=0.1835270104)","Adjusted","All_control_except_phenotype","Adjusted All_control_except_phenotype"
"M_VLDL_C","Cholesterol in Medium VLDL","PCa","1.115(95% CI:1.012-1.229; P=0.028106623)","1.003(95% CI:0.983-1.023; P=0.7739353554)","1.146(95% CI:1.03-1.275; P=0.0125018578)","Adjusted","All_control_except_phenotype","Adjusted All_control_except_phenotype"
"M_VLDL_CE","Cholesteryl Esters in Medium VLDL","PCa","1.107(95% CI:1.006-1.219; P=0.0373388152)","1.011(95% CI:0.99-1.031; P=0.3057313168)","1.129(95% CI:1.015-1.257; P=0.025722555)","Adjusted","All_control_except_phenotype","Adjusted All_control_except_phenotype"
"M_VLDL_FC","Free Cholesterol in Medium VLDL","PCa","1.111(95% CI:1.007-1.225; P=0.0355681481)","0.991(95% CI:0.972-1.012; P=0.4041740422)","1.15(95% CI:1.034-1.279; P=0.0101016746)","Adjusted","All_control_except_phenotype","Adjusted All_control_except_phenotype"
"M_VLDL_PL","Phospholipids in Medium VLDL","PCa","1.11(95% CI:1.006-1.226; P=0.0379366102)","0.985(95% CI:0.965-1.005; P=0.1344705595)","1.152(95% CI:1.035-1.282; P=0.009658462)","Adjusted","All_control_except_phenotype","Adjusted All_control_except_phenotype"
"M_VLDL_TG","Triglycerides in Medium VLDL","PCa","1.079(95% CI:0.977-1.192; P=0.1318080183)","0.97(95% CI:0.949-0.99; P=0.0038132508)","1.128(95% CI:1.012-1.257; P=0.0292118256)","Adjusted","All_control_except_phenotype","Adjusted All_control_except_phenotype"
"MUFA","Monounsaturated Fatty Acids","PCa","1.045(95% CI:0.942-1.16; P=0.4036073318)","0.951(95% CI:0.931-0.971; P=0.0000036417)","1.088(95% CI:0.974-1.217; P=0.1364377843)","Adjusted","All_control_except_phenotype","Adjusted All_control_except_phenotype"
"non_HDL_C","Total Cholesterol Minus HDL-C","PCa","1.125(95% CI:1.017-1.244; P=0.0220431303)","1.001(95% CI:0.981-1.021; P=0.956680453)","1.155(95% CI:1.036-1.288; P=0.0092686526)","Adjusted","All_control_except_phenotype","Adjusted All_control_except_phenotype"
"Omega_3","Omega-3 Fatty Acids","PCa","0.98(95% CI:0.887-1.083; P=0.6928911354)","1.041(95% CI:1.021-1.062; P=0.0000669533)","1.029(95% CI:0.924-1.146; P=0.6020732608)","Adjusted","All_control_except_phenotype","Adjusted All_control_except_phenotype"
"Omega_6","Omega-6 Fatty Acids","PCa","1.122(95% CI:1.013-1.242; P=0.0276878768)","0.981(95% CI:0.961-1.001; P=0.0595607334)","1.16(95% CI:1.04-1.294; P=0.0075768279)","Adjusted","All_control_except_phenotype","Adjusted All_control_except_phenotype"
"Phe","Phenylalanine","PCa","0.94(95% CI:0.836-1.056; P=0.2958069687)","0.99(95% CI:0.97-1.011; P=0.3397176814)","0.963(95% CI:0.861-1.077; P=0.5077611667)","Adjusted","All_control_except_phenotype","Adjusted All_control_except_phenotype"
"Phosphatidylc","Phosphatidylcholines","PCa","1.04(95% CI:0.939-1.153; P=0.4515871065)","0.984(95% CI:0.964-1.005; P=0.126194847)","1.073(95% CI:0.963-1.195; P=0.2007864601)","Adjusted","All_control_except_phenotype","Adjusted All_control_except_phenotype"
"Phosphoglyc","Phosphoglycerides","PCa","1.044(95% CI:0.943-1.157; P=0.4061421976)","0.981(95% CI:0.96-1.001; P=0.0654856765)","1.081(95% CI:0.97-1.204; P=0.1577512101)","Adjusted","All_control_except_phenotype","Adjusted All_control_except_phenotype"
"PUFA","Polyunsaturated Fatty Acids","PCa","1.093(95% CI:0.986-1.213; P=0.0904313597)","0.994(95% CI:0.974-1.015; P=0.5822765476)","1.141(95% CI:1.024-1.273; P=0.0173574233)","Adjusted","All_control_except_phenotype","Adjusted All_control_except_phenotype"
"Pyruvate","Pyruvate","PCa","0.879(95% CI:0.793-0.976; P=0.0152553787)","0.987(95% CI:0.967-1.007; P=0.2080942463)","0.892(95% CI:0.794-1.001; P=0.0523268794)","Adjusted","All_control_except_phenotype","Adjusted All_control_except_phenotype"
"Remnant_C","Remnant Cholesterol (Non-HDL and Non-LDL -Cholesterol)","PCa","1.108(95% CI:1.002-1.225; P=0.0452262724)","0.996(95% CI:0.976-1.016; P=0.7013132526)","1.144(95% CI:1.027-1.275; P=0.0144445849)","Adjusted","All_control_except_phenotype","Adjusted All_control_except_phenotype"
"S_HDL_C","Cholesterol in Small HDL","PCa","1.114(95% CI:1.007-1.233; P=0.0365160051)","0.992(95% CI:0.972-1.014; P=0.4807938936)","1.118(95% CI:1.001-1.249; P=0.0487495136)","Adjusted","All_control_except_phenotype","Adjusted All_control_except_phenotype"
"S_HDL_CE","Cholesteryl Esters in Small HDL","PCa","1.113(95% CI:1.006-1.231; P=0.0387561095)","0.997(95% CI:0.977-1.018; P=0.7944924589)","1.106(95% CI:0.989-1.237; P=0.0776188393)","Adjusted","All_control_except_phenotype","Adjusted All_control_except_phenotype"
"S_HDL_FC","Free Cholesterol in Small HDL","PCa","1.08(95% CI:0.976-1.195; P=0.1343995816)","0.979(95% CI:0.959-1; P=0.0477065265)","1.111(95% CI:0.997-1.238; P=0.0565489454)","Adjusted","All_control_except_phenotype","Adjusted All_control_except_phenotype"
"S_HDL_PL","Phospholipids in Small HDL","PCa","1.056(95% CI:0.954-1.17; P=0.2920418084)","0.976(95% CI:0.955-0.997; P=0.0249856161)","1.074(95% CI:0.96-1.201; P=0.2118215642)","Adjusted","All_control_except_phenotype","Adjusted All_control_except_phenotype"
"S_HDL_TG","Triglycerides in Small HDL","PCa","1.029(95% CI:0.93-1.139; P=0.5743940832)","0.953(95% CI:0.932-0.974; P=0.0000114485)","1.068(95% CI:0.956-1.192; P=0.24325936)","Adjusted","All_control_except_phenotype","Adjusted All_control_except_phenotype"
"S_LDL_C","Cholesterol in Small LDL","PCa","1.13(95% CI:1.025-1.245; P=0.0143334999)","0.991(95% CI:0.971-1.011; P=0.3791701707)","1.159(95% CI:1.041-1.289; P=0.0068893833)","Adjusted","All_control_except_phenotype","Adjusted All_control_except_phenotype"
"S_LDL_CE","Cholesteryl Esters in Small LDL","PCa","1.127(95% CI:1.022-1.243; P=0.0168617867)","0.983(95% CI:0.963-1.003; P=0.0987392319)","1.159(95% CI:1.042-1.29; P=0.0066317114)","Adjusted","All_control_except_phenotype","Adjusted All_control_except_phenotype"
"S_LDL_FC","Free Cholesterol in Small LDL","PCa","1.117(95% CI:1.014-1.229; P=0.0242365293)","1.012(95% CI:0.991-1.032; P=0.2650539107)","1.133(95% CI:1.018-1.261; P=0.0227936474)","Adjusted","All_control_except_phenotype","Adjusted All_control_except_phenotype"
"S_LDL_PL","Phospholipids in Small LDL","PCa","1.11(95% CI:1.007-1.223; P=0.0349063089)","0.996(95% CI:0.976-1.016; P=0.7083015555)","1.139(95% CI:1.024-1.267; P=0.0164300861)","Adjusted","All_control_except_phenotype","Adjusted All_control_except_phenotype"
"S_LDL_TG","Triglycerides in Small LDL","PCa","1.037(95% CI:0.938-1.146; P=0.4806269378)","0.951(95% CI:0.93-0.972; P=0.0000068426)","1.076(95% CI:0.966-1.199; P=0.181375027)","Adjusted","All_control_except_phenotype","Adjusted All_control_except_phenotype"
"S_VLDL_C","Cholesterol in Small VLDL","PCa","1.107(95% CI:1.003-1.221; P=0.0428842761)","0.991(95% CI:0.972-1.011; P=0.3882106005)","1.146(95% CI:1.03-1.275; P=0.0122769811)","Adjusted","All_control_except_phenotype","Adjusted All_control_except_phenotype"
"S_VLDL_CE","Cholesteryl Esters in Small VLDL","PCa","1.1(95% CI:0.997-1.214; P=0.0565962628)","0.989(95% CI:0.969-1.009; P=0.2616215911)","1.14(95% CI:1.024-1.268; P=0.0162558941)","Adjusted","All_control_except_phenotype","Adjusted All_control_except_phenotype"
"S_VLDL_FC","Free Cholesterol in Small VLDL","PCa","1.113(95% CI:1.009-1.227; P=0.0317279092)","0.995(95% CI:0.975-1.015; P=0.5976499834)","1.149(95% CI:1.034-1.278; P=0.0102000861)","Adjusted","All_control_except_phenotype","Adjusted All_control_except_phenotype"
"S_VLDL_PL","Phospholipids in Small VLDL","PCa","1.104(95% CI:1-1.218; P=0.0500596846)","0.986(95% CI:0.966-1.006; P=0.1649497336)","1.147(95% CI:1.031-1.276; P=0.0116760447)","Adjusted","All_control_except_phenotype","Adjusted All_control_except_phenotype"
"S_VLDL_TG","Triglycerides in Small VLDL","PCa","1.044(95% CI:0.945-1.154; P=0.3953790655)","0.967(95% CI:0.946-0.987; P=0.0016387767)","1.094(95% CI:0.981-1.219; P=0.1067518404)","Adjusted","All_control_except_phenotype","Adjusted All_control_except_phenotype"
"SFA","Saturated Fatty Acids","PCa","1.047(95% CI:0.944-1.161; P=0.3852004969)","0.963(95% CI:0.943-0.983; P=0.0004294422)","1.094(95% CI:0.981-1.221; P=0.1066392862)","Adjusted","All_control_except_phenotype","Adjusted All_control_except_phenotype"
"Sphingomyelins","Sphingomyelins","PCa","1.072(95% CI:0.972-1.182; P=0.161995477)","1.011(95% CI:0.99-1.031; P=0.3128345838)","1.099(95% CI:0.989-1.221; P=0.0787478057)","Adjusted","All_control_except_phenotype","Adjusted All_control_except_phenotype"
"Total_C","Total Cholesterol","PCa","1.109(95% CI:1.004-1.225; P=0.0417775868)","1.003(95% CI:0.983-1.024; P=0.7673870795)","1.135(95% CI:1.019-1.265; P=0.020984261)","Adjusted","All_control_except_phenotype","Adjusted All_control_except_phenotype"
"Total_CE","Total Esterified Cholesterol","PCa","1.108(95% CI:1.003-1.224; P=0.0425569806)","1.004(95% CI:0.984-1.025; P=0.6847074739)","1.132(95% CI:1.017-1.261; P=0.0238276656)","Adjusted","All_control_except_phenotype","Adjusted All_control_except_phenotype"
"Total_FA","Total Fatty Acids","PCa","1.062(95% CI:0.957-1.179; P=0.255930752)","0.967(95% CI:0.947-0.987; P=0.0015590474)","1.111(95% CI:0.995-1.24; P=0.0604070135)","Adjusted","All_control_except_phenotype","Adjusted All_control_except_phenotype"
"Total_FC","Total Free Cholesterol","PCa","1.104(95% CI:1-1.219; P=0.0506946385)","0.998(95% CI:0.978-1.018; P=0.8244155081)","1.135(95% CI:1.02-1.264; P=0.0201968081)","Adjusted","All_control_except_phenotype","Adjusted All_control_except_phenotype"
"Total_L","Total Lipids in Lipoprotein Particles","PCa","1.092(95% CI:0.987-1.209; P=0.0891502206)","0.983(95% CI:0.963-1.003; P=0.095445775)","1.133(95% CI:1.017-1.263; P=0.0235326557)","Adjusted","All_control_except_phenotype","Adjusted All_control_except_phenotype"
"Total_PL","Total Phospholipids in Lipoprotein Particles","PCa","1.07(95% CI:0.968-1.184; P=0.1867681951)","0.985(95% CI:0.965-1.006; P=0.1542934353)","1.104(95% CI:0.992-1.229; P=0.0711764491)","Adjusted","All_control_except_phenotype","Adjusted All_control_except_phenotype"
"Total_TG","Total Triglycerides","PCa","1.045(95% CI:0.943-1.158; P=0.3977233019)","0.96(95% CI:0.94-0.981; P=0.0001720827)","1.094(95% CI:0.979-1.224; P=0.1141239862)","Adjusted","All_control_except_phenotype","Adjusted All_control_except_phenotype"
"Tyr","Tyrosine","PCa","0.967(95% CI:0.875-1.068; P=0.5043358507)","0.953(95% CI:0.933-0.973; P=0.0000058154)","0.964(95% CI:0.863-1.077; P=0.5149392695)","Adjusted","All_control_except_phenotype","Adjusted All_control_except_phenotype"
"Unsaturation","Degree of Unsaturation","PCa","0.988(95% CI:0.897-1.089; P=0.8118982405)","1.082(95% CI:1.06-1.105; P=0)","0.987(95% CI:0.884-1.101; P=0.8103431056)","Adjusted","All_control_except_phenotype","Adjusted All_control_except_phenotype"
"Val","Valine","PCa","0.983(95% CI:0.889-1.088; P=0.7463351802)","0.979(95% CI:0.959-1; P=0.047346835)","0.988(95% CI:0.884-1.105; P=0.8335342908)","Adjusted","All_control_except_phenotype","Adjusted All_control_except_phenotype"
"VLDL_C","VLDL Cholesterol","PCa","1.102(95% CI:0.997-1.219; P=0.0578287314)","0.983(95% CI:0.963-1.003; P=0.0952990304)","1.147(95% CI:1.029-1.279; P=0.0136779272)","Adjusted","All_control_except_phenotype","Adjusted All_control_except_phenotype"
"VLDL_CE","Cholesteryl Esters in VLDL","PCa","1.105(95% CI:1.001-1.221; P=0.0482084352)","0.988(95% CI:0.969-1.008; P=0.2571061435)","1.146(95% CI:1.029-1.276; P=0.0133677401)","Adjusted","All_control_except_phenotype","Adjusted All_control_except_phenotype"
"VLDL_FC","Free Cholesterol in VLDL","PCa","1.091(95% CI:0.987-1.205; P=0.0897752999)","0.974(95% CI:0.954-0.994; P=0.0118645704)","1.135(95% CI:1.018-1.265; P=0.0219130907)","Adjusted","All_control_except_phenotype","Adjusted All_control_except_phenotype"
"VLDL_L","Total Lipids in VLDL","PCa","1.076(95% CI:0.971-1.193; P=0.1627909295)","0.969(95% CI:0.949-0.989; P=0.0025388913)","1.128(95% CI:1.009-1.261; P=0.0340056624)","Adjusted","All_control_except_phenotype","Adjusted All_control_except_phenotype"
"VLDL_PL","Phospholipids in VLDL","PCa","1.081(95% CI:0.977-1.196; P=0.1316929574)","0.969(95% CI:0.949-0.989; P=0.0030169846)","1.127(95% CI:1.011-1.257; P=0.0315116657)","Adjusted","All_control_except_phenotype","Adjusted All_control_except_phenotype"
"VLDL_TG","Triglycerides in VLDL","PCa","1.053(95% CI:0.951-1.165; P=0.323118061)","0.962(95% CI:0.942-0.982; P=0.0003113718)","1.1(95% CI:0.984-1.229; P=0.0950020178)","Adjusted","All_control_except_phenotype","Adjusted All_control_except_phenotype"
"XL_HDL_C","Cholesterol in Very Large HDL","PCa","0.958(95% CI:0.868-1.057; P=0.3879845815)","1.02(95% CI:0.999-1.041; P=0.0611132332)","0.955(95% CI:0.856-1.066; P=0.4135714574)","Adjusted","All_control_except_phenotype","Adjusted All_control_except_phenotype"
"XL_HDL_CE","Cholesteryl Esters in Very Large HDL","PCa","0.958(95% CI:0.868-1.058; P=0.3985520149)","1.021(95% CI:1-1.042; P=0.0516727164)","0.955(95% CI:0.855-1.066; P=0.4125092987)","Adjusted","All_control_except_phenotype","Adjusted All_control_except_phenotype"
"XL_HDL_FC","Free Cholesterol in Very Large HDL","PCa","0.954(95% CI:0.866-1.051; P=0.3392841206)","1.015(95% CI:0.995-1.035; P=0.1522629537)","0.955(95% CI:0.858-1.064; P=0.4024948967)","Adjusted","All_control_except_phenotype","Adjusted All_control_except_phenotype"
"XL_HDL_PL","Phospholipids in Very Large HDL","PCa","0.932(95% CI:0.843-1.031; P=0.1711729215)","1.015(95% CI:0.995-1.036; P=0.1498130672)","0.929(95% CI:0.831-1.039; P=0.1981617566)","Adjusted","All_control_except_phenotype","Adjusted All_control_except_phenotype"
"XL_HDL_TG","Triglycerides in Very Large HDL","PCa","1.004(95% CI:0.908-1.111; P=0.9347624441)","0.96(95% CI:0.94-0.98; P=0.0001516978)","1.047(95% CI:0.94-1.166; P=0.4079019287)","Adjusted","All_control_except_phenotype","Adjusted All_control_except_phenotype"
"XL_VLDL_C","Cholesterol in Very Large VLDL","PCa","1.083(95% CI:0.98-1.196; P=0.1167982064)","0.964(95% CI:0.944-0.984; P=0.000560091)","1.123(95% CI:1.008-1.251; P=0.0351276138)","Adjusted","All_control_except_phenotype","Adjusted All_control_except_phenotype"
"XL_VLDL_CE","Cholesteryl Esters in Very Large VLDL","PCa","1.101(95% CI:0.998-1.216; P=0.0560659886)","0.97(95% CI:0.95-0.99; P=0.0034727296)","1.141(95% CI:1.025-1.271; P=0.0158331514)","Adjusted","All_control_except_phenotype","Adjusted All_control_except_phenotype"
"XL_VLDL_FC","Free Cholesterol in Very Large VLDL","PCa","1.061(95% CI:0.96-1.171; P=0.2469120778)","0.959(95% CI:0.938-0.979; P=0.0001049927)","1.099(95% CI:0.986-1.224; P=0.0876590473)","Adjusted","All_control_except_phenotype","Adjusted All_control_except_phenotype"
"XL_VLDL_PL","Phospholipids in Very Large VLDL","PCa","1.056(95% CI:0.956-1.167; P=0.2824194717)","0.956(95% CI:0.936-0.977; P=0.000048195)","1.094(95% CI:0.981-1.219; P=0.1052957937)","Adjusted","All_control_except_phenotype","Adjusted All_control_except_phenotype"
"XL_VLDL_TG","Triglycerides in Very Large VLDL","PCa","1.045(95% CI:0.946-1.155; P=0.3877864997)","0.956(95% CI:0.935-0.976; P=0.0000388882)","1.083(95% CI:0.97-1.208; P=0.1568520814)","Adjusted","All_control_except_phenotype","Adjusted All_control_except_phenotype"
"XS_VLDL_C","Cholesterol in Very Small VLDL","PCa","1.071(95% CI:0.971-1.18; P=0.1687656978)","1.003(95% CI:0.983-1.023; P=0.7959199648)","1.101(95% CI:0.99-1.223; P=0.0750422778)","Adjusted","All_control_except_phenotype","Adjusted All_control_except_phenotype"
"XS_VLDL_CE","Cholesteryl Esters in Very Small VLDL","PCa","1.071(95% CI:0.973-1.18; P=0.1623862095)","1.006(95% CI:0.986-1.026; P=0.5458283944)","1.098(95% CI:0.988-1.22; P=0.0820044788)","Adjusted","All_control_except_phenotype","Adjusted All_control_except_phenotype"
"XS_VLDL_FC","Free Cholesterol in Very Small VLDL","PCa","1.064(95% CI:0.965-1.174; P=0.2143863167)","0.993(95% CI:0.973-1.013; P=0.4947757297)","1.099(95% CI:0.989-1.221; P=0.0801612381)","Adjusted","All_control_except_phenotype","Adjusted All_control_except_phenotype"
"XS_VLDL_PL","Phospholipids in Very Small VLDL","PCa","1.051(95% CI:0.952-1.161; P=0.3214037754)","0.984(95% CI:0.965-1.004; P=0.1254638858)","1.087(95% CI:0.977-1.208; P=0.1258869174)","Adjusted","All_control_except_phenotype","Adjusted All_control_except_phenotype"
"XS_VLDL_TG","Triglycerides in Very Small VLDL","PCa","1.019(95% CI:0.921-1.127; P=0.7160528722)","0.962(95% CI:0.941-0.982; P=0.0003435852)","1.06(95% CI:0.951-1.181; P=0.2935587163)","Adjusted","All_control_except_phenotype","Adjusted All_control_except_phenotype"
"XXL_VLDL_C","Cholesterol in Chylomicrons and Extremely Large VLDL","PCa","1.036(95% CI:0.937-1.145; P=0.489326459)","0.95(95% CI:0.93-0.971; P=0.0000046628)","1.069(95% CI:0.958-1.193; P=0.2331048967)","Adjusted","All_control_except_phenotype","Adjusted All_control_except_phenotype"
"XXL_VLDL_CE","Cholesteryl Esters in Chylomicrons and Extremely Large VLDL","PCa","1.047(95% CI:0.947-1.156; P=0.3694412002)","0.951(95% CI:0.931-0.972; P=0.000006138)","1.081(95% CI:0.969-1.205; P=0.1616224084)","Adjusted","All_control_except_phenotype","Adjusted All_control_except_phenotype"
"XXL_VLDL_FC","Free Cholesterol in Chylomicrons and Extremely Large VLDL","PCa","1.02(95% CI:0.922-1.128; P=0.7043782005)","0.95(95% CI:0.929-0.971; P=0.0000043292)","1.05(95% CI:0.94-1.173; P=0.3866092211)","Adjusted","All_control_except_phenotype","Adjusted All_control_except_phenotype"
"XXL_VLDL_PL","Phospholipids in Chylomicrons and Extremely Large VLDL","PCa","1.014(95% CI:0.916-1.122; P=0.7904438419)","0.948(95% CI:0.928-0.969; P=0.0000023689)","1.043(95% CI:0.934-1.165; P=0.457073814)","Adjusted","All_control_except_phenotype","Adjusted All_control_except_phenotype"
"XXL_VLDL_TG","Triglycerides in Chylomicrons and Extremely Large VLDL","PCa","1.022(95% CI:0.923-1.131; P=0.6744079061)","0.951(95% CI:0.93-0.972; P=0.000005451)","1.05(95% CI:0.94-1.174; P=0.3879626026)","Adjusted","All_control_except_phenotype","Adjusted All_control_except_phenotype"
"Acetate","Acetate","PCa_after_70","1.058(95% CI:0.986-1.135; P=0.1191074846)","0.999(95% CI:0.964-1.036; P=0.9732366629)","1.042(95% CI:0.943-1.152; P=0.416473279)","Adjusted","All_control_except_phenotype","Adjusted All_control_except_phenotype"
"Acetoacetate","Acetoacetate","PCa_after_70","0.973(95% CI:0.838-1.13; P=0.7215404692)","1.027(95% CI:0.997-1.058; P=0.0761360039)","0.874(95% CI:0.712-1.072; P=0.1957801122)","Adjusted","All_control_except_phenotype","Adjusted All_control_except_phenotype"
"Acetone","Acetone","PCa_after_70","0.912(95% CI:0.771-1.079; P=0.2816998697)","1.045(95% CI:1.015-1.077; P=0.003588269)","0.903(95% CI:0.744-1.096; P=0.3034806505)","Adjusted","All_control_except_phenotype","Adjusted All_control_except_phenotype"
"Ala","Alanine","PCa_after_70","0.928(95% CI:0.81-1.063; P=0.2822042891)","0.967(95% CI:0.936-0.999; P=0.0411814356)","1.053(95% CI:0.887-1.249; P=0.5563930619)","Adjusted","All_control_except_phenotype","Adjusted All_control_except_phenotype"
"Albumin","Albumin","PCa_after_70","1.11(95% CI:0.96-1.283; P=0.1581048312)","1.001(95% CI:0.969-1.034; P=0.9631984581)","1.142(95% CI:0.959-1.359; P=0.1361276204)","Adjusted","All_control_except_phenotype","Adjusted All_control_except_phenotype"
"ApoA1","Apolipoprotein A1","PCa_after_70","0.95(95% CI:0.829-1.089; P=0.4648680082)","1.022(95% CI:0.988-1.057; P=0.2017611937)","0.94(95% CI:0.793-1.114; P=0.4758864598)","Adjusted","All_control_except_phenotype","Adjusted All_control_except_phenotype"
"ApoB","Apolipoprotein B","PCa_after_70","1.031(95% CI:0.9-1.18; P=0.6627534915)","0.978(95% CI:0.948-1.01; P=0.177849844)","1.078(95% CI:0.913-1.272; P=0.3749056507)","Adjusted","All_control_except_phenotype","Adjusted All_control_except_phenotype"
"bOHbutyrate","3-Hydroxybutyrate","PCa_after_70","0.94(95% CI:0.805-1.098; P=0.4341674425)","1.03(95% CI:1-1.061; P=0.0465498642)","0.98(95% CI:0.822-1.169; P=0.8207343139)","Adjusted","All_control_except_phenotype","Adjusted All_control_except_phenotype"
"Cholines","Total Cholines","PCa_after_70","0.958(95% CI:0.833-1.103; P=0.5522447415)","0.996(95% CI:0.964-1.03; P=0.8319481218)","1(95% CI:0.845-1.182; P=0.9957300576)","Adjusted","All_control_except_phenotype","Adjusted All_control_except_phenotype"
"Citrate","Citrate","PCa_after_70","0.866(95% CI:0.754-0.995; P=0.0424670783)","1.001(95% CI:0.969-1.033; P=0.9581856839)","0.915(95% CI:0.777-1.078; P=0.2882914794)","Adjusted","All_control_except_phenotype","Adjusted All_control_except_phenotype"
"Clinical_LDL_C","Clinical LDL Cholesterol","PCa_after_70","1.066(95% CI:0.932-1.219; P=0.3539527669)","0.995(95% CI:0.964-1.027; P=0.7526511438)","1.089(95% CI:0.922-1.287; P=0.3141118432)","Adjusted","All_control_except_phenotype","Adjusted All_control_except_phenotype"
"Creatinine","Creatinine","PCa_after_70","0.907(95% CI:0.797-1.031; P=0.1358397752)","1.021(95% CI:0.991-1.052; P=0.1728399818)","1.008(95% CI:0.858-1.185; P=0.9201920726)","Adjusted","All_control_except_phenotype","Adjusted All_control_except_phenotype"
"DHA","Docosahexaenoic Acid","PCa_after_70","0.946(95% CI:0.828-1.08; P=0.4080465587)","1.045(95% CI:1.013-1.077; P=0.0050552139)","1.012(95% CI:0.86-1.19; P=0.887946629)","Adjusted","All_control_except_phenotype","Adjusted All_control_except_phenotype"
"Gln","Glutamine","PCa_after_70","1.074(95% CI:0.938-1.23; P=0.2985137879)","1.003(95% CI:0.971-1.037; P=0.8516815105)","1.159(95% CI:0.978-1.373; P=0.0881783498)","Adjusted","All_control_except_phenotype","Adjusted All_control_except_phenotype"
"Glucose","Glucose","PCa_after_70","0.915(95% CI:0.798-1.049; P=0.2010132236)","0.969(95% CI:0.938-1.002; P=0.0667502955)","0.886(95% CI:0.743-1.057; P=0.1795122582)","Adjusted","All_control_except_phenotype","Adjusted All_control_except_phenotype"
"Gly","Glycine","PCa_after_70","0.923(95% CI:0.804-1.058; P=0.2502007845)","0.967(95% CI:0.935-1; P=0.0494177372)","1.075(95% CI:0.91-1.27; P=0.3968027897)","Adjusted","All_control_except_phenotype","Adjusted All_control_except_phenotype"
"GlycA","Glycoprotein Acetyls","PCa_after_70","1.024(95% CI:0.887-1.181; P=0.7484307233)","0.99(95% CI:0.957-1.024; P=0.5625482399)","1.118(95% CI:0.937-1.334; P=0.216938658)","Adjusted","All_control_except_phenotype","Adjusted All_control_except_phenotype"
"HDL_C","HDL Cholesterol","PCa_after_70","0.96(95% CI:0.839-1.097; P=0.5467737616)","1.034(95% CI:0.999-1.069; P=0.0539507692)","0.928(95% CI:0.783-1.099; P=0.3857018577)","Adjusted","All_control_except_phenotype","Adjusted All_control_except_phenotype"
"HDL_CE","Cholesteryl Esters in HDL","PCa_after_70","0.966(95% CI:0.844-1.106; P=0.6178361273)","1.038(95% CI:1.003-1.073; P=0.0318152316)","0.929(95% CI:0.783-1.102; P=0.3972098682)","Adjusted","All_control_except_phenotype","Adjusted All_control_except_phenotype"
"HDL_FC","Free Cholesterol in HDL","PCa_after_70","0.938(95% CI:0.82-1.072; P=0.3457381524)","1.017(95% CI:0.984-1.051; P=0.3115938195)","0.93(95% CI:0.788-1.097; P=0.3886567597)","Adjusted","All_control_except_phenotype","Adjusted All_control_except_phenotype"
"HDL_L","Total Lipids in HDL","PCa_after_70","0.942(95% CI:0.821-1.079; P=0.3873811771)","1.025(95% CI:0.99-1.06; P=0.1595373336)","0.928(95% CI:0.783-1.099; P=0.3868133163)","Adjusted","All_control_except_phenotype","Adjusted All_control_except_phenotype"
"HDL_PL","Phospholipids in HDL","PCa_after_70","0.939(95% CI:0.818-1.078; P=0.373931854)","1.023(95% CI:0.989-1.058; P=0.1867676134)","0.93(95% CI:0.784-1.103; P=0.4050134384)","Adjusted","All_control_except_phenotype","Adjusted All_control_except_phenotype"
"HDL_TG","Triglycerides in HDL","PCa_after_70","0.935(95% CI:0.803-1.088; P=0.3826569649)","0.961(95% CI:0.928-0.995; P=0.0239811355)","1.003(95% CI:0.838-1.2; P=0.9761352801)","Adjusted","All_control_except_phenotype","Adjusted All_control_except_phenotype"
"His","Histidine","PCa_after_70","1.025(95% CI:0.894-1.174; P=0.7269145062)","0.989(95% CI:0.957-1.022; P=0.5001044491)","1.054(95% CI:0.891-1.248; P=0.5389203828)","Adjusted","All_control_except_phenotype","Adjusted All_control_except_phenotype"
"IDL_C","Cholesterol in IDL","PCa_after_70","1.016(95% CI:0.891-1.16; P=0.8100858486)","0.999(95% CI:0.968-1.03; P=0.9267361089)","1.033(95% CI:0.878-1.216; P=0.6952989248)","Adjusted","All_control_except_phenotype","Adjusted All_control_except_phenotype"
"IDL_CE","Cholesteryl Esters in IDL","PCa_after_70","1.009(95% CI:0.884-1.151; P=0.8958708157)","0.998(95% CI:0.967-1.029; P=0.8797744458)","1.027(95% CI:0.873-1.209; P=0.7441596731)","Adjusted","All_control_except_phenotype","Adjusted All_control_except_phenotype"
"IDL_FC","Free Cholesterol in IDL","PCa_after_70","1.024(95% CI:0.899-1.167; P=0.7158195713)","0.996(95% CI:0.965-1.028; P=0.8254239047)","1.037(95% CI:0.881-1.22; P=0.6647454524)","Adjusted","All_control_except_phenotype","Adjusted All_control_except_phenotype"
"IDL_PL","Phospholipids in IDL","PCa_after_70","1.013(95% CI:0.887-1.156; P=0.8509395403)","0.991(95% CI:0.96-1.022; P=0.5612292733)","1.037(95% CI:0.881-1.222; P=0.6593461083)","Adjusted","All_control_except_phenotype","Adjusted All_control_except_phenotype"
"IDL_TG","Triglycerides in IDL","PCa_after_70","0.926(95% CI:0.794-1.08; P=0.3282117207)","0.953(95% CI:0.92-0.987; P=0.0072394482)","0.988(95% CI:0.825-1.183; P=0.8957458016)","Adjusted","All_control_except_phenotype","Adjusted All_control_except_phenotype"
"Ile","Isoleucine","PCa_after_70","0.982(95% CI:0.856-1.125; P=0.7890867868)","1.012(95% CI:0.981-1.045; P=0.4467219874)","1.005(95% CI:0.846-1.193; P=0.9556880781)","Adjusted","All_control_except_phenotype","Adjusted All_control_except_phenotype"
"L_HDL_C","Cholesterol in Large HDL","PCa_after_70","0.932(95% CI:0.814-1.066; P=0.3039402258)","1.031(95% CI:0.998-1.066; P=0.0662451757)","0.896(95% CI:0.755-1.064; P=0.2113201191)","Adjusted","All_control_except_phenotype","Adjusted All_control_except_phenotype"
"L_HDL_CE","Cholesteryl Esters in Large HDL","PCa_after_70","0.933(95% CI:0.815-1.068; P=0.3165524949)","1.033(95% CI:0.999-1.067; P=0.0538369193)","0.896(95% CI:0.754-1.065; P=0.2121701639)","Adjusted","All_control_except_phenotype","Adjusted All_control_except_phenotype"
"L_HDL_FC","Free Cholesterol in Large HDL","PCa_after_70","0.924(95% CI:0.808-1.056; P=0.247363097)","1.022(95% CI:0.989-1.055; P=0.1912615819)","0.898(95% CI:0.759-1.064; P=0.2150891928)","Adjusted","All_control_except_phenotype","Adjusted All_control_except_phenotype"
"L_HDL_PL","Phospholipids in Large HDL","PCa_after_70","0.92(95% CI:0.803-1.055; P=0.2322219232)","1.029(95% CI:0.995-1.063; P=0.0950708506)","0.896(95% CI:0.756-1.063; P=0.2097955159)","Adjusted","All_control_except_phenotype","Adjusted All_control_except_phenotype"
"L_HDL_TG","Triglycerides in Large HDL","PCa_after_70","0.896(95% CI:0.77-1.042; P=0.1554476884)","0.972(95% CI:0.939-1.005; P=0.0925138055)","0.955(95% CI:0.799-1.143; P=0.616309002)","Adjusted","All_control_except_phenotype","Adjusted All_control_except_phenotype"
"L_LDL_C","Cholesterol in Large LDL","PCa_after_70","1.052(95% CI:0.92-1.202; P=0.4573239302)","0.991(95% CI:0.96-1.023; P=0.5878007761)","1.077(95% CI:0.912-1.271; P=0.3810465366)","Adjusted","All_control_except_phenotype","Adjusted All_control_except_phenotype"
"L_LDL_CE","Cholesteryl Esters in Large LDL","PCa_after_70","1.049(95% CI:0.918-1.199; P=0.4798848553)","0.989(95% CI:0.957-1.021; P=0.4791738392)","1.079(95% CI:0.914-1.273; P=0.3703196416)","Adjusted","All_control_except_phenotype","Adjusted All_control_except_phenotype"
"L_LDL_FC","Free Cholesterol in Large LDL","PCa_after_70","1.047(95% CI:0.917-1.194; P=0.498021531)","0.993(95% CI:0.962-1.025; P=0.668297623)","1.061(95% CI:0.899-1.253; P=0.4817433265)","Adjusted","All_control_except_phenotype","Adjusted All_control_except_phenotype"
"L_LDL_PL","Phospholipids in Large LDL","PCa_after_70","1.045(95% CI:0.914-1.193; P=0.5211898442)","0.989(95% CI:0.958-1.021; P=0.490713233)","1.07(95% CI:0.907-1.263; P=0.4213895847)","Adjusted","All_control_except_phenotype","Adjusted All_control_except_phenotype"
"L_LDL_TG","Triglycerides in Large LDL","PCa_after_70","0.936(95% CI:0.802-1.093; P=0.4036564897)","0.947(95% CI:0.914-0.981; P=0.0027233551)","0.993(95% CI:0.828-1.191; P=0.9394039017)","Adjusted","All_control_except_phenotype","Adjusted All_control_except_phenotype"
"L_VLDL_C","Cholesterol in Large VLDL","PCa_after_70","1.009(95% CI:0.874-1.164; P=0.9061389328)","0.96(95% CI:0.928-0.993; P=0.0186817674)","1.088(95% CI:0.917-1.291; P=0.3318228273)","Adjusted","All_control_except_phenotype","Adjusted All_control_except_phenotype"
"L_VLDL_CE","Cholesteryl Esters in Large VLDL","PCa_after_70","1.006(95% CI:0.873-1.16; P=0.9302811387)","0.966(95% CI:0.934-0.999; P=0.0414608281)","1.085(95% CI:0.916-1.285; P=0.3435291635)","Adjusted","All_control_except_phenotype","Adjusted All_control_except_phenotype"
"L_VLDL_FC","Free Cholesterol in Large VLDL","PCa_after_70","1.009(95% CI:0.872-1.167; P=0.9030943962)","0.955(95% CI:0.923-0.989; P=0.0089982016)","1.084(95% CI:0.912-1.289; P=0.3583779408)","Adjusted","All_control_except_phenotype","Adjusted All_control_except_phenotype"
"L_VLDL_PL","Phospholipids in Large VLDL","PCa_after_70","1.004(95% CI:0.868-1.162; P=0.9566865553)","0.953(95% CI:0.921-0.987; P=0.0069498354)","1.081(95% CI:0.909-1.285; P=0.3805993108)","Adjusted","All_control_except_phenotype","Adjusted All_control_except_phenotype"
"L_VLDL_TG","Triglycerides in Large VLDL","PCa_after_70","1.02(95% CI:0.884-1.177; P=0.7880308381)","0.96(95% CI:0.928-0.994; P=0.0212738806)","1.098(95% CI:0.925-1.302; P=0.2844533807)","Adjusted","All_control_except_phenotype","Adjusted All_control_except_phenotype"
"LA","Linoleic Acid","PCa_after_70","1.015(95% CI:0.883-1.166; P=0.8343195182)","0.98(95% CI:0.949-1.011; P=0.2021764155)","1.06(95% CI:0.896-1.254; P=0.4962806697)","Adjusted","All_control_except_phenotype","Adjusted All_control_except_phenotype"
"Lactate","Lactate","PCa_after_70","0.897(95% CI:0.78-1.03; P=0.1242755761)","1.007(95% CI:0.974-1.041; P=0.6811470509)","0.922(95% CI:0.775-1.097; P=0.3613435172)","Adjusted","All_control_except_phenotype","Adjusted All_control_except_phenotype"
"LDL_C","LDL Cholesterol","PCa_after_70","1.06(95% CI:0.927-1.213; P=0.3921247305)","0.988(95% CI:0.957-1.02; P=0.4558137203)","1.094(95% CI:0.926-1.291; P=0.2917138054)","Adjusted","All_control_except_phenotype","Adjusted All_control_except_phenotype"
"LDL_CE","Cholesteryl Esters in LDL","PCa_after_70","1.058(95% CI:0.924-1.21; P=0.4144650098)","0.984(95% CI:0.954-1.016; P=0.3278712895)","1.097(95% CI:0.929-1.295; P=0.2758223777)","Adjusted","All_control_except_phenotype","Adjusted All_control_except_phenotype"
"LDL_FC","Free Cholesterol in LDL","PCa_after_70","1.055(95% CI:0.924-1.205; P=0.4257054979)","0.993(95% CI:0.962-1.025; P=0.6694921005)","1.072(95% CI:0.908-1.267; P=0.4112491603)","Adjusted","All_control_except_phenotype","Adjusted All_control_except_phenotype"
"LDL_L","Total Lipids in LDL","PCa_after_70","1.053(95% CI:0.92-1.205; P=0.4542416891)","0.985(95% CI:0.955-1.017; P=0.3523544701)","1.09(95% CI:0.923-1.287; P=0.3106069723)","Adjusted","All_control_except_phenotype","Adjusted All_control_except_phenotype"
"LDL_PL","Phospholipids in LDL","PCa_after_70","1.048(95% CI:0.917-1.198; P=0.4928986435)","0.984(95% CI:0.953-1.016; P=0.3145756675)","1.081(95% CI:0.916-1.276; P=0.3574263593)","Adjusted","All_control_except_phenotype","Adjusted All_control_except_phenotype"
"LDL_TG","Triglycerides in LDL","PCa_after_70","0.943(95% CI:0.808-1.101; P=0.4585468454)","0.945(95% CI:0.912-0.979; P=0.0019461306)","1.006(95% CI:0.84-1.207; P=0.9442916651)","Adjusted","All_control_except_phenotype","Adjusted All_control_except_phenotype"
"Leu","Leucine","PCa_after_70","0.994(95% CI:0.869-1.137; P=0.9297187059)","1.004(95% CI:0.973-1.037; P=0.7865960851)","1.023(95% CI:0.866-1.209; P=0.7881420053)","Adjusted","All_control_except_phenotype","Adjusted All_control_except_phenotype"
"M_HDL_C","Cholesterol in Medium HDL","PCa_after_70","0.969(95% CI:0.846-1.11; P=0.6524987564)","1.036(95% CI:1.001-1.071; P=0.0440774507)","0.939(95% CI:0.791-1.115; P=0.4746293285)","Adjusted","All_control_except_phenotype","Adjusted All_control_except_phenotype"
"M_HDL_CE","Cholesteryl Esters in Medium HDL","PCa_after_70","0.974(95% CI:0.85-1.116; P=0.7010528664)","1.038(95% CI:1.003-1.074; P=0.0317349189)","0.94(95% CI:0.791-1.117; P=0.481084761)","Adjusted","All_control_except_phenotype","Adjusted All_control_except_phenotype"
"M_HDL_FC","Free Cholesterol in Medium HDL","PCa_after_70","0.95(95% CI:0.83-1.088; P=0.4622894786)","1.024(95% CI:0.99-1.059; P=0.1685644641)","0.941(95% CI:0.794-1.114; P=0.4771808552)","Adjusted","All_control_except_phenotype","Adjusted All_control_except_phenotype"
"M_HDL_PL","Phospholipids in Medium HDL","PCa_after_70","0.956(95% CI:0.831-1.099; P=0.5259907586)","1.021(95% CI:0.987-1.057; P=0.2261228968)","0.949(95% CI:0.797-1.129; P=0.5526817798)","Adjusted","All_control_except_phenotype","Adjusted All_control_except_phenotype"
"M_HDL_TG","Triglycerides in Medium HDL","PCa_after_70","0.941(95% CI:0.809-1.094; P=0.4288442903)","0.966(95% CI:0.933-1; P=0.0494038002)","1(95% CI:0.835-1.197; P=0.9999167231)","Adjusted","All_control_except_phenotype","Adjusted All_control_except_phenotype"
"M_LDL_C","Cholesterol in Medium LDL","PCa_after_70","1.069(95% CI:0.933-1.224; P=0.3359353512)","0.978(95% CI:0.947-1.01; P=0.1814162353)","1.116(95% CI:0.944-1.319; P=0.2003173456)","Adjusted","All_control_except_phenotype","Adjusted All_control_except_phenotype"
"M_LDL_CE","Cholesteryl Esters in Medium LDL","PCa_after_70","1.069(95% CI:0.932-1.226; P=0.3402381607)","0.974(95% CI:0.943-1.006; P=0.1065379214)","1.122(95% CI:0.949-1.327; P=0.1778140661)","Adjusted","All_control_except_phenotype","Adjusted All_control_except_phenotype"
"M_LDL_FC","Free Cholesterol in Medium LDL","PCa_after_70","1.058(95% CI:0.926-1.209; P=0.4056649046)","0.989(95% CI:0.957-1.021; P=0.4877550969)","1.082(95% CI:0.914-1.279; P=0.3598051615)","Adjusted","All_control_except_phenotype","Adjusted All_control_except_phenotype"
"M_LDL_PL","Phospholipids in Medium LDL","PCa_after_70","1.049(95% CI:0.917-1.202; P=0.4848721012)","0.975(95% CI:0.944-1.007; P=0.1181161872)","1.092(95% CI:0.924-1.291; P=0.3005537183)","Adjusted","All_control_except_phenotype","Adjusted All_control_except_phenotype"
"M_LDL_TG","Triglycerides in Medium LDL","PCa_after_70","0.953(95% CI:0.816-1.112; P=0.5371695832)","0.941(95% CI:0.908-0.976; P=0.0010394161)","1.019(95% CI:0.85-1.221; P=0.8400797403)","Adjusted","All_control_except_phenotype","Adjusted All_control_except_phenotype"
"M_VLDL_C","Cholesterol in Medium VLDL","PCa_after_70","1.029(95% CI:0.9-1.177; P=0.6718563719)","0.987(95% CI:0.956-1.019; P=0.4059901735)","1.07(95% CI:0.907-1.264; P=0.4216472162)","Adjusted","All_control_except_phenotype","Adjusted All_control_except_phenotype"
"M_VLDL_CE","Cholesteryl Esters in Medium VLDL","PCa_after_70","1.032(95% CI:0.904-1.179; P=0.6383791473)","0.994(95% CI:0.962-1.026; P=0.7021081647)","1.057(95% CI:0.895-1.25; P=0.5135211757)","Adjusted","All_control_except_phenotype","Adjusted All_control_except_phenotype"
"M_VLDL_FC","Free Cholesterol in Medium VLDL","PCa_after_70","1.019(95% CI:0.888-1.169; P=0.7924458979)","0.976(95% CI:0.946-1.009; P=0.1484561734)","1.077(95% CI:0.912-1.273; P=0.3816666239)","Adjusted","All_control_except_phenotype","Adjusted All_control_except_phenotype"
"M_VLDL_PL","Phospholipids in Medium VLDL","PCa_after_70","1.019(95% CI:0.886-1.171; P=0.795014825)","0.971(95% CI:0.94-1.003; P=0.0750154755)","1.083(95% CI:0.916-1.28; P=0.3511194971)","Adjusted","All_control_except_phenotype","Adjusted All_control_except_phenotype"
"M_VLDL_TG","Triglycerides in Medium VLDL","PCa_after_70","1.017(95% CI:0.882-1.172; P=0.8156163586)","0.965(95% CI:0.933-0.999; P=0.0413550147)","1.106(95% CI:0.934-1.31; P=0.2412161983)","Adjusted","All_control_except_phenotype","Adjusted All_control_except_phenotype"
"MUFA","Monounsaturated Fatty Acids","PCa_after_70","0.972(95% CI:0.837-1.129; P=0.7090595345)","0.956(95% CI:0.924-0.99; P=0.0111805928)","1.049(95% CI:0.879-1.252; P=0.5978355453)","Adjusted","All_control_except_phenotype","Adjusted All_control_except_phenotype"
"non_HDL_C","Total Cholesterol Minus HDL-C","PCa_after_70","1.042(95% CI:0.91-1.192; P=0.5514424085)","0.987(95% CI:0.957-1.018; P=0.4035135509)","1.084(95% CI:0.919-1.278; P=0.339707027)","Adjusted","All_control_except_phenotype","Adjusted All_control_except_phenotype"
"Omega_3","Omega-3 Fatty Acids","PCa_after_70","0.93(95% CI:0.81-1.068; P=0.3054890194)","1.029(95% CI:0.997-1.063; P=0.071264129)","1.011(95% CI:0.855-1.195; P=0.8993392136)","Adjusted","All_control_except_phenotype","Adjusted All_control_except_phenotype"
"Omega_6","Omega-6 Fatty Acids","PCa_after_70","1.012(95% CI:0.878-1.167; P=0.8665465436)","0.987(95% CI:0.956-1.019; P=0.4243675769)","1.07(95% CI:0.902-1.268; P=0.439362179)","Adjusted","All_control_except_phenotype","Adjusted All_control_except_phenotype"
"Phe","Phenylalanine","PCa_after_70","1.005(95% CI:0.866-1.167; P=0.9476822411)","1.005(95% CI:0.973-1.038; P=0.7688424522)","1.066(95% CI:0.9-1.261; P=0.4600568934)","Adjusted","All_control_except_phenotype","Adjusted All_control_except_phenotype"
"Phosphatidylc","Phosphatidylcholines","PCa_after_70","0.943(95% CI:0.817-1.088; P=0.4219326348)","0.995(95% CI:0.963-1.029; P=0.7872995368)","0.981(95% CI:0.828-1.163; P=0.8279254106)","Adjusted","All_control_except_phenotype","Adjusted All_control_except_phenotype"
"Phosphoglyc","Phosphoglycerides","PCa_after_70","0.95(95% CI:0.823-1.097; P=0.4866937787)","0.994(95% CI:0.961-1.027; P=0.6984479642)","0.999(95% CI:0.843-1.184; P=0.9877368181)","Adjusted","All_control_except_phenotype","Adjusted All_control_except_phenotype"
"PUFA","Polyunsaturated Fatty Acids","PCa_after_70","0.984(95% CI:0.851-1.138; P=0.8279529128)","0.996(95% CI:0.964-1.029; P=0.8136390743)","1.061(95% CI:0.894-1.259; P=0.4988555384)","Adjusted","All_control_except_phenotype","Adjusted All_control_except_phenotype"
"Pyruvate","Pyruvate","PCa_after_70","0.839(95% CI:0.723-0.974; P=0.020701841)","0.98(95% CI:0.948-1.014; P=0.249487878)","0.839(95% CI:0.695-1.013; P=0.067747373)","Adjusted","All_control_except_phenotype","Adjusted All_control_except_phenotype"
"Remnant_C","Remnant Cholesterol (Non-HDL and Non-LDL -Cholesterol)","PCa_after_70","1.017(95% CI:0.887-1.165; P=0.8132901455)","0.983(95% CI:0.953-1.014; P=0.2913915117)","1.067(95% CI:0.905-1.258; P=0.440566461)","Adjusted","All_control_except_phenotype","Adjusted All_control_except_phenotype"
"S_HDL_C","Cholesterol in Small HDL","PCa_after_70","1.077(95% CI:0.935-1.24; P=0.3060769187)","1.014(95% CI:0.981-1.049; P=0.4058303831)","1.08(95% CI:0.904-1.291; P=0.3953936164)","Adjusted","All_control_except_phenotype","Adjusted All_control_except_phenotype"
"S_HDL_CE","Cholesteryl Esters in Small HDL","PCa_after_70","1.099(95% CI:0.953-1.268; P=0.193616599)","1.021(95% CI:0.987-1.055; P=0.2310437033)","1.089(95% CI:0.909-1.304; P=0.3553565031)","Adjusted","All_control_except_phenotype","Adjusted All_control_except_phenotype"
"S_HDL_FC","Free Cholesterol in Small HDL","PCa_after_70","0.999(95% CI:0.867-1.152; P=0.9934567436)","0.992(95% CI:0.96-1.026; P=0.6518285215)","1.04(95% CI:0.876-1.235; P=0.6565721259)","Adjusted","All_control_except_phenotype","Adjusted All_control_except_phenotype"
"S_HDL_PL","Phospholipids in Small HDL","PCa_after_70","1.008(95% CI:0.874-1.164; P=0.9098678466)","1.007(95% CI:0.973-1.042; P=0.6881614706)","1.03(95% CI:0.863-1.23; P=0.7432068529)","Adjusted","All_control_except_phenotype","Adjusted All_control_except_phenotype"
"S_HDL_TG","Triglycerides in Small HDL","PCa_after_70","0.967(95% CI:0.833-1.123; P=0.6584276856)","0.954(95% CI:0.921-0.988; P=0.0081560742)","1.035(95% CI:0.866-1.237; P=0.7071419288)","Adjusted","All_control_except_phenotype","Adjusted All_control_except_phenotype"
"S_LDL_C","Cholesterol in Small LDL","PCa_after_70","1.057(95% CI:0.924-1.21; P=0.4164276039)","0.975(95% CI:0.944-1.007; P=0.1286470579)","1.098(95% CI:0.93-1.298; P=0.2695805461)","Adjusted","All_control_except_phenotype","Adjusted All_control_except_phenotype"
"S_LDL_CE","Cholesteryl Esters in Small LDL","PCa_after_70","1.052(95% CI:0.918-1.206; P=0.4645822004)","0.97(95% CI:0.939-1.002; P=0.065331273)","1.101(95% CI:0.932-1.302; P=0.2574891347)","Adjusted","All_control_except_phenotype","Adjusted All_control_except_phenotype"
"S_LDL_FC","Free Cholesterol in Small LDL","PCa_after_70","1.061(95% CI:0.929-1.212; P=0.3822390736)","0.99(95% CI:0.959-1.023; P=0.5500415323)","1.076(95% CI:0.909-1.274; P=0.3943310655)","Adjusted","All_control_except_phenotype","Adjusted All_control_except_phenotype"
"S_LDL_PL","Phospholipids in Small LDL","PCa_after_70","1.035(95% CI:0.905-1.183; P=0.6151654036)","0.974(95% CI:0.943-1.005; P=0.1035294549)","1.069(95% CI:0.905-1.262; P=0.4340236832)","Adjusted","All_control_except_phenotype","Adjusted All_control_except_phenotype"
"S_LDL_TG","Triglycerides in Small LDL","PCa_after_70","0.966(95% CI:0.829-1.127; P=0.6624772168)","0.943(95% CI:0.91-0.978; P=0.0016532754)","1.039(95% CI:0.868-1.242; P=0.6793269174)","Adjusted","All_control_except_phenotype","Adjusted All_control_except_phenotype"
"S_VLDL_C","Cholesterol in Small VLDL","PCa_after_70","1.017(95% CI:0.886-1.167; P=0.8113725886)","0.975(95% CI:0.944-1.007; P=0.1274000695)","1.078(95% CI:0.913-1.274; P=0.3758151342)","Adjusted","All_control_except_phenotype","Adjusted All_control_except_phenotype"
"S_VLDL_CE","Cholesteryl Esters in Small VLDL","PCa_after_70","1.012(95% CI:0.882-1.162; P=0.8634192279)","0.973(95% CI:0.942-1.005; P=0.0942346863)","1.076(95% CI:0.91-1.271; P=0.3919185913)","Adjusted","All_control_except_phenotype","Adjusted All_control_except_phenotype"
"S_VLDL_FC","Free Cholesterol in Small VLDL","PCa_after_70","1.022(95% CI:0.892-1.172; P=0.7509975654)","0.978(95% CI:0.947-1.01; P=0.1839490707)","1.076(95% CI:0.911-1.27; P=0.3894582989)","Adjusted","All_control_except_phenotype","Adjusted All_control_except_phenotype"
"S_VLDL_PL","Phospholipids in Small VLDL","PCa_after_70","1.008(95% CI:0.877-1.159; P=0.9106172401)","0.971(95% CI:0.94-1.003; P=0.0775774957)","1.075(95% CI:0.91-1.271; P=0.3940904963)","Adjusted","All_control_except_phenotype","Adjusted All_control_except_phenotype"
"S_VLDL_TG","Triglycerides in Small VLDL","PCa_after_70","0.966(95% CI:0.834-1.119; P=0.6461897569)","0.963(95% CI:0.931-0.997; P=0.0338658814)","1.054(95% CI:0.886-1.254; P=0.5536785578)","Adjusted","All_control_except_phenotype","Adjusted All_control_except_phenotype"
"SFA","Saturated Fatty Acids","PCa_after_70","0.967(95% CI:0.833-1.123; P=0.6624303103)","0.966(95% CI:0.934-1; P=0.0486758256)","1.047(95% CI:0.879-1.248; P=0.6033632865)","Adjusted","All_control_except_phenotype","Adjusted All_control_except_phenotype"
"Sphingomyelins","Sphingomyelins","PCa_after_70","0.995(95% CI:0.871-1.137; P=0.9449986563)","1.006(95% CI:0.974-1.039; P=0.7108047285)","1.025(95% CI:0.871-1.207; P=0.7648755961)","Adjusted","All_control_except_phenotype","Adjusted All_control_except_phenotype"
"Total_C","Total Cholesterol","PCa_after_70","1.024(95% CI:0.896-1.17; P=0.7301863608)","0.996(95% CI:0.965-1.027; P=0.782210468)","1.052(95% CI:0.893-1.239; P=0.542583225)","Adjusted","All_control_except_phenotype","Adjusted All_control_except_phenotype"
"Total_CE","Total Esterified Cholesterol","PCa_after_70","1.026(95% CI:0.898-1.172; P=0.7081946646)","0.998(95% CI:0.967-1.03; P=0.901764175)","1.05(95% CI:0.891-1.237; P=0.5590496671)","Adjusted","All_control_except_phenotype","Adjusted All_control_except_phenotype"
"Total_FA","Total Fatty Acids","PCa_after_70","0.971(95% CI:0.837-1.127; P=0.7029421567)","0.971(95% CI:0.939-1.004; P=0.0836222013)","1.055(95% CI:0.886-1.256; P=0.5470121548)","Adjusted","All_control_except_phenotype","Adjusted All_control_except_phenotype"
"Total_FC","Total Free Cholesterol","PCa_after_70","1.015(95% CI:0.887-1.161; P=0.8296083242)","0.987(95% CI:0.956-1.018; P=0.4065777706)","1.053(95% CI:0.894-1.241; P=0.5370684802)","Adjusted","All_control_except_phenotype","Adjusted All_control_except_phenotype"
"Total_L","Total Lipids in Lipoprotein Particles","PCa_after_70","0.997(95% CI:0.867-1.147; P=0.9691031418)","0.979(95% CI:0.949-1.011; P=0.1981143275)","1.055(95% CI:0.893-1.247; P=0.5273097366)","Adjusted","All_control_except_phenotype","Adjusted All_control_except_phenotype"
"Total_PL","Total Phospholipids in Lipoprotein Particles","PCa_after_70","0.978(95% CI:0.851-1.123; P=0.7483622977)","0.99(95% CI:0.958-1.023; P=0.5422234484)","1.018(95% CI:0.862-1.202; P=0.8316328252)","Adjusted","All_control_except_phenotype","Adjusted All_control_except_phenotype"
"Total_TG","Total Triglycerides","PCa_after_70","0.985(95% CI:0.85-1.141; P=0.8368872209)","0.958(95% CI:0.926-0.991; P=0.0143114411)","1.075(95% CI:0.901-1.282; P=0.4209995637)","Adjusted","All_control_except_phenotype","Adjusted All_control_except_phenotype"
"Tyr","Tyrosine","PCa_after_70","0.973(95% CI:0.848-1.116; P=0.6940553519)","0.955(95% CI:0.925-0.987; P=0.0062010596)","0.962(95% CI:0.81-1.142; P=0.6560356607)","Adjusted","All_control_except_phenotype","Adjusted All_control_except_phenotype"
"Unsaturation","Degree of Unsaturation","PCa_after_70","0.98(95% CI:0.858-1.12; P=0.7648124483)","1.071(95% CI:1.036-1.107; P=0.0000442209)","0.975(95% CI:0.822-1.156; P=0.7666687581)","Adjusted","All_control_except_phenotype","Adjusted All_control_except_phenotype"
"Val","Valine","PCa_after_70","0.978(95% CI:0.849-1.127; P=0.7631772934)","0.993(95% CI:0.96-1.026; P=0.6649140732)","0.978(95% CI:0.819-1.167; P=0.8044940789)","Adjusted","All_control_except_phenotype","Adjusted All_control_except_phenotype"
"VLDL_C","VLDL Cholesterol","PCa_after_70","1.014(95% CI:0.882-1.166; P=0.8418932201)","0.97(95% CI:0.94-1.002; P=0.0645738104)","1.087(95% CI:0.919-1.285; P=0.3322334259)","Adjusted","All_control_except_phenotype","Adjusted All_control_except_phenotype"
"VLDL_CE","Cholesteryl Esters in VLDL","PCa_after_70","1.017(95% CI:0.886-1.167; P=0.8128278868)","0.975(95% CI:0.944-1.006; P=0.1124461923)","1.08(95% CI:0.914-1.276; P=0.3640039209)","Adjusted","All_control_except_phenotype","Adjusted All_control_except_phenotype"
"VLDL_FC","Free Cholesterol in VLDL","PCa_after_70","1.008(95% CI:0.874-1.162; P=0.9177125971)","0.963(95% CI:0.931-0.995; P=0.0236640189)","1.083(95% CI:0.913-1.283; P=0.3601987145)","Adjusted","All_control_except_phenotype","Adjusted All_control_except_phenotype"
"VLDL_L","Total Lipids in VLDL","PCa_after_70","1.003(95% CI:0.868-1.158; P=0.9714962826)","0.962(95% CI:0.931-0.994; P=0.0213926835)","1.095(95% CI:0.921-1.301; P=0.3031346688)","Adjusted","All_control_except_phenotype","Adjusted All_control_except_phenotype"
"VLDL_PL","Phospholipids in VLDL","PCa_after_70","1.001(95% CI:0.867-1.156; P=0.9897292679)","0.959(95% CI:0.928-0.991; P=0.0136564207)","1.081(95% CI:0.911-1.283; P=0.3722707439)","Adjusted","All_control_except_phenotype","Adjusted All_control_except_phenotype"
"VLDL_TG","Triglycerides in VLDL","PCa_after_70","1(95% CI:0.865-1.156; P=0.9984293914)","0.959(95% CI:0.927-0.993; P=0.0178022039)","1.087(95% CI:0.913-1.294; P=0.3485366065)","Adjusted","All_control_except_phenotype","Adjusted All_control_except_phenotype"
"XL_HDL_C","Cholesterol in Very Large HDL","PCa_after_70","0.938(95% CI:0.822-1.069; P=0.3352145666)","1.012(95% CI:0.98-1.045; P=0.4611837415)","0.919(95% CI:0.779-1.084; P=0.3164302103)","Adjusted","All_control_except_phenotype","Adjusted All_control_except_phenotype"
"XL_HDL_CE","Cholesteryl Esters in Very Large HDL","PCa_after_70","0.939(95% CI:0.823-1.071; P=0.3485603153)","1.015(95% CI:0.983-1.048; P=0.3587383513)","0.919(95% CI:0.778-1.086; P=0.3210852179)","Adjusted","All_control_except_phenotype","Adjusted All_control_except_phenotype"
"XL_HDL_FC","Free Cholesterol in Very Large HDL","PCa_after_70","0.934(95% CI:0.82-1.064; P=0.3017115651)","1(95% CI:0.969-1.031; P=0.9805684711)","0.92(95% CI:0.78-1.084; P=0.3164271914)","Adjusted","All_control_except_phenotype","Adjusted All_control_except_phenotype"
"XL_HDL_PL","Phospholipids in Very Large HDL","PCa_after_70","0.922(95% CI:0.806-1.054; P=0.2327216742)","1.011(95% CI:0.98-1.044; P=0.4853378111)","0.906(95% CI:0.765-1.072; P=0.2500077444)","Adjusted","All_control_except_phenotype","Adjusted All_control_except_phenotype"
"XL_HDL_TG","Triglycerides in Very Large HDL","PCa_after_70","0.912(95% CI:0.781-1.064; P=0.2424950009)","0.951(95% CI:0.918-0.985; P=0.0048782558)","0.982(95% CI:0.82-1.177; P=0.8455914403)","Adjusted","All_control_except_phenotype","Adjusted All_control_except_phenotype"
"XL_VLDL_C","Cholesterol in Very Large VLDL","PCa_after_70","1.017(95% CI:0.88-1.175; P=0.8234110133)","0.955(95% CI:0.923-0.988; P=0.0080489832)","1.089(95% CI:0.918-1.293; P=0.3284561131)","Adjusted","All_control_except_phenotype","Adjusted All_control_except_phenotype"
"XL_VLDL_CE","Cholesteryl Esters in Very Large VLDL","PCa_after_70","1.027(95% CI:0.89-1.184; P=0.7172168929)","0.96(95% CI:0.928-0.992; P=0.016243638)","1.097(95% CI:0.926-1.299; P=0.2843764991)","Adjusted","All_control_except_phenotype","Adjusted All_control_except_phenotype"
"XL_VLDL_FC","Free Cholesterol in Very Large VLDL","PCa_after_70","1.005(95% CI:0.867-1.165; P=0.9518571642)","0.951(95% CI:0.918-0.985; P=0.0048046906)","1.076(95% CI:0.904-1.281; P=0.4090220917)","Adjusted","All_control_except_phenotype","Adjusted All_control_except_phenotype"
"XL_VLDL_PL","Phospholipids in Very Large VLDL","PCa_after_70","1.004(95% CI:0.866-1.165; P=0.9540318448)","0.949(95% CI:0.916-0.983; P=0.003670217)","1.075(95% CI:0.902-1.28; P=0.4193935838)","Adjusted","All_control_except_phenotype","Adjusted All_control_except_phenotype"
"XL_VLDL_TG","Triglycerides in Very Large VLDL","PCa_after_70","1.008(95% CI:0.87-1.168; P=0.91543606)","0.953(95% CI:0.92-0.987; P=0.0070590104)","1.079(95% CI:0.906-1.286; P=0.3920740473)","Adjusted","All_control_except_phenotype","Adjusted All_control_except_phenotype"
"XS_VLDL_C","Cholesterol in Very Small VLDL","PCa_after_70","0.989(95% CI:0.864-1.132; P=0.8734715937)","0.987(95% CI:0.957-1.019; P=0.4235919197)","1.028(95% CI:0.872-1.212; P=0.7436993146)","Adjusted","All_control_except_phenotype","Adjusted All_control_except_phenotype"
"XS_VLDL_CE","Cholesteryl Esters in Very Small VLDL","PCa_after_70","0.993(95% CI:0.869-1.135; P=0.9227604437)","0.991(95% CI:0.96-1.022; P=0.5692295899)","1.025(95% CI:0.87-1.208; P=0.7651231333)","Adjusted","All_control_except_phenotype","Adjusted All_control_except_phenotype"
"XS_VLDL_FC","Free Cholesterol in Very Small VLDL","PCa_after_70","0.977(95% CI:0.85-1.123; P=0.7465337522)","0.977(95% CI:0.947-1.009; P=0.1580820175)","1.028(95% CI:0.869-1.216; P=0.7485804569)","Adjusted","All_control_except_phenotype","Adjusted All_control_except_phenotype"
"XS_VLDL_PL","Phospholipids in Very Small VLDL","PCa_after_70","0.962(95% CI:0.833-1.11; P=0.5925082809)","0.97(95% CI:0.939-1.002; P=0.0660359404)","1.013(95% CI:0.854-1.202; P=0.8828371306)","Adjusted","All_control_except_phenotype","Adjusted All_control_except_phenotype"
"XS_VLDL_TG","Triglycerides in Very Small VLDL","PCa_after_70","0.93(95% CI:0.799-1.084; P=0.353298493)","0.954(95% CI:0.921-0.989; P=0.009307082)","0.998(95% CI:0.834-1.194; P=0.9817953736)","Adjusted","All_control_except_phenotype","Adjusted All_control_except_phenotype"
"XXL_VLDL_C","Cholesterol in Chylomicrons and Extremely Large VLDL","PCa_after_70","0.998(95% CI:0.86-1.16; P=0.9839468553)","0.95(95% CI:0.916-0.984; P=0.0046611327)","1.066(95% CI:0.893-1.271; P=0.4797940114)","Adjusted","All_control_except_phenotype","Adjusted All_control_except_phenotype"
"XXL_VLDL_CE","Cholesteryl Esters in Chylomicrons and Extremely Large VLDL","PCa_after_70","1.007(95% CI:0.868-1.168; P=0.9237060191)","0.949(95% CI:0.916-0.984; P=0.0044293961)","1.077(95% CI:0.905-1.282; P=0.4017842692)","Adjusted","All_control_except_phenotype","Adjusted All_control_except_phenotype"
"XXL_VLDL_FC","Free Cholesterol in Chylomicrons and Extremely Large VLDL","PCa_after_70","0.986(95% CI:0.846-1.148; P=0.8521208899)","0.95(95% CI:0.916-0.985; P=0.0052407)","1.047(95% CI:0.875-1.254; P=0.6130513241)","Adjusted","All_control_except_phenotype","Adjusted All_control_except_phenotype"
"XXL_VLDL_PL","Phospholipids in Chylomicrons and Extremely Large VLDL","PCa_after_70","0.991(95% CI:0.852-1.153; P=0.9070617981)","0.947(95% CI:0.913-0.982; P=0.0034026547)","1.052(95% CI:0.88-1.258; P=0.5781154497)","Adjusted","All_control_except_phenotype","Adjusted All_control_except_phenotype"
"XXL_VLDL_TG","Triglycerides in Chylomicrons and Extremely Large VLDL","PCa_after_70","0.991(95% CI:0.852-1.153; P=0.9118234162)","0.947(95% CI:0.914-0.982; P=0.0028617678)","1.043(95% CI:0.87-1.249; P=0.6511394502)","Adjusted","All_control_except_phenotype","Adjusted All_control_except_phenotype"
"Acetate","Acetate","PCa_before_70","0.984(95% CI:0.851-1.138; P=0.8299794599)","0.99(95% CI:0.962-1.019; P=0.511430247)","0.982(95% CI:0.83-1.162; P=0.8328488545)","Adjusted","All_control_except_phenotype","Adjusted All_control_except_phenotype"
"Acetoacetate","Acetoacetate","PCa_before_70","0.948(95% CI:0.817-1.1; P=0.4813259287)","1.007(95% CI:0.981-1.033; P=0.6001948602)","0.942(95% CI:0.811-1.093; P=0.4292039797)","Adjusted","All_control_except_phenotype","Adjusted All_control_except_phenotype"
"Acetone","Acetone","PCa_before_70","0.966(95% CI:0.828-1.126; P=0.6574479094)","1.007(95% CI:0.981-1.032; P=0.6095269039)","0.962(95% CI:0.828-1.118; P=0.6168842627)","Adjusted","All_control_except_phenotype","Adjusted All_control_except_phenotype"
"Ala","Alanine","PCa_before_70","0.931(95% CI:0.806-1.075; P=0.3275806615)","0.919(95% CI:0.895-0.943; P=0.0000000003)","0.949(95% CI:0.824-1.092; P=0.4623751767)","Adjusted","All_control_except_phenotype","Adjusted All_control_except_phenotype"
"Albumin","Albumin","PCa_before_70","1.087(95% CI:0.935-1.265; P=0.2772791696)","0.977(95% CI:0.952-1.004; P=0.0906651806)","1.079(95% CI:0.937-1.243; P=0.29195183)","Adjusted","All_control_except_phenotype","Adjusted All_control_except_phenotype"
"ApoA1","Apolipoprotein A1","PCa_before_70","1.043(95% CI:0.901-1.206; P=0.5746659402)","0.976(95% CI:0.949-1.004; P=0.0868437733)","1.043(95% CI:0.904-1.204; P=0.5631217623)","Adjusted","All_control_except_phenotype","Adjusted All_control_except_phenotype"
"ApoB","Apolipoprotein B","PCa_before_70","1.213(95% CI:1.048-1.404; P=0.0094842727)","1.007(95% CI:0.981-1.033; P=0.6131884649)","1.2(95% CI:1.042-1.383; P=0.011498783)","Adjusted","All_control_except_phenotype","Adjusted All_control_except_phenotype"
"bOHbutyrate","3-Hydroxybutyrate","PCa_before_70","0.923(95% CI:0.781-1.091; P=0.3459623257)","1.006(95% CI:0.981-1.032; P=0.6370040242)","0.927(95% CI:0.789-1.089; P=0.356238674)","Adjusted","All_control_except_phenotype","Adjusted All_control_except_phenotype"
"Cholines","Total Cholines","PCa_before_70","1.164(95% CI:1.005-1.348; P=0.0424608464)","0.978(95% CI:0.952-1.004; P=0.1003035667)","1.155(95% CI:1.004-1.329; P=0.0441476118)","Adjusted","All_control_except_phenotype","Adjusted All_control_except_phenotype"
"Citrate","Citrate","PCa_before_70","0.928(95% CI:0.793-1.085; P=0.3469418193)","0.952(95% CI:0.927-0.977; P=0.000251052)","0.939(95% CI:0.813-1.085; P=0.3958192349)","Adjusted","All_control_except_phenotype","Adjusted All_control_except_phenotype"
"Clinical_LDL_C","Clinical LDL Cholesterol","PCa_before_70","1.21(95% CI:1.041-1.407; P=0.0129244869)","1.018(95% CI:0.992-1.046; P=0.1724417484)","1.196(95% CI:1.035-1.383; P=0.0155165024)","Adjusted","All_control_except_phenotype","Adjusted All_control_except_phenotype"
"Creatinine","Creatinine","PCa_before_70","1.082(95% CI:0.929-1.26; P=0.3114825875)","1.008(95% CI:0.982-1.034; P=0.5569003736)","1.095(95% CI:0.95-1.262; P=0.2116051775)","Adjusted","All_control_except_phenotype","Adjusted All_control_except_phenotype"
"DHA","Docosahexaenoic Acid","PCa_before_70","1.027(95% CI:0.891-1.183; P=0.7173714033)","1.072(95% CI:1.046-1.099; P=0.0000000399)","1.034(95% CI:0.899-1.188; P=0.6399185836)","Adjusted","All_control_except_phenotype","Adjusted All_control_except_phenotype"
"Gln","Glutamine","PCa_before_70","1.006(95% CI:0.87-1.164; P=0.930813444)","0.962(95% CI:0.937-0.987; P=0.0035809193)","1.023(95% CI:0.884-1.184; P=0.7573942426)","Adjusted","All_control_except_phenotype","Adjusted All_control_except_phenotype"
"Glucose","Glucose","PCa_before_70","0.834(95% CI:0.711-0.978; P=0.0256298797)","0.945(95% CI:0.92-0.972; P=0.0000694194)","0.843(95% CI:0.72-0.987; P=0.0336788228)","Adjusted","All_control_except_phenotype","Adjusted All_control_except_phenotype"
"Gly","Glycine","PCa_before_70","1.048(95% CI:0.907-1.212; P=0.5224027049)","0.976(95% CI:0.95-1.002; P=0.0699388557)","1.067(95% CI:0.926-1.23; P=0.3696099558)","Adjusted","All_control_except_phenotype","Adjusted All_control_except_phenotype"
"GlycA","Glycoprotein Acetyls","PCa_before_70","1.118(95% CI:0.969-1.291; P=0.1270401233)","0.986(95% CI:0.959-1.013; P=0.297353677)","1.12(95% CI:0.97-1.294; P=0.1218032708)","Adjusted","All_control_except_phenotype","Adjusted All_control_except_phenotype"
"HDL_C","HDL Cholesterol","PCa_before_70","1.016(95% CI:0.876-1.177; P=0.8349533189)","0.999(95% CI:0.971-1.027; P=0.9197452397)","1.018(95% CI:0.879-1.179; P=0.8086125168)","Adjusted","All_control_except_phenotype","Adjusted All_control_except_phenotype"
"HDL_CE","Cholesteryl Esters in HDL","PCa_before_70","1.006(95% CI:0.868-1.166; P=0.9344381383)","1(95% CI:0.973-1.029; P=0.9894741282)","1.008(95% CI:0.87-1.169; P=0.9123765138)","Adjusted","All_control_except_phenotype","Adjusted All_control_except_phenotype"
"HDL_FC","Free Cholesterol in HDL","PCa_before_70","1.033(95% CI:0.893-1.195; P=0.664600169)","0.993(95% CI:0.966-1.021; P=0.6332657396)","1.036(95% CI:0.898-1.194; P=0.6283729971)","Adjusted","All_control_except_phenotype","Adjusted All_control_except_phenotype"
"HDL_L","Total Lipids in HDL","PCa_before_70","1.025(95% CI:0.885-1.186; P=0.7441453421)","0.983(95% CI:0.956-1.01; P=0.2144180872)","1.027(95% CI:0.889-1.186; P=0.7184809252)","Adjusted","All_control_except_phenotype","Adjusted All_control_except_phenotype"
"HDL_PL","Phospholipids in HDL","PCa_before_70","1.011(95% CI:0.874-1.169; P=0.8870398311)","0.977(95% CI:0.951-1.005; P=0.1026101757)","1.013(95% CI:0.877-1.17; P=0.8605138955)","Adjusted","All_control_except_phenotype","Adjusted All_control_except_phenotype"
"HDL_TG","Triglycerides in HDL","PCa_before_70","1.063(95% CI:0.928-1.218; P=0.3799284185)","0.953(95% CI:0.927-0.979; P=0.0004645854)","1.064(95% CI:0.926-1.222; P=0.384007402)","Adjusted","All_control_except_phenotype","Adjusted All_control_except_phenotype"
"His","Histidine","PCa_before_70","1.037(95% CI:0.902-1.193; P=0.6097664688)","1.022(95% CI:0.997-1.047; P=0.0882889253)","1.043(95% CI:0.908-1.198; P=0.552330286)","Adjusted","All_control_except_phenotype","Adjusted All_control_except_phenotype"
"IDL_C","Cholesterol in IDL","PCa_before_70","1.188(95% CI:1.027-1.373; P=0.0205408252)","1.019(95% CI:0.993-1.046; P=0.1558314056)","1.178(95% CI:1.023-1.357; P=0.0229139748)","Adjusted","All_control_except_phenotype","Adjusted All_control_except_phenotype"
"IDL_CE","Cholesteryl Esters in IDL","PCa_before_70","1.19(95% CI:1.03-1.376; P=0.0184298991)","1.017(95% CI:0.991-1.044; P=0.1956309905)","1.181(95% CI:1.026-1.36; P=0.0203155009)","Adjusted","All_control_except_phenotype","Adjusted All_control_except_phenotype"
"IDL_FC","Free Cholesterol in IDL","PCa_before_70","1.161(95% CI:1.009-1.337; P=0.0371708326)","1.02(95% CI:0.994-1.047; P=0.1369649693)","1.155(95% CI:1.005-1.327; P=0.0416123669)","Adjusted","All_control_except_phenotype","Adjusted All_control_except_phenotype"
"IDL_PL","Phospholipids in IDL","PCa_before_70","1.179(95% CI:1.023-1.36; P=0.0230142403)","1.015(95% CI:0.989-1.042; P=0.2491641496)","1.169(95% CI:1.018-1.343; P=0.027139402)","Adjusted","All_control_except_phenotype","Adjusted All_control_except_phenotype"
"IDL_TG","Triglycerides in IDL","PCa_before_70","1.095(95% CI:0.957-1.252; P=0.1867734319)","0.967(95% CI:0.941-0.993; P=0.0134675398)","1.094(95% CI:0.956-1.251; P=0.192914586)","Adjusted","All_control_except_phenotype","Adjusted All_control_except_phenotype"
"Ile","Isoleucine","PCa_before_70","0.944(95% CI:0.82-1.088; P=0.4255178197)","0.981(95% CI:0.955-1.007; P=0.1533294886)","0.95(95% CI:0.823-1.096; P=0.4815257667)","Adjusted","All_control_except_phenotype","Adjusted All_control_except_phenotype"
"L_HDL_C","Cholesterol in Large HDL","PCa_before_70","0.961(95% CI:0.826-1.119; P=0.6116404657)","1.016(95% CI:0.988-1.044; P=0.26204384)","0.966(95% CI:0.831-1.123; P=0.6531454528)","Adjusted","All_control_except_phenotype","Adjusted All_control_except_phenotype"
"L_HDL_CE","Cholesteryl Esters in Large HDL","PCa_before_70","0.957(95% CI:0.821-1.115; P=0.5698573615)","1.017(95% CI:0.99-1.045; P=0.2264340476)","0.961(95% CI:0.826-1.119; P=0.6082536857)","Adjusted","All_control_except_phenotype","Adjusted All_control_except_phenotype"
"L_HDL_FC","Free Cholesterol in Large HDL","PCa_before_70","0.963(95% CI:0.828-1.121; P=0.6269980396)","1.011(95% CI:0.984-1.039; P=0.4317683733)","0.969(95% CI:0.834-1.124; P=0.6752572323)","Adjusted","All_control_except_phenotype","Adjusted All_control_except_phenotype"
"L_HDL_PL","Phospholipids in Large HDL","PCa_before_70","0.957(95% CI:0.823-1.112; P=0.5639242469)","1.004(95% CI:0.977-1.031; P=0.79312922)","0.962(95% CI:0.829-1.116; P=0.6099993239)","Adjusted","All_control_except_phenotype","Adjusted All_control_except_phenotype"
"L_HDL_TG","Triglycerides in Large HDL","PCa_before_70","1.043(95% CI:0.912-1.193; P=0.5360335948)","0.965(95% CI:0.94-0.991; P=0.0094485681)","1.045(95% CI:0.912-1.197; P=0.5262449813)","Adjusted","All_control_except_phenotype","Adjusted All_control_except_phenotype"
"L_LDL_C","Cholesterol in Large LDL","PCa_before_70","1.199(95% CI:1.035-1.389; P=0.0154010294)","1.017(95% CI:0.991-1.044; P=0.2075858209)","1.187(95% CI:1.03-1.369; P=0.0180107028)","Adjusted","All_control_except_phenotype","Adjusted All_control_except_phenotype"
"L_LDL_CE","Cholesteryl Esters in Large LDL","PCa_before_70","1.203(95% CI:1.04-1.393; P=0.0131346608)","1.014(95% CI:0.988-1.041; P=0.2848079247)","1.191(95% CI:1.034-1.373; P=0.015384787)","Adjusted","All_control_except_phenotype","Adjusted All_control_except_phenotype"
"L_LDL_FC","Free Cholesterol in Large LDL","PCa_before_70","1.169(95% CI:1.015-1.347; P=0.0303520801)","1.019(95% CI:0.993-1.046; P=0.1493185141)","1.163(95% CI:1.011-1.337; P=0.0343188652)","Adjusted","All_control_except_phenotype","Adjusted All_control_except_phenotype"
"L_LDL_PL","Phospholipids in Large LDL","PCa_before_70","1.2(95% CI:1.04-1.385; P=0.0125564648)","1.011(95% CI:0.985-1.038; P=0.4064914921)","1.189(95% CI:1.035-1.367; P=0.0146934553)","Adjusted","All_control_except_phenotype","Adjusted All_control_except_phenotype"
"L_LDL_TG","Triglycerides in Large LDL","PCa_before_70","1.102(95% CI:0.964-1.261; P=0.1556930459)","0.962(95% CI:0.936-0.989; P=0.0053658786)","1.102(95% CI:0.964-1.261; P=0.1557990539)","Adjusted","All_control_except_phenotype","Adjusted All_control_except_phenotype"
"L_VLDL_C","Cholesterol in Large VLDL","PCa_before_70","1.152(95% CI:1.004-1.322; P=0.0440442591)","0.975(95% CI:0.949-1.001; P=0.0595128689)","1.151(95% CI:1.001-1.324; P=0.0484444549)","Adjusted","All_control_except_phenotype","Adjusted All_control_except_phenotype"
"L_VLDL_CE","Cholesteryl Esters in Large VLDL","PCa_before_70","1.171(95% CI:1.021-1.344; P=0.0241186951)","0.983(95% CI:0.958-1.009; P=0.2081454116)","1.167(95% CI:1.016-1.341; P=0.028631998)","Adjusted","All_control_except_phenotype","Adjusted All_control_except_phenotype"
"L_VLDL_FC","Free Cholesterol in Large VLDL","PCa_before_70","1.128(95% CI:0.985-1.292; P=0.0812710321)","0.967(95% CI:0.941-0.993; P=0.0145288057)","1.13(95% CI:0.984-1.298; P=0.0830407396)","Adjusted","All_control_except_phenotype","Adjusted All_control_except_phenotype"
"L_VLDL_PL","Phospholipids in Large VLDL","PCa_before_70","1.116(95% CI:0.974-1.278; P=0.1131272046)","0.964(95% CI:0.938-0.99; P=0.0075553498)","1.119(95% CI:0.973-1.286; P=0.1140703267)","Adjusted","All_control_except_phenotype","Adjusted All_control_except_phenotype"
"L_VLDL_TG","Triglycerides in Large VLDL","PCa_before_70","1.1(95% CI:0.96-1.261; P=0.1690528972)","0.966(95% CI:0.941-0.993; P=0.0129633251)","1.106(95% CI:0.961-1.273; P=0.158344328)","Adjusted","All_control_except_phenotype","Adjusted All_control_except_phenotype"
"LA","Linoleic Acid","PCa_before_70","1.254(95% CI:1.083-1.452; P=0.0024754152)","0.973(95% CI:0.948-0.998; P=0.0371849728)","1.238(95% CI:1.074-1.427; P=0.0033178563)","Adjusted","All_control_except_phenotype","Adjusted All_control_except_phenotype"
"Lactate","Lactate","PCa_before_70","1.04(95% CI:0.901-1.201; P=0.5947116759)","0.983(95% CI:0.957-1.009; P=0.2005341037)","1.048(95% CI:0.909-1.209; P=0.5152911805)","Adjusted","All_control_except_phenotype","Adjusted All_control_except_phenotype"
"LDL_C","LDL Cholesterol","PCa_before_70","1.214(95% CI:1.046-1.409; P=0.0109211337)","1.013(95% CI:0.986-1.039; P=0.3492863631)","1.2(95% CI:1.039-1.385; P=0.0128924254)","Adjusted","All_control_except_phenotype","Adjusted All_control_except_phenotype"
"LDL_CE","Cholesteryl Esters in LDL","PCa_before_70","1.218(95% CI:1.049-1.414; P=0.0094572828)","1.008(95% CI:0.982-1.034; P=0.555967274)","1.204(95% CI:1.043-1.389; P=0.0111663297)","Adjusted","All_control_except_phenotype","Adjusted All_control_except_phenotype"
"LDL_FC","Free Cholesterol in LDL","PCa_before_70","1.18(95% CI:1.023-1.361; P=0.0232855019)","1.021(95% CI:0.994-1.048; P=0.1279101154)","1.172(95% CI:1.019-1.349; P=0.0266061335)","Adjusted","All_control_except_phenotype","Adjusted All_control_except_phenotype"
"LDL_L","Total Lipids in LDL","PCa_before_70","1.221(95% CI:1.05-1.419; P=0.0094368208)","1.009(95% CI:0.983-1.036; P=0.488006954)","1.205(95% CI:1.043-1.391; P=0.0111152847)","Adjusted","All_control_except_phenotype","Adjusted All_control_except_phenotype"
"LDL_PL","Phospholipids in LDL","PCa_before_70","1.211(95% CI:1.048-1.401; P=0.0097080604)","1.009(95% CI:0.983-1.035; P=0.5099905754)","1.199(95% CI:1.042-1.38; P=0.0112790529)","Adjusted","All_control_except_phenotype","Adjusted All_control_except_phenotype"
"LDL_TG","Triglycerides in LDL","PCa_before_70","1.104(95% CI:0.964-1.263; P=0.1515933121)","0.959(95% CI:0.934-0.986; P=0.0030333808)","1.104(95% CI:0.965-1.264; P=0.1500321539)","Adjusted","All_control_except_phenotype","Adjusted All_control_except_phenotype"
"Leu","Leucine","PCa_before_70","0.972(95% CI:0.844-1.119; P=0.6939078085)","0.974(95% CI:0.948-1; P=0.0508422842)","0.976(95% CI:0.847-1.125; P=0.737678536)","Adjusted","All_control_except_phenotype","Adjusted All_control_except_phenotype"
"M_HDL_C","Cholesterol in Medium HDL","PCa_before_70","1.002(95% CI:0.866-1.16; P=0.975804812)","0.984(95% CI:0.957-1.012; P=0.2642563317)","1.004(95% CI:0.867-1.162; P=0.9605828059)","Adjusted","All_control_except_phenotype","Adjusted All_control_except_phenotype"
"M_HDL_CE","Cholesteryl Esters in Medium HDL","PCa_before_70","0.994(95% CI:0.859-1.151; P=0.9394235848)","0.985(95% CI:0.958-1.013; P=0.2858129738)","0.995(95% CI:0.859-1.153; P=0.9506626979)","Adjusted","All_control_except_phenotype","Adjusted All_control_except_phenotype"
"M_HDL_FC","Free Cholesterol in Medium HDL","PCa_before_70","1.025(95% CI:0.887-1.184; P=0.741196648)","0.982(95% CI:0.955-1.01; P=0.1971768937)","1.027(95% CI:0.89-1.186; P=0.7157864094)","Adjusted","All_control_except_phenotype","Adjusted All_control_except_phenotype"
"M_HDL_PL","Phospholipids in Medium HDL","PCa_before_70","1.008(95% CI:0.874-1.163; P=0.9128463232)","0.967(95% CI:0.941-0.994; P=0.0175422904)","1.009(95% CI:0.874-1.165; P=0.9013089556)","Adjusted","All_control_except_phenotype","Adjusted All_control_except_phenotype"
"M_HDL_TG","Triglycerides in Medium HDL","PCa_before_70","1.053(95% CI:0.919-1.206; P=0.4581894575)","0.951(95% CI:0.925-0.977; P=0.0002501853)","1.053(95% CI:0.916-1.211; P=0.4656474812)","Adjusted","All_control_except_phenotype","Adjusted All_control_except_phenotype"
"M_LDL_C","Cholesterol in Medium LDL","PCa_before_70","1.217(95% CI:1.052-1.407; P=0.0082613002)","1(95% CI:0.974-1.026; P=0.9973228647)","1.205(95% CI:1.046-1.387; P=0.0096559568)","Adjusted","All_control_except_phenotype","Adjusted All_control_except_phenotype"
"M_LDL_CE","Cholesteryl Esters in Medium LDL","PCa_before_70","1.213(95% CI:1.05-1.402; P=0.0088382706)","0.993(95% CI:0.967-1.019; P=0.5969209893)","1.202(95% CI:1.045-1.384; P=0.0102379263)","Adjusted","All_control_except_phenotype","Adjusted All_control_except_phenotype"
"M_LDL_FC","Free Cholesterol in Medium LDL","PCa_before_70","1.189(95% CI:1.033-1.367; P=0.0156514659)","1.016(95% CI:0.99-1.043; P=0.2287329374)","1.182(95% CI:1.029-1.357; P=0.0179070246)","Adjusted","All_control_except_phenotype","Adjusted All_control_except_phenotype"
"M_LDL_PL","Phospholipids in Medium LDL","PCa_before_70","1.213(95% CI:1.052-1.399; P=0.0079146382)","0.999(95% CI:0.974-1.025; P=0.9475493632)","1.203(95% CI:1.047-1.382; P=0.0091211781)","Adjusted","All_control_except_phenotype","Adjusted All_control_except_phenotype"
"M_LDL_TG","Triglycerides in Medium LDL","PCa_before_70","1.103(95% CI:0.967-1.259; P=0.144970962)","0.957(95% CI:0.931-0.984; P=0.0018343921)","1.106(95% CI:0.967-1.263; P=0.1409138315)","Adjusted","All_control_except_phenotype","Adjusted All_control_except_phenotype"
"M_VLDL_C","Cholesterol in Medium VLDL","PCa_before_70","1.211(95% CI:1.051-1.395; P=0.0080713299)","1.014(95% CI:0.988-1.04; P=0.3021431865)","1.199(95% CI:1.043-1.379; P=0.0107272227)","Adjusted","All_control_except_phenotype","Adjusted All_control_except_phenotype"
"M_VLDL_CE","Cholesteryl Esters in Medium VLDL","PCa_before_70","1.189(95% CI:1.035-1.367; P=0.014775715)","1.022(95% CI:0.996-1.049; P=0.1030976481)","1.18(95% CI:1.027-1.356; P=0.0196833625)","Adjusted","All_control_except_phenotype","Adjusted All_control_except_phenotype"
"M_VLDL_FC","Free Cholesterol in Medium VLDL","PCa_before_70","1.209(95% CI:1.051-1.391; P=0.0080074344)","1.001(95% CI:0.975-1.027; P=0.9530582262)","1.199(95% CI:1.044-1.377; P=0.0100577777)","Adjusted","All_control_except_phenotype","Adjusted All_control_except_phenotype"
"M_VLDL_PL","Phospholipids in Medium VLDL","PCa_before_70","1.206(95% CI:1.048-1.389; P=0.0090452313)","0.993(95% CI:0.968-1.019; P=0.5925081225)","1.198(95% CI:1.042-1.377; P=0.0109968486)","Adjusted","All_control_except_phenotype","Adjusted All_control_except_phenotype"
"M_VLDL_TG","Triglycerides in Medium VLDL","PCa_before_70","1.138(95% CI:0.991-1.307; P=0.0667593026)","0.971(95% CI:0.946-0.998; P=0.0323689666)","1.14(95% CI:0.99-1.312; P=0.0682854633)","Adjusted","All_control_except_phenotype","Adjusted All_control_except_phenotype"
"MUFA","Monounsaturated Fatty Acids","PCa_before_70","1.114(95% CI:0.964-1.287; P=0.1438232656)","0.947(95% CI:0.921-0.973; P=0.0000758653)","1.111(95% CI:0.963-1.282; P=0.1493811884)","Adjusted","All_control_except_phenotype","Adjusted All_control_except_phenotype"
"non_HDL_C","Total Cholesterol Minus HDL-C","PCa_before_70","1.226(95% CI:1.054-1.427; P=0.0083800226)","1.01(95% CI:0.984-1.037; P=0.4525049411)","1.209(95% CI:1.046-1.398; P=0.0101267789)","Adjusted","All_control_except_phenotype","Adjusted All_control_except_phenotype"
"Omega_3","Omega-3 Fatty Acids","PCa_before_70","1.04(95% CI:0.902-1.2; P=0.5873291621)","1.05(95% CI:1.023-1.077; P=0.0001745874)","1.047(95% CI:0.91-1.204; P=0.5208017536)","Adjusted","All_control_except_phenotype","Adjusted All_control_except_phenotype"
"Omega_6","Omega-6 Fatty Acids","PCa_before_70","1.242(95% CI:1.072-1.439; P=0.0039864761)","0.977(95% CI:0.952-1.002; P=0.0740122187)","1.225(95% CI:1.063-1.412; P=0.0050735637)","Adjusted","All_control_except_phenotype","Adjusted All_control_except_phenotype"
"Phe","Phenylalanine","PCa_before_70","0.861(95% CI:0.72-1.03; P=0.1011041461)","0.981(95% CI:0.955-1.007; P=0.1552797605)","0.893(95% CI:0.77-1.037; P=0.1372522517)","Adjusted","All_control_except_phenotype","Adjusted All_control_except_phenotype"
"Phosphatidylc","Phosphatidylcholines","PCa_before_70","1.145(95% CI:0.988-1.328; P=0.0712041198)","0.976(95% CI:0.95-1.003; P=0.0811462817)","1.136(95% CI:0.987-1.307; P=0.0745884831)","Adjusted","All_control_except_phenotype","Adjusted All_control_except_phenotype"
"Phosphoglyc","Phosphoglycerides","PCa_before_70","1.144(95% CI:0.988-1.324; P=0.0717022293)","0.972(95% CI:0.947-0.999; P=0.0399683417)","1.137(95% CI:0.988-1.308; P=0.0730337539)","Adjusted","All_control_except_phenotype","Adjusted All_control_except_phenotype"
"PUFA","Polyunsaturated Fatty Acids","PCa_before_70","1.214(95% CI:1.046-1.407; P=0.0104778523)","0.993(95% CI:0.968-1.02; P=0.6146699528)","1.2(95% CI:1.042-1.382; P=0.0115812115)","Adjusted","All_control_except_phenotype","Adjusted All_control_except_phenotype"
"Pyruvate","Pyruvate","PCa_before_70","0.914(95% CI:0.79-1.056; P=0.2229809296)","0.99(95% CI:0.965-1.017; P=0.4662575008)","0.92(95% CI:0.794-1.067; P=0.2699033169)","Adjusted","All_control_except_phenotype","Adjusted All_control_except_phenotype"
"Remnant_C","Remnant Cholesterol (Non-HDL and Non-LDL -Cholesterol)","PCa_before_70","1.216(95% CI:1.048-1.412; P=0.009937863)","1.005(95% CI:0.979-1.031; P=0.7165755593)","1.201(95% CI:1.041-1.386; P=0.012034317)","Adjusted","All_control_except_phenotype","Adjusted All_control_except_phenotype"
"S_HDL_C","Cholesterol in Small HDL","PCa_before_70","1.151(95% CI:0.994-1.331; P=0.0594659301)","0.978(95% CI:0.952-1.005; P=0.1039563942)","1.142(95% CI:0.991-1.317; P=0.0670045697)","Adjusted","All_control_except_phenotype","Adjusted All_control_except_phenotype"
"S_HDL_CE","Cholesteryl Esters in Small HDL","PCa_before_70","1.123(95% CI:0.972-1.298; P=0.1145717654)","0.982(95% CI:0.956-1.008; P=0.1766189032)","1.116(95% CI:0.968-1.287; P=0.1294292674)","Adjusted","All_control_except_phenotype","Adjusted All_control_except_phenotype"
"S_HDL_FC","Free Cholesterol in Small HDL","PCa_before_70","1.166(95% CI:1.009-1.346; P=0.0374036675)","0.97(95% CI:0.944-0.997; P=0.0273948877)","1.158(95% CI:1.007-1.332; P=0.0390374356)","Adjusted","All_control_except_phenotype","Adjusted All_control_except_phenotype"
"S_HDL_PL","Phospholipids in Small HDL","PCa_before_70","1.104(95% CI:0.953-1.278; P=0.1873735249)","0.956(95% CI:0.93-0.982; P=0.0011685024)","1.1(95% CI:0.951-1.271; P=0.198108822)","Adjusted","All_control_except_phenotype","Adjusted All_control_except_phenotype"
"S_HDL_TG","Triglycerides in Small HDL","PCa_before_70","1.083(95% CI:0.945-1.241; P=0.2530627206)","0.951(95% CI:0.925-0.978; P=0.0003496261)","1.084(95% CI:0.942-1.247; P=0.2584188966)","Adjusted","All_control_except_phenotype","Adjusted All_control_except_phenotype"
"S_LDL_C","Cholesterol in Small LDL","PCa_before_70","1.208(95% CI:1.048-1.392; P=0.0091168093)","1.001(95% CI:0.975-1.027; P=0.955622015)","1.199(95% CI:1.044-1.378; P=0.0103104265)","Adjusted","All_control_except_phenotype","Adjusted All_control_except_phenotype"
"S_LDL_CE","Cholesteryl Esters in Small LDL","PCa_before_70","1.206(95% CI:1.047-1.389; P=0.0096025749)","0.991(95% CI:0.965-1.017; P=0.4906304013)","1.197(95% CI:1.042-1.375; P=0.0108391497)","Adjusted","All_control_except_phenotype","Adjusted All_control_except_phenotype"
"S_LDL_FC","Free Cholesterol in Small LDL","PCa_before_70","1.174(95% CI:1.022-1.349; P=0.0231270733)","1.025(95% CI:0.999-1.052; P=0.0575736463)","1.172(95% CI:1.02-1.346; P=0.0253726099)","Adjusted","All_control_except_phenotype","Adjusted All_control_except_phenotype"
"S_LDL_PL","Phospholipids in Small LDL","PCa_before_70","1.193(95% CI:1.036-1.373; P=0.0139433237)","1.011(95% CI:0.985-1.037; P=0.4174520702)","1.188(95% CI:1.035-1.364; P=0.0145104934)","Adjusted","All_control_except_phenotype","Adjusted All_control_except_phenotype"
"S_LDL_TG","Triglycerides in Small LDL","PCa_before_70","1.09(95% CI:0.956-1.243; P=0.1969462621)","0.954(95% CI:0.928-0.981; P=0.0008991596)","1.094(95% CI:0.957-1.252; P=0.1887876575)","Adjusted","All_control_except_phenotype","Adjusted All_control_except_phenotype"
"S_VLDL_C","Cholesterol in Small VLDL","PCa_before_70","1.206(95% CI:1.047-1.389; P=0.0095308617)","1.001(95% CI:0.976-1.027; P=0.92854069)","1.193(95% CI:1.038-1.371; P=0.0128999649)","Adjusted","All_control_except_phenotype","Adjusted All_control_except_phenotype"
"S_VLDL_CE","Cholesteryl Esters in Small VLDL","PCa_before_70","1.195(95% CI:1.038-1.375; P=0.0129463811)","0.998(95% CI:0.973-1.024; P=0.8971133263)","1.183(95% CI:1.03-1.359; P=0.017504542)","Adjusted","All_control_except_phenotype","Adjusted All_control_except_phenotype"
"S_VLDL_FC","Free Cholesterol in Small VLDL","PCa_before_70","1.212(95% CI:1.053-1.394; P=0.0072489479)","1.005(95% CI:0.979-1.031; P=0.714347725)","1.2(95% CI:1.045-1.378; P=0.0095590441)","Adjusted","All_control_except_phenotype","Adjusted All_control_except_phenotype"
"S_VLDL_PL","Phospholipids in Small VLDL","PCa_before_70","1.206(95% CI:1.048-1.387; P=0.009012572)","0.995(95% CI:0.969-1.021; P=0.6876252209)","1.196(95% CI:1.041-1.373; P=0.0112997476)","Adjusted","All_control_except_phenotype","Adjusted All_control_except_phenotype"
"S_VLDL_TG","Triglycerides in Small VLDL","PCa_before_70","1.115(95% CI:0.974-1.277; P=0.1152405277)","0.968(95% CI:0.942-0.994; P=0.0171980882)","1.117(95% CI:0.972-1.283; P=0.1189441797)","Adjusted","All_control_except_phenotype","Adjusted All_control_except_phenotype"
"SFA","Saturated Fatty Acids","PCa_before_70","1.121(95% CI:0.971-1.294; P=0.1181498169)","0.96(95% CI:0.934-0.986; P=0.002995826)","1.121(95% CI:0.974-1.29; P=0.1121732563)","Adjusted","All_control_except_phenotype","Adjusted All_control_except_phenotype"
"Sphingomyelins","Sphingomyelins","PCa_before_70","1.162(95% CI:1.006-1.341; P=0.0407651117)","1.014(95% CI:0.988-1.041; P=0.2954060575)","1.155(95% CI:1.006-1.327; P=0.0410741387)","Adjusted","All_control_except_phenotype","Adjusted All_control_except_phenotype"
"Total_C","Total Cholesterol","PCa_before_70","1.214(95% CI:1.045-1.41; P=0.0113695237)","1.008(95% CI:0.982-1.036; P=0.5322577893)","1.199(95% CI:1.039-1.384; P=0.0131132404)","Adjusted","All_control_except_phenotype","Adjusted All_control_except_phenotype"
"Total_CE","Total Esterified Cholesterol","PCa_before_70","1.209(95% CI:1.041-1.403; P=0.0128145998)","1.009(95% CI:0.982-1.036; P=0.5209077185)","1.195(95% CI:1.036-1.379; P=0.0146897128)","Adjusted","All_control_except_phenotype","Adjusted All_control_except_phenotype"
"Total_FA","Total Fatty Acids","PCa_before_70","1.152(95% CI:0.995-1.333; P=0.0579084222)","0.964(95% CI:0.939-0.99; P=0.006975165)","1.146(95% CI:0.995-1.321; P=0.0589343907)","Adjusted","All_control_except_phenotype","Adjusted All_control_except_phenotype"
"Total_FC","Total Free Cholesterol","PCa_before_70","1.209(95% CI:1.044-1.401; P=0.0114100179)","1.005(95% CI:0.979-1.032; P=0.6907505179)","1.196(95% CI:1.038-1.377; P=0.013165059)","Adjusted","All_control_except_phenotype","Adjusted All_control_except_phenotype"
"Total_L","Total Lipids in Lipoprotein Particles","PCa_before_70","1.201(95% CI:1.034-1.394; P=0.0163119037)","0.985(95% CI:0.96-1.011; P=0.2614809889)","1.188(95% CI:1.03-1.369; P=0.01760417)","Adjusted","All_control_except_phenotype","Adjusted All_control_except_phenotype"
"Total_PL","Total Phospholipids in Lipoprotein Particles","PCa_before_70","1.175(95% CI:1.014-1.362; P=0.0318915641)","0.982(95% CI:0.956-1.008; P=0.1802128927)","1.165(95% CI:1.012-1.34; P=0.0338243081)","Adjusted","All_control_except_phenotype","Adjusted All_control_except_phenotype"
"Total_TG","Total Triglycerides","PCa_before_70","1.102(95% CI:0.955-1.271; P=0.1856692824)","0.961(95% CI:0.935-0.987; P=0.0035420943)","1.103(95% CI:0.954-1.275; P=0.1855822543)","Adjusted","All_control_except_phenotype","Adjusted All_control_except_phenotype"
"Tyr","Tyrosine","PCa_before_70","0.953(95% CI:0.825-1.102; P=0.5193655284)","0.952(95% CI:0.926-0.978; P=0.0003140349)","0.96(95% CI:0.831-1.109; P=0.5775223495)","Adjusted","All_control_except_phenotype","Adjusted All_control_except_phenotype"
"Unsaturation","Degree of Unsaturation","PCa_before_70","1.003(95% CI:0.869-1.157; P=0.968884178)","1.091(95% CI:1.062-1.121; P=0.0000000002)","1.004(95% CI:0.868-1.16; P=0.9598529968)","Adjusted","All_control_except_phenotype","Adjusted All_control_except_phenotype"
"Val","Valine","PCa_before_70","0.983(95% CI:0.851-1.136; P=0.8162076903)","0.97(95% CI:0.944-0.997; P=0.0277738376)","0.991(95% CI:0.858-1.145; P=0.9040952457)","Adjusted","All_control_except_phenotype","Adjusted All_control_except_phenotype"
"VLDL_C","VLDL Cholesterol","PCa_before_70","1.199(95% CI:1.036-1.388; P=0.0148058945)","0.991(95% CI:0.966-1.017; P=0.4883763278)","1.188(95% CI:1.03-1.37; P=0.0183399966)","Adjusted","All_control_except_phenotype","Adjusted All_control_except_phenotype"
"VLDL_CE","Cholesteryl Esters in VLDL","PCa_before_70","1.204(95% CI:1.042-1.391; P=0.0119036177)","0.997(95% CI:0.972-1.023; P=0.839258668)","1.191(95% CI:1.034-1.372; P=0.0153748926)","Adjusted","All_control_except_phenotype","Adjusted All_control_except_phenotype"
"VLDL_FC","Free Cholesterol in VLDL","PCa_before_70","1.172(95% CI:1.018-1.349; P=0.0268921467)","0.981(95% CI:0.955-1.007; P=0.1410521705)","1.167(95% CI:1.015-1.343; P=0.0306429453)","Adjusted","All_control_except_phenotype","Adjusted All_control_except_phenotype"
"VLDL_L","Total Lipids in VLDL","PCa_before_70","1.152(95% CI:0.994-1.334; P=0.0597739412)","0.972(95% CI:0.947-0.998; P=0.0365878001)","1.148(95% CI:0.992-1.328; P=0.0642488031)","Adjusted","All_control_except_phenotype","Adjusted All_control_except_phenotype"
"VLDL_PL","Phospholipids in VLDL","PCa_before_70","1.159(95% CI:1.006-1.336; P=0.041564314)","0.975(95% CI:0.949-1.001; P=0.0586585706)","1.155(95% CI:1.003-1.33; P=0.0458638303)","Adjusted","All_control_except_phenotype","Adjusted All_control_except_phenotype"
"VLDL_TG","Triglycerides in VLDL","PCa_before_70","1.101(95% CI:0.955-1.27; P=0.184065875)","0.962(95% CI:0.937-0.989; P=0.0052144969)","1.104(95% CI:0.955-1.276; P=0.1815968779)","Adjusted","All_control_except_phenotype","Adjusted All_control_except_phenotype"
"XL_HDL_C","Cholesterol in Very Large HDL","PCa_before_70","0.981(95% CI:0.845-1.141; P=0.807500849)","1.027(95% CI:1-1.055; P=0.0500440426)","0.987(95% CI:0.851-1.144; P=0.8585704999)","Adjusted","All_control_except_phenotype","Adjusted All_control_except_phenotype"
"XL_HDL_CE","Cholesteryl Esters in Very Large HDL","PCa_before_70","0.982(95% CI:0.844-1.142; P=0.8106987046)","1.026(95% CI:0.999-1.054; P=0.0572210986)","0.986(95% CI:0.85-1.144; P=0.8546149369)","Adjusted","All_control_except_phenotype","Adjusted All_control_except_phenotype"
"XL_HDL_FC","Free Cholesterol in Very Large HDL","PCa_before_70","0.976(95% CI:0.843-1.131; P=0.7472577816)","1.027(95% CI:1.001-1.054; P=0.0436439523)","0.983(95% CI:0.851-1.136; P=0.8193892749)","Adjusted","All_control_except_phenotype","Adjusted All_control_except_phenotype"
"XL_HDL_PL","Phospholipids in Very Large HDL","PCa_before_70","0.943(95% CI:0.808-1.1; P=0.4531787446)","1.019(95% CI:0.993-1.047; P=0.1537324256)","0.948(95% CI:0.815-1.103; P=0.4914563032)","Adjusted","All_control_except_phenotype","Adjusted All_control_except_phenotype"
"XL_HDL_TG","Triglycerides in Very Large HDL","PCa_before_70","1.077(95% CI:0.945-1.228; P=0.2669346827)","0.965(95% CI:0.939-0.991; P=0.0086774301)","1.08(95% CI:0.945-1.234; P=0.2577725724)","Adjusted","All_control_except_phenotype","Adjusted All_control_except_phenotype"
"XL_VLDL_C","Cholesterol in Very Large VLDL","PCa_before_70","1.14(95% CI:0.995-1.306; P=0.0585866729)","0.968(95% CI:0.943-0.994; P=0.0171165026)","1.141(95% CI:0.993-1.31; P=0.0623431886)","Adjusted","All_control_except_phenotype","Adjusted All_control_except_phenotype"
"XL_VLDL_CE","Cholesteryl Esters in Very Large VLDL","PCa_before_70","1.171(95% CI:1.021-1.343; P=0.0243934073)","0.975(95% CI:0.949-1.001; P=0.0577642711)","1.168(95% CI:1.017-1.342; P=0.0282651551)","Adjusted","All_control_except_phenotype","Adjusted All_control_except_phenotype"
"XL_VLDL_FC","Free Cholesterol in Very Large VLDL","PCa_before_70","1.104(95% CI:0.966-1.262; P=0.1447982227)","0.962(95% CI:0.936-0.988; P=0.0050785412)","1.108(95% CI:0.966-1.271; P=0.1435638692)","Adjusted","All_control_except_phenotype","Adjusted All_control_except_phenotype"
"XL_VLDL_PL","Phospholipids in Very Large VLDL","PCa_before_70","1.097(95% CI:0.959-1.254; P=0.1771497603)","0.96(95% CI:0.934-0.986; P=0.0029456935)","1.101(95% CI:0.959-1.264; P=0.1725712247)","Adjusted","All_control_except_phenotype","Adjusted All_control_except_phenotype"
"XL_VLDL_TG","Triglycerides in Very Large VLDL","PCa_before_70","1.074(95% CI:0.937-1.231; P=0.3040271264)","0.956(95% CI:0.93-0.983; P=0.0013905148)","1.08(95% CI:0.938-1.243; P=0.2852631607)","Adjusted","All_control_except_phenotype","Adjusted All_control_except_phenotype"
"XS_VLDL_C","Cholesterol in Very Small VLDL","PCa_before_70","1.161(95% CI:1.008-1.336; P=0.0381875374)","1.013(95% CI:0.988-1.04; P=0.3091119443)","1.15(95% CI:1.003-1.32; P=0.0459088613)","Adjusted","All_control_except_phenotype","Adjusted All_control_except_phenotype"
"XS_VLDL_CE","Cholesteryl Esters in Very Small VLDL","PCa_before_70","1.158(95% CI:1.006-1.332; P=0.0408504752)","1.017(95% CI:0.991-1.043; P=0.2007079129)","1.148(95% CI:1.001-1.318; P=0.0486022808)","Adjusted","All_control_except_phenotype","Adjusted All_control_except_phenotype"
"XS_VLDL_FC","Free Cholesterol in Very Small VLDL","PCa_before_70","1.153(95% CI:1.005-1.323; P=0.0429632477)","1.004(95% CI:0.978-1.03; P=0.7801288772)","1.144(95% CI:0.999-1.31; P=0.0515757754)","Adjusted","All_control_except_phenotype","Adjusted All_control_except_phenotype"
"XS_VLDL_PL","Phospholipids in Very Small VLDL","PCa_before_70","1.139(95% CI:0.993-1.306; P=0.0626900776)","0.994(95% CI:0.968-1.02; P=0.628522811)","1.131(95% CI:0.989-1.295; P=0.0730854843)","Adjusted","All_control_except_phenotype","Adjusted All_control_except_phenotype"
"XS_VLDL_TG","Triglycerides in Very Small VLDL","PCa_before_70","1.094(95% CI:0.958-1.25; P=0.1857823953)","0.966(95% CI:0.94-0.992; P=0.0110652274)","1.094(95% CI:0.956-1.252; P=0.1926650662)","Adjusted","All_control_except_phenotype","Adjusted All_control_except_phenotype"
"XXL_VLDL_C","Cholesterol in Chylomicrons and Extremely Large VLDL","PCa_before_70","1.063(95% CI:0.929-1.216; P=0.3752237144)","0.95(95% CI:0.924-0.976; P=0.0002275777)","1.066(95% CI:0.927-1.226; P=0.3699565141)","Adjusted","All_control_except_phenotype","Adjusted All_control_except_phenotype"
"XXL_VLDL_CE","Cholesteryl Esters in Chylomicrons and Extremely Large VLDL","PCa_before_70","1.075(95% CI:0.941-1.23; P=0.2874798337)","0.951(95% CI:0.925-0.977; P=0.0003173696)","1.078(95% CI:0.938-1.239; P=0.2891172729)","Adjusted","All_control_except_phenotype","Adjusted All_control_except_phenotype"
"XXL_VLDL_FC","Free Cholesterol in Chylomicrons and Extremely Large VLDL","PCa_before_70","1.042(95% CI:0.911-1.192; P=0.544063419)","0.949(95% CI:0.923-0.975; P=0.0001886571)","1.046(95% CI:0.91-1.204; P=0.5251315493)","Adjusted","All_control_except_phenotype","Adjusted All_control_except_phenotype"
"XXL_VLDL_PL","Phospholipids in Chylomicrons and Extremely Large VLDL","PCa_before_70","1.028(95% CI:0.898-1.177; P=0.689318786)","0.948(95% CI:0.922-0.974; P=0.000151847)","1.033(95% CI:0.897-1.189; P=0.6544377619)","Adjusted","All_control_except_phenotype","Adjusted All_control_except_phenotype"
"XXL_VLDL_TG","Triglycerides in Chylomicrons and Extremely Large VLDL","PCa_before_70","1.043(95% CI:0.91-1.196; P=0.5421836541)","0.951(95% CI:0.925-0.978; P=0.0004176747)","1.05(95% CI:0.911-1.209; P=0.5006749371)","Adjusted","All_control_except_phenotype","Adjusted All_control_except_phenotype"
"Acetate","Acetate","RC","0.742(95% CI:0.533-1.033; P=0.0773185746)","1.005(95% CI:0.964-1.048; P=0.803895851)","0.694(95% CI:0.449-1.073; P=0.1002243544)","Adjusted","All_control_except_phenotype","Adjusted All_control_except_phenotype"
"Acetoacetate","Acetoacetate","RC","0.899(95% CI:0.726-1.112; P=0.3247922034)","1.034(95% CI:0.99-1.079; P=0.1316397605)","0.958(95% CI:0.768-1.195; P=0.701410675)","Adjusted","All_control_except_phenotype","Adjusted All_control_except_phenotype"
"Acetone","Acetone","RC","0.852(95% CI:0.675-1.077; P=0.180005034)","1.036(95% CI:0.995-1.079; P=0.0883489014)","0.921(95% CI:0.726-1.168; P=0.4966264911)","Adjusted","All_control_except_phenotype","Adjusted All_control_except_phenotype"
"Ala","Alanine","RC","0.951(95% CI:0.785-1.154; P=0.61246191)","1.003(95% CI:0.955-1.053; P=0.9054878299)","1.03(95% CI:0.826-1.286; P=0.7902553455)","Adjusted","All_control_except_phenotype","Adjusted All_control_except_phenotype"
"Albumin","Albumin","RC","0.92(95% CI:0.748-1.13; P=0.4240621951)","0.961(95% CI:0.915-1.009; P=0.1132586312)","0.899(95% CI:0.718-1.125; P=0.3519737378)","Adjusted","All_control_except_phenotype","Adjusted All_control_except_phenotype"
"ApoA1","Apolipoprotein A1","RC","1.006(95% CI:0.816-1.241; P=0.9527419591)","1.055(95% CI:0.997-1.117; P=0.0632911518)","1.027(95% CI:0.811-1.301; P=0.8254165783)","Adjusted","All_control_except_phenotype","Adjusted All_control_except_phenotype"
"ApoB","Apolipoprotein B","RC","1.009(95% CI:0.83-1.226; P=0.9316781339)","0.993(95% CI:0.947-1.042; P=0.7766606876)","0.955(95% CI:0.766-1.189; P=0.6778839522)","Adjusted","All_control_except_phenotype","Adjusted All_control_except_phenotype"
"bOHbutyrate","3-Hydroxybutyrate","RC","0.977(95% CI:0.803-1.189; P=0.8168311273)","1.049(95% CI:1.004-1.097; P=0.0327134895)","1.005(95% CI:0.817-1.237; P=0.9607974676)","Adjusted","All_control_except_phenotype","Adjusted All_control_except_phenotype"
"Cholines","Total Cholines","RC","1.004(95% CI:0.815-1.236; P=0.973466765)","1.031(95% CI:0.978-1.087; P=0.2544070291)","0.982(95% CI:0.783-1.232; P=0.8759685908)","Adjusted","All_control_except_phenotype","Adjusted All_control_except_phenotype"
"Citrate","Citrate","RC","1.001(95% CI:0.815-1.23; P=0.9928386962)","1.017(95% CI:0.967-1.069; P=0.512941725)","0.952(95% CI:0.725-1.251; P=0.7258860085)","Adjusted","All_control_except_phenotype","Adjusted All_control_except_phenotype"
"Clinical_LDL_C","Clinical LDL Cholesterol","RC","1.007(95% CI:0.83-1.221; P=0.9467515382)","0.994(95% CI:0.948-1.042; P=0.8065037821)","0.956(95% CI:0.771-1.185; P=0.6825225662)","Adjusted","All_control_except_phenotype","Adjusted All_control_except_phenotype"
"Creatinine","Creatinine","RC","0.942(95% CI:0.759-1.17; P=0.590620523)","0.92(95% CI:0.865-0.978; P=0.0074258538)","1.143(95% CI:0.894-1.461; P=0.2864166642)","Adjusted","All_control_except_phenotype","Adjusted All_control_except_phenotype"
"DHA","Docosahexaenoic Acid","RC","1.014(95% CI:0.839-1.224; P=0.8888735368)","0.992(95% CI:0.943-1.043; P=0.7491196701)","1.02(95% CI:0.817-1.273; P=0.8604124974)","Adjusted","All_control_except_phenotype","Adjusted All_control_except_phenotype"
"Gln","Glutamine","RC","1(95% CI:0.819-1.221; P=0.9963152291)","0.978(95% CI:0.932-1.027; P=0.3794310911)","0.935(95% CI:0.747-1.171; P=0.5600847123)","Adjusted","All_control_except_phenotype","Adjusted All_control_except_phenotype"
"Glucose","Glucose","RC","0.959(95% CI:0.793-1.159; P=0.6621026942)","1.053(95% CI:1.005-1.103; P=0.0296501194)","0.932(95% CI:0.741-1.172; P=0.5478507687)","Adjusted","All_control_except_phenotype","Adjusted All_control_except_phenotype"
"Gly","Glycine","RC","1.079(95% CI:0.88-1.323; P=0.4623637381)","0.981(95% CI:0.926-1.039; P=0.5134412588)","1.077(95% CI:0.851-1.364; P=0.5370622927)","Adjusted","All_control_except_phenotype","Adjusted All_control_except_phenotype"
"GlycA","Glycoprotein Acetyls","RC","1.017(95% CI:0.828-1.248; P=0.8752110335)","1.086(95% CI:1.031-1.144; P=0.0017651309)","1.044(95% CI:0.825-1.323; P=0.7183111161)","Adjusted","All_control_except_phenotype","Adjusted All_control_except_phenotype"
"HDL_C","HDL Cholesterol","RC","1.041(95% CI:0.843-1.285; P=0.7082232247)","1.048(95% CI:0.987-1.112; P=0.1225974425)","1.051(95% CI:0.823-1.343; P=0.6883323324)","Adjusted","All_control_except_phenotype","Adjusted All_control_except_phenotype"
"HDL_CE","Cholesteryl Esters in HDL","RC","1.043(95% CI:0.846-1.285; P=0.695671179)","1.048(95% CI:0.988-1.112; P=0.1171703382)","1.057(95% CI:0.828-1.35; P=0.6542470614)","Adjusted","All_control_except_phenotype","Adjusted All_control_except_phenotype"
"HDL_FC","Free Cholesterol in HDL","RC","1.034(95% CI:0.837-1.277; P=0.7571062452)","1.04(95% CI:0.98-1.104; P=0.1964067783)","1.027(95% CI:0.807-1.307; P=0.8287366814)","Adjusted","All_control_except_phenotype","Adjusted All_control_except_phenotype"
"HDL_L","Total Lipids in HDL","RC","1.026(95% CI:0.83-1.269; P=0.8092609912)","1.053(95% CI:0.994-1.116; P=0.080565114)","1.039(95% CI:0.817-1.321; P=0.7532343618)","Adjusted","All_control_except_phenotype","Adjusted All_control_except_phenotype"
"HDL_PL","Phospholipids in HDL","RC","1.021(95% CI:0.827-1.26; P=0.8492011675)","1.055(95% CI:0.997-1.117; P=0.0649419922)","1.034(95% CI:0.816-1.31; P=0.7813643835)","Adjusted","All_control_except_phenotype","Adjusted All_control_except_phenotype"
"HDL_TG","Triglycerides in HDL","RC","0.971(95% CI:0.794-1.187; P=0.7744474549)","1.013(95% CI:0.965-1.064; P=0.6059337095)","0.976(95% CI:0.779-1.222; P=0.833328549)","Adjusted","All_control_except_phenotype","Adjusted All_control_except_phenotype"
"His","Histidine","RC","0.997(95% CI:0.821-1.209; P=0.973625603)","0.906(95% CI:0.86-0.954; P=0.0001839607)","0.997(95% CI:0.801-1.24; P=0.976899251)","Adjusted","All_control_except_phenotype","Adjusted All_control_except_phenotype"
"IDL_C","Cholesterol in IDL","RC","1.029(95% CI:0.847-1.25; P=0.7737707023)","0.998(95% CI:0.95-1.048; P=0.922480464)","0.96(95% CI:0.77-1.197; P=0.7198405587)","Adjusted","All_control_except_phenotype","Adjusted All_control_except_phenotype"
"IDL_CE","Cholesteryl Esters in IDL","RC","1.037(95% CI:0.853-1.26; P=0.7172907281)","0.999(95% CI:0.951-1.05; P=0.9838115786)","0.971(95% CI:0.779-1.211; P=0.7951168703)","Adjusted","All_control_except_phenotype","Adjusted All_control_except_phenotype"
"IDL_FC","Free Cholesterol in IDL","RC","1.01(95% CI:0.834-1.223; P=0.9198975894)","0.993(95% CI:0.945-1.043; P=0.7653220683)","0.937(95% CI:0.751-1.169; P=0.5651618342)","Adjusted","All_control_except_phenotype","Adjusted All_control_except_phenotype"
"IDL_PL","Phospholipids in IDL","RC","1.016(95% CI:0.837-1.234; P=0.8713525715)","0.997(95% CI:0.949-1.048; P=0.902200924)","0.954(95% CI:0.765-1.19; P=0.6776233589)","Adjusted","All_control_except_phenotype","Adjusted All_control_except_phenotype"
"IDL_TG","Triglycerides in IDL","RC","0.989(95% CI:0.807-1.212; P=0.9135342052)","0.999(95% CI:0.951-1.049; P=0.9571259069)","0.976(95% CI:0.778-1.224; P=0.8316093786)","Adjusted","All_control_except_phenotype","Adjusted All_control_except_phenotype"
"Ile","Isoleucine","RC","0.982(95% CI:0.812-1.187; P=0.8481165138)","0.978(95% CI:0.93-1.028; P=0.3778444912)","1.009(95% CI:0.809-1.258; P=0.9387331139)","Adjusted","All_control_except_phenotype","Adjusted All_control_except_phenotype"
"L_HDL_C","Cholesterol in Large HDL","RC","1.07(95% CI:0.866-1.321; P=0.5320040724)","1.027(95% CI:0.967-1.091; P=0.389325951)","1.054(95% CI:0.822-1.351; P=0.679253077)","Adjusted","All_control_except_phenotype","Adjusted All_control_except_phenotype"
"L_HDL_CE","Cholesteryl Esters in Large HDL","RC","1.07(95% CI:0.867-1.32; P=0.5276426473)","1.027(95% CI:0.966-1.091; P=0.3969580088)","1.057(95% CI:0.825-1.354; P=0.6613662733)","Adjusted","All_control_except_phenotype","Adjusted All_control_except_phenotype"
"L_HDL_FC","Free Cholesterol in Large HDL","RC","1.056(95% CI:0.857-1.301; P=0.6078432001)","1.025(95% CI:0.964-1.088; P=0.4329162159)","1.033(95% CI:0.808-1.32; P=0.7956745451)","Adjusted","All_control_except_phenotype","Adjusted All_control_except_phenotype"
"L_HDL_PL","Phospholipids in Large HDL","RC","1.056(95% CI:0.855-1.305; P=0.611773478)","1.035(95% CI:0.975-1.099; P=0.2622184872)","1.051(95% CI:0.823-1.343; P=0.6890713564)","Adjusted","All_control_except_phenotype","Adjusted All_control_except_phenotype"
"L_HDL_TG","Triglycerides in Large HDL","RC","0.983(95% CI:0.803-1.203; P=0.8663788745)","1.011(95% CI:0.962-1.063; P=0.6609282923)","0.986(95% CI:0.792-1.227; P=0.8963421568)","Adjusted","All_control_except_phenotype","Adjusted All_control_except_phenotype"
"L_LDL_C","Cholesterol in Large LDL","RC","1.012(95% CI:0.834-1.227; P=0.90580619)","1(95% CI:0.953-1.049; P=0.9938781203)","0.966(95% CI:0.777-1.201; P=0.7564774342)","Adjusted","All_control_except_phenotype","Adjusted All_control_except_phenotype"
"L_LDL_CE","Cholesteryl Esters in Large LDL","RC","1.012(95% CI:0.835-1.228; P=0.9004459076)","1.002(95% CI:0.954-1.051; P=0.9509368618)","0.968(95% CI:0.778-1.204; P=0.7701959158)","Adjusted","All_control_except_phenotype","Adjusted All_control_except_phenotype"
"L_LDL_FC","Free Cholesterol in Large LDL","RC","1.01(95% CI:0.836-1.221; P=0.9169406231)","0.996(95% CI:0.949-1.045; P=0.8639671895)","0.965(95% CI:0.776-1.2; P=0.7489968758)","Adjusted","All_control_except_phenotype","Adjusted All_control_except_phenotype"
"L_LDL_PL","Phospholipids in Large LDL","RC","1.003(95% CI:0.828-1.216; P=0.9731438429)","0.997(95% CI:0.95-1.046; P=0.8916227659)","0.958(95% CI:0.77-1.192; P=0.7027571836)","Adjusted","All_control_except_phenotype","Adjusted All_control_except_phenotype"
"L_LDL_TG","Triglycerides in Large LDL","RC","0.971(95% CI:0.79-1.194; P=0.7780834495)","1(95% CI:0.953-1.051; P=0.987304497)","0.959(95% CI:0.761-1.208; P=0.7221516953)","Adjusted","All_control_except_phenotype","Adjusted All_control_except_phenotype"
"L_VLDL_C","Cholesterol in Large VLDL","RC","0.989(95% CI:0.809-1.209; P=0.9138367748)","1.001(95% CI:0.951-1.053; P=0.9825099751)","0.959(95% CI:0.759-1.211; P=0.7258119752)","Adjusted","All_control_except_phenotype","Adjusted All_control_except_phenotype"
"L_VLDL_CE","Cholesteryl Esters in Large VLDL","RC","1.003(95% CI:0.822-1.223; P=0.978438446)","0.997(95% CI:0.949-1.049; P=0.9155500772)","0.965(95% CI:0.767-1.215; P=0.7628790984)","Adjusted","All_control_except_phenotype","Adjusted All_control_except_phenotype"
"L_VLDL_FC","Free Cholesterol in Large VLDL","RC","0.972(95% CI:0.794-1.191; P=0.7866885092)","1.003(95% CI:0.953-1.055; P=0.9119887614)","0.949(95% CI:0.748-1.203; P=0.6628028721)","Adjusted","All_control_except_phenotype","Adjusted All_control_except_phenotype"
"L_VLDL_PL","Phospholipids in Large VLDL","RC","0.971(95% CI:0.793-1.189; P=0.7781484861)","1.004(95% CI:0.954-1.056; P=0.8754360512)","0.955(95% CI:0.753-1.21; P=0.7007478486)","Adjusted","All_control_except_phenotype","Adjusted All_control_except_phenotype"
"L_VLDL_TG","Triglycerides in Large VLDL","RC","0.991(95% CI:0.812-1.209; P=0.9292677436)","1.01(95% CI:0.96-1.062; P=0.704489331)","0.98(95% CI:0.775-1.24; P=0.8691905581)","Adjusted","All_control_except_phenotype","Adjusted All_control_except_phenotype"
"LA","Linoleic Acid","RC","1.012(95% CI:0.831-1.233; P=0.905557521)","1.006(95% CI:0.958-1.055; P=0.8210180221)","0.964(95% CI:0.772-1.202; P=0.7419055855)","Adjusted","All_control_except_phenotype","Adjusted All_control_except_phenotype"
"Lactate","Lactate","RC","0.948(95% CI:0.779-1.154; P=0.5933625552)","1.021(95% CI:0.971-1.074; P=0.4182454738)","0.955(95% CI:0.76-1.2; P=0.6934267388)","Adjusted","All_control_except_phenotype","Adjusted All_control_except_phenotype"
"LDL_C","LDL Cholesterol","RC","1.004(95% CI:0.827-1.219; P=0.9672377169)","0.998(95% CI:0.951-1.046; P=0.9204906958)","0.962(95% CI:0.774-1.195; P=0.7246879466)","Adjusted","All_control_except_phenotype","Adjusted All_control_except_phenotype"
"LDL_CE","Cholesteryl Esters in LDL","RC","1.002(95% CI:0.824-1.217; P=0.9875086925)","0.999(95% CI:0.952-1.048; P=0.9643227011)","0.961(95% CI:0.772-1.195; P=0.7194208537)","Adjusted","All_control_except_phenotype","Adjusted All_control_except_phenotype"
"LDL_FC","Free Cholesterol in LDL","RC","1.012(95% CI:0.837-1.222; P=0.9055781458)","0.995(95% CI:0.949-1.044; P=0.8418459799)","0.969(95% CI:0.781-1.204; P=0.7779276264)","Adjusted","All_control_except_phenotype","Adjusted All_control_except_phenotype"
"LDL_L","Total Lipids in LDL","RC","1(95% CI:0.822-1.217; P=0.9970993493)","0.998(95% CI:0.951-1.046; P=0.922116304)","0.958(95% CI:0.771-1.192; P=0.7026658922)","Adjusted","All_control_except_phenotype","Adjusted All_control_except_phenotype"
"LDL_PL","Phospholipids in LDL","RC","1.004(95% CI:0.827-1.218; P=0.9688286012)","0.997(95% CI:0.951-1.046; P=0.9074792408)","0.962(95% CI:0.773-1.197; P=0.7289937915)","Adjusted","All_control_except_phenotype","Adjusted All_control_except_phenotype"
"LDL_TG","Triglycerides in LDL","RC","0.969(95% CI:0.788-1.191; P=0.7647828574)","1.003(95% CI:0.955-1.053; P=0.899322361)","0.96(95% CI:0.762-1.211; P=0.7320241207)","Adjusted","All_control_except_phenotype","Adjusted All_control_except_phenotype"
"Leu","Leucine","RC","0.944(95% CI:0.778-1.146; P=0.5584586303)","0.951(95% CI:0.903-1.001; P=0.05559094)","0.996(95% CI:0.797-1.244; P=0.9731711015)","Adjusted","All_control_except_phenotype","Adjusted All_control_except_phenotype"
"M_HDL_C","Cholesterol in Medium HDL","RC","1.017(95% CI:0.827-1.25; P=0.8746420085)","1.054(95% CI:0.996-1.115; P=0.0694799642)","1.05(95% CI:0.828-1.33; P=0.688758855)","Adjusted","All_control_except_phenotype","Adjusted All_control_except_phenotype"
"M_HDL_CE","Cholesteryl Esters in Medium HDL","RC","1.016(95% CI:0.827-1.248; P=0.8794787022)","1.054(95% CI:0.996-1.115; P=0.0667563405)","1.053(95% CI:0.832-1.334; P=0.6669517197)","Adjusted","All_control_except_phenotype","Adjusted All_control_except_phenotype"
"M_HDL_FC","Free Cholesterol in Medium HDL","RC","1.018(95% CI:0.826-1.254; P=0.866457676)","1.049(95% CI:0.991-1.111; P=0.1001959598)","1.032(95% CI:0.816-1.305; P=0.792851226)","Adjusted","All_control_except_phenotype","Adjusted All_control_except_phenotype"
"M_HDL_PL","Phospholipids in Medium HDL","RC","0.999(95% CI:0.814-1.226; P=0.9915990557)","1.055(95% CI:1-1.114; P=0.0514893823)","1.025(95% CI:0.816-1.288; P=0.8287260643)","Adjusted","All_control_except_phenotype","Adjusted All_control_except_phenotype"
"M_HDL_TG","Triglycerides in Medium HDL","RC","0.965(95% CI:0.79-1.179; P=0.7263429283)","1.016(95% CI:0.967-1.067; P=0.5255888483)","0.971(95% CI:0.775-1.215; P=0.794463994)","Adjusted","All_control_except_phenotype","Adjusted All_control_except_phenotype"
"M_LDL_C","Cholesterol in Medium LDL","RC","0.989(95% CI:0.814-1.202; P=0.909295335)","0.995(95% CI:0.948-1.044; P=0.833641734)","0.958(95% CI:0.769-1.195; P=0.7050746402)","Adjusted","All_control_except_phenotype","Adjusted All_control_except_phenotype"
"M_LDL_CE","Cholesteryl Esters in Medium LDL","RC","0.982(95% CI:0.806-1.195; P=0.8537631821)","0.995(95% CI:0.948-1.044; P=0.8364210208)","0.954(95% CI:0.763-1.192; P=0.6789176874)","Adjusted","All_control_except_phenotype","Adjusted All_control_except_phenotype"
"M_LDL_FC","Free Cholesterol in Medium LDL","RC","1.01(95% CI:0.837-1.22; P=0.9153336019)","0.996(95% CI:0.95-1.045; P=0.866128266)","0.978(95% CI:0.787-1.214; P=0.8389031564)","Adjusted","All_control_except_phenotype","Adjusted All_control_except_phenotype"
"M_LDL_PL","Phospholipids in Medium LDL","RC","0.998(95% CI:0.822-1.212; P=0.9875499176)","0.999(95% CI:0.952-1.048; P=0.9546829186)","0.968(95% CI:0.776-1.207; P=0.7712623968)","Adjusted","All_control_except_phenotype","Adjusted All_control_except_phenotype"
"M_LDL_TG","Triglycerides in Medium LDL","RC","0.96(95% CI:0.781-1.18; P=0.6984138001)","1.004(95% CI:0.956-1.054; P=0.8745212119)","0.957(95% CI:0.758-1.209; P=0.7116549376)","Adjusted","All_control_except_phenotype","Adjusted All_control_except_phenotype"
"M_VLDL_C","Cholesterol in Medium VLDL","RC","1.026(95% CI:0.848-1.242; P=0.7905167015)","0.994(95% CI:0.947-1.043; P=0.8063336527)","0.967(95% CI:0.777-1.203; P=0.7603850694)","Adjusted","All_control_except_phenotype","Adjusted All_control_except_phenotype"
"M_VLDL_CE","Cholesteryl Esters in Medium VLDL","RC","1.03(95% CI:0.854-1.243; P=0.7558650087)","0.992(95% CI:0.946-1.041; P=0.7516479068)","0.971(95% CI:0.781-1.207; P=0.7900255684)","Adjusted","All_control_except_phenotype","Adjusted All_control_except_phenotype"
"M_VLDL_FC","Free Cholesterol in Medium VLDL","RC","1.017(95% CI:0.838-1.234; P=0.8654106259)","0.997(95% CI:0.95-1.046; P=0.8919643865)","0.964(95% CI:0.772-1.203; P=0.7434288631)","Adjusted","All_control_except_phenotype","Adjusted All_control_except_phenotype"
"M_VLDL_PL","Phospholipids in Medium VLDL","RC","1.017(95% CI:0.836-1.237; P=0.8678212742)","0.999(95% CI:0.951-1.048; P=0.9570624458)","0.967(95% CI:0.773-1.21; P=0.7708901299)","Adjusted","All_control_except_phenotype","Adjusted All_control_except_phenotype"
"M_VLDL_TG","Triglycerides in Medium VLDL","RC","1.012(95% CI:0.829-1.234; P=0.9082324852)","1.008(95% CI:0.959-1.06; P=0.7580755277)","1.001(95% CI:0.794-1.261; P=0.9932620266)","Adjusted","All_control_except_phenotype","Adjusted All_control_except_phenotype"
"MUFA","Monounsaturated Fatty Acids","RC","0.984(95% CI:0.8-1.209; P=0.8771746261)","1.035(95% CI:0.986-1.087; P=0.1632700365)","0.986(95% CI:0.782-1.242; P=0.903370592)","Adjusted","All_control_except_phenotype","Adjusted All_control_except_phenotype"
"non_HDL_C","Total Cholesterol Minus HDL-C","RC","1.008(95% CI:0.828-1.227; P=0.9353096578)","0.997(95% CI:0.951-1.046; P=0.9028927092)","0.955(95% CI:0.768-1.187; P=0.6788803535)","Adjusted","All_control_except_phenotype","Adjusted All_control_except_phenotype"
"Omega_3","Omega-3 Fatty Acids","RC","0.987(95% CI:0.81-1.203; P=0.8955704524)","1.007(95% CI:0.959-1.058; P=0.7748936644)","1.013(95% CI:0.81-1.266; P=0.9115294324)","Adjusted","All_control_except_phenotype","Adjusted All_control_except_phenotype"
"Omega_6","Omega-6 Fatty Acids","RC","1.007(95% CI:0.822-1.233; P=0.947442545)","1.019(95% CI:0.97-1.07; P=0.4596678429)","0.981(95% CI:0.785-1.227; P=0.8689517727)","Adjusted","All_control_except_phenotype","Adjusted All_control_except_phenotype"
"Phe","Phenylalanine","RC","0.889(95% CI:0.716-1.104; P=0.2856638695)","0.964(95% CI:0.917-1.013; P=0.1482884705)","0.906(95% CI:0.72-1.141; P=0.4027946825)","Adjusted","All_control_except_phenotype","Adjusted All_control_except_phenotype"
"Phosphatidylc","Phosphatidylcholines","RC","1.012(95% CI:0.818-1.251; P=0.9156984473)","1.026(95% CI:0.973-1.082; P=0.3488571937)","0.993(95% CI:0.79-1.247; P=0.9484717618)","Adjusted","All_control_except_phenotype","Adjusted All_control_except_phenotype"
"Phosphoglyc","Phosphoglycerides","RC","0.997(95% CI:0.808-1.229; P=0.9752467609)","1.034(95% CI:0.981-1.089; P=0.2156251662)","0.982(95% CI:0.782-1.231; P=0.8718618908)","Adjusted","All_control_except_phenotype","Adjusted All_control_except_phenotype"
"PUFA","Polyunsaturated Fatty Acids","RC","0.999(95% CI:0.811-1.23; P=0.9928298995)","1.017(95% CI:0.968-1.068; P=0.5058838113)","0.985(95% CI:0.785-1.234; P=0.8927153478)","Adjusted","All_control_except_phenotype","Adjusted All_control_except_phenotype"
"Pyruvate","Pyruvate","RC","0.96(95% CI:0.793-1.164; P=0.6803962615)","1.011(95% CI:0.963-1.062; P=0.6559909694)","0.969(95% CI:0.774-1.214; P=0.7847470883)","Adjusted","All_control_except_phenotype","Adjusted All_control_except_phenotype"
"Remnant_C","Remnant Cholesterol (Non-HDL and Non-LDL -Cholesterol)","RC","1.013(95% CI:0.831-1.235; P=0.8993321417)","0.997(95% CI:0.95-1.046; P=0.9063782813)","0.952(95% CI:0.765-1.185; P=0.6601968543)","Adjusted","All_control_except_phenotype","Adjusted All_control_except_phenotype"
"S_HDL_C","Cholesterol in Small HDL","RC","0.974(95% CI:0.801-1.186; P=0.7960660935)","1.038(95% CI:0.988-1.092; P=0.1383376158)","1.025(95% CI:0.821-1.281; P=0.8264247721)","Adjusted","All_control_except_phenotype","Adjusted All_control_except_phenotype"
"S_HDL_CE","Cholesteryl Esters in Small HDL","RC","0.973(95% CI:0.801-1.18; P=0.7779368438)","1.038(95% CI:0.988-1.091; P=0.1396050549)","1.028(95% CI:0.824-1.281; P=0.808122874)","Adjusted","All_control_except_phenotype","Adjusted All_control_except_phenotype"
"S_HDL_FC","Free Cholesterol in Small HDL","RC","0.989(95% CI:0.805-1.215; P=0.9148216422)","1.034(95% CI:0.983-1.088; P=0.1943941214)","1.016(95% CI:0.811-1.274; P=0.8873949726)","Adjusted","All_control_except_phenotype","Adjusted All_control_except_phenotype"
"S_HDL_PL","Phospholipids in Small HDL","RC","0.961(95% CI:0.784-1.178; P=0.7024419089)","1.05(95% CI:0.999-1.104; P=0.0567574017)","1.004(95% CI:0.801-1.259; P=0.9691632989)","Adjusted","All_control_except_phenotype","Adjusted All_control_except_phenotype"
"S_HDL_TG","Triglycerides in Small HDL","RC","0.957(95% CI:0.781-1.173; P=0.6708505671)","1.009(95% CI:0.959-1.062; P=0.7320924646)","0.963(95% CI:0.762-1.219; P=0.7551059054)","Adjusted","All_control_except_phenotype","Adjusted All_control_except_phenotype"
"S_LDL_C","Cholesterol in Small LDL","RC","0.998(95% CI:0.823-1.21; P=0.9804273566)","0.995(95% CI:0.949-1.044; P=0.8483611315)","0.96(95% CI:0.771-1.196; P=0.7177108163)","Adjusted","All_control_except_phenotype","Adjusted All_control_except_phenotype"
"S_LDL_CE","Cholesteryl Esters in Small LDL","RC","0.986(95% CI:0.812-1.198; P=0.8899487203)","0.997(95% CI:0.95-1.046; P=0.9026164796)","0.952(95% CI:0.763-1.189; P=0.6654880665)","Adjusted","All_control_except_phenotype","Adjusted All_control_except_phenotype"
"S_LDL_FC","Free Cholesterol in Small LDL","RC","1.024(95% CI:0.85-1.234; P=0.8024782738)","0.992(95% CI:0.946-1.04; P=0.7414209821)","0.987(95% CI:0.796-1.224; P=0.904475039)","Adjusted","All_control_except_phenotype","Adjusted All_control_except_phenotype"
"S_LDL_PL","Phospholipids in Small LDL","RC","1.024(95% CI:0.845-1.239; P=0.8117461001)","0.998(95% CI:0.952-1.047; P=0.9399384477)","0.982(95% CI:0.79-1.222; P=0.8729863268)","Adjusted","All_control_except_phenotype","Adjusted All_control_except_phenotype"
"S_LDL_TG","Triglycerides in Small LDL","RC","0.959(95% CI:0.783-1.175; P=0.6861212688)","1.01(95% CI:0.962-1.06; P=0.6889613547)","0.954(95% CI:0.755-1.206; P=0.695037911)","Adjusted","All_control_except_phenotype","Adjusted All_control_except_phenotype"
"S_VLDL_C","Cholesterol in Small VLDL","RC","1.014(95% CI:0.833-1.233; P=0.8920190153)","0.991(95% CI:0.944-1.041; P=0.7227697723)","0.967(95% CI:0.774-1.209; P=0.7679069412)","Adjusted","All_control_except_phenotype","Adjusted All_control_except_phenotype"
"S_VLDL_CE","Cholesteryl Esters in Small VLDL","RC","1.006(95% CI:0.826-1.224; P=0.9551401649)","0.989(95% CI:0.942-1.039; P=0.6739190383)","0.961(95% CI:0.768-1.202; P=0.7265555688)","Adjusted","All_control_except_phenotype","Adjusted All_control_except_phenotype"
"S_VLDL_FC","Free Cholesterol in Small VLDL","RC","1.028(95% CI:0.847-1.247; P=0.7807855834)","0.994(95% CI:0.947-1.043; P=0.7940603749)","0.979(95% CI:0.785-1.221; P=0.8496540518)","Adjusted","All_control_except_phenotype","Adjusted All_control_except_phenotype"
"S_VLDL_PL","Phospholipids in Small VLDL","RC","1.025(95% CI:0.842-1.247; P=0.8088073462)","0.997(95% CI:0.949-1.047; P=0.904577789)","0.982(95% CI:0.785-1.228; P=0.8745997017)","Adjusted","All_control_except_phenotype","Adjusted All_control_except_phenotype"
"S_VLDL_TG","Triglycerides in Small VLDL","RC","1.008(95% CI:0.827-1.228; P=0.936778067)","1.008(95% CI:0.959-1.06; P=0.7525986974)","1.011(95% CI:0.805-1.271; P=0.9218883309)","Adjusted","All_control_except_phenotype","Adjusted All_control_except_phenotype"
"SFA","Saturated Fatty Acids","RC","0.977(95% CI:0.794-1.201; P=0.8247932774)","1.03(95% CI:0.981-1.081; P=0.2302896807)","0.968(95% CI:0.769-1.217; P=0.7798566528)","Adjusted","All_control_except_phenotype","Adjusted All_control_except_phenotype"
"Sphingomyelins","Sphingomyelins","RC","1.036(95% CI:0.848-1.265; P=0.7312345596)","1.029(95% CI:0.977-1.085; P=0.28060001)","1.004(95% CI:0.8-1.261; P=0.9727542995)","Adjusted","All_control_except_phenotype","Adjusted All_control_except_phenotype"
"Total_C","Total Cholesterol","RC","1.014(95% CI:0.833-1.236; P=0.8876381802)","1.007(95% CI:0.959-1.058; P=0.7692352658)","0.964(95% CI:0.773-1.201; P=0.7413232252)","Adjusted","All_control_except_phenotype","Adjusted All_control_except_phenotype"
"Total_CE","Total Esterified Cholesterol","RC","1.016(95% CI:0.834-1.237; P=0.8776822895)","1.009(95% CI:0.96-1.061; P=0.7132026467)","0.968(95% CI:0.776-1.207; P=0.7703504368)","Adjusted","All_control_except_phenotype","Adjusted All_control_except_phenotype"
"Total_FA","Total Fatty Acids","RC","0.983(95% CI:0.798-1.211; P=0.8714348499)","1.029(95% CI:0.98-1.08; P=0.2444699048)","0.977(95% CI:0.777-1.228; P=0.8438903318)","Adjusted","All_control_except_phenotype","Adjusted All_control_except_phenotype"
"Total_FC","Total Free Cholesterol","RC","1.011(95% CI:0.831-1.232; P=0.909920406)","1.003(95% CI:0.956-1.053; P=0.8984004939)","0.957(95% CI:0.768-1.193; P=0.697837072)","Adjusted","All_control_except_phenotype","Adjusted All_control_except_phenotype"
"Total_L","Total Lipids in Lipoprotein Particles","RC","1.001(95% CI:0.817-1.226; P=0.993850368)","1.015(95% CI:0.967-1.065; P=0.5490169678)","0.965(95% CI:0.772-1.206; P=0.7543299133)","Adjusted","All_control_except_phenotype","Adjusted All_control_except_phenotype"
"Total_PL","Total Phospholipids in Lipoprotein Particles","RC","1.006(95% CI:0.819-1.236; P=0.9529349158)","1.028(95% CI:0.977-1.082; P=0.2852085041)","0.974(95% CI:0.777-1.22; P=0.8177332634)","Adjusted","All_control_except_phenotype","Adjusted All_control_except_phenotype"
"Total_TG","Total Triglycerides","RC","0.99(95% CI:0.807-1.214; P=0.9205728525)","1.012(95% CI:0.963-1.065; P=0.6331738815)","0.989(95% CI:0.782-1.25; P=0.924103067)","Adjusted","All_control_except_phenotype","Adjusted All_control_except_phenotype"
"Tyr","Tyrosine","RC","0.963(95% CI:0.795-1.167; P=0.7023660143)","0.988(95% CI:0.94-1.039; P=0.6410021418)","1.009(95% CI:0.812-1.253; P=0.9382233362)","Adjusted","All_control_except_phenotype","Adjusted All_control_except_phenotype"
"Unsaturation","Degree of Unsaturation","RC","1(95% CI:0.828-1.209; P=0.9962505747)","0.979(95% CI:0.93-1.03; P=0.4140593782)","1.029(95% CI:0.819-1.293; P=0.8064751523)","Adjusted","All_control_except_phenotype","Adjusted All_control_except_phenotype"
"Val","Valine","RC","0.892(95% CI:0.726-1.095; P=0.2733855197)","0.953(95% CI:0.904-1.004; P=0.0695749146)","0.935(95% CI:0.739-1.182; P=0.5729174336)","Adjusted","All_control_except_phenotype","Adjusted All_control_except_phenotype"
"VLDL_C","VLDL Cholesterol","RC","1(95% CI:0.819-1.222; P=0.9990537752)","0.998(95% CI:0.951-1.048; P=0.9447427634)","0.952(95% CI:0.761-1.192; P=0.6686783467)","Adjusted","All_control_except_phenotype","Adjusted All_control_except_phenotype"
"VLDL_CE","Cholesteryl Esters in VLDL","RC","1.004(95% CI:0.825-1.223; P=0.9659019264)","0.994(95% CI:0.947-1.044; P=0.8214040507)","0.95(95% CI:0.761-1.186; P=0.6512612216)","Adjusted","All_control_except_phenotype","Adjusted All_control_except_phenotype"
"VLDL_FC","Free Cholesterol in VLDL","RC","0.989(95% CI:0.81-1.209; P=0.9156354269)","1.002(95% CI:0.953-1.052; P=0.9512897836)","0.949(95% CI:0.755-1.193; P=0.6533493958)","Adjusted","All_control_except_phenotype","Adjusted All_control_except_phenotype"
"VLDL_L","Total Lipids in VLDL","RC","0.999(95% CI:0.813-1.227; P=0.9899190405)","1.01(95% CI:0.96-1.062; P=0.7125304165)","0.977(95% CI:0.774-1.233; P=0.846408027)","Adjusted","All_control_except_phenotype","Adjusted All_control_except_phenotype"
"VLDL_PL","Phospholipids in VLDL","RC","0.99(95% CI:0.809-1.213; P=0.925417145)","1.004(95% CI:0.955-1.055; P=0.8855892045)","0.958(95% CI:0.761-1.206; P=0.7155493478)","Adjusted","All_control_except_phenotype","Adjusted All_control_except_phenotype"
"VLDL_TG","Triglycerides in VLDL","RC","0.993(95% CI:0.81-1.216; P=0.9424951744)","1.013(95% CI:0.963-1.065; P=0.6242779839)","0.99(95% CI:0.782-1.253; P=0.9325790107)","Adjusted","All_control_except_phenotype","Adjusted All_control_except_phenotype"
"XL_HDL_C","Cholesterol in Very Large HDL","RC","1.047(95% CI:0.852-1.285; P=0.6624077105)","1.004(95% CI:0.947-1.065; P=0.8886240512)","1.005(95% CI:0.786-1.285; P=0.9666559664)","Adjusted","All_control_except_phenotype","Adjusted All_control_except_phenotype"
"XL_HDL_CE","Cholesteryl Esters in Very Large HDL","RC","1.055(95% CI:0.859-1.296; P=0.6069787549)","1.008(95% CI:0.95-1.07; P=0.7892545665)","1.02(95% CI:0.798-1.304; P=0.8756360764)","Adjusted","All_control_except_phenotype","Adjusted All_control_except_phenotype"
"XL_HDL_FC","Free Cholesterol in Very Large HDL","RC","1.013(95% CI:0.827-1.239; P=0.9033602942)","0.991(95% CI:0.937-1.049; P=0.7549400357)","0.951(95% CI:0.747-1.211; P=0.6856243427)","Adjusted","All_control_except_phenotype","Adjusted All_control_except_phenotype"
"XL_HDL_PL","Phospholipids in Very Large HDL","RC","1.049(95% CI:0.853-1.291; P=0.6497890408)","1.011(95% CI:0.953-1.072; P=0.7273239057)","1.015(95% CI:0.794-1.298; P=0.9044986634)","Adjusted","All_control_except_phenotype","Adjusted All_control_except_phenotype"
"XL_HDL_TG","Triglycerides in Very Large HDL","RC","0.98(95% CI:0.802-1.197; P=0.8420857156)","1.006(95% CI:0.959-1.055; P=0.815544696)","0.971(95% CI:0.777-1.213; P=0.7951570317)","Adjusted","All_control_except_phenotype","Adjusted All_control_except_phenotype"
"XL_VLDL_C","Cholesterol in Very Large VLDL","RC","0.969(95% CI:0.792-1.186; P=0.760788258)","1.002(95% CI:0.953-1.054; P=0.9276245595)","0.936(95% CI:0.739-1.186; P=0.5843167896)","Adjusted","All_control_except_phenotype","Adjusted All_control_except_phenotype"
"XL_VLDL_CE","Cholesteryl Esters in Very Large VLDL","RC","0.98(95% CI:0.802-1.197; P=0.8406759393)","0.998(95% CI:0.949-1.049; P=0.9242298845)","0.94(95% CI:0.744-1.186; P=0.6006972669)","Adjusted","All_control_except_phenotype","Adjusted All_control_except_phenotype"
"XL_VLDL_FC","Free Cholesterol in Very Large VLDL","RC","0.954(95% CI:0.778-1.17; P=0.6532114649)","1.007(95% CI:0.957-1.058; P=0.7974807583)","0.93(95% CI:0.732-1.182; P=0.5518003812)","Adjusted","All_control_except_phenotype","Adjusted All_control_except_phenotype"
"XL_VLDL_PL","Phospholipids in Very Large VLDL","RC","0.952(95% CI:0.776-1.168; P=0.6396404101)","1.007(95% CI:0.958-1.059; P=0.787824479)","0.93(95% CI:0.731-1.184; P=0.5574591502)","Adjusted","All_control_except_phenotype","Adjusted All_control_except_phenotype"
"XL_VLDL_TG","Triglycerides in Very Large VLDL","RC","0.957(95% CI:0.781-1.173; P=0.6725793896)","1.012(95% CI:0.962-1.064; P=0.6470152826)","0.948(95% CI:0.746-1.206; P=0.6652779983)","Adjusted","All_control_except_phenotype","Adjusted All_control_except_phenotype"
"XS_VLDL_C","Cholesterol in Very Small VLDL","RC","1.015(95% CI:0.834-1.234; P=0.8844775213)","0.988(95% CI:0.941-1.038; P=0.6390889697)","0.943(95% CI:0.755-1.177; P=0.6026102087)","Adjusted","All_control_except_phenotype","Adjusted All_control_except_phenotype"
"XS_VLDL_CE","Cholesteryl Esters in Very Small VLDL","RC","1.021(95% CI:0.84-1.24; P=0.8354011756)","0.989(95% CI:0.941-1.039; P=0.6518461901)","0.945(95% CI:0.757-1.179; P=0.6151437588)","Adjusted","All_control_except_phenotype","Adjusted All_control_except_phenotype"
"XS_VLDL_FC","Free Cholesterol in Very Small VLDL","RC","1.002(95% CI:0.822-1.222; P=0.9842305205)","0.987(95% CI:0.94-1.037; P=0.6048493031)","0.939(95% CI:0.75-1.175; P=0.5824704753)","Adjusted","All_control_except_phenotype","Adjusted All_control_except_phenotype"
"XS_VLDL_PL","Phospholipids in Very Small VLDL","RC","1.003(95% CI:0.821-1.225; P=0.9756066748)","0.991(95% CI:0.943-1.04; P=0.7068351619)","0.952(95% CI:0.76-1.192; P=0.6651345962)","Adjusted","All_control_except_phenotype","Adjusted All_control_except_phenotype"
"XS_VLDL_TG","Triglycerides in Very Small VLDL","RC","0.99(95% CI:0.81-1.21; P=0.9218614875)","1.002(95% CI:0.954-1.052; P=0.945959294)","0.985(95% CI:0.786-1.235; P=0.8979528585)","Adjusted","All_control_except_phenotype","Adjusted All_control_except_phenotype"
"XXL_VLDL_C","Cholesterol in Chylomicrons and Extremely Large VLDL","RC","0.927(95% CI:0.755-1.14; P=0.4740218572)","1.011(95% CI:0.963-1.063; P=0.6518125251)","0.915(95% CI:0.717-1.167; P=0.4744730907)","Adjusted","All_control_except_phenotype","Adjusted All_control_except_phenotype"
"XXL_VLDL_CE","Cholesteryl Esters in Chylomicrons and Extremely Large VLDL","RC","0.931(95% CI:0.758-1.144; P=0.496706354)","1.007(95% CI:0.959-1.059; P=0.7704953475)","0.917(95% CI:0.719-1.169; P=0.4827183001)","Adjusted","All_control_except_phenotype","Adjusted All_control_except_phenotype"
"XXL_VLDL_FC","Free Cholesterol in Chylomicrons and Extremely Large VLDL","RC","0.913(95% CI:0.741-1.125; P=0.3914975948)","1.015(95% CI:0.967-1.066; P=0.5496742018)","0.904(95% CI:0.707-1.157; P=0.4239258437)","Adjusted","All_control_except_phenotype","Adjusted All_control_except_phenotype"
"XXL_VLDL_PL","Phospholipids in Chylomicrons and Extremely Large VLDL","RC","0.907(95% CI:0.735-1.119; P=0.362484413)","1.013(95% CI:0.964-1.064; P=0.6110281499)","0.905(95% CI:0.707-1.16; P=0.4314012616)","Adjusted","All_control_except_phenotype","Adjusted All_control_except_phenotype"
"XXL_VLDL_TG","Triglycerides in Chylomicrons and Extremely Large VLDL","RC","0.931(95% CI:0.758-1.143; P=0.4945698527)","1.014(95% CI:0.966-1.064; P=0.5795476665)","0.916(95% CI:0.718-1.17; P=0.4833203735)","Adjusted","All_control_except_phenotype","Adjusted All_control_except_phenotype"
