"Biomarker","Description","Phenotype","HUNT_all","UKBB","HUNT_reduced","Analysis_type","Design","key"
"Acetate","Acetate","BC","0.871(95% CI:0.725-1.047; P=0.1406304566)","0.995(95% CI:0.973-1.018; P=0.6836955975)","0.763(95% CI:0.594-0.982; P=0.0353251836)","Raw","healthy_noncancer_control","Raw healthy_noncancer_control"
"Acetoacetate","Acetoacetate","BC","1.074(95% CI:0.975-1.183; P=0.1481268314)","1.046(95% CI:1.026-1.066; P=0.0000042456)","1.088(95% CI:0.977-1.212; P=0.1224101057)","Raw","healthy_noncancer_control","Raw healthy_noncancer_control"
"Acetone","Acetone","BC","1.031(95% CI:0.922-1.152; P=0.5942672185)","1.03(95% CI:1.011-1.049; P=0.0020361429)","1.058(95% CI:0.939-1.193; P=0.3517544089)","Raw","healthy_noncancer_control","Raw healthy_noncancer_control"
"Ala","Alanine","BC","0.994(95% CI:0.883-1.119; P=0.9186187435)","1.004(95% CI:0.983-1.026; P=0.6971965861)","1.086(95% CI:0.949-1.243; P=0.2289693004)","Raw","healthy_noncancer_control","Raw healthy_noncancer_control"
"Albumin","Albumin","BC","0.884(95% CI:0.781-1; P=0.0492843808)","0.959(95% CI:0.938-0.98; P=0.0001457778)","0.952(95% CI:0.83-1.091; P=0.4796434784)","Raw","healthy_noncancer_control","Raw healthy_noncancer_control"
"ApoA1","Apolipoprotein A1","BC","0.993(95% CI:0.879-1.121; P=0.9062074653)","0.99(95% CI:0.969-1.012; P=0.3747038491)","1.007(95% CI:0.878-1.155; P=0.9197550534)","Raw","healthy_noncancer_control","Raw healthy_noncancer_control"
"ApoB","Apolipoprotein B","BC","0.98(95% CI:0.864-1.112; P=0.7578670729)","1.012(95% CI:0.99-1.034; P=0.2946909002)","1.014(95% CI:0.882-1.165; P=0.8497535758)","Raw","healthy_noncancer_control","Raw healthy_noncancer_control"
"bOHbutyrate","3-Hydroxybutyrate","BC","1.049(95% CI:0.94-1.17; P=0.3943669377)","1.038(95% CI:1.017-1.059; P=0.0003256083)","1.074(95% CI:0.953-1.21; P=0.2439674491)","Raw","healthy_noncancer_control","Raw healthy_noncancer_control"
"Cholines","Total Cholines","BC","0.988(95% CI:0.865-1.128; P=0.8548651002)","1.006(95% CI:0.984-1.029; P=0.5947218708)","1.033(95% CI:0.896-1.191; P=0.6571319171)","Raw","healthy_noncancer_control","Raw healthy_noncancer_control"
"Citrate","Citrate","BC","0.989(95% CI:0.869-1.126; P=0.8662685607)","0.995(95% CI:0.973-1.018; P=0.675826468)","1.022(95% CI:0.92-1.135; P=0.6900117567)","Raw","healthy_noncancer_control","Raw healthy_noncancer_control"
"Clinical_LDL_C","Clinical LDL Cholesterol","BC","0.957(95% CI:0.845-1.085; P=0.4952119313)","1.003(95% CI:0.981-1.025; P=0.8050571816)","0.99(95% CI:0.862-1.137; P=0.8903627784)","Raw","healthy_noncancer_control","Raw healthy_noncancer_control"
"Creatinine","Creatinine","BC","0.966(95% CI:0.852-1.095; P=0.5868596634)","1.012(95% CI:0.99-1.034; P=0.2805270396)","0.984(95% CI:0.857-1.131; P=0.8246435577)","Raw","healthy_noncancer_control","Raw healthy_noncancer_control"
"DHA","Docosahexaenoic Acid","BC","0.926(95% CI:0.814-1.054; P=0.2423712304)","0.99(95% CI:0.968-1.012; P=0.369998245)","0.924(95% CI:0.799-1.068; P=0.2867476173)","Raw","healthy_noncancer_control","Raw healthy_noncancer_control"
"Gln","Glutamine","BC","0.94(95% CI:0.832-1.062; P=0.3191071732)","0.95(95% CI:0.93-0.971; P=0.0000053221)","1.026(95% CI:0.894-1.178; P=0.7121537164)","Raw","healthy_noncancer_control","Raw healthy_noncancer_control"
"Glucose","Glucose","BC","1.016(95% CI:0.903-1.142; P=0.7969905266)","1.018(95% CI:0.996-1.04; P=0.116043246)","1.024(95% CI:0.895-1.171; P=0.7324906388)","Raw","healthy_noncancer_control","Raw healthy_noncancer_control"
"Gly","Glycine","BC","0.896(95% CI:0.793-1.013; P=0.0795157718)","0.952(95% CI:0.932-0.974; P=0.0000138753)","0.9(95% CI:0.782-1.036; P=0.141885947)","Raw","healthy_noncancer_control","Raw healthy_noncancer_control"
"GlycA","Glycoprotein Acetyls","BC","1.096(95% CI:0.973-1.235; P=0.1321866433)","1.054(95% CI:1.031-1.077; P=0.0000031644)","1.095(95% CI:0.955-1.256; P=0.1925668379)","Raw","healthy_noncancer_control","Raw healthy_noncancer_control"
"HDL_C","HDL Cholesterol","BC","0.969(95% CI:0.862-1.09; P=0.6034809184)","0.976(95% CI:0.955-0.998; P=0.03007704)","0.965(95% CI:0.842-1.106; P=0.6090109846)","Raw","healthy_noncancer_control","Raw healthy_noncancer_control"
"HDL_CE","Cholesteryl Esters in HDL","BC","0.964(95% CI:0.858-1.083; P=0.536572307)","0.975(95% CI:0.954-0.996; P=0.0205387644)","0.958(95% CI:0.836-1.097; P=0.5313204812)","Raw","healthy_noncancer_control","Raw healthy_noncancer_control"
"HDL_FC","Free Cholesterol in HDL","BC","0.986(95% CI:0.874-1.112; P=0.8187112327)","0.983(95% CI:0.962-1.005; P=0.1234347455)","0.986(95% CI:0.86-1.131; P=0.8379016503)","Raw","healthy_noncancer_control","Raw healthy_noncancer_control"
"HDL_L","Total Lipids in HDL","BC","0.997(95% CI:0.884-1.125; P=0.9624762813)","0.985(95% CI:0.964-1.007; P=0.1889996897)","1.006(95% CI:0.877-1.153; P=0.9317961436)","Raw","healthy_noncancer_control","Raw healthy_noncancer_control"
"HDL_PL","Phospholipids in HDL","BC","1.01(95% CI:0.895-1.14; P=0.8748481501)","0.991(95% CI:0.97-1.013; P=0.4248031622)","1.023(95% CI:0.892-1.173; P=0.7442392099)","Raw","healthy_noncancer_control","Raw healthy_noncancer_control"
"HDL_TG","Triglycerides in HDL","BC","1.084(95% CI:0.962-1.221; P=0.1842048407)","1.034(95% CI:1.012-1.057; P=0.002316731)","1.112(95% CI:0.975-1.267; P=0.1137504831)","Raw","healthy_noncancer_control","Raw healthy_noncancer_control"
"His","Histidine","BC","1.011(95% CI:0.896-1.141; P=0.8573947112)","0.965(95% CI:0.943-0.988; P=0.0025741016)","1.082(95% CI:0.944-1.239; P=0.2578105515)","Raw","healthy_noncancer_control","Raw healthy_noncancer_control"
"IDL_C","Cholesterol in IDL","BC","0.95(95% CI:0.838-1.077; P=0.4212615835)","0.998(95% CI:0.976-1.02; P=0.8597515179)","0.975(95% CI:0.849-1.119; P=0.7173902396)","Raw","healthy_noncancer_control","Raw healthy_noncancer_control"
"IDL_CE","Cholesteryl Esters in IDL","BC","0.949(95% CI:0.837-1.076; P=0.4165668293)","0.998(95% CI:0.976-1.02; P=0.8545132927)","0.974(95% CI:0.848-1.118; P=0.7076569374)","Raw","healthy_noncancer_control","Raw healthy_noncancer_control"
"IDL_FC","Free Cholesterol in IDL","BC","0.943(95% CI:0.833-1.067; P=0.3497773779)","0.998(95% CI:0.977-1.02; P=0.8756204855)","0.963(95% CI:0.84-1.105; P=0.5956154015)","Raw","healthy_noncancer_control","Raw healthy_noncancer_control"
"IDL_PL","Phospholipids in IDL","BC","0.958(95% CI:0.844-1.087; P=0.5028524068)","1.002(95% CI:0.98-1.024; P=0.8669593968)","0.985(95% CI:0.858-1.132; P=0.833181815)","Raw","healthy_noncancer_control","Raw healthy_noncancer_control"
"IDL_TG","Triglycerides in IDL","BC","1.079(95% CI:0.954-1.221; P=0.2277483727)","1.042(95% CI:1.02-1.065; P=0.0002116459)","1.096(95% CI:0.96-1.252; P=0.1766886813)","Raw","healthy_noncancer_control","Raw healthy_noncancer_control"
"Ile","Isoleucine","BC","0.981(95% CI:0.874-1.101; P=0.740790706)","1.028(95% CI:1.006-1.05; P=0.0115766804)","1.037(95% CI:0.908-1.185; P=0.5886386788)","Raw","healthy_noncancer_control","Raw healthy_noncancer_control"
"L_HDL_C","Cholesterol in Large HDL","BC","0.967(95% CI:0.861-1.086; P=0.571843897)","0.968(95% CI:0.947-0.99; P=0.0039538857)","0.944(95% CI:0.824-1.082; P=0.4109677554)","Raw","healthy_noncancer_control","Raw healthy_noncancer_control"
"L_HDL_CE","Cholesteryl Esters in Large HDL","BC","0.963(95% CI:0.858-1.081; P=0.5234032017)","0.967(95% CI:0.946-0.989; P=0.0028222377)","0.939(95% CI:0.819-1.077; P=0.366880212)","Raw","healthy_noncancer_control","Raw healthy_noncancer_control"
"L_HDL_FC","Free Cholesterol in Large HDL","BC","0.978(95% CI:0.87-1.1; P=0.7147067694)","0.973(95% CI:0.952-0.994; P=0.0134636152)","0.958(95% CI:0.835-1.099; P=0.540039147)","Raw","healthy_noncancer_control","Raw healthy_noncancer_control"
"L_HDL_PL","Phospholipids in Large HDL","BC","0.991(95% CI:0.881-1.113; P=0.87469952)","0.976(95% CI:0.955-0.997; P=0.0267128423)","0.974(95% CI:0.85-1.115; P=0.6994873794)","Raw","healthy_noncancer_control","Raw healthy_noncancer_control"
"L_HDL_TG","Triglycerides in Large HDL","BC","1.066(95% CI:0.942-1.206; P=0.31192367)","1.009(95% CI:0.987-1.031; P=0.4285404884)","1.07(95% CI:0.937-1.221; P=0.318048901)","Raw","healthy_noncancer_control","Raw healthy_noncancer_control"
"L_LDL_C","Cholesterol in Large LDL","BC","0.942(95% CI:0.832-1.068; P=0.3514043276)","1(95% CI:0.979-1.023; P=0.9690336343)","0.98(95% CI:0.853-1.125; P=0.772109038)","Raw","healthy_noncancer_control","Raw healthy_noncancer_control"
"L_LDL_CE","Cholesteryl Esters in Large LDL","BC","0.944(95% CI:0.833-1.07; P=0.3669913158)","1.003(95% CI:0.981-1.025; P=0.795006662)","0.984(95% CI:0.856-1.131; P=0.820121187)","Raw","healthy_noncancer_control","Raw healthy_noncancer_control"
"L_LDL_FC","Free Cholesterol in Large LDL","BC","0.93(95% CI:0.823-1.052; P=0.2489423301)","0.992(95% CI:0.971-1.014; P=0.497794973)","0.957(95% CI:0.834-1.098; P=0.5267623866)","Raw","healthy_noncancer_control","Raw healthy_noncancer_control"
"L_LDL_PL","Phospholipids in Large LDL","BC","0.951(95% CI:0.839-1.077; P=0.4272316173)","1.004(95% CI:0.982-1.026; P=0.7237437204)","0.982(95% CI:0.855-1.128; P=0.7983590957)","Raw","healthy_noncancer_control","Raw healthy_noncancer_control"
"L_LDL_TG","Triglycerides in Large LDL","BC","1.083(95% CI:0.957-1.225; P=0.2082107008)","1.042(95% CI:1.02-1.065; P=0.000184447)","1.1(95% CI:0.963-1.256; P=0.1612126375)","Raw","healthy_noncancer_control","Raw healthy_noncancer_control"
"L_VLDL_C","Cholesterol in Large VLDL","BC","1.053(95% CI:0.936-1.185; P=0.3881896373)","1.03(95% CI:1.008-1.053; P=0.0080492461)","1.095(95% CI:0.957-1.252; P=0.1860587383)","Raw","healthy_noncancer_control","Raw healthy_noncancer_control"
"L_VLDL_CE","Cholesteryl Esters in Large VLDL","BC","1.037(95% CI:0.92-1.168; P=0.553217199)","1.025(95% CI:1.003-1.048; P=0.0267025734)","1.077(95% CI:0.941-1.233; P=0.2796233563)","Raw","healthy_noncancer_control","Raw healthy_noncancer_control"
"L_VLDL_FC","Free Cholesterol in Large VLDL","BC","1.072(95% CI:0.956-1.202; P=0.2369304921)","1.034(95% CI:1.012-1.057; P=0.0025289268)","1.113(95% CI:0.976-1.269; P=0.1107959734)","Raw","healthy_noncancer_control","Raw healthy_noncancer_control"
"L_VLDL_PL","Phospholipids in Large VLDL","BC","1.078(95% CI:0.962-1.208; P=0.1938179173)","1.035(95% CI:1.013-1.058; P=0.0016486972)","1.119(95% CI:0.982-1.275; P=0.0919816255)","Raw","healthy_noncancer_control","Raw healthy_noncancer_control"
"L_VLDL_TG","Triglycerides in Large VLDL","BC","1.087(95% CI:0.972-1.216; P=0.1429538083)","1.034(95% CI:1.012-1.057; P=0.0023273776)","1.134(95% CI:0.998-1.29; P=0.0542225938)","Raw","healthy_noncancer_control","Raw healthy_noncancer_control"
"LA","Linoleic Acid","BC","0.989(95% CI:0.873-1.121; P=0.8680516063)","0.998(95% CI:0.977-1.021; P=0.8859302311)","1.029(95% CI:0.896-1.182; P=0.683964519)","Raw","healthy_noncancer_control","Raw healthy_noncancer_control"
"Lactate","Lactate","BC","1.079(95% CI:0.962-1.21; P=0.192581236)","1.035(95% CI:1.011-1.058; P=0.0032135312)","1.123(95% CI:0.985-1.281; P=0.0834972432)","Raw","healthy_noncancer_control","Raw healthy_noncancer_control"
"LDL_C","LDL Cholesterol","BC","0.954(95% CI:0.842-1.082; P=0.4675628174)","1.006(95% CI:0.984-1.028; P=0.625817766)","0.992(95% CI:0.863-1.14; P=0.9110224575)","Raw","healthy_noncancer_control","Raw healthy_noncancer_control"
"LDL_CE","Cholesteryl Esters in LDL","BC","0.96(95% CI:0.846-1.089; P=0.5268873268)","1.009(95% CI:0.987-1.032; P=0.427530351)","1(95% CI:0.87-1.15; P=0.9947564383)","Raw","healthy_noncancer_control","Raw healthy_noncancer_control"
"LDL_FC","Free Cholesterol in LDL","BC","0.934(95% CI:0.825-1.056; P=0.2728789638)","0.995(95% CI:0.973-1.017; P=0.653704032)","0.961(95% CI:0.837-1.102; P=0.5668530338)","Raw","healthy_noncancer_control","Raw healthy_noncancer_control"
"LDL_L","Total Lipids in LDL","BC","0.962(95% CI:0.848-1.093; P=0.5531133873)","1.009(95% CI:0.987-1.032; P=0.4322512527)","1(95% CI:0.87-1.15; P=0.9999690346)","Raw","healthy_noncancer_control","Raw healthy_noncancer_control"
"LDL_PL","Phospholipids in LDL","BC","0.961(95% CI:0.847-1.089; P=0.5311071488)","1.008(95% CI:0.986-1.03; P=0.4867714232)","0.993(95% CI:0.864-1.141; P=0.9229124517)","Raw","healthy_noncancer_control","Raw healthy_noncancer_control"
"LDL_TG","Triglycerides in LDL","BC","1.086(95% CI:0.961-1.227; P=0.1867159229)","1.043(95% CI:1.021-1.066; P=0.0001446056)","1.106(95% CI:0.969-1.262; P=0.1370021237)","Raw","healthy_noncancer_control","Raw healthy_noncancer_control"
"Leu","Leucine","BC","1.017(95% CI:0.908-1.14; P=0.7672400344)","1.028(95% CI:1.006-1.05; P=0.011229217)","1.082(95% CI:0.949-1.232; P=0.2385317607)","Raw","healthy_noncancer_control","Raw healthy_noncancer_control"
"M_HDL_C","Cholesterol in Medium HDL","BC","0.981(95% CI:0.872-1.104; P=0.7480215944)","0.986(95% CI:0.965-1.008; P=0.214180039)","0.986(95% CI:0.861-1.129; P=0.8374875881)","Raw","healthy_noncancer_control","Raw healthy_noncancer_control"
"M_HDL_CE","Cholesteryl Esters in Medium HDL","BC","0.978(95% CI:0.869-1.099; P=0.7056810831)","0.986(95% CI:0.964-1.007; P=0.1916380465)","0.981(95% CI:0.856-1.123; P=0.7795002198)","Raw","healthy_noncancer_control","Raw healthy_noncancer_control"
"M_HDL_FC","Free Cholesterol in Medium HDL","BC","0.992(95% CI:0.879-1.119; P=0.8926424449)","0.991(95% CI:0.97-1.013; P=0.4201001588)","1.001(95% CI:0.873-1.148; P=0.985189541)","Raw","healthy_noncancer_control","Raw healthy_noncancer_control"
"M_HDL_PL","Phospholipids in Medium HDL","BC","1.025(95% CI:0.908-1.157; P=0.6872352925)","1.003(95% CI:0.981-1.025; P=0.8093237334)","1.049(95% CI:0.915-1.202; P=0.4903237613)","Raw","healthy_noncancer_control","Raw healthy_noncancer_control"
"M_HDL_TG","Triglycerides in Medium HDL","BC","1.087(95% CI:0.967-1.222; P=0.1634946396)","1.035(95% CI:1.013-1.058; P=0.0018871664)","1.116(95% CI:0.98-1.271; P=0.0974405879)","Raw","healthy_noncancer_control","Raw healthy_noncancer_control"
"M_LDL_C","Cholesterol in Medium LDL","BC","0.976(95% CI:0.861-1.105; P=0.6973952014)","1.014(95% CI:0.992-1.037; P=0.2040922316)","1.012(95% CI:0.88-1.162; P=0.8707012244)","Raw","healthy_noncancer_control","Raw healthy_noncancer_control"
"M_LDL_CE","Cholesteryl Esters in Medium LDL","BC","0.99(95% CI:0.875-1.122; P=0.8795402823)","1.019(95% CI:0.997-1.042; P=0.0882840466)","1.028(95% CI:0.895-1.181; P=0.6945656391)","Raw","healthy_noncancer_control","Raw healthy_noncancer_control"
"M_LDL_FC","Free Cholesterol in Medium LDL","BC","0.935(95% CI:0.826-1.057; P=0.2825856327)","1(95% CI:0.978-1.022; P=0.9841555529)","0.962(95% CI:0.838-1.105; P=0.5841319453)","Raw","healthy_noncancer_control","Raw healthy_noncancer_control"
"M_LDL_PL","Phospholipids in Medium LDL","BC","0.97(95% CI:0.856-1.099; P=0.6360140999)","1.013(95% CI:0.991-1.035; P=0.2632194571)","1.005(95% CI:0.875-1.155; P=0.9434986003)","Raw","healthy_noncancer_control","Raw healthy_noncancer_control"
"M_LDL_TG","Triglycerides in Medium LDL","BC","1.089(95% CI:0.967-1.226; P=0.1617898588)","1.042(95% CI:1.02-1.065; P=0.0001655422)","1.107(95% CI:0.972-1.261; P=0.1256753782)","Raw","healthy_noncancer_control","Raw healthy_noncancer_control"
"M_VLDL_C","Cholesterol in Medium VLDL","BC","0.964(95% CI:0.852-1.09; P=0.5562745619)","1.005(95% CI:0.983-1.027; P=0.6637369751)","0.995(95% CI:0.867-1.142; P=0.9417288358)","Raw","healthy_noncancer_control","Raw healthy_noncancer_control"
"M_VLDL_CE","Cholesteryl Esters in Medium VLDL","BC","0.943(95% CI:0.834-1.066; P=0.3459260645)","0.996(95% CI:0.975-1.019; P=0.7531642932)","0.967(95% CI:0.843-1.109; P=0.6287873609)","Raw","healthy_noncancer_control","Raw healthy_noncancer_control"
"M_VLDL_FC","Free Cholesterol in Medium VLDL","BC","0.991(95% CI:0.875-1.121; P=0.8811332388)","1.016(95% CI:0.994-1.038; P=0.1670029626)","1.028(95% CI:0.896-1.18; P=0.6932877598)","Raw","healthy_noncancer_control","Raw healthy_noncancer_control"
"M_VLDL_PL","Phospholipids in Medium VLDL","BC","1.008(95% CI:0.891-1.14; P=0.898203871)","1.019(95% CI:0.997-1.042; P=0.0915068073)","1.046(95% CI:0.912-1.201; P=0.519746924)","Raw","healthy_noncancer_control","Raw healthy_noncancer_control"
"M_VLDL_TG","Triglycerides in Medium VLDL","BC","1.066(95% CI:0.949-1.198; P=0.2796219171)","1.033(95% CI:1.01-1.055; P=0.0039889245)","1.116(95% CI:0.977-1.274; P=0.1065858186)","Raw","healthy_noncancer_control","Raw healthy_noncancer_control"
"MUFA","Monounsaturated Fatty Acids","BC","1.073(95% CI:0.948-1.214; P=0.2635393228)","1.045(95% CI:1.022-1.068; P=0.0000925988)","1.124(95% CI:0.981-1.288; P=0.0920347849)","Raw","healthy_noncancer_control","Raw healthy_noncancer_control"
"non_HDL_C","Total Cholesterol Minus HDL-C","BC","0.969(95% CI:0.853-1.1; P=0.6244856889)","1.009(95% CI:0.987-1.032; P=0.419366181)","1.007(95% CI:0.876-1.158; P=0.9230896527)","Raw","healthy_noncancer_control","Raw healthy_noncancer_control"
"Omega_3","Omega-3 Fatty Acids","BC","0.959(95% CI:0.839-1.096; P=0.5386640746)","1.004(95% CI:0.982-1.027; P=0.7177823416)","0.976(95% CI:0.844-1.129; P=0.7424522316)","Raw","healthy_noncancer_control","Raw healthy_noncancer_control"
"Omega_6","Omega-6 Fatty Acids","BC","0.992(95% CI:0.872-1.128; P=0.8975371802)","1.004(95% CI:0.982-1.026; P=0.749068475)","1.037(95% CI:0.901-1.194; P=0.6112071503)","Raw","healthy_noncancer_control","Raw healthy_noncancer_control"
"Phe","Phenylalanine","BC","1.036(95% CI:0.92-1.167; P=0.5606965854)","1.01(95% CI:0.988-1.032; P=0.3800753169)","1.031(95% CI:0.9-1.182; P=0.6589938843)","Raw","healthy_noncancer_control","Raw healthy_noncancer_control"
"Phosphatidylc","Phosphatidylcholines","BC","0.996(95% CI:0.871-1.139; P=0.9550581458)","1.007(95% CI:0.985-1.029; P=0.5567059613)","1.044(95% CI:0.905-1.204; P=0.55326049)","Raw","healthy_noncancer_control","Raw healthy_noncancer_control"
"Phosphoglyc","Phosphoglycerides","BC","1.001(95% CI:0.876-1.144; P=0.9909139562)","1.012(95% CI:0.989-1.034; P=0.3078615595)","1.05(95% CI:0.91-1.211; P=0.5068382081)","Raw","healthy_noncancer_control","Raw healthy_noncancer_control"
"PUFA","Polyunsaturated Fatty Acids","BC","0.978(95% CI:0.855-1.119; P=0.7506542915)","1.004(95% CI:0.981-1.027; P=0.7526232365)","1.024(95% CI:0.887-1.183; P=0.7474570728)","Raw","healthy_noncancer_control","Raw healthy_noncancer_control"
"Pyruvate","Pyruvate","BC","1.143(95% CI:1.029-1.27; P=0.0130696977)","1.031(95% CI:1.01-1.053; P=0.0044050466)","1.194(95% CI:1.061-1.345; P=0.0033545893)","Raw","healthy_noncancer_control","Raw healthy_noncancer_control"
"Remnant_C","Remnant Cholesterol (Non-HDL and Non-LDL -Cholesterol)","BC","0.984(95% CI:0.865-1.118; P=0.7994817676)","1.012(95% CI:0.99-1.035; P=0.2727773901)","1.02(95% CI:0.887-1.173; P=0.7837046728)","Raw","healthy_noncancer_control","Raw healthy_noncancer_control"
"S_HDL_C","Cholesterol in Small HDL","BC","0.955(95% CI:0.845-1.078; P=0.4555908854)","1.013(95% CI:0.991-1.035; P=0.2642323439)","1.01(95% CI:0.88-1.16; P=0.8850121527)","Raw","healthy_noncancer_control","Raw healthy_noncancer_control"
"S_HDL_CE","Cholesteryl Esters in Small HDL","BC","0.944(95% CI:0.837-1.064; P=0.3430452244)","1.01(95% CI:0.988-1.032; P=0.3711568431)","0.997(95% CI:0.869-1.143; P=0.9623314435)","Raw","healthy_noncancer_control","Raw healthy_noncancer_control"
"S_HDL_FC","Free Cholesterol in Small HDL","BC","1(95% CI:0.879-1.139; P=0.9980308845)","1.018(95% CI:0.996-1.041; P=0.1128390004)","1.048(95% CI:0.91-1.207; P=0.5140241227)","Raw","healthy_noncancer_control","Raw healthy_noncancer_control"
"S_HDL_PL","Phospholipids in Small HDL","BC","1.025(95% CI:0.906-1.16; P=0.6968063768)","1.028(95% CI:1.006-1.051; P=0.0129236978)","1.09(95% CI:0.95-1.251; P=0.2185915219)","Raw","healthy_noncancer_control","Raw healthy_noncancer_control"
"S_HDL_TG","Triglycerides in Small HDL","BC","1.084(95% CI:0.967-1.216; P=0.1658299706)","1.044(95% CI:1.022-1.067; P=0.0000912085)","1.118(95% CI:0.981-1.273; P=0.0942284073)","Raw","healthy_noncancer_control","Raw healthy_noncancer_control"
"S_LDL_C","Cholesterol in Small LDL","BC","0.974(95% CI:0.861-1.103; P=0.6826652067)","1.011(95% CI:0.989-1.033; P=0.3315417953)","1.006(95% CI:0.876-1.156; P=0.9296275974)","Raw","healthy_noncancer_control","Raw healthy_noncancer_control"
"S_LDL_CE","Cholesteryl Esters in Small LDL","BC","0.99(95% CI:0.874-1.121; P=0.8740496624)","1.016(95% CI:0.994-1.039; P=0.1578791193)","1.025(95% CI:0.892-1.177; P=0.7296966853)","Raw","healthy_noncancer_control","Raw healthy_noncancer_control"
"S_LDL_FC","Free Cholesterol in Small LDL","BC","0.933(95% CI:0.826-1.054; P=0.2629710683)","0.997(95% CI:0.975-1.019; P=0.7814665762)","0.953(95% CI:0.831-1.093; P=0.4921002508)","Raw","healthy_noncancer_control","Raw healthy_noncancer_control"
"S_LDL_PL","Phospholipids in Small LDL","BC","0.979(95% CI:0.864-1.108; P=0.7350658254)","1.012(95% CI:0.99-1.034; P=0.2895141247)","1.002(95% CI:0.873-1.151; P=0.9758602073)","Raw","healthy_noncancer_control","Raw healthy_noncancer_control"
"S_LDL_TG","Triglycerides in Small LDL","BC","1.092(95% CI:0.975-1.223; P=0.1263640748)","1.04(95% CI:1.019-1.063; P=0.0002634063)","1.117(95% CI:0.984-1.268; P=0.0877302252)","Raw","healthy_noncancer_control","Raw healthy_noncancer_control"
"S_VLDL_C","Cholesterol in Small VLDL","BC","0.991(95% CI:0.875-1.121; P=0.8833649568)","1.021(95% CI:0.999-1.044; P=0.0591025322)","1.019(95% CI:0.888-1.17; P=0.7879197281)","Raw","healthy_noncancer_control","Raw healthy_noncancer_control"
"S_VLDL_CE","Cholesteryl Esters in Small VLDL","BC","0.998(95% CI:0.882-1.128; P=0.9686278845)","1.024(95% CI:1.002-1.047; P=0.0322945134)","1.023(95% CI:0.891-1.175; P=0.7439868436)","Raw","healthy_noncancer_control","Raw healthy_noncancer_control"
"S_VLDL_FC","Free Cholesterol in Small VLDL","BC","0.979(95% CI:0.865-1.109; P=0.7433055667)","1.016(95% CI:0.994-1.039; P=0.155320037)","1.011(95% CI:0.88-1.16; P=0.8816074068)","Raw","healthy_noncancer_control","Raw healthy_noncancer_control"
"S_VLDL_PL","Phospholipids in Small VLDL","BC","1.002(95% CI:0.885-1.134; P=0.9746758781)","1.023(95% CI:1.001-1.046; P=0.0393705637)","1.035(95% CI:0.902-1.188; P=0.6238161266)","Raw","healthy_noncancer_control","Raw healthy_noncancer_control"
"S_VLDL_TG","Triglycerides in Small VLDL","BC","1.079(95% CI:0.96-1.212; P=0.2027641436)","1.039(95% CI:1.016-1.061; P=0.0006524538)","1.115(95% CI:0.977-1.272; P=0.1058095349)","Raw","healthy_noncancer_control","Raw healthy_noncancer_control"
"SFA","Saturated Fatty Acids","BC","1.069(95% CI:0.941-1.215; P=0.3076068934)","1.043(95% CI:1.02-1.066; P=0.00022078)","1.111(95% CI:0.967-1.275; P=0.136827384)","Raw","healthy_noncancer_control","Raw healthy_noncancer_control"
"Sphingomyelins","Sphingomyelins","BC","0.952(95% CI:0.837-1.082; P=0.4479944902)","0.999(95% CI:0.978-1.022; P=0.9605845676)","0.973(95% CI:0.845-1.12; P=0.6985610431)","Raw","healthy_noncancer_control","Raw healthy_noncancer_control"
"Total_C","Total Cholesterol","BC","0.959(95% CI:0.844-1.09; P=0.5220244125)","1.001(95% CI:0.979-1.023; P=0.9512913422)","0.996(95% CI:0.866-1.146; P=0.9576691377)","Raw","healthy_noncancer_control","Raw healthy_noncancer_control"
"Total_CE","Total Esterified Cholesterol","BC","0.955(95% CI:0.841-1.084; P=0.4761563289)","0.999(95% CI:0.977-1.021; P=0.9175969329)","0.991(95% CI:0.862-1.139; P=0.8934221848)","Raw","healthy_noncancer_control","Raw healthy_noncancer_control"
"Total_FA","Total Fatty Acids","BC","1.042(95% CI:0.914-1.188; P=0.5354014345)","1.033(95% CI:1.01-1.057; P=0.0045024354)","1.091(95% CI:0.947-1.256; P=0.2262094645)","Raw","healthy_noncancer_control","Raw healthy_noncancer_control"
"Total_FC","Total Free Cholesterol","BC","0.968(95% CI:0.852-1.1; P=0.6189952815)","1.005(95% CI:0.983-1.027; P=0.6778553788)","1.005(95% CI:0.874-1.156; P=0.9437583499)","Raw","healthy_noncancer_control","Raw healthy_noncancer_control"
"Total_L","Total Lipids in Lipoprotein Particles","BC","1.001(95% CI:0.878-1.142; P=0.9895284448)","1.017(95% CI:0.995-1.04; P=0.1329604125)","1.05(95% CI:0.911-1.21; P=0.5025520038)","Raw","healthy_noncancer_control","Raw healthy_noncancer_control"
"Total_PL","Total Phospholipids in Lipoprotein Particles","BC","0.999(95% CI:0.876-1.14; P=0.9883470915)","1.011(95% CI:0.989-1.034; P=0.3441142312)","1.045(95% CI:0.907-1.205; P=0.5420924866)","Raw","healthy_noncancer_control","Raw healthy_noncancer_control"
"Total_TG","Total Triglycerides","BC","1.087(95% CI:0.966-1.223; P=0.1665504612)","1.042(95% CI:1.019-1.065; P=0.0002505627)","1.127(95% CI:0.986-1.288; P=0.0800733108)","Raw","healthy_noncancer_control","Raw healthy_noncancer_control"
"Tyr","Tyrosine","BC","1.027(95% CI:0.913-1.155; P=0.6537525437)","1.008(95% CI:0.986-1.03; P=0.4797126938)","1.078(95% CI:0.944-1.231; P=0.2661365773)","Raw","healthy_noncancer_control","Raw healthy_noncancer_control"
"Unsaturation","Degree of Unsaturation","BC","0.891(95% CI:0.794-0.999; P=0.0483078515)","0.953(95% CI:0.932-0.974; P=0.0000148778)","0.879(95% CI:0.768-1.006; P=0.0602105541)","Raw","healthy_noncancer_control","Raw healthy_noncancer_control"
"Val","Valine","BC","1.047(95% CI:0.934-1.174; P=0.4319549564)","1.038(95% CI:1.016-1.06; P=0.0006481942)","1.113(95% CI:0.976-1.268; P=0.109981125)","Raw","healthy_noncancer_control","Raw healthy_noncancer_control"
"VLDL_C","VLDL Cholesterol","BC","1.014(95% CI:0.895-1.149; P=0.829781371)","1.023(95% CI:1.001-1.046; P=0.0448949079)","1.051(95% CI:0.915-1.208; P=0.4802353098)","Raw","healthy_noncancer_control","Raw healthy_noncancer_control"
"VLDL_CE","Cholesteryl Esters in VLDL","BC","1.002(95% CI:0.885-1.135; P=0.9743295578)","1.018(95% CI:0.996-1.041; P=0.103611903)","1.036(95% CI:0.902-1.19; P=0.612788921)","Raw","healthy_noncancer_control","Raw healthy_noncancer_control"
"VLDL_FC","Free Cholesterol in VLDL","BC","1.033(95% CI:0.914-1.168; P=0.5988448551)","1.029(95% CI:1.006-1.052; P=0.0115125813)","1.072(95% CI:0.935-1.23; P=0.3171996869)","Raw","healthy_noncancer_control","Raw healthy_noncancer_control"
"VLDL_L","Total Lipids in VLDL","BC","1.057(95% CI:0.935-1.195; P=0.3791843203)","1.035(95% CI:1.012-1.058; P=0.0024114992)","1.098(95% CI:0.956-1.26; P=0.1845491285)","Raw","healthy_noncancer_control","Raw healthy_noncancer_control"
"VLDL_PL","Phospholipids in VLDL","BC","1.047(95% CI:0.927-1.183; P=0.4595247848)","1.032(95% CI:1.009-1.055; P=0.0053253995)","1.086(95% CI:0.947-1.245; P=0.2395870824)","Raw","healthy_noncancer_control","Raw healthy_noncancer_control"
"VLDL_TG","Triglycerides in VLDL","BC","1.089(95% CI:0.97-1.222; P=0.1492002334)","1.039(95% CI:1.017-1.062; P=0.0005010965)","1.13(95% CI:0.99-1.29; P=0.0697573562)","Raw","healthy_noncancer_control","Raw healthy_noncancer_control"
"XL_HDL_C","Cholesterol in Very Large HDL","BC","0.967(95% CI:0.86-1.087; P=0.5716716877)","0.969(95% CI:0.948-0.991; P=0.0049929614)","0.94(95% CI:0.819-1.078; P=0.374255444)","Raw","healthy_noncancer_control","Raw healthy_noncancer_control"
"XL_HDL_CE","Cholesteryl Esters in Very Large HDL","BC","0.964(95% CI:0.857-1.083; P=0.5345003155)","0.968(95% CI:0.947-0.99; P=0.003801308)","0.936(95% CI:0.815-1.074; P=0.346501541)","Raw","healthy_noncancer_control","Raw healthy_noncancer_control"
"XL_HDL_FC","Free Cholesterol in Very Large HDL","BC","0.979(95% CI:0.87-1.101; P=0.7212451845)","0.974(95% CI:0.952-0.995; P=0.0167759843)","0.953(95% CI:0.831-1.093; P=0.4896791895)","Raw","healthy_noncancer_control","Raw healthy_noncancer_control"
"XL_HDL_PL","Phospholipids in Very Large HDL","BC","0.986(95% CI:0.877-1.107; P=0.8084657051)","0.971(95% CI:0.95-0.992; P=0.0085100605)","0.957(95% CI:0.835-1.098; P=0.5308467191)","Raw","healthy_noncancer_control","Raw healthy_noncancer_control"
"XL_HDL_TG","Triglycerides in Very Large HDL","BC","1.078(95% CI:0.954-1.217; P=0.2275109618)","1.02(95% CI:0.998-1.043; P=0.0712195983)","1.085(95% CI:0.951-1.238; P=0.2235085058)","Raw","healthy_noncancer_control","Raw healthy_noncancer_control"
"XL_VLDL_C","Cholesterol in Very Large VLDL","BC","1.07(95% CI:0.953-1.201; P=0.2541315511)","1.032(95% CI:1.01-1.054; P=0.0047544784)","1.11(95% CI:0.972-1.267; P=0.1224283548)","Raw","healthy_noncancer_control","Raw healthy_noncancer_control"
"XL_VLDL_CE","Cholesteryl Esters in Very Large VLDL","BC","1.053(95% CI:0.937-1.185; P=0.3852200546)","1.028(95% CI:1.006-1.05; P=0.0135262009)","1.093(95% CI:0.956-1.25; P=0.1923066654)","Raw","healthy_noncancer_control","Raw healthy_noncancer_control"
"XL_VLDL_FC","Free Cholesterol in Very Large VLDL","BC","1.084(95% CI:0.969-1.213; P=0.1578559906)","1.035(95% CI:1.013-1.057; P=0.0017602091)","1.123(95% CI:0.987-1.276; P=0.0773257457)","Raw","healthy_noncancer_control","Raw healthy_noncancer_control"
"XL_VLDL_PL","Phospholipids in Very Large VLDL","BC","1.09(95% CI:0.976-1.219; P=0.12625873)","1.036(95% CI:1.014-1.058; P=0.0012689676)","1.128(95% CI:0.994-1.281; P=0.0629360851)","Raw","healthy_noncancer_control","Raw healthy_noncancer_control"
"XL_VLDL_TG","Triglycerides in Very Large VLDL","BC","1.1(95% CI:0.986-1.226; P=0.0878304851)","1.039(95% CI:1.017-1.062; P=0.0004219758)","1.138(95% CI:1.004-1.291; P=0.0426937238)","Raw","healthy_noncancer_control","Raw healthy_noncancer_control"
"XS_VLDL_C","Cholesterol in Very Small VLDL","BC","0.981(95% CI:0.864-1.114; P=0.7685109036)","1.011(95% CI:0.989-1.034; P=0.3210000193)","1.006(95% CI:0.875-1.155; P=0.935760564)","Raw","healthy_noncancer_control","Raw healthy_noncancer_control"
"XS_VLDL_CE","Cholesteryl Esters in Very Small VLDL","BC","0.973(95% CI:0.858-1.103; P=0.6644490549)","1.007(95% CI:0.985-1.029; P=0.5549052124)","0.995(95% CI:0.867-1.143; P=0.948500207)","Raw","healthy_noncancer_control","Raw healthy_noncancer_control"
"XS_VLDL_FC","Free Cholesterol in Very Small VLDL","BC","1.001(95% CI:0.881-1.137; P=0.9851558173)","1.022(95% CI:0.999-1.045; P=0.056180752)","1.025(95% CI:0.892-1.178; P=0.7269986835)","Raw","healthy_noncancer_control","Raw healthy_noncancer_control"
"XS_VLDL_PL","Phospholipids in Very Small VLDL","BC","1.026(95% CI:0.904-1.165; P=0.688378939)","1.027(95% CI:1.004-1.05; P=0.0187409783)","1.051(95% CI:0.916-1.206; P=0.4809989781)","Raw","healthy_noncancer_control","Raw healthy_noncancer_control"
"XS_VLDL_TG","Triglycerides in Very Small VLDL","BC","1.077(95% CI:0.955-1.215; P=0.2253318131)","1.042(95% CI:1.02-1.065; P=0.0001828606)","1.098(95% CI:0.963-1.253; P=0.1628374161)","Raw","healthy_noncancer_control","Raw healthy_noncancer_control"
"XXL_VLDL_C","Cholesterol in Chylomicrons and Extremely Large VLDL","BC","1.105(95% CI:0.993-1.23; P=0.0663378565)","1.037(95% CI:1.015-1.059; P=0.0007711166)","1.136(95% CI:1.003-1.286; P=0.0444023256)","Raw","healthy_noncancer_control","Raw healthy_noncancer_control"
"XXL_VLDL_CE","Cholesteryl Esters in Chylomicrons and Extremely Large VLDL","BC","1.108(95% CI:0.995-1.234; P=0.062329057)","1.036(95% CI:1.014-1.058; P=0.0010974473)","1.139(95% CI:1.006-1.291; P=0.0406382817)","Raw","healthy_noncancer_control","Raw healthy_noncancer_control"
"XXL_VLDL_FC","Free Cholesterol in Chylomicrons and Extremely Large VLDL","BC","1.098(95% CI:0.988-1.219; P=0.0822103726)","1.037(95% CI:1.016-1.06; P=0.0006581672)","1.124(95% CI:0.995-1.271; P=0.0597949265)","Raw","healthy_noncancer_control","Raw healthy_noncancer_control"
"XXL_VLDL_PL","Phospholipids in Chylomicrons and Extremely Large VLDL","BC","1.103(95% CI:0.995-1.223; P=0.061292808)","1.036(95% CI:1.015-1.058; P=0.0009010729)","1.127(95% CI:0.999-1.27; P=0.051658997)","Raw","healthy_noncancer_control","Raw healthy_noncancer_control"
"XXL_VLDL_TG","Triglycerides in Chylomicrons and Extremely Large VLDL","BC","1.123(95% CI:1.014-1.244; P=0.0259881461)","1.036(95% CI:1.015-1.058; P=0.0008706923)","1.149(95% CI:1.021-1.294; P=0.0216525215)","Raw","healthy_noncancer_control","Raw healthy_noncancer_control"
"Acetate","Acetate","BC_postmeno","0.862(95% CI:0.694-1.07; P=0.1777790832)","1.003(95% CI:0.978-1.027; P=0.8353486554)","0.765(95% CI:0.574-1.018; P=0.0664970349)","Raw","healthy_noncancer_control","Raw healthy_noncancer_control"
"Acetoacetate","Acetoacetate","BC_postmeno","1.097(95% CI:0.989-1.216; P=0.0796245707)","1.059(95% CI:1.037-1.082; P=0.0000000932)","1.102(95% CI:0.983-1.235; P=0.0973550259)","Raw","healthy_noncancer_control","Raw healthy_noncancer_control"
"Acetone","Acetone","BC_postmeno","1.066(95% CI:0.942-1.206; P=0.3083353068)","1.04(95% CI:1.02-1.062; P=0.0001249752)","1.081(95% CI:0.949-1.231; P=0.2403918893)","Raw","healthy_noncancer_control","Raw healthy_noncancer_control"
"Ala","Alanine","BC_postmeno","1.077(95% CI:0.936-1.238; P=0.3015942906)","1.008(95% CI:0.983-1.034; P=0.524125025)","1.149(95% CI:0.985-1.341; P=0.0779769053)","Raw","healthy_noncancer_control","Raw healthy_noncancer_control"
"Albumin","Albumin","BC_postmeno","0.858(95% CI:0.739-0.997; P=0.0452159512)","0.955(95% CI:0.931-0.979; P=0.0002988807)","0.921(95% CI:0.786-1.079; P=0.3062429912)","Raw","healthy_noncancer_control","Raw healthy_noncancer_control"
"ApoA1","Apolipoprotein A1","BC_postmeno","0.97(95% CI:0.836-1.124; P=0.6823469097)","0.99(95% CI:0.965-1.015; P=0.4330147188)","0.954(95% CI:0.813-1.119; P=0.5592983885)","Raw","healthy_noncancer_control","Raw healthy_noncancer_control"
"ApoB","Apolipoprotein B","BC_postmeno","1.014(95% CI:0.874-1.175; P=0.8580800706)","1.038(95% CI:1.012-1.064; P=0.003518937)","1.027(95% CI:0.876-1.205; P=0.7391739452)","Raw","healthy_noncancer_control","Raw healthy_noncancer_control"
"bOHbutyrate","3-Hydroxybutyrate","BC_postmeno","1.08(95% CI:0.952-1.225; P=0.2333978432)","1.046(95% CI:1.022-1.071; P=0.0001379361)","1.098(95% CI:0.961-1.254; P=0.1705933388)","Raw","healthy_noncancer_control","Raw healthy_noncancer_control"
"Cholines","Total Cholines","BC_postmeno","1.007(95% CI:0.856-1.185; P=0.9322551267)","1.025(95% CI:0.999-1.052; P=0.0621837159)","1.015(95% CI:0.86-1.199; P=0.8584703548)","Raw","healthy_noncancer_control","Raw healthy_noncancer_control"
"Citrate","Citrate","BC_postmeno","0.974(95% CI:0.819-1.158; P=0.7675737219)","1.014(95% CI:0.989-1.04; P=0.2676935316)","1.014(95% CI:0.847-1.213; P=0.8808467674)","Raw","healthy_noncancer_control","Raw healthy_noncancer_control"
"Clinical_LDL_C","Clinical LDL Cholesterol","BC_postmeno","0.993(95% CI:0.856-1.151; P=0.9223400981)","1.025(95% CI:0.999-1.051; P=0.0595946299)","0.989(95% CI:0.844-1.159; P=0.8915659378)","Raw","healthy_noncancer_control","Raw healthy_noncancer_control"
"Creatinine","Creatinine","BC_postmeno","0.979(95% CI:0.845-1.134; P=0.7751309223)","1.021(95% CI:0.997-1.045; P=0.080678298)","1.002(95% CI:0.854-1.176; P=0.9767266032)","Raw","healthy_noncancer_control","Raw healthy_noncancer_control"
"DHA","Docosahexaenoic Acid","BC_postmeno","0.948(95% CI:0.82-1.097; P=0.4743854292)","1.004(95% CI:0.979-1.029; P=0.7803713316)","0.909(95% CI:0.772-1.071; P=0.2542354005)","Raw","healthy_noncancer_control","Raw healthy_noncancer_control"
"Gln","Glutamine","BC_postmeno","0.925(95% CI:0.795-1.077; P=0.315222442)","0.966(95% CI:0.941-0.991; P=0.0074410674)","0.965(95% CI:0.821-1.135; P=0.6688457804)","Raw","healthy_noncancer_control","Raw healthy_noncancer_control"
"Glucose","Glucose","BC_postmeno","1.051(95% CI:0.922-1.199; P=0.4529022017)","1.039(95% CI:1.014-1.065; P=0.002369936)","1.077(95% CI:0.931-1.246; P=0.3169875978)","Raw","healthy_noncancer_control","Raw healthy_noncancer_control"
"Gly","Glycine","BC_postmeno","0.9(95% CI:0.777-1.042; P=0.1571543882)","0.94(95% CI:0.916-0.965; P=0.0000029922)","0.912(95% CI:0.776-1.072; P=0.2637365682)","Raw","healthy_noncancer_control","Raw healthy_noncancer_control"
"GlycA","Glycoprotein Acetyls","BC_postmeno","1.166(95% CI:1.009-1.346; P=0.0369072789)","1.106(95% CI:1.078-1.134; P=0)","1.201(95% CI:1.026-1.406; P=0.0230089061)","Raw","healthy_noncancer_control","Raw healthy_noncancer_control"
"HDL_C","HDL Cholesterol","BC_postmeno","0.939(95% CI:0.817-1.08; P=0.3781696322)","0.965(95% CI:0.941-0.989; P=0.0050174069)","0.892(95% CI:0.762-1.045; P=0.1561111725)","Raw","healthy_noncancer_control","Raw healthy_noncancer_control"
"HDL_CE","Cholesteryl Esters in HDL","BC_postmeno","0.935(95% CI:0.815-1.073; P=0.3393198178)","0.963(95% CI:0.939-0.987; P=0.002821385)","0.887(95% CI:0.758-1.037; P=0.1322940712)","Raw","healthy_noncancer_control","Raw healthy_noncancer_control"
"HDL_FC","Free Cholesterol in HDL","BC_postmeno","0.952(95% CI:0.823-1.101; P=0.5095894225)","0.975(95% CI:0.951-1; P=0.0495646531)","0.908(95% CI:0.773-1.067; P=0.2424135494)","Raw","healthy_noncancer_control","Raw healthy_noncancer_control"
"HDL_L","Total Lipids in HDL","BC_postmeno","0.967(95% CI:0.835-1.119; P=0.6531042243)","0.979(95% CI:0.955-1.004; P=0.1063873173)","0.941(95% CI:0.802-1.103; P=0.4535989709)","Raw","healthy_noncancer_control","Raw healthy_noncancer_control"
"HDL_PL","Phospholipids in HDL","BC_postmeno","0.981(95% CI:0.847-1.137; P=0.8010988871)","0.988(95% CI:0.963-1.013; P=0.3458626154)","0.964(95% CI:0.822-1.131; P=0.6518759617)","Raw","healthy_noncancer_control","Raw healthy_noncancer_control"
"HDL_TG","Triglycerides in HDL","BC_postmeno","1.104(95% CI:0.958-1.272; P=0.170593161)","1.059(95% CI:1.034-1.086; P=0.0000042495)","1.157(95% CI:0.999-1.34; P=0.0522074797)","Raw","healthy_noncancer_control","Raw healthy_noncancer_control"
"His","Histidine","BC_postmeno","1.039(95% CI:0.897-1.204; P=0.6094836222)","0.954(95% CI:0.929-0.98; P=0.0005814491)","1.093(95% CI:0.933-1.28; P=0.2717717915)","Raw","healthy_noncancer_control","Raw healthy_noncancer_control"
"IDL_C","Cholesterol in IDL","BC_postmeno","0.965(95% CI:0.834-1.117; P=0.6324519618)","1.012(95% CI:0.987-1.038; P=0.3355496348)","0.942(95% CI:0.806-1.102; P=0.4540008178)","Raw","healthy_noncancer_control","Raw healthy_noncancer_control"
"IDL_CE","Cholesteryl Esters in IDL","BC_postmeno","0.965(95% CI:0.834-1.117; P=0.635420143)","1.011(95% CI:0.987-1.037; P=0.36933712)","0.942(95% CI:0.805-1.103; P=0.4593076109)","Raw","healthy_noncancer_control","Raw healthy_noncancer_control"
"IDL_FC","Free Cholesterol in IDL","BC_postmeno","0.951(95% CI:0.826-1.097; P=0.4920913131)","1.015(95% CI:0.991-1.041; P=0.2242056358)","0.929(95% CI:0.795-1.085; P=0.3497260701)","Raw","healthy_noncancer_control","Raw healthy_noncancer_control"
"IDL_PL","Phospholipids in IDL","BC_postmeno","0.97(95% CI:0.838-1.123; P=0.6883442659)","1.018(95% CI:0.993-1.044; P=0.1496305268)","0.962(95% CI:0.822-1.127; P=0.6337707535)","Raw","healthy_noncancer_control","Raw healthy_noncancer_control"
"IDL_TG","Triglycerides in IDL","BC_postmeno","1.102(95% CI:0.952-1.275; P=0.1937568121)","1.068(95% CI:1.042-1.094; P=0.0000001396)","1.125(95% CI:0.969-1.306; P=0.1217568695)","Raw","healthy_noncancer_control","Raw healthy_noncancer_control"
"Ile","Isoleucine","BC_postmeno","1.03(95% CI:0.902-1.176; P=0.6639803526)","1.042(95% CI:1.018-1.068; P=0.000682387)","1.082(95% CI:0.932-1.255; P=0.2997052702)","Raw","healthy_noncancer_control","Raw healthy_noncancer_control"
"L_HDL_C","Cholesterol in Large HDL","BC_postmeno","0.919(95% CI:0.8-1.055; P=0.2285638221)","0.947(95% CI:0.924-0.971; P=0.0000221222)","0.851(95% CI:0.725-0.999; P=0.0480243843)","Raw","healthy_noncancer_control","Raw healthy_noncancer_control"
"L_HDL_CE","Cholesteryl Esters in Large HDL","BC_postmeno","0.916(95% CI:0.798-1.051; P=0.2097325339)","0.946(95% CI:0.922-0.97; P=0.0000131066)","0.846(95% CI:0.721-0.994; P=0.0419883877)","Raw","healthy_noncancer_control","Raw healthy_noncancer_control"
"L_HDL_FC","Free Cholesterol in Large HDL","BC_postmeno","0.928(95% CI:0.807-1.068; P=0.2981744682)","0.954(95% CI:0.93-0.978; P=0.0002552001)","0.861(95% CI:0.731-1.013; P=0.0714014571)","Raw","healthy_noncancer_control","Raw healthy_noncancer_control"
"L_HDL_PL","Phospholipids in Large HDL","BC_postmeno","0.939(95% CI:0.816-1.081; P=0.3819111888)","0.957(95% CI:0.934-0.982; P=0.0006966443)","0.882(95% CI:0.751-1.036; P=0.1253814637)","Raw","healthy_noncancer_control","Raw healthy_noncancer_control"
"L_HDL_TG","Triglycerides in Large HDL","BC_postmeno","1.04(95% CI:0.893-1.212; P=0.6139005854)","1.017(95% CI:0.992-1.043; P=0.1928942312)","1.055(95% CI:0.904-1.23; P=0.4968999853)","Raw","healthy_noncancer_control","Raw healthy_noncancer_control"
"L_LDL_C","Cholesterol in Large LDL","BC_postmeno","0.973(95% CI:0.84-1.127; P=0.7182771109)","1.022(95% CI:0.996-1.048; P=0.0941063957)","0.974(95% CI:0.832-1.142; P=0.748165022)","Raw","healthy_noncancer_control","Raw healthy_noncancer_control"
"L_LDL_CE","Cholesteryl Esters in Large LDL","BC_postmeno","0.977(95% CI:0.843-1.132; P=0.7584054849)","1.026(95% CI:1.001-1.052; P=0.0445340283)","0.985(95% CI:0.84-1.154; P=0.8496075346)","Raw","healthy_noncancer_control","Raw healthy_noncancer_control"
"L_LDL_FC","Free Cholesterol in Large LDL","BC_postmeno","0.952(95% CI:0.826-1.097; P=0.497917528)","1.009(95% CI:0.984-1.034; P=0.4918693453)","0.937(95% CI:0.802-1.095; P=0.4126180707)","Raw","healthy_noncancer_control","Raw healthy_noncancer_control"
"L_LDL_PL","Phospholipids in Large LDL","BC_postmeno","0.983(95% CI:0.85-1.137; P=0.8178980978)","1.027(95% CI:1.002-1.053; P=0.0363169811)","0.982(95% CI:0.838-1.15; P=0.820974227)","Raw","healthy_noncancer_control","Raw healthy_noncancer_control"
"L_LDL_TG","Triglycerides in Large LDL","BC_postmeno","1.121(95% CI:0.97-1.296; P=0.1216005613)","1.07(95% CI:1.045-1.097; P=0.0000000412)","1.14(95% CI:0.983-1.322; P=0.0835148612)","Raw","healthy_noncancer_control","Raw healthy_noncancer_control"
"L_VLDL_C","Cholesterol in Large VLDL","BC_postmeno","1.099(95% CI:0.959-1.26; P=0.1760870678)","1.063(95% CI:1.037-1.089; P=0.0000012322)","1.171(95% CI:1.007-1.362; P=0.0406528346)","Raw","healthy_noncancer_control","Raw healthy_noncancer_control"
"L_VLDL_CE","Cholesteryl Esters in Large VLDL","BC_postmeno","1.077(95% CI:0.938-1.236; P=0.2954480863)","1.056(95% CI:1.03-1.083; P=0.000014363)","1.143(95% CI:0.981-1.331; P=0.0867725765)","Raw","healthy_noncancer_control","Raw healthy_noncancer_control"
"L_VLDL_FC","Free Cholesterol in Large VLDL","BC_postmeno","1.119(95% CI:0.981-1.277; P=0.0938864966)","1.067(95% CI:1.041-1.093; P=0.0000001987)","1.195(95% CI:1.033-1.382; P=0.0167828275)","Raw","healthy_noncancer_control","Raw healthy_noncancer_control"
"L_VLDL_PL","Phospholipids in Large VLDL","BC_postmeno","1.125(95% CI:0.987-1.282; P=0.0784159323)","1.066(95% CI:1.041-1.092; P=0.0000002225)","1.201(95% CI:1.04-1.387; P=0.0128772253)","Raw","healthy_noncancer_control","Raw healthy_noncancer_control"
"L_VLDL_TG","Triglycerides in Large VLDL","BC_postmeno","1.142(95% CI:1.004-1.298; P=0.0426425704)","1.064(95% CI:1.039-1.09; P=0.0000004423)","1.222(95% CI:1.06-1.407; P=0.0055687186)","Raw","healthy_noncancer_control","Raw healthy_noncancer_control"
"LA","Linoleic Acid","BC_postmeno","1.006(95% CI:0.865-1.17; P=0.9382271993)","1.015(95% CI:0.99-1.041; P=0.2429456793)","1.037(95% CI:0.883-1.219; P=0.6550621655)","Raw","healthy_noncancer_control","Raw healthy_noncancer_control"
"Lactate","Lactate","BC_postmeno","1.145(95% CI:1.002-1.307; P=0.0460553486)","1.028(95% CI:1.002-1.056; P=0.0367904623)","1.182(95% CI:1.019-1.371; P=0.0274225298)","Raw","healthy_noncancer_control","Raw healthy_noncancer_control"
"LDL_C","LDL Cholesterol","BC_postmeno","0.99(95% CI:0.853-1.149; P=0.8994548823)","1.031(95% CI:1.005-1.057; P=0.0198538395)","0.998(95% CI:0.851-1.171; P=0.9834319856)","Raw","healthy_noncancer_control","Raw healthy_noncancer_control"
"LDL_CE","Cholesteryl Esters in LDL","BC_postmeno","0.998(95% CI:0.86-1.159; P=0.9809971528)","1.037(95% CI:1.011-1.063; P=0.0053770835)","1.014(95% CI:0.864-1.191; P=0.8627843252)","Raw","healthy_noncancer_control","Raw healthy_noncancer_control"
"LDL_FC","Free Cholesterol in LDL","BC_postmeno","0.962(95% CI:0.834-1.109; P=0.5930750036)","1.013(95% CI:0.988-1.038; P=0.3186179567)","0.95(95% CI:0.812-1.11; P=0.5151705113)","Raw","healthy_noncancer_control","Raw healthy_noncancer_control"
"LDL_L","Total Lipids in LDL","BC_postmeno","1.001(95% CI:0.861-1.164; P=0.9867750607)","1.036(95% CI:1.01-1.062; P=0.007012888)","1.01(95% CI:0.86-1.187; P=0.9019242431)","Raw","healthy_noncancer_control","Raw healthy_noncancer_control"
"LDL_PL","Phospholipids in LDL","BC_postmeno","1(95% CI:0.863-1.159; P=0.9984659827)","1.033(95% CI:1.007-1.059; P=0.0111652676)","1.004(95% CI:0.856-1.177; P=0.9602135774)","Raw","healthy_noncancer_control","Raw healthy_noncancer_control"
"LDL_TG","Triglycerides in LDL","BC_postmeno","1.127(95% CI:0.977-1.3; P=0.1003943223)","1.072(95% CI:1.047-1.099; P=0.0000000152)","1.154(95% CI:0.996-1.337; P=0.0569477902)","Raw","healthy_noncancer_control","Raw healthy_noncancer_control"
"Leu","Leucine","BC_postmeno","1.068(95% CI:0.937-1.217; P=0.3270187536)","1.043(95% CI:1.018-1.069; P=0.0005684811)","1.116(95% CI:0.965-1.292; P=0.1399585114)","Raw","healthy_noncancer_control","Raw healthy_noncancer_control"
"M_HDL_C","Cholesterol in Medium HDL","BC_postmeno","0.959(95% CI:0.833-1.104; P=0.5617138525)","0.982(95% CI:0.958-1.007; P=0.1536617796)","0.933(95% CI:0.797-1.092; P=0.3882413956)","Raw","healthy_noncancer_control","Raw healthy_noncancer_control"
"M_HDL_CE","Cholesteryl Esters in Medium HDL","BC_postmeno","0.955(95% CI:0.831-1.099; P=0.5225700235)","0.981(95% CI:0.956-1.006; P=0.1278841997)","0.928(95% CI:0.794-1.086; P=0.3519954047)","Raw","healthy_noncancer_control","Raw healthy_noncancer_control"
"M_HDL_FC","Free Cholesterol in Medium HDL","BC_postmeno","0.971(95% CI:0.839-1.124; P=0.6910314627)","0.99(95% CI:0.965-1.015; P=0.4181115069)","0.946(95% CI:0.807-1.11; P=0.4995324951)","Raw","healthy_noncancer_control","Raw healthy_noncancer_control"
"M_HDL_PL","Phospholipids in Medium HDL","BC_postmeno","1.014(95% CI:0.874-1.176; P=0.8576926948)","1.008(95% CI:0.983-1.034; P=0.5156872467)","1.02(95% CI:0.871-1.196; P=0.8025364246)","Raw","healthy_noncancer_control","Raw healthy_noncancer_control"
"M_HDL_TG","Triglycerides in Medium HDL","BC_postmeno","1.104(95% CI:0.961-1.269; P=0.1632359554)","1.06(95% CI:1.034-1.087; P=0.0000032371)","1.163(95% CI:1.006-1.345; P=0.0408301899)","Raw","healthy_noncancer_control","Raw healthy_noncancer_control"
"M_LDL_C","Cholesterol in Medium LDL","BC_postmeno","1.019(95% CI:0.88-1.18; P=0.8019235155)","1.046(95% CI:1.02-1.072; P=0.0005076944)","1.043(95% CI:0.889-1.224; P=0.6023870383)","Raw","healthy_noncancer_control","Raw healthy_noncancer_control"
"M_LDL_CE","Cholesteryl Esters in Medium LDL","BC_postmeno","1.036(95% CI:0.895-1.198; P=0.6388808082)","1.053(95% CI:1.027-1.08; P=0.0000552009)","1.07(95% CI:0.913-1.255; P=0.4037936748)","Raw","healthy_noncancer_control","Raw healthy_noncancer_control"
"M_LDL_FC","Free Cholesterol in Medium LDL","BC_postmeno","0.97(95% CI:0.842-1.119; P=0.6803856044)","1.022(95% CI:0.997-1.047; P=0.0900975288)","0.967(95% CI:0.826-1.131; P=0.6732095076)","Raw","healthy_noncancer_control","Raw healthy_noncancer_control"
"M_LDL_PL","Phospholipids in Medium LDL","BC_postmeno","1.017(95% CI:0.879-1.177; P=0.8204491704)","1.042(95% CI:1.016-1.068; P=0.0013079325)","1.035(95% CI:0.884-1.213; P=0.6677809799)","Raw","healthy_noncancer_control","Raw healthy_noncancer_control"
"M_LDL_TG","Triglycerides in Medium LDL","BC_postmeno","1.127(95% CI:0.982-1.293; P=0.0885375284)","1.071(95% CI:1.046-1.097; P=0.0000000141)","1.16(95% CI:1.005-1.338; P=0.0427636028)","Raw","healthy_noncancer_control","Raw healthy_noncancer_control"
"M_VLDL_C","Cholesterol in Medium VLDL","BC_postmeno","0.984(95% CI:0.853-1.136; P=0.8296604524)","1.028(95% CI:1.002-1.053; P=0.031740639)","0.998(95% CI:0.853-1.168; P=0.9809199817)","Raw","healthy_noncancer_control","Raw healthy_noncancer_control"
"M_VLDL_CE","Cholesteryl Esters in Medium VLDL","BC_postmeno","0.955(95% CI:0.83-1.099; P=0.5198820661)","1.013(95% CI:0.989-1.038; P=0.2938076131)","0.953(95% CI:0.816-1.114; P=0.5459785401)","Raw","healthy_noncancer_control","Raw healthy_noncancer_control"
"M_VLDL_FC","Free Cholesterol in Medium VLDL","BC_postmeno","1.022(95% CI:0.885-1.179; P=0.7711666241)","1.044(95% CI:1.019-1.071; P=0.0006150923)","1.055(95% CI:0.902-1.235; P=0.5006666434)","Raw","healthy_noncancer_control","Raw healthy_noncancer_control"
"M_VLDL_PL","Phospholipids in Medium VLDL","BC_postmeno","1.045(95% CI:0.905-1.207; P=0.5463347289)","1.049(95% CI:1.023-1.076; P=0.0001517635)","1.086(95% CI:0.928-1.27; P=0.30208889)","Raw","healthy_noncancer_control","Raw healthy_noncancer_control"
"M_VLDL_TG","Triglycerides in Medium VLDL","BC_postmeno","1.122(95% CI:0.98-1.284; P=0.0961230862)","1.065(95% CI:1.039-1.091; P=0.0000005749)","1.202(95% CI:1.036-1.396; P=0.0154580739)","Raw","healthy_noncancer_control","Raw healthy_noncancer_control"
"MUFA","Monounsaturated Fatty Acids","BC_postmeno","1.137(95% CI:0.981-1.318; P=0.0878502583)","1.09(95% CI:1.063-1.118; P=0)","1.2(95% CI:1.028-1.402; P=0.0209436843)","Raw","healthy_noncancer_control","Raw healthy_noncancer_control"
"non_HDL_C","Total Cholesterol Minus HDL-C","BC_postmeno","1.002(95% CI:0.861-1.166; P=0.9819769153)","1.036(95% CI:1.01-1.062; P=0.0070106402)","1.011(95% CI:0.86-1.188; P=0.8945911319)","Raw","healthy_noncancer_control","Raw healthy_noncancer_control"
"Omega_3","Omega-3 Fatty Acids","BC_postmeno","0.989(95% CI:0.848-1.154; P=0.8925009354)","1.033(95% CI:1.007-1.06; P=0.0121806034)","0.984(95% CI:0.833-1.161; P=0.8448676368)","Raw","healthy_noncancer_control","Raw healthy_noncancer_control"
"Omega_6","Omega-6 Fatty Acids","BC_postmeno","1.012(95% CI:0.865-1.184; P=0.8778257834)","1.031(95% CI:1.005-1.058; P=0.0210307276)","1.047(95% CI:0.888-1.234; P=0.5865046214)","Raw","healthy_noncancer_control","Raw healthy_noncancer_control"
"Phe","Phenylalanine","BC_postmeno","1.1(95% CI:0.957-1.265; P=0.1801552839)","1.005(95% CI:0.981-1.03; P=0.6850074866)","1.092(95% CI:0.936-1.273; P=0.2648916252)","Raw","healthy_noncancer_control","Raw healthy_noncancer_control"
"Phosphatidylc","Phosphatidylcholines","BC_postmeno","1.019(95% CI:0.863-1.204; P=0.8208592064)","1.022(95% CI:0.996-1.049; P=0.0944603868)","1.035(95% CI:0.876-1.223; P=0.687987321)","Raw","healthy_noncancer_control","Raw healthy_noncancer_control"
"Phosphoglyc","Phosphoglycerides","BC_postmeno","1.027(95% CI:0.87-1.211; P=0.7540929037)","1.034(95% CI:1.008-1.061; P=0.0112163465)","1.045(95% CI:0.884-1.235; P=0.6078439956)","Raw","healthy_noncancer_control","Raw healthy_noncancer_control"
"PUFA","Polyunsaturated Fatty Acids","BC_postmeno","1.006(95% CI:0.852-1.186; P=0.9479374206)","1.036(95% CI:1.009-1.063; P=0.0085703744)","1.034(95% CI:0.873-1.224; P=0.7001694028)","Raw","healthy_noncancer_control","Raw healthy_noncancer_control"
"Pyruvate","Pyruvate","BC_postmeno","1.195(95% CI:1.06-1.347; P=0.0036450657)","1.03(95% CI:1.005-1.056; P=0.0201142932)","1.238(95% CI:1.085-1.412; P=0.001492835)","Raw","healthy_noncancer_control","Raw healthy_noncancer_control"
"Remnant_C","Remnant Cholesterol (Non-HDL and Non-LDL -Cholesterol)","BC_postmeno","1.011(95% CI:0.868-1.176; P=0.8911165869)","1.039(95% CI:1.013-1.066; P=0.0028303087)","1.022(95% CI:0.87-1.201; P=0.7915737194)","Raw","healthy_noncancer_control","Raw healthy_noncancer_control"
"S_HDL_C","Cholesterol in Small HDL","BC_postmeno","1.012(95% CI:0.875-1.171; P=0.8713231792)","1.04(95% CI:1.014-1.066; P=0.0024670404)","1.06(95% CI:0.904-1.244; P=0.4701814872)","Raw","healthy_noncancer_control","Raw healthy_noncancer_control"
"S_HDL_CE","Cholesteryl Esters in Small HDL","BC_postmeno","1(95% CI:0.867-1.153; P=0.9999586649)","1.035(95% CI:1.01-1.062; P=0.0068875115)","1.048(95% CI:0.895-1.227; P=0.5642099016)","Raw","healthy_noncancer_control","Raw healthy_noncancer_control"
"S_HDL_FC","Free Cholesterol in Small HDL","BC_postmeno","1.045(95% CI:0.892-1.224; P=0.5875646863)","1.046(95% CI:1.02-1.073; P=0.0005373027)","1.078(95% CI:0.916-1.269; P=0.3670796087)","Raw","healthy_noncancer_control","Raw healthy_noncancer_control"
"S_HDL_PL","Phospholipids in Small HDL","BC_postmeno","1.077(95% CI:0.927-1.252; P=0.3310804619)","1.059(95% CI:1.033-1.087; P=0.0000075884)","1.154(95% CI:0.985-1.353; P=0.0756336972)","Raw","healthy_noncancer_control","Raw healthy_noncancer_control"
"S_HDL_TG","Triglycerides in Small HDL","BC_postmeno","1.123(95% CI:0.984-1.282; P=0.0851625544)","1.075(95% CI:1.049-1.101; P=0.0000000061)","1.196(95% CI:1.037-1.38; P=0.0140265889)","Raw","healthy_noncancer_control","Raw healthy_noncancer_control"
"S_LDL_C","Cholesterol in Small LDL","BC_postmeno","1.015(95% CI:0.879-1.173; P=0.8352284347)","1.038(95% CI:1.013-1.064; P=0.0031858507)","1.031(95% CI:0.88-1.207; P=0.70509319)","Raw","healthy_noncancer_control","Raw healthy_noncancer_control"
"S_LDL_CE","Cholesteryl Esters in Small LDL","BC_postmeno","1.03(95% CI:0.891-1.19; P=0.6873779727)","1.046(95% CI:1.021-1.073; P=0.0003605207)","1.057(95% CI:0.903-1.237; P=0.4919226723)","Raw","healthy_noncancer_control","Raw healthy_noncancer_control"
"S_LDL_FC","Free Cholesterol in Small LDL","BC_postmeno","0.972(95% CI:0.845-1.118; P=0.6905366914)","1.013(95% CI:0.988-1.038; P=0.2986070145)","0.959(95% CI:0.821-1.12; P=0.593740844)","Raw","healthy_noncancer_control","Raw healthy_noncancer_control"
"S_LDL_PL","Phospholipids in Small LDL","BC_postmeno","1.024(95% CI:0.886-1.182; P=0.7512538904)","1.033(95% CI:1.008-1.059; P=0.009643183)","1.021(95% CI:0.872-1.194; P=0.7993787854)","Raw","healthy_noncancer_control","Raw healthy_noncancer_control"
"S_LDL_TG","Triglycerides in Small LDL","BC_postmeno","1.122(95% CI:0.985-1.277; P=0.0833309751)","1.069(95% CI:1.044-1.094; P=0.0000000319)","1.174(95% CI:1.022-1.348; P=0.0230607435)","Raw","healthy_noncancer_control","Raw healthy_noncancer_control"
"S_VLDL_C","Cholesterol in Small VLDL","BC_postmeno","1.022(95% CI:0.884-1.181; P=0.7701382716)","1.051(95% CI:1.025-1.077; P=0.0000963542)","1.052(95% CI:0.899-1.232; P=0.5259386499)","Raw","healthy_noncancer_control","Raw healthy_noncancer_control"
"S_VLDL_CE","Cholesteryl Esters in Small VLDL","BC_postmeno","1.027(95% CI:0.89-1.186; P=0.7116613045)","1.054(95% CI:1.028-1.08; P=0.0000348182)","1.061(95% CI:0.907-1.24; P=0.4595824226)","Raw","healthy_noncancer_control","Raw healthy_noncancer_control"
"S_VLDL_FC","Free Cholesterol in Small VLDL","BC_postmeno","1.01(95% CI:0.875-1.166; P=0.8916104421)","1.044(95% CI:1.018-1.07; P=0.0007218519)","1.035(95% CI:0.885-1.211; P=0.6684647903)","Raw","healthy_noncancer_control","Raw healthy_noncancer_control"
"S_VLDL_PL","Phospholipids in Small VLDL","BC_postmeno","1.039(95% CI:0.899-1.2; P=0.6049958914)","1.054(95% CI:1.028-1.081; P=0.0000312178)","1.076(95% CI:0.92-1.258; P=0.3610815384)","Raw","healthy_noncancer_control","Raw healthy_noncancer_control"
"S_VLDL_TG","Triglycerides in Small VLDL","BC_postmeno","1.121(95% CI:0.98-1.283; P=0.0960788606)","1.069(95% CI:1.043-1.095; P=0.0000001062)","1.191(95% CI:1.029-1.379; P=0.0191240097)","Raw","healthy_noncancer_control","Raw healthy_noncancer_control"
"SFA","Saturated Fatty Acids","BC_postmeno","1.128(95% CI:0.967-1.316; P=0.1254837023)","1.085(95% CI:1.058-1.113; P=0.0000000004)","1.168(95% CI:0.997-1.368; P=0.0547430911)","Raw","healthy_noncancer_control","Raw healthy_noncancer_control"
"Sphingomyelins","Sphingomyelins","BC_postmeno","0.97(95% CI:0.835-1.127; P=0.6916505937)","1.017(95% CI:0.992-1.043; P=0.1919454879)","0.94(95% CI:0.801-1.104; P=0.4523390515)","Raw","healthy_noncancer_control","Raw healthy_noncancer_control"
"Total_C","Total Cholesterol","BC_postmeno","0.981(95% CI:0.844-1.142; P=0.807871459)","1.02(95% CI:0.995-1.046; P=0.1237481073)","0.975(95% CI:0.831-1.144; P=0.7573982239)","Raw","healthy_noncancer_control","Raw healthy_noncancer_control"
"Total_CE","Total Esterified Cholesterol","BC_postmeno","0.976(95% CI:0.84-1.134; P=0.7511732901)","1.017(95% CI:0.991-1.043; P=0.2006055628)","0.967(95% CI:0.824-1.133; P=0.6750225948)","Raw","healthy_noncancer_control","Raw healthy_noncancer_control"
"Total_FA","Total Fatty Acids","BC_postmeno","1.099(95% CI:0.936-1.29; P=0.249465126)","1.077(95% CI:1.05-1.106; P=0.0000000205)","1.145(95% CI:0.971-1.349; P=0.1068885402)","Raw","healthy_noncancer_control","Raw healthy_noncancer_control"
"Total_FC","Total Free Cholesterol","BC_postmeno","0.99(95% CI:0.851-1.152; P=0.89818457)","1.028(95% CI:1.002-1.054; P=0.0313892562)","0.993(95% CI:0.846-1.166; P=0.9318692777)","Raw","healthy_noncancer_control","Raw healthy_noncancer_control"
"Total_L","Total Lipids in Lipoprotein Particles","BC_postmeno","1.037(95% CI:0.884-1.216; P=0.6541055888)","1.048(95% CI:1.022-1.076; P=0.0003499893)","1.061(95% CI:0.899-1.251; P=0.4857951301)","Raw","healthy_noncancer_control","Raw healthy_noncancer_control"
"Total_PL","Total Phospholipids in Lipoprotein Particles","BC_postmeno","1.018(95% CI:0.867-1.194; P=0.8310592481)","1.034(95% CI:1.008-1.061; P=0.0109396037)","1.029(95% CI:0.872-1.214; P=0.7354674549)","Raw","healthy_noncancer_control","Raw healthy_noncancer_control"
"Total_TG","Total Triglycerides","BC_postmeno","1.142(95% CI:0.994-1.312; P=0.0614473541)","1.077(95% CI:1.05-1.104; P=0.0000000046)","1.213(95% CI:1.043-1.41; P=0.0123618071)","Raw","healthy_noncancer_control","Raw healthy_noncancer_control"
"Tyr","Tyrosine","BC_postmeno","1.092(95% CI:0.955-1.25; P=0.199387733)","1.034(95% CI:1.009-1.06; P=0.0072693243)","1.116(95% CI:0.961-1.296; P=0.1487776251)","Raw","healthy_noncancer_control","Raw healthy_noncancer_control"
"Unsaturation","Degree of Unsaturation","BC_postmeno","0.879(95% CI:0.77-1.002; P=0.0542352782)","0.948(95% CI:0.925-0.972; P=0.0000207553)","0.832(95% CI:0.716-0.968; P=0.0170982816)","Raw","healthy_noncancer_control","Raw healthy_noncancer_control"
"Val","Valine","BC_postmeno","1.094(95% CI:0.958-1.25; P=0.1849111291)","1.065(95% CI:1.04-1.092; P=0.0000003324)","1.131(95% CI:0.976-1.311; P=0.1013918724)","Raw","healthy_noncancer_control","Raw healthy_noncancer_control"
"VLDL_C","VLDL Cholesterol","BC_postmeno","1.048(95% CI:0.904-1.216; P=0.532054178)","1.056(95% CI:1.029-1.082; P=0.0000269496)","1.09(95% CI:0.928-1.279; P=0.2932741948)","Raw","healthy_noncancer_control","Raw healthy_noncancer_control"
"VLDL_CE","Cholesteryl Esters in VLDL","BC_postmeno","1.029(95% CI:0.889-1.192; P=0.7011637637)","1.048(95% CI:1.022-1.074; P=0.0002775961)","1.062(95% CI:0.906-1.244; P=0.4613241071)","Raw","healthy_noncancer_control","Raw healthy_noncancer_control"
"VLDL_FC","Free Cholesterol in VLDL","BC_postmeno","1.073(95% CI:0.929-1.239; P=0.3368874033)","1.063(95% CI:1.037-1.09; P=0.0000015248)","1.127(95% CI:0.964-1.317; P=0.1336878131)","Raw","healthy_noncancer_control","Raw healthy_noncancer_control"
"VLDL_L","Total Lipids in VLDL","BC_postmeno","1.109(95% CI:0.957-1.285; P=0.1675393217)","1.073(95% CI:1.046-1.101; P=0.000000049)","1.174(95% CI:1.001-1.377; P=0.0480432064)","Raw","healthy_noncancer_control","Raw healthy_noncancer_control"
"VLDL_PL","Phospholipids in VLDL","BC_postmeno","1.091(95% CI:0.945-1.26; P=0.2367815507)","1.066(95% CI:1.04-1.093; P=0.0000004448)","1.148(95% CI:0.982-1.342; P=0.0828651638)","Raw","healthy_noncancer_control","Raw healthy_noncancer_control"
"VLDL_TG","Triglycerides in VLDL","BC_postmeno","1.141(95% CI:0.997-1.306; P=0.0562079884)","1.073(95% CI:1.047-1.1; P=0.0000000158)","1.219(95% CI:1.05-1.415; P=0.009212802)","Raw","healthy_noncancer_control","Raw healthy_noncancer_control"
"XL_HDL_C","Cholesterol in Very Large HDL","BC_postmeno","0.912(95% CI:0.794-1.048; P=0.1924377726)","0.948(95% CI:0.925-0.973; P=0.0000387987)","0.835(95% CI:0.709-0.984; P=0.0309163943)","Raw","healthy_noncancer_control","Raw healthy_noncancer_control"
"XL_HDL_CE","Cholesteryl Esters in Very Large HDL","BC_postmeno","0.909(95% CI:0.791-1.045; P=0.1795983621)","0.947(95% CI:0.924-0.972; P=0.0000264624)","0.832(95% CI:0.706-0.981; P=0.0281679511)","Raw","healthy_noncancer_control","Raw healthy_noncancer_control"
"XL_HDL_FC","Free Cholesterol in Very Large HDL","BC_postmeno","0.925(95% CI:0.805-1.063; P=0.2695100592)","0.955(95% CI:0.931-0.979; P=0.0003086332)","0.851(95% CI:0.724-1.001; P=0.0520642504)","Raw","healthy_noncancer_control","Raw healthy_noncancer_control"
"XL_HDL_PL","Phospholipids in Very Large HDL","BC_postmeno","0.919(95% CI:0.798-1.057; P=0.2355471056)","0.949(95% CI:0.925-0.973; P=0.0000508377)","0.845(95% CI:0.717-0.997; P=0.0454220505)","Raw","healthy_noncancer_control","Raw healthy_noncancer_control"
"XL_HDL_TG","Triglycerides in Very Large HDL","BC_postmeno","1.073(95% CI:0.927-1.242; P=0.3420313585)","1.035(95% CI:1.01-1.061; P=0.0060382717)","1.094(95% CI:0.942-1.271; P=0.2408612024)","Raw","healthy_noncancer_control","Raw healthy_noncancer_control"
"XL_VLDL_C","Cholesterol in Very Large VLDL","BC_postmeno","1.112(95% CI:0.973-1.272; P=0.119104818)","1.064(95% CI:1.038-1.09; P=0.0000006579)","1.182(95% CI:1.02-1.371; P=0.0262586872)","Raw","healthy_noncancer_control","Raw healthy_noncancer_control"
"XL_VLDL_CE","Cholesteryl Esters in Very Large VLDL","BC_postmeno","1.095(95% CI:0.955-1.255; P=0.1929784092)","1.06(95% CI:1.034-1.086; P=0.0000037699)","1.159(95% CI:0.997-1.348; P=0.0551075666)","Raw","healthy_noncancer_control","Raw healthy_noncancer_control"
"XL_VLDL_FC","Free Cholesterol in Very Large VLDL","BC_postmeno","1.124(95% CI:0.989-1.279; P=0.0739029126)","1.066(95% CI:1.04-1.091; P=0.0000002219)","1.197(95% CI:1.039-1.378; P=0.0126158519)","Raw","healthy_noncancer_control","Raw healthy_noncancer_control"
"XL_VLDL_PL","Phospholipids in Very Large VLDL","BC_postmeno","1.131(95% CI:0.997-1.285; P=0.0566052748)","1.066(95% CI:1.041-1.092; P=0.0000001514)","1.203(95% CI:1.047-1.383; P=0.0091293658)","Raw","healthy_noncancer_control","Raw healthy_noncancer_control"
"XL_VLDL_TG","Triglycerides in Very Large VLDL","BC_postmeno","1.143(95% CI:1.01-1.294; P=0.034124102)","1.069(95% CI:1.044-1.094; P=0.0000000431)","1.219(95% CI:1.064-1.397; P=0.0044227505)","Raw","healthy_noncancer_control","Raw healthy_noncancer_control"
"XS_VLDL_C","Cholesterol in Very Small VLDL","BC_postmeno","0.984(95% CI:0.849-1.141; P=0.8311561461)","1.029(95% CI:1.004-1.055; P=0.0227619098)","0.984(95% CI:0.84-1.153; P=0.8429684819)","Raw","healthy_noncancer_control","Raw healthy_noncancer_control"
"XS_VLDL_CE","Cholesteryl Esters in Very Small VLDL","BC_postmeno","0.972(95% CI:0.84-1.125; P=0.7074225992)","1.022(95% CI:0.997-1.048; P=0.0815958762)","0.966(95% CI:0.825-1.131; P=0.6671495061)","Raw","healthy_noncancer_control","Raw healthy_noncancer_control"
"XS_VLDL_FC","Free Cholesterol in Very Small VLDL","BC_postmeno","1.01(95% CI:0.87-1.172; P=0.900310751)","1.045(95% CI:1.019-1.071; P=0.0005654802)","1.023(95% CI:0.874-1.199; P=0.7741845617)","Raw","healthy_noncancer_control","Raw healthy_noncancer_control"
"XS_VLDL_PL","Phospholipids in Very Small VLDL","BC_postmeno","1.039(95% CI:0.895-1.206; P=0.6177697116)","1.05(95% CI:1.024-1.077; P=0.0001101952)","1.06(95% CI:0.907-1.24; P=0.4633488021)","Raw","healthy_noncancer_control","Raw healthy_noncancer_control"
"XS_VLDL_TG","Triglycerides in Very Small VLDL","BC_postmeno","1.1(95% CI:0.956-1.267; P=0.1844881397)","1.069(95% CI:1.043-1.095; P=0.0000000792)","1.143(95% CI:0.987-1.323; P=0.0742848801)","Raw","healthy_noncancer_control","Raw healthy_noncancer_control"
"XXL_VLDL_C","Cholesterol in Chylomicrons and Extremely Large VLDL","BC_postmeno","1.131(95% CI:1.001-1.278; P=0.0487829005)","1.065(95% CI:1.041-1.091; P=0.000000142)","1.204(95% CI:1.052-1.379; P=0.0069580915)","Raw","healthy_noncancer_control","Raw healthy_noncancer_control"
"XXL_VLDL_CE","Cholesteryl Esters in Chylomicrons and Extremely Large VLDL","BC_postmeno","1.135(95% CI:1.003-1.284; P=0.044955857)","1.064(95% CI:1.039-1.089; P=0.0000002919)","1.208(95% CI:1.054-1.384; P=0.0067333788)","Raw","healthy_noncancer_control","Raw healthy_noncancer_control"
"XXL_VLDL_FC","Free Cholesterol in Chylomicrons and Extremely Large VLDL","BC_postmeno","1.119(95% CI:0.993-1.261; P=0.0655786685)","1.065(95% CI:1.04-1.09; P=0.0000001273)","1.19(95% CI:1.044-1.357; P=0.0091951865)","Raw","healthy_noncancer_control","Raw healthy_noncancer_control"
"XXL_VLDL_PL","Phospholipids in Chylomicrons and Extremely Large VLDL","BC_postmeno","1.122(95% CI:0.998-1.261; P=0.0543998037)","1.063(95% CI:1.038-1.088; P=0.0000003005)","1.189(95% CI:1.046-1.352; P=0.0081190322)","Raw","healthy_noncancer_control","Raw healthy_noncancer_control"
"XXL_VLDL_TG","Triglycerides in Chylomicrons and Extremely Large VLDL","BC_postmeno","1.148(95% CI:1.022-1.29; P=0.0198333591)","1.062(95% CI:1.037-1.087; P=0.0000004284)","1.207(95% CI:1.063-1.371; P=0.0036755468)","Raw","healthy_noncancer_control","Raw healthy_noncancer_control"
"Acetate","Acetate","BC_premeno","0.895(95% CI:0.63-1.271; P=0.5340014656)","0.96(95% CI:0.9-1.024; P=0.2168697134)","0.752(95% CI:0.44-1.285; P=0.2972215478)","Raw","healthy_noncancer_control","Raw healthy_noncancer_control"
"Acetoacetate","Acetoacetate","BC_premeno","0.992(95% CI:0.793-1.241; P=0.9455945831)","1.001(95% CI:0.958-1.046; P=0.9647338417)","1.03(95% CI:0.789-1.344; P=0.8304627967)","Raw","healthy_noncancer_control","Raw healthy_noncancer_control"
"Acetone","Acetone","BC_premeno","0.934(95% CI:0.735-1.187; P=0.5775342411)","0.992(95% CI:0.949-1.038; P=0.7381602644)","0.981(95% CI:0.744-1.293; P=0.8924113211)","Raw","healthy_noncancer_control","Raw healthy_noncancer_control"
"Ala","Alanine","BC_premeno","0.819(95% CI:0.656-1.024; P=0.0795358954)","0.993(95% CI:0.952-1.037; P=0.7594992555)","0.914(95% CI:0.692-1.205; P=0.5227033903)","Raw","healthy_noncancer_control","Raw healthy_noncancer_control"
"Albumin","Albumin","BC_premeno","0.939(95% CI:0.755-1.169; P=0.5750560403)","0.97(95% CI:0.929-1.013; P=0.1684232015)","1.049(95% CI:0.799-1.378; P=0.7292518506)","Raw","healthy_noncancer_control","Raw healthy_noncancer_control"
"ApoA1","Apolipoprotein A1","BC_premeno","1.043(95% CI:0.843-1.29; P=0.698986884)","0.991(95% CI:0.949-1.034; P=0.6672706087)","1.178(95% CI:0.903-1.537; P=0.2282926887)","Raw","healthy_noncancer_control","Raw healthy_noncancer_control"
"ApoB","Apolipoprotein B","BC_premeno","0.9(95% CI:0.706-1.146; P=0.391733624)","0.929(95% CI:0.887-0.974; P=0.0022265538)","0.973(95% CI:0.731-1.294; P=0.8501346176)","Raw","healthy_noncancer_control","Raw healthy_noncancer_control"
"bOHbutyrate","3-Hydroxybutyrate","BC_premeno","0.978(95% CI:0.789-1.212; P=0.8396438979)","1.014(95% CI:0.973-1.056; P=0.5062936935)","1.002(95% CI:0.773-1.298; P=0.9906957831)","Raw","healthy_noncancer_control","Raw healthy_noncancer_control"
"Cholines","Total Cholines","BC_premeno","0.952(95% CI:0.757-1.197; P=0.672805559)","0.955(95% CI:0.914-0.998; P=0.0395115935)","1.085(95% CI:0.823-1.432; P=0.5615994152)","Raw","healthy_noncancer_control","Raw healthy_noncancer_control"
"Citrate","Citrate","BC_premeno","1.005(95% CI:0.862-1.173; P=0.9463719214)","0.936(95% CI:0.894-0.98; P=0.0048752733)","1.026(95% CI:0.907-1.162; P=0.6797815487)","Raw","healthy_noncancer_control","Raw healthy_noncancer_control"
"Clinical_LDL_C","Clinical LDL Cholesterol","BC_premeno","0.875(95% CI:0.691-1.107; P=0.264449924)","0.936(95% CI:0.894-0.98; P=0.0046472905)","0.996(95% CI:0.751-1.322; P=0.9797149395)","Raw","healthy_noncancer_control","Raw healthy_noncancer_control"
"Creatinine","Creatinine","BC_premeno","0.932(95% CI:0.731-1.188; P=0.5690556187)","0.976(95% CI:0.929-1.027; P=0.3493668217)","0.932(95% CI:0.702-1.237; P=0.6243762625)","Raw","healthy_noncancer_control","Raw healthy_noncancer_control"
"DHA","Docosahexaenoic Acid","BC_premeno","0.847(95% CI:0.639-1.124; P=0.2500447862)","0.937(95% CI:0.89-0.986; P=0.0116339195)","0.981(95% CI:0.718-1.342; P=0.9066599381)","Raw","healthy_noncancer_control","Raw healthy_noncancer_control"
"Gln","Glutamine","BC_premeno","0.969(95% CI:0.788-1.191; P=0.7636192144)","0.911(95% CI:0.874-0.95; P=0.0000132178)","1.21(95% CI:0.93-1.574; P=0.1553821416)","Raw","healthy_noncancer_control","Raw healthy_noncancer_control"
"Glucose","Glucose","BC_premeno","0.904(95% CI:0.703-1.162; P=0.4310408372)","0.951(95% CI:0.908-0.995; P=0.0308065244)","0.829(95% CI:0.603-1.14; P=0.2484708419)","Raw","healthy_noncancer_control","Raw healthy_noncancer_control"
"Gly","Glycine","BC_premeno","0.888(95% CI:0.71-1.11; P=0.2980130687)","0.986(95% CI:0.944-1.029; P=0.5049559263)","0.863(95% CI:0.648-1.15; P=0.3147913652)","Raw","healthy_noncancer_control","Raw healthy_noncancer_control"
"GlycA","Glycoprotein Acetyls","BC_premeno","0.964(95% CI:0.779-1.193; P=0.7370416478)","0.921(95% CI:0.882-0.963; P=0.0002538528)","0.842(95% CI:0.638-1.112; P=0.2265175269)","Raw","healthy_noncancer_control","Raw healthy_noncancer_control"
"HDL_C","HDL Cholesterol","BC_premeno","1.047(95% CI:0.843-1.301; P=0.6783723528)","1.012(95% CI:0.968-1.058; P=0.5960350855)","1.228(95% CI:0.936-1.612; P=0.1376097909)","Raw","healthy_noncancer_control","Raw healthy_noncancer_control"
"HDL_CE","Cholesteryl Esters in HDL","BC_premeno","1.041(95% CI:0.837-1.294; P=0.7206720407)","1.013(95% CI:0.969-1.059; P=0.5788370499)","1.219(95% CI:0.927-1.603; P=0.1560509376)","Raw","healthy_noncancer_control","Raw healthy_noncancer_control"
"HDL_FC","Free Cholesterol in HDL","BC_premeno","1.067(95% CI:0.86-1.325; P=0.5551270537)","1.008(95% CI:0.964-1.053; P=0.7390174761)","1.249(95% CI:0.961-1.624; P=0.096757129)","Raw","healthy_noncancer_control","Raw healthy_noncancer_control"
"HDL_L","Total Lipids in HDL","BC_premeno","1.064(95% CI:0.861-1.315; P=0.5666457989)","1.003(95% CI:0.961-1.048; P=0.8868086698)","1.219(95% CI:0.934-1.592; P=0.1454161381)","Raw","healthy_noncancer_control","Raw healthy_noncancer_control"
"HDL_PL","Phospholipids in HDL","BC_premeno","1.071(95% CI:0.868-1.322; P=0.5221484673)","1(95% CI:0.958-1.044; P=0.9900198094)","1.211(95% CI:0.929-1.578; P=0.1566997311)","Raw","healthy_noncancer_control","Raw healthy_noncancer_control"
"HDL_TG","Triglycerides in HDL","BC_premeno","1.04(95% CI:0.834-1.297; P=0.726813627)","0.956(95% CI:0.913-1.001; P=0.0573125157)","0.969(95% CI:0.725-1.294; P=0.8310755718)","Raw","healthy_noncancer_control","Raw healthy_noncancer_control"
"His","Histidine","BC_premeno","0.958(95% CI:0.774-1.185; P=0.6901298127)","0.997(95% CI:0.955-1.042; P=0.9012412105)","1.055(95% CI:0.808-1.378; P=0.694636361)","Raw","healthy_noncancer_control","Raw healthy_noncancer_control"
"IDL_C","Cholesterol in IDL","BC_premeno","0.909(95% CI:0.709-1.164; P=0.4483435948)","0.949(95% CI:0.905-0.996; P=0.0329339067)","1.1(95% CI:0.822-1.473; P=0.5204738823)","Raw","healthy_noncancer_control","Raw healthy_noncancer_control"
"IDL_CE","Cholesteryl Esters in IDL","BC_premeno","0.906(95% CI:0.707-1.161; P=0.4350246249)","0.952(95% CI:0.908-0.999; P=0.0437431868)","1.093(95% CI:0.816-1.463; P=0.5500391012)","Raw","healthy_noncancer_control","Raw healthy_noncancer_control"
"IDL_FC","Free Cholesterol in IDL","BC_premeno","0.917(95% CI:0.711-1.181; P=0.5004855259)","0.936(95% CI:0.891-0.983; P=0.0084222894)","1.104(95% CI:0.823-1.48; P=0.5093988049)","Raw","healthy_noncancer_control","Raw healthy_noncancer_control"
"IDL_PL","Phospholipids in IDL","BC_premeno","0.923(95% CI:0.718-1.187; P=0.532136531)","0.945(95% CI:0.9-0.992; P=0.0211568815)","1.071(95% CI:0.8-1.432; P=0.6460431536)","Raw","healthy_noncancer_control","Raw healthy_noncancer_control"
"IDL_TG","Triglycerides in IDL","BC_premeno","1.028(95% CI:0.815-1.297; P=0.8151852333)","0.959(95% CI:0.914-1.005; P=0.0781777405)","1.003(95% CI:0.751-1.34; P=0.9839258194)","Raw","healthy_noncancer_control","Raw healthy_noncancer_control"
"Ile","Isoleucine","BC_premeno","0.852(95% CI:0.674-1.078; P=0.1815801459)","0.98(95% CI:0.937-1.025; P=0.3857408005)","0.89(95% CI:0.661-1.199; P=0.4442877686)","Raw","healthy_noncancer_control","Raw healthy_noncancer_control"
"L_HDL_C","Cholesterol in Large HDL","BC_premeno","1.101(95% CI:0.887-1.366; P=0.3833364832)","1.039(95% CI:0.994-1.087; P=0.0903017929)","1.292(95% CI:0.989-1.688; P=0.0598299297)","Raw","healthy_noncancer_control","Raw healthy_noncancer_control"
"L_HDL_CE","Cholesteryl Esters in Large HDL","BC_premeno","1.095(95% CI:0.882-1.359; P=0.4108570877)","1.039(95% CI:0.994-1.087; P=0.0907394352)","1.283(95% CI:0.982-1.675; P=0.0676062218)","Raw","healthy_noncancer_control","Raw healthy_noncancer_control"
"L_HDL_FC","Free Cholesterol in Large HDL","BC_premeno","1.114(95% CI:0.9-1.379; P=0.3226976307)","1.035(95% CI:0.989-1.082; P=0.1345032993)","1.302(95% CI:1.007-1.683; P=0.0441367394)","Raw","healthy_noncancer_control","Raw healthy_noncancer_control"
"L_HDL_PL","Phospholipids in Large HDL","BC_premeno","1.122(95% CI:0.908-1.386; P=0.2849735935)","1.034(95% CI:0.989-1.081; P=0.1393616788)","1.295(95% CI:0.996-1.684; P=0.0534310277)","Raw","healthy_noncancer_control","Raw healthy_noncancer_control"
"L_HDL_TG","Triglycerides in Large HDL","BC_premeno","1.117(95% CI:0.91-1.371; P=0.2897127069)","0.986(95% CI:0.943-1.031; P=0.5302877394)","1.119(95% CI:0.861-1.453; P=0.4004814919)","Raw","healthy_noncancer_control","Raw healthy_noncancer_control"
"L_LDL_C","Cholesterol in Large LDL","BC_premeno","0.865(95% CI:0.68-1.1; P=0.2368534883)","0.933(95% CI:0.891-0.978; P=0.003645949)","0.999(95% CI:0.75-1.331; P=0.9956491795)","Raw","healthy_noncancer_control","Raw healthy_noncancer_control"
"L_LDL_CE","Cholesteryl Esters in Large LDL","BC_premeno","0.862(95% CI:0.677-1.097; P=0.2265299956)","0.93(95% CI:0.888-0.975; P=0.0023687201)","0.983(95% CI:0.738-1.31; P=0.9092570333)","Raw","healthy_noncancer_control","Raw healthy_noncancer_control"
"L_LDL_FC","Free Cholesterol in Large LDL","BC_premeno","0.867(95% CI:0.676-1.112; P=0.2613376837)","0.936(95% CI:0.892-0.982; P=0.0069342812)","1.031(95% CI:0.769-1.383; P=0.8373630874)","Raw","healthy_noncancer_control","Raw healthy_noncancer_control"
"L_LDL_PL","Phospholipids in Large LDL","BC_premeno","0.865(95% CI:0.675-1.108; P=0.2509395266)","0.929(95% CI:0.886-0.974; P=0.0021681513)","0.984(95% CI:0.736-1.316; P=0.9157961983)","Raw","healthy_noncancer_control","Raw healthy_noncancer_control"
"L_LDL_TG","Triglycerides in Large LDL","BC_premeno","0.994(95% CI:0.782-1.262; P=0.9587709771)","0.95(95% CI:0.906-0.997; P=0.0358730216)","0.97(95% CI:0.722-1.304; P=0.8413303993)","Raw","healthy_noncancer_control","Raw healthy_noncancer_control"
"L_VLDL_C","Cholesterol in Large VLDL","BC_premeno","0.938(95% CI:0.743-1.185; P=0.5920495946)","0.924(95% CI:0.881-0.969; P=0.0011293958)","0.866(95% CI:0.643-1.167; P=0.3454411504)","Raw","healthy_noncancer_control","Raw healthy_noncancer_control"
"L_VLDL_CE","Cholesteryl Esters in Large VLDL","BC_premeno","0.935(95% CI:0.739-1.184; P=0.5775381562)","0.924(95% CI:0.881-0.969; P=0.0012255187)","0.881(95% CI:0.655-1.185; P=0.4011533763)","Raw","healthy_noncancer_control","Raw healthy_noncancer_control"
"L_VLDL_FC","Free Cholesterol in Large VLDL","BC_premeno","0.946(95% CI:0.749-1.196; P=0.6435874963)","0.925(95% CI:0.881-0.97; P=0.0014950117)","0.852(95% CI:0.627-1.158; P=0.3062861561)","Raw","healthy_noncancer_control","Raw healthy_noncancer_control"
"L_VLDL_PL","Phospholipids in Large VLDL","BC_premeno","0.956(95% CI:0.757-1.206; P=0.7037150609)","0.932(95% CI:0.888-0.978; P=0.0039546659)","0.852(95% CI:0.625-1.16; P=0.3085573689)","Raw","healthy_noncancer_control","Raw healthy_noncancer_control"
"L_VLDL_TG","Triglycerides in Large VLDL","BC_premeno","0.943(95% CI:0.748-1.19; P=0.6207078198)","0.933(95% CI:0.889-0.979; P=0.0045713636)","0.848(95% CI:0.621-1.158; P=0.3009841388)","Raw","healthy_noncancer_control","Raw healthy_noncancer_control"
"LA","Linoleic Acid","BC_premeno","0.956(95% CI:0.764-1.195; P=0.6902437542)","0.949(95% CI:0.908-0.993; P=0.0231401528)","1.008(95% CI:0.768-1.324; P=0.9538986032)","Raw","healthy_noncancer_control","Raw healthy_noncancer_control"
"Lactate","Lactate","BC_premeno","0.922(95% CI:0.738-1.153; P=0.4761677045)","1.053(95% CI:1.007-1.102; P=0.0232031205)","0.945(95% CI:0.713-1.254; P=0.6963254291)","Raw","healthy_noncancer_control","Raw healthy_noncancer_control"
"LDL_C","LDL Cholesterol","BC_premeno","0.87(95% CI:0.686-1.103; P=0.2498975546)","0.93(95% CI:0.888-0.974; P=0.0018928887)","0.975(95% CI:0.735-1.294; P=0.8601236491)","Raw","healthy_noncancer_control","Raw healthy_noncancer_control"
"LDL_CE","Cholesteryl Esters in LDL","BC_premeno","0.872(95% CI:0.687-1.106; P=0.257682979)","0.926(95% CI:0.885-0.97; P=0.0010712237)","0.961(95% CI:0.724-1.275; P=0.7829047962)","Raw","healthy_noncancer_control","Raw healthy_noncancer_control"
"LDL_FC","Free Cholesterol in LDL","BC_premeno","0.856(95% CI:0.67-1.093; P=0.2129540414)","0.935(95% CI:0.892-0.981; P=0.0057646008)","1.002(95% CI:0.749-1.34; P=0.9911854323)","Raw","healthy_noncancer_control","Raw healthy_noncancer_control"
"LDL_L","Total Lipids in LDL","BC_premeno","0.874(95% CI:0.69-1.108; P=0.2654843284)","0.93(95% CI:0.889-0.973; P=0.0018159278)","0.972(95% CI:0.733-1.288; P=0.8412635784)","Raw","healthy_noncancer_control","Raw healthy_noncancer_control"
"LDL_PL","Phospholipids in LDL","BC_premeno","0.863(95% CI:0.677-1.101; P=0.2357449882)","0.929(95% CI:0.886-0.973; P=0.0018896875)","0.961(95% CI:0.721-1.28; P=0.784200764)","Raw","healthy_noncancer_control","Raw healthy_noncancer_control"
"LDL_TG","Triglycerides in LDL","BC_premeno","0.989(95% CI:0.779-1.255; P=0.9283318386)","0.945(95% CI:0.901-0.991; P=0.0208041837)","0.951(95% CI:0.706-1.281; P=0.7392314043)","Raw","healthy_noncancer_control","Raw healthy_noncancer_control"
"Leu","Leucine","BC_premeno","0.885(95% CI:0.703-1.115; P=0.3002506665)","0.979(95% CI:0.936-1.024; P=0.3485817139)","0.964(95% CI:0.721-1.288; P=0.8041455808)","Raw","healthy_noncancer_control","Raw healthy_noncancer_control"
"M_HDL_C","Cholesterol in Medium HDL","BC_premeno","1.033(95% CI:0.834-1.28; P=0.767086626)","0.999(95% CI:0.956-1.044; P=0.9633979752)","1.164(95% CI:0.888-1.524; P=0.2712759536)","Raw","healthy_noncancer_control","Raw healthy_noncancer_control"
"M_HDL_CE","Cholesteryl Esters in Medium HDL","BC_premeno","1.032(95% CI:0.832-1.28; P=0.7729307296)","1(95% CI:0.957-1.045; P=0.9937119566)","1.16(95% CI:0.885-1.521; P=0.2827339977)","Raw","healthy_noncancer_control","Raw healthy_noncancer_control"
"M_HDL_FC","Free Cholesterol in Medium HDL","BC_premeno","1.038(95% CI:0.839-1.285; P=0.7291421376)","0.995(95% CI:0.952-1.039; P=0.8202645531)","1.178(95% CI:0.905-1.532; P=0.2236790648)","Raw","healthy_noncancer_control","Raw healthy_noncancer_control"
"M_HDL_PL","Phospholipids in Medium HDL","BC_premeno","1.049(95% CI:0.851-1.292; P=0.6548217974)","0.986(95% CI:0.945-1.029; P=0.5231999628)","1.135(95% CI:0.871-1.478; P=0.3474989163)","Raw","healthy_noncancer_control","Raw healthy_noncancer_control"
"M_HDL_TG","Triglycerides in Medium HDL","BC_premeno","1.049(95% CI:0.844-1.304; P=0.6674175138)","0.957(95% CI:0.914-1.002; P=0.0606582342)","0.963(95% CI:0.72-1.289; P=0.8020463)","Raw","healthy_noncancer_control","Raw healthy_noncancer_control"
"M_LDL_C","Cholesterol in Medium LDL","BC_premeno","0.872(95% CI:0.687-1.108; P=0.2629295307)","0.919(95% CI:0.878-0.963; P=0.0003817627)","0.92(95% CI:0.692-1.223; P=0.5667493414)","Raw","healthy_noncancer_control","Raw healthy_noncancer_control"
"M_LDL_CE","Cholesteryl Esters in Medium LDL","BC_premeno","0.883(95% CI:0.696-1.122; P=0.308683392)","0.917(95% CI:0.875-0.961; P=0.0002611902)","0.908(95% CI:0.682-1.21; P=0.5112061396)","Raw","healthy_noncancer_control","Raw healthy_noncancer_control"
"M_LDL_FC","Free Cholesterol in Medium LDL","BC_premeno","0.837(95% CI:0.654-1.072; P=0.1584451289)","0.928(95% CI:0.885-0.973; P=0.001840379)","0.948(95% CI:0.708-1.269; P=0.7176729203)","Raw","healthy_noncancer_control","Raw healthy_noncancer_control"
"M_LDL_PL","Phospholipids in Medium LDL","BC_premeno","0.854(95% CI:0.669-1.091; P=0.2070846369)","0.922(95% CI:0.879-0.966; P=0.0006120258)","0.914(95% CI:0.684-1.221; P=0.5425862336)","Raw","healthy_noncancer_control","Raw healthy_noncancer_control"
"M_LDL_TG","Triglycerides in Medium LDL","BC_premeno","0.993(95% CI:0.782-1.26; P=0.951735952)","0.939(95% CI:0.894-0.987; P=0.0127414263)","0.927(95% CI:0.682-1.261; P=0.6302970771)","Raw","healthy_noncancer_control","Raw healthy_noncancer_control"
"M_VLDL_C","Cholesterol in Medium VLDL","BC_premeno","0.908(95% CI:0.711-1.16; P=0.4386115794)","0.929(95% CI:0.885-0.974; P=0.0025693314)","0.986(95% CI:0.739-1.316; P=0.9251901967)","Raw","healthy_noncancer_control","Raw healthy_noncancer_control"
"M_VLDL_CE","Cholesteryl Esters in Medium VLDL","BC_premeno","0.908(95% CI:0.709-1.164; P=0.4467458486)","0.937(95% CI:0.893-0.984; P=0.0088836944)","1.018(95% CI:0.761-1.362; P=0.9057874832)","Raw","healthy_noncancer_control","Raw healthy_noncancer_control"
"M_VLDL_FC","Free Cholesterol in Medium VLDL","BC_premeno","0.91(95% CI:0.713-1.162; P=0.4514657824)","0.921(95% CI:0.878-0.967; P=0.000852615)","0.944(95% CI:0.706-1.264; P=0.699395032)","Raw","healthy_noncancer_control","Raw healthy_noncancer_control"
"M_VLDL_PL","Phospholipids in Medium VLDL","BC_premeno","0.916(95% CI:0.72-1.165; P=0.4733494233)","0.923(95% CI:0.88-0.968; P=0.0009338231)","0.927(95% CI:0.693-1.24; P=0.6108530032)","Raw","healthy_noncancer_control","Raw healthy_noncancer_control"
"M_VLDL_TG","Triglycerides in Medium VLDL","BC_premeno","0.93(95% CI:0.738-1.174; P=0.5423764036)","0.929(95% CI:0.886-0.975; P=0.0025119138)","0.858(95% CI:0.635-1.158; P=0.3156503397)","Raw","healthy_noncancer_control","Raw healthy_noncancer_control"
"MUFA","Monounsaturated Fatty Acids","BC_premeno","0.946(95% CI:0.755-1.185; P=0.6279255838)","0.922(95% CI:0.881-0.965; P=0.0004429033)","0.922(95% CI:0.696-1.223; P=0.5745034026)","Raw","healthy_noncancer_control","Raw healthy_noncancer_control"
"non_HDL_C","Total Cholesterol Minus HDL-C","BC_premeno","0.894(95% CI:0.705-1.133; P=0.3541012079)","0.931(95% CI:0.889-0.974; P=0.0020642104)","0.997(95% CI:0.752-1.321; P=0.9831706219)","Raw","healthy_noncancer_control","Raw healthy_noncancer_control"
"Omega_3","Omega-3 Fatty Acids","BC_premeno","0.877(95% CI:0.672-1.144; P=0.3329747783)","0.906(95% CI:0.862-0.952; P=0.0000997659)","0.951(95% CI:0.701-1.29; P=0.746187586)","Raw","healthy_noncancer_control","Raw healthy_noncancer_control"
"Omega_6","Omega-6 Fatty Acids","BC_premeno","0.952(95% CI:0.76-1.192; P=0.6678514169)","0.929(95% CI:0.889-0.972; P=0.0012429332)","1.014(95% CI:0.773-1.33; P=0.9219679778)","Raw","healthy_noncancer_control","Raw healthy_noncancer_control"
"Phe","Phenylalanine","BC_premeno","0.89(95% CI:0.708-1.119; P=0.3192402629)","1.024(95% CI:0.98-1.07; P=0.2865062821)","0.851(95% CI:0.635-1.14; P=0.2787811187)","Raw","healthy_noncancer_control","Raw healthy_noncancer_control"
"Phosphatidylc","Phosphatidylcholines","BC_premeno","0.956(95% CI:0.763-1.199; P=0.6987163073)","0.965(95% CI:0.924-1.008; P=0.1096678959)","1.071(95% CI:0.815-1.409; P=0.6210916706)","Raw","healthy_noncancer_control","Raw healthy_noncancer_control"
"Phosphoglyc","Phosphoglycerides","BC_premeno","0.955(95% CI:0.761-1.199; P=0.6929963121)","0.953(95% CI:0.912-0.995; P=0.0288045277)","1.065(95% CI:0.809-1.402; P=0.6539636439)","Raw","healthy_noncancer_control","Raw healthy_noncancer_control"
"PUFA","Polyunsaturated Fatty Acids","BC_premeno","0.929(95% CI:0.737-1.171; P=0.5339040944)","0.918(95% CI:0.877-0.96; P=0.0001708066)","1(95% CI:0.76-1.317; P=0.9985698993)","Raw","healthy_noncancer_control","Raw healthy_noncancer_control"
"Pyruvate","Pyruvate","BC_premeno","1.006(95% CI:0.811-1.249; P=0.9542409584)","1.034(95% CI:0.995-1.075; P=0.0878852494)","1.05(95% CI:0.804-1.371; P=0.7213953206)","Raw","healthy_noncancer_control","Raw healthy_noncancer_control"
"Remnant_C","Remnant Cholesterol (Non-HDL and Non-LDL -Cholesterol)","BC_premeno","0.921(95% CI:0.725-1.171; P=0.5028712699)","0.931(95% CI:0.889-0.975; P=0.0024377077)","1.016(95% CI:0.765-1.348; P=0.9137418927)","Raw","healthy_noncancer_control","Raw healthy_noncancer_control"
"S_HDL_C","Cholesterol in Small HDL","BC_premeno","0.832(95% CI:0.664-1.042; P=0.1100275549)","0.935(95% CI:0.895-0.977; P=0.0029233142)","0.872(95% CI:0.659-1.153; P=0.3359140156)","Raw","healthy_noncancer_control","Raw healthy_noncancer_control"
"S_HDL_CE","Cholesteryl Esters in Small HDL","BC_premeno","0.819(95% CI:0.656-1.022; P=0.0777265288)","0.937(95% CI:0.896-0.979; P=0.0036289502)","0.854(95% CI:0.648-1.125; P=0.2627541956)","Raw","healthy_noncancer_control","Raw healthy_noncancer_control"
"S_HDL_FC","Free Cholesterol in Small HDL","BC_premeno","0.916(95% CI:0.728-1.153; P=0.4548815654)","0.94(95% CI:0.9-0.983; P=0.0067352243)","0.967(95% CI:0.729-1.283; P=0.816328152)","Raw","healthy_noncancer_control","Raw healthy_noncancer_control"
"S_HDL_PL","Phospholipids in Small HDL","BC_premeno","0.925(95% CI:0.742-1.154; P=0.4903881733)","0.942(95% CI:0.902-0.984; P=0.0076498323)","0.921(95% CI:0.696-1.219; P=0.5641439193)","Raw","healthy_noncancer_control","Raw healthy_noncancer_control"
"S_HDL_TG","Triglycerides in Small HDL","BC_premeno","0.983(95% CI:0.779-1.239; P=0.882858215)","0.942(95% CI:0.898-0.988; P=0.0134904706)","0.852(95% CI:0.624-1.163; P=0.3123321993)","Raw","healthy_noncancer_control","Raw healthy_noncancer_control"
"S_LDL_C","Cholesterol in Small LDL","BC_premeno","0.87(95% CI:0.68-1.111; P=0.2637366158)","0.923(95% CI:0.881-0.968; P=0.0009539988)","0.931(95% CI:0.697-1.244; P=0.6277820623)","Raw","healthy_noncancer_control","Raw healthy_noncancer_control"
"S_LDL_CE","Cholesteryl Esters in Small LDL","BC_premeno","0.888(95% CI:0.695-1.135; P=0.3429957557)","0.918(95% CI:0.876-0.963; P=0.0004622801)","0.928(95% CI:0.694-1.241; P=0.6128070637)","Raw","healthy_noncancer_control","Raw healthy_noncancer_control"
"S_LDL_FC","Free Cholesterol in Small LDL","BC_premeno","0.826(95% CI:0.647-1.054; P=0.1241395389)","0.942(95% CI:0.899-0.988; P=0.0131929382)","0.935(95% CI:0.699-1.251; P=0.6518777447)","Raw","healthy_noncancer_control","Raw healthy_noncancer_control"
"S_LDL_PL","Phospholipids in Small LDL","BC_premeno","0.861(95% CI:0.672-1.104; P=0.2392066241)","0.941(95% CI:0.898-0.987; P=0.0124089161)","0.944(95% CI:0.706-1.264; P=0.70015334)","Raw","healthy_noncancer_control","Raw healthy_noncancer_control"
"S_LDL_TG","Triglycerides in Small LDL","BC_premeno","1.014(95% CI:0.805-1.277; P=0.908524076)","0.938(95% CI:0.892-0.986; P=0.0113326785)","0.91(95% CI:0.666-1.244; P=0.5560565998)","Raw","healthy_noncancer_control","Raw healthy_noncancer_control"
"S_VLDL_C","Cholesterol in Small VLDL","BC_premeno","0.912(95% CI:0.715-1.162; P=0.4562530604)","0.927(95% CI:0.884-0.972; P=0.0017404867)","0.918(95% CI:0.686-1.229; P=0.5660242257)","Raw","healthy_noncancer_control","Raw healthy_noncancer_control"
"S_VLDL_CE","Cholesteryl Esters in Small VLDL","BC_premeno","0.92(95% CI:0.722-1.173; P=0.5027251484)","0.928(95% CI:0.885-0.973; P=0.0021788476)","0.907(95% CI:0.676-1.217; P=0.5152820293)","Raw","healthy_noncancer_control","Raw healthy_noncancer_control"
"S_VLDL_FC","Free Cholesterol in Small VLDL","BC_premeno","0.898(95% CI:0.702-1.15; P=0.3957433267)","0.925(95% CI:0.881-0.97; P=0.0014509451)","0.934(95% CI:0.697-1.253; P=0.648689969)","Raw","healthy_noncancer_control","Raw healthy_noncancer_control"
"S_VLDL_PL","Phospholipids in Small VLDL","BC_premeno","0.909(95% CI:0.712-1.16; P=0.4427560132)","0.925(95% CI:0.882-0.97; P=0.0012888525)","0.912(95% CI:0.679-1.223; P=0.5371543636)","Raw","healthy_noncancer_control","Raw healthy_noncancer_control"
"S_VLDL_TG","Triglycerides in Small VLDL","BC_premeno","0.97(95% CI:0.768-1.225; P=0.7978862517)","0.94(95% CI:0.896-0.986; P=0.0106566152)","0.872(95% CI:0.642-1.182; P=0.3768466827)","Raw","healthy_noncancer_control","Raw healthy_noncancer_control"
"SFA","Saturated Fatty Acids","BC_premeno","0.955(95% CI:0.759-1.203; P=0.6988763495)","0.927(95% CI:0.886-0.97; P=0.0011135747)","0.958(95% CI:0.722-1.271; P=0.7675722918)","Raw","healthy_noncancer_control","Raw healthy_noncancer_control"
"Sphingomyelins","Sphingomyelins","BC_premeno","0.904(95% CI:0.704-1.159; P=0.4247208397)","0.942(95% CI:0.899-0.988; P=0.0136285447)","1.09(95% CI:0.814-1.459; P=0.5627660514)","Raw","healthy_noncancer_control","Raw healthy_noncancer_control"
"Total_C","Total Cholesterol","BC_premeno","0.906(95% CI:0.712-1.153; P=0.4225625612)","0.94(95% CI:0.898-0.985; P=0.0092453053)","1.069(95% CI:0.802-1.424; P=0.6479657368)","Raw","healthy_noncancer_control","Raw healthy_noncancer_control"
"Total_CE","Total Esterified Cholesterol","BC_premeno","0.903(95% CI:0.71-1.15; P=0.4090065619)","0.943(95% CI:0.9-0.988; P=0.0129451769)","1.075(95% CI:0.806-1.434; P=0.6231030393)","Raw","healthy_noncancer_control","Raw healthy_noncancer_control"
"Total_FA","Total Fatty Acids","BC_premeno","0.942(95% CI:0.749-1.183; P=0.6063741689)","0.919(95% CI:0.879-0.961; P=0.000216313)","0.96(95% CI:0.728-1.265; P=0.7697107961)","Raw","healthy_noncancer_control","Raw healthy_noncancer_control"
"Total_FC","Total Free Cholesterol","BC_premeno","0.915(95% CI:0.717-1.167; P=0.4725954133)","0.93(95% CI:0.888-0.975; P=0.0026891637)","1.047(95% CI:0.786-1.394; P=0.7540373873)","Raw","healthy_noncancer_control","Raw healthy_noncancer_control"
"Total_L","Total Lipids in Lipoprotein Particles","BC_premeno","0.929(95% CI:0.734-1.175; P=0.5372982313)","0.931(95% CI:0.89-0.974; P=0.0019507603)","1.023(95% CI:0.773-1.353; P=0.8748425568)","Raw","healthy_noncancer_control","Raw healthy_noncancer_control"
"Total_PL","Total Phospholipids in Lipoprotein Particles","BC_premeno","0.963(95% CI:0.763-1.215; P=0.7494934656)","0.946(95% CI:0.905-0.989; P=0.0150316875)","1.097(95% CI:0.829-1.451; P=0.5181132855)","Raw","healthy_noncancer_control","Raw healthy_noncancer_control"
"Total_TG","Total Triglycerides","BC_premeno","0.963(95% CI:0.768-1.207; P=0.7435132708)","0.933(95% CI:0.891-0.978; P=0.0038962047)","0.882(95% CI:0.658-1.182; P=0.4014415161)","Raw","healthy_noncancer_control","Raw healthy_noncancer_control"
"Tyr","Tyrosine","BC_premeno","0.864(95% CI:0.682-1.094; P=0.2243463672)","0.924(95% CI:0.882-0.968; P=0.0008867587)","0.956(95% CI:0.717-1.275; P=0.7588479561)","Raw","healthy_noncancer_control","Raw healthy_noncancer_control"
"Unsaturation","Degree of Unsaturation","BC_premeno","0.928(95% CI:0.733-1.174; P=0.5341525107)","0.971(95% CI:0.927-1.017; P=0.2129854356)","1.078(95% CI:0.804-1.445; P=0.6155611665)","Raw","healthy_noncancer_control","Raw healthy_noncancer_control"
"Val","Valine","BC_premeno","0.93(95% CI:0.743-1.165; P=0.5274954332)","0.955(95% CI:0.913-0.999; P=0.0435868485)","1.051(95% CI:0.791-1.396; P=0.7334957464)","Raw","healthy_noncancer_control","Raw healthy_noncancer_control"
"VLDL_C","VLDL Cholesterol","BC_premeno","0.936(95% CI:0.74-1.182; P=0.5773322564)","0.925(95% CI:0.883-0.969; P=0.0009682138)","0.944(95% CI:0.712-1.253; P=0.6923043343)","Raw","healthy_noncancer_control","Raw healthy_noncancer_control"
"VLDL_CE","Cholesteryl Esters in VLDL","BC_premeno","0.937(95% CI:0.739-1.189; P=0.5922638101)","0.927(95% CI:0.885-0.972; P=0.0016612118)","0.963(95% CI:0.724-1.281; P=0.7957915955)","Raw","healthy_noncancer_control","Raw healthy_noncancer_control"
"VLDL_FC","Free Cholesterol in VLDL","BC_premeno","0.939(95% CI:0.742-1.189; P=0.6037077055)","0.922(95% CI:0.879-0.966; P=0.000734157)","0.915(95% CI:0.684-1.223; P=0.5469696698)","Raw","healthy_noncancer_control","Raw healthy_noncancer_control"
"VLDL_L","Total Lipids in VLDL","BC_premeno","0.947(95% CI:0.756-1.187; P=0.6388066726)","0.926(95% CI:0.885-0.969; P=0.0009355202)","0.9(95% CI:0.679-1.192; P=0.4616745273)","Raw","healthy_noncancer_control","Raw healthy_noncancer_control"
"VLDL_PL","Phospholipids in VLDL","BC_premeno","0.947(95% CI:0.75-1.195; P=0.6460529539)","0.926(95% CI:0.883-0.97; P=0.0012281608)","0.908(95% CI:0.68-1.213; P=0.5146743886)","Raw","healthy_noncancer_control","Raw healthy_noncancer_control"
"VLDL_TG","Triglycerides in VLDL","BC_premeno","0.965(95% CI:0.77-1.21; P=0.7594008098)","0.932(95% CI:0.889-0.977; P=0.0033553768)","0.871(95% CI:0.647-1.171; P=0.3588745746)","Raw","healthy_noncancer_control","Raw healthy_noncancer_control"
"XL_HDL_C","Cholesterol in Very Large HDL","BC_premeno","1.129(95% CI:0.909-1.403; P=0.2735333488)","1.04(95% CI:0.994-1.089; P=0.0864562644)","1.325(95% CI:1.026-1.711; P=0.0312176586)","Raw","healthy_noncancer_control","Raw healthy_noncancer_control"
"XL_HDL_CE","Cholesteryl Esters in Very Large HDL","BC_premeno","1.123(95% CI:0.904-1.396; P=0.2943251217)","1.04(95% CI:0.994-1.088; P=0.0922465023)","1.317(95% CI:1.019-1.701; P=0.0350991005)","Raw","healthy_noncancer_control","Raw healthy_noncancer_control"
"XL_HDL_FC","Free Cholesterol in Very Large HDL","BC_premeno","1.142(95% CI:0.918-1.421; P=0.2345337935)","1.04(95% CI:0.994-1.088; P=0.0919457325)","1.329(95% CI:1.032-1.712; P=0.0276925531)","Raw","healthy_noncancer_control","Raw healthy_noncancer_control"
"XL_HDL_PL","Phospholipids in Very Large HDL","BC_premeno","1.172(95% CI:0.95-1.446; P=0.1373875606)","1.044(95% CI:0.999-1.092; P=0.0566946475)","1.351(95% CI:1.052-1.734; P=0.0183769278)","Raw","healthy_noncancer_control","Raw healthy_noncancer_control"
"XL_HDL_TG","Triglycerides in Very Large HDL","BC_premeno","1.088(95% CI:0.877-1.351; P=0.4419590747)","0.973(95% CI:0.928-1.019; P=0.2430177253)","1.06(95% CI:0.804-1.398; P=0.6783540394)","Raw","healthy_noncancer_control","Raw healthy_noncancer_control"
"XL_VLDL_C","Cholesterol in Very Large VLDL","BC_premeno","0.96(95% CI:0.761-1.211; P=0.7293766909)","0.925(95% CI:0.882-0.971; P=0.0015873871)","0.883(95% CI:0.654-1.193; P=0.4173169603)","Raw","healthy_noncancer_control","Raw healthy_noncancer_control"
"XL_VLDL_CE","Cholesteryl Esters in Very Large VLDL","BC_premeno","0.948(95% CI:0.75-1.198; P=0.6533104155)","0.924(95% CI:0.88-0.969; P=0.0011533498)","0.892(95% CI:0.664-1.2; P=0.4508116073)","Raw","healthy_noncancer_control","Raw healthy_noncancer_control"
"XL_VLDL_FC","Free Cholesterol in Very Large VLDL","BC_premeno","0.976(95% CI:0.774-1.23; P=0.8341432559)","0.929(95% CI:0.885-0.976; P=0.0032425053)","0.871(95% CI:0.638-1.189; P=0.3852115609)","Raw","healthy_noncancer_control","Raw healthy_noncancer_control"
"XL_VLDL_PL","Phospholipids in Very Large VLDL","BC_premeno","0.979(95% CI:0.777-1.233; P=0.8545164109)","0.93(95% CI:0.886-0.977; P=0.0038956715)","0.868(95% CI:0.634-1.187; P=0.3746067566)","Raw","healthy_noncancer_control","Raw healthy_noncancer_control"
"XL_VLDL_TG","Triglycerides in Very Large VLDL","BC_premeno","0.977(95% CI:0.776-1.229; P=0.841081039)","0.935(95% CI:0.89-0.982; P=0.0069857019)","0.85(95% CI:0.617-1.17; P=0.3190554014)","Raw","healthy_noncancer_control","Raw healthy_noncancer_control"
"XS_VLDL_C","Cholesterol in Very Small VLDL","BC_premeno","0.975(95% CI:0.761-1.248; P=0.839823487)","0.95(95% CI:0.905-0.997; P=0.0372431043)","1.085(95% CI:0.814-1.447; P=0.5790518345)","Raw","healthy_noncancer_control","Raw healthy_noncancer_control"
"XS_VLDL_CE","Cholesteryl Esters in Very Small VLDL","BC_premeno","0.974(95% CI:0.76-1.249; P=0.8382591716)","0.953(95% CI:0.908-1; P=0.0499886426)","1.107(95% CI:0.829-1.477; P=0.4909415296)","Raw","healthy_noncancer_control","Raw healthy_noncancer_control"
"XS_VLDL_FC","Free Cholesterol in Very Small VLDL","BC_premeno","0.981(95% CI:0.766-1.256; P=0.8777572825)","0.945(95% CI:0.9-0.992; P=0.0215602087)","1.033(95% CI:0.773-1.381; P=0.8250000647)","Raw","healthy_noncancer_control","Raw healthy_noncancer_control"
"XS_VLDL_PL","Phospholipids in Very Small VLDL","BC_premeno","0.997(95% CI:0.782-1.271; P=0.980448689)","0.95(95% CI:0.906-0.997; P=0.0363288964)","1.022(95% CI:0.765-1.365; P=0.8824726894)","Raw","healthy_noncancer_control","Raw healthy_noncancer_control"
"XS_VLDL_TG","Triglycerides in Very Small VLDL","BC_premeno","1.022(95% CI:0.81-1.29; P=0.8523958125)","0.954(95% CI:0.91-1.001; P=0.0536226886)","0.95(95% CI:0.704-1.283; P=0.7390724443)","Raw","healthy_noncancer_control","Raw healthy_noncancer_control"
"XXL_VLDL_C","Cholesterol in Chylomicrons and Extremely Large VLDL","BC_premeno","1.034(95% CI:0.829-1.289; P=0.7673789658)","0.935(95% CI:0.89-0.982; P=0.0076393997)","0.884(95% CI:0.645-1.213; P=0.4453263901)","Raw","healthy_noncancer_control","Raw healthy_noncancer_control"
"XXL_VLDL_CE","Cholesteryl Esters in Chylomicrons and Extremely Large VLDL","BC_premeno","1.034(95% CI:0.829-1.29; P=0.7682359239)","0.936(95% CI:0.891-0.983; P=0.0087236309)","0.896(95% CI:0.657-1.222; P=0.4867921724)","Raw","healthy_noncancer_control","Raw healthy_noncancer_control"
"XXL_VLDL_FC","Free Cholesterol in Chylomicrons and Extremely Large VLDL","BC_premeno","1.036(95% CI:0.831-1.291; P=0.7542687889)","0.935(95% CI:0.889-0.983; P=0.0082634533)","0.861(95% CI:0.617-1.2; P=0.3761460581)","Raw","healthy_noncancer_control","Raw healthy_noncancer_control"
"XXL_VLDL_PL","Phospholipids in Chylomicrons and Extremely Large VLDL","BC_premeno","1.049(95% CI:0.844-1.303; P=0.6665171519)","0.937(95% CI:0.891-0.985; P=0.0108601376)","0.864(95% CI:0.616-1.212; P=0.3970153015)","Raw","healthy_noncancer_control","Raw healthy_noncancer_control"
"XXL_VLDL_TG","Triglycerides in Chylomicrons and Extremely Large VLDL","BC_premeno","1.051(95% CI:0.847-1.302; P=0.6526547108)","0.941(95% CI:0.895-0.989; P=0.0167534947)","0.911(95% CI:0.664-1.251; P=0.5649279163)","Raw","healthy_noncancer_control","Raw healthy_noncancer_control"
"Acetate","Acetate","CC","0.903(95% CI:0.751-1.084; P=0.2739261137)","1.021(95% CI:0.992-1.05; P=0.1610048606)","0.803(95% CI:0.609-1.059; P=0.1203348712)","Raw","healthy_noncancer_control","Raw healthy_noncancer_control"
"Acetoacetate","Acetoacetate","CC","0.889(95% CI:0.769-1.027; P=0.1089404939)","1.078(95% CI:1.052-1.105; P=0.0000000023)","0.885(95% CI:0.738-1.061; P=0.1860481635)","Raw","healthy_noncancer_control","Raw healthy_noncancer_control"
"Acetone","Acetone","CC","0.9(95% CI:0.774-1.045; P=0.1661293555)","1.046(95% CI:1.018-1.075; P=0.0010838166)","0.905(95% CI:0.756-1.083; P=0.2746204098)","Raw","healthy_noncancer_control","Raw healthy_noncancer_control"
"Ala","Alanine","CC","0.898(95% CI:0.792-1.018; P=0.0931980943)","1.003(95% CI:0.97-1.038; P=0.8609995951)","0.924(95% CI:0.792-1.077; P=0.3120146617)","Raw","healthy_noncancer_control","Raw healthy_noncancer_control"
"Albumin","Albumin","CC","0.997(95% CI:0.873-1.138; P=0.9608941678)","0.875(95% CI:0.847-0.905; P=0)","0.939(95% CI:0.804-1.096; P=0.4253539097)","Raw","healthy_noncancer_control","Raw healthy_noncancer_control"
"ApoA1","Apolipoprotein A1","CC","1.016(95% CI:0.89-1.161; P=0.8105859506)","0.969(95% CI:0.934-1.006; P=0.0998100424)","1.008(95% CI:0.858-1.184; P=0.9230651744)","Raw","healthy_noncancer_control","Raw healthy_noncancer_control"
"ApoB","Apolipoprotein B","CC","1.033(95% CI:0.911-1.172; P=0.6123377919)","0.976(95% CI:0.944-1.01; P=0.1628715647)","0.963(95% CI:0.827-1.122; P=0.6291245151)","Raw","healthy_noncancer_control","Raw healthy_noncancer_control"
"bOHbutyrate","3-Hydroxybutyrate","CC","0.979(95% CI:0.857-1.118; P=0.7529950622)","1.084(95% CI:1.054-1.116; P=0.0000000215)","1.002(95% CI:0.857-1.173; P=0.978442201)","Raw","healthy_noncancer_control","Raw healthy_noncancer_control"
"Cholines","Total Cholines","CC","1.026(95% CI:0.897-1.175; P=0.7054595244)","0.973(95% CI:0.939-1.009; P=0.1394986909)","0.987(95% CI:0.843-1.157; P=0.8735467815)","Raw","healthy_noncancer_control","Raw healthy_noncancer_control"
"Citrate","Citrate","CC","0.955(95% CI:0.831-1.097; P=0.5155475054)","1.03(95% CI:0.995-1.066; P=0.0892919602)","0.935(95% CI:0.775-1.128; P=0.483130846)","Raw","healthy_noncancer_control","Raw healthy_noncancer_control"
"Clinical_LDL_C","Clinical LDL Cholesterol","CC","1.03(95% CI:0.909-1.166; P=0.6458001835)","0.949(95% CI:0.918-0.98; P=0.0017121311)","0.935(95% CI:0.806-1.085; P=0.3780111836)","Raw","healthy_noncancer_control","Raw healthy_noncancer_control"
"Creatinine","Creatinine","CC","0.976(95% CI:0.852-1.117; P=0.7199260749)","1.062(95% CI:1.032-1.092; P=0.0000263415)","0.982(95% CI:0.827-1.168; P=0.840190447)","Raw","healthy_noncancer_control","Raw healthy_noncancer_control"
"DHA","Docosahexaenoic Acid","CC","0.87(95% CI:0.767-0.988; P=0.0312908286)","0.927(95% CI:0.895-0.96; P=0.0000261282)","0.838(95% CI:0.714-0.985; P=0.0320997799)","Raw","healthy_noncancer_control","Raw healthy_noncancer_control"
"Gln","Glutamine","CC","0.906(95% CI:0.797-1.031; P=0.1349150037)","0.925(95% CI:0.894-0.957; P=0.00000612)","0.931(95% CI:0.798-1.087; P=0.3660395832)","Raw","healthy_noncancer_control","Raw healthy_noncancer_control"
"Glucose","Glucose","CC","0.96(95% CI:0.853-1.081; P=0.5043253746)","1.084(95% CI:1.05-1.119; P=0.0000006314)","0.968(95% CI:0.833-1.125; P=0.6752981664)","Raw","healthy_noncancer_control","Raw healthy_noncancer_control"
"Gly","Glycine","CC","1.03(95% CI:0.904-1.173; P=0.6561527741)","0.964(95% CI:0.929-1.001; P=0.0575242847)","0.942(95% CI:0.796-1.114; P=0.4833968186)","Raw","healthy_noncancer_control","Raw healthy_noncancer_control"
"GlycA","Glycoprotein Acetyls","CC","1.132(95% CI:0.998-1.283; P=0.0531120827)","1.158(95% CI:1.12-1.198; P=0)","1.163(95% CI:0.997-1.356; P=0.0541948937)","Raw","healthy_noncancer_control","Raw healthy_noncancer_control"
"HDL_C","HDL Cholesterol","CC","0.989(95% CI:0.869-1.126; P=0.8689620128)","0.947(95% CI:0.912-0.983; P=0.0045520613)","0.982(95% CI:0.835-1.155; P=0.8281928318)","Raw","healthy_noncancer_control","Raw healthy_noncancer_control"
"HDL_CE","Cholesteryl Esters in HDL","CC","0.989(95% CI:0.87-1.125; P=0.8696580804)","0.943(95% CI:0.908-0.979; P=0.0023481299)","0.982(95% CI:0.836-1.154; P=0.8290377801)","Raw","healthy_noncancer_control","Raw healthy_noncancer_control"
"HDL_FC","Free Cholesterol in HDL","CC","0.997(95% CI:0.873-1.139; P=0.964681583)","0.967(95% CI:0.931-1.004; P=0.0834643264)","1(95% CI:0.851-1.175; P=0.9986864161)","Raw","healthy_noncancer_control","Raw healthy_noncancer_control"
"HDL_L","Total Lipids in HDL","CC","0.999(95% CI:0.874-1.143; P=0.9929069609)","0.968(95% CI:0.932-1.005; P=0.0863285159)","0.997(95% CI:0.848-1.174; P=0.9748310579)","Raw","healthy_noncancer_control","Raw healthy_noncancer_control"
"HDL_PL","Phospholipids in HDL","CC","1.009(95% CI:0.882-1.154; P=0.8997117875)","0.98(95% CI:0.944-1.017; P=0.290680187)","1.009(95% CI:0.858-1.187; P=0.9117681671)","Raw","healthy_noncancer_control","Raw healthy_noncancer_control"
"HDL_TG","Triglycerides in HDL","CC","1.016(95% CI:0.895-1.155; P=0.801464391)","1.054(95% CI:1.019-1.089; P=0.0020741645)","1.032(95% CI:0.887-1.201; P=0.6844134644)","Raw","healthy_noncancer_control","Raw healthy_noncancer_control"
"His","Histidine","CC","0.959(95% CI:0.844-1.09; P=0.5242041877)","0.917(95% CI:0.884-0.951; P=0.0000027771)","0.958(95% CI:0.822-1.117; P=0.5875135048)","Raw","healthy_noncancer_control","Raw healthy_noncancer_control"
"IDL_C","Cholesterol in IDL","CC","1.006(95% CI:0.889-1.138; P=0.9275638187)","0.938(95% CI:0.907-0.971; P=0.0002327911)","0.926(95% CI:0.797-1.076; P=0.3146275257)","Raw","healthy_noncancer_control","Raw healthy_noncancer_control"
"IDL_CE","Cholesteryl Esters in IDL","CC","1.008(95% CI:0.89-1.14; P=0.9058011518)","0.938(95% CI:0.907-0.97; P=0.000219413)","0.928(95% CI:0.798-1.078; P=0.3284253523)","Raw","healthy_noncancer_control","Raw healthy_noncancer_control"
"IDL_FC","Free Cholesterol in IDL","CC","0.994(95% CI:0.881-1.122; P=0.9232023433)","0.945(95% CI:0.914-0.978; P=0.0011836333)","0.913(95% CI:0.785-1.061; P=0.2344127527)","Raw","healthy_noncancer_control","Raw healthy_noncancer_control"
"IDL_PL","Phospholipids in IDL","CC","0.987(95% CI:0.872-1.118; P=0.8371591373)","0.956(95% CI:0.923-0.989; P=0.0095762306)","0.897(95% CI:0.771-1.045; P=0.1626753713)","Raw","healthy_noncancer_control","Raw healthy_noncancer_control"
"IDL_TG","Triglycerides in IDL","CC","1.003(95% CI:0.88-1.144; P=0.9621460566)","1.059(95% CI:1.025-1.095; P=0.0006555686)","1.003(95% CI:0.859-1.171; P=0.971168765)","Raw","healthy_noncancer_control","Raw healthy_noncancer_control"
"Ile","Isoleucine","CC","0.916(95% CI:0.807-1.04; P=0.1746030776)","1.02(95% CI:0.987-1.055; P=0.238289515)","0.933(95% CI:0.797-1.092; P=0.3888530995)","Raw","healthy_noncancer_control","Raw healthy_noncancer_control"
"L_HDL_C","Cholesterol in Large HDL","CC","0.956(95% CI:0.839-1.09; P=0.501788236)","0.951(95% CI:0.916-0.988; P=0.0103868186)","0.981(95% CI:0.834-1.154; P=0.8180571839)","Raw","healthy_noncancer_control","Raw healthy_noncancer_control"
"L_HDL_CE","Cholesteryl Esters in Large HDL","CC","0.956(95% CI:0.839-1.09; P=0.5033850726)","0.949(95% CI:0.914-0.986; P=0.0075247067)","0.984(95% CI:0.836-1.157; P=0.8411197572)","Raw","healthy_noncancer_control","Raw healthy_noncancer_control"
"L_HDL_FC","Free Cholesterol in Large HDL","CC","0.968(95% CI:0.849-1.104; P=0.6304168985)","0.965(95% CI:0.928-1.002; P=0.0656064453)","0.997(95% CI:0.848-1.171; P=0.9661163009)","Raw","healthy_noncancer_control","Raw healthy_noncancer_control"
"L_HDL_PL","Phospholipids in Large HDL","CC","0.969(95% CI:0.847-1.107; P=0.6403362095)","0.966(95% CI:0.93-1.004; P=0.0799338422)","0.996(95% CI:0.846-1.173; P=0.9611283329)","Raw","healthy_noncancer_control","Raw healthy_noncancer_control"
"L_HDL_TG","Triglycerides in Large HDL","CC","0.983(95% CI:0.86-1.125; P=0.8042127729)","1.024(95% CI:0.99-1.06; P=0.1734744946)","1.015(95% CI:0.87-1.183; P=0.8525332754)","Raw","healthy_noncancer_control","Raw healthy_noncancer_control"
"L_LDL_C","Cholesterol in Large LDL","CC","1.019(95% CI:0.9-1.153; P=0.7640991156)","0.95(95% CI:0.918-0.982; P=0.0025030956)","0.92(95% CI:0.792-1.068; P=0.2741380397)","Raw","healthy_noncancer_control","Raw healthy_noncancer_control"
"L_LDL_CE","Cholesteryl Esters in Large LDL","CC","1.022(95% CI:0.903-1.158; P=0.72794752)","0.956(95% CI:0.925-0.989; P=0.0089026145)","0.923(95% CI:0.794-1.073; P=0.2954629296)","Raw","healthy_noncancer_control","Raw healthy_noncancer_control"
"L_LDL_FC","Free Cholesterol in Large LDL","CC","1.005(95% CI:0.891-1.134; P=0.936104412)","0.938(95% CI:0.907-0.97; P=0.0001823741)","0.908(95% CI:0.782-1.054; P=0.2039936332)","Raw","healthy_noncancer_control","Raw healthy_noncancer_control"
"L_LDL_PL","Phospholipids in Large LDL","CC","1.018(95% CI:0.9-1.151; P=0.7803573555)","0.952(95% CI:0.921-0.985; P=0.0041627068)","0.923(95% CI:0.793-1.074; P=0.3002502149)","Raw","healthy_noncancer_control","Raw healthy_noncancer_control"
"L_LDL_TG","Triglycerides in Large LDL","CC","1.016(95% CI:0.892-1.158; P=0.8107731449)","1.064(95% CI:1.029-1.099; P=0.0002230276)","1.014(95% CI:0.868-1.184; P=0.8600259751)","Raw","healthy_noncancer_control","Raw healthy_noncancer_control"
"L_VLDL_C","Cholesterol in Large VLDL","CC","1.073(95% CI:0.947-1.216; P=0.2662012678)","1.039(95% CI:1.004-1.075; P=0.0283964465)","1.069(95% CI:0.916-1.246; P=0.397183836)","Raw","healthy_noncancer_control","Raw healthy_noncancer_control"
"L_VLDL_CE","Cholesteryl Esters in Large VLDL","CC","1.067(95% CI:0.942-1.209; P=0.3104037458)","1.021(95% CI:0.987-1.056; P=0.2385517613)","1.053(95% CI:0.903-1.228; P=0.5068613511)","Raw","healthy_noncancer_control","Raw healthy_noncancer_control"
"L_VLDL_FC","Free Cholesterol in Large VLDL","CC","1.078(95% CI:0.954-1.22; P=0.2292388777)","1.055(95% CI:1.02-1.092; P=0.0018829265)","1.085(95% CI:0.932-1.263; P=0.2946633134)","Raw","healthy_noncancer_control","Raw healthy_noncancer_control"
"L_VLDL_PL","Phospholipids in Large VLDL","CC","1.082(95% CI:0.958-1.223; P=0.2062221902)","1.061(95% CI:1.026-1.098; P=0.0005958465)","1.096(95% CI:0.943-1.275; P=0.2321287116)","Raw","healthy_noncancer_control","Raw healthy_noncancer_control"
"L_VLDL_TG","Triglycerides in Large VLDL","CC","1.103(95% CI:0.979-1.244; P=0.1078843176)","1.067(95% CI:1.032-1.104; P=0.0001644397)","1.134(95% CI:0.978-1.315; P=0.0953865113)","Raw","healthy_noncancer_control","Raw healthy_noncancer_control"
"LA","Linoleic Acid","CC","1.085(95% CI:0.954-1.233; P=0.2126691208)","0.962(95% CI:0.93-0.995; P=0.0236690258)","1.049(95% CI:0.9-1.224; P=0.5385761718)","Raw","healthy_noncancer_control","Raw healthy_noncancer_control"
"Lactate","Lactate","CC","0.939(95% CI:0.828-1.065; P=0.3250134139)","1.012(95% CI:0.977-1.048; P=0.5207892767)","0.996(95% CI:0.854-1.162; P=0.9577626276)","Raw","healthy_noncancer_control","Raw healthy_noncancer_control"
"LDL_C","LDL Cholesterol","CC","1.034(95% CI:0.912-1.172; P=0.6043760558)","0.958(95% CI:0.926-0.99; P=0.0113237863)","0.938(95% CI:0.808-1.091; P=0.4072069768)","Raw","healthy_noncancer_control","Raw healthy_noncancer_control"
"LDL_CE","Cholesteryl Esters in LDL","CC","1.038(95% CI:0.915-1.177; P=0.5613777216)","0.966(95% CI:0.934-0.999; P=0.0427768211)","0.945(95% CI:0.812-1.099; P=0.4632474587)","Raw","healthy_noncancer_control","Raw healthy_noncancer_control"
"LDL_FC","Free Cholesterol in LDL","CC","1.014(95% CI:0.898-1.145; P=0.8238483939)","0.941(95% CI:0.91-0.973; P=0.0003847451)","0.917(95% CI:0.79-1.064; P=0.2527041699)","Raw","healthy_noncancer_control","Raw healthy_noncancer_control"
"LDL_L","Total Lipids in LDL","CC","1.038(95% CI:0.914-1.178; P=0.5682747624)","0.964(95% CI:0.933-0.997; P=0.0329362728)","0.947(95% CI:0.814-1.101; P=0.4757386768)","Raw","healthy_noncancer_control","Raw healthy_noncancer_control"
"LDL_PL","Phospholipids in LDL","CC","1.033(95% CI:0.912-1.17; P=0.6076721886)","0.963(95% CI:0.931-0.996; P=0.0283193662)","0.944(95% CI:0.811-1.098; P=0.4538860431)","Raw","healthy_noncancer_control","Raw healthy_noncancer_control"
"LDL_TG","Triglycerides in LDL","CC","1.027(95% CI:0.903-1.169; P=0.6854879712)","1.069(95% CI:1.035-1.105; P=0.0000606282)","1.031(95% CI:0.884-1.203; P=0.6946618166)","Raw","healthy_noncancer_control","Raw healthy_noncancer_control"
"Leu","Leucine","CC","0.916(95% CI:0.807-1.039; P=0.1735718223)","0.974(95% CI:0.94-1.009; P=0.1464686798)","0.94(95% CI:0.805-1.099; P=0.4397134251)","Raw","healthy_noncancer_control","Raw healthy_noncancer_control"
"M_HDL_C","Cholesterol in Medium HDL","CC","1.017(95% CI:0.893-1.158; P=0.8001798141)","0.96(95% CI:0.926-0.996; P=0.0309438981)","1.008(95% CI:0.859-1.182; P=0.9266409711)","Raw","healthy_noncancer_control","Raw healthy_noncancer_control"
"M_HDL_CE","Cholesteryl Esters in Medium HDL","CC","1.018(95% CI:0.895-1.158; P=0.7883501011)","0.959(95% CI:0.924-0.994; P=0.0239862069)","1.009(95% CI:0.86-1.183; P=0.9150119772)","Raw","healthy_noncancer_control","Raw healthy_noncancer_control"
"M_HDL_FC","Free Cholesterol in Medium HDL","CC","1.022(95% CI:0.895-1.166; P=0.7488608353)","0.972(95% CI:0.936-1.009; P=0.1343305104)","1.017(95% CI:0.867-1.194; P=0.8354380839)","Raw","healthy_noncancer_control","Raw healthy_noncancer_control"
"M_HDL_PL","Phospholipids in Medium HDL","CC","1.03(95% CI:0.902-1.176; P=0.6611822378)","0.992(95% CI:0.957-1.029; P=0.6729938887)","1.021(95% CI:0.871-1.196; P=0.8019797097)","Raw","healthy_noncancer_control","Raw healthy_noncancer_control"
"M_HDL_TG","Triglycerides in Medium HDL","CC","1.021(95% CI:0.9-1.158; P=0.7443613285)","1.049(95% CI:1.015-1.084; P=0.0049835306)","1.03(95% CI:0.886-1.199; P=0.6976359024)","Raw","healthy_noncancer_control","Raw healthy_noncancer_control"
"M_LDL_C","Cholesterol in Medium LDL","CC","1.051(95% CI:0.927-1.192; P=0.4384798379)","0.976(95% CI:0.943-1.009; P=0.1517264325)","0.966(95% CI:0.829-1.126; P=0.6599925021)","Raw","healthy_noncancer_control","Raw healthy_noncancer_control"
"M_LDL_CE","Cholesteryl Esters in Medium LDL","CC","1.057(95% CI:0.932-1.199; P=0.3900943195)","0.987(95% CI:0.954-1.021; P=0.4357801156)","0.98(95% CI:0.84-1.144; P=0.8017668255)","Raw","healthy_noncancer_control","Raw healthy_noncancer_control"
"M_LDL_FC","Free Cholesterol in Medium LDL","CC","1.024(95% CI:0.907-1.156; P=0.7029161715)","0.95(95% CI:0.919-0.983; P=0.0028825551)","0.925(95% CI:0.796-1.076; P=0.3147443065)","Raw","healthy_noncancer_control","Raw healthy_noncancer_control"
"M_LDL_PL","Phospholipids in Medium LDL","CC","1.047(95% CI:0.924-1.187; P=0.4684082583)","0.976(95% CI:0.944-1.01; P=0.1653010657)","0.963(95% CI:0.826-1.122; P=0.6268607917)","Raw","healthy_noncancer_control","Raw healthy_noncancer_control"
"M_LDL_TG","Triglycerides in Medium LDL","CC","1.042(95% CI:0.918-1.182; P=0.5272166166)","1.073(95% CI:1.039-1.108; P=0.0000192851)","1.056(95% CI:0.907-1.228; P=0.4831837261)","Raw","healthy_noncancer_control","Raw healthy_noncancer_control"
"M_VLDL_C","Cholesterol in Medium VLDL","CC","1.022(95% CI:0.904-1.156; P=0.7266331717)","0.961(95% CI:0.93-0.994; P=0.0212951505)","0.95(95% CI:0.817-1.106; P=0.5100800148)","Raw","healthy_noncancer_control","Raw healthy_noncancer_control"
"M_VLDL_CE","Cholesteryl Esters in Medium VLDL","CC","1.004(95% CI:0.89-1.133; P=0.9500185546)","0.944(95% CI:0.913-0.977; P=0.0008511117)","0.922(95% CI:0.793-1.071; P=0.2880463285)","Raw","healthy_noncancer_control","Raw healthy_noncancer_control"
"M_VLDL_FC","Free Cholesterol in Medium VLDL","CC","1.04(95% CI:0.918-1.179; P=0.5334445479)","0.988(95% CI:0.955-1.022; P=0.4875911)","0.987(95% CI:0.847-1.15; P=0.8627336182)","Raw","healthy_noncancer_control","Raw healthy_noncancer_control"
"M_VLDL_PL","Phospholipids in Medium VLDL","CC","1.053(95% CI:0.929-1.194; P=0.4206736571)","0.999(95% CI:0.966-1.033; P=0.9573218045)","1.01(95% CI:0.866-1.177; P=0.901241931)","Raw","healthy_noncancer_control","Raw healthy_noncancer_control"
"M_VLDL_TG","Triglycerides in Medium VLDL","CC","1.102(95% CI:0.975-1.246; P=0.1215349754)","1.049(95% CI:1.014-1.085; P=0.0060221658)","1.12(95% CI:0.963-1.302; P=0.1423359842)","Raw","healthy_noncancer_control","Raw healthy_noncancer_control"
"MUFA","Monounsaturated Fatty Acids","CC","1.078(95% CI:0.947-1.227; P=0.2549600176)","1.078(95% CI:1.043-1.115; P=0.0000110102)","1.076(95% CI:0.922-1.256; P=0.3544975923)","Raw","healthy_noncancer_control","Raw healthy_noncancer_control"
"non_HDL_C","Total Cholesterol Minus HDL-C","CC","1.036(95% CI:0.912-1.177; P=0.5830695906)","0.963(95% CI:0.931-0.995; P=0.0259831956)","0.954(95% CI:0.82-1.11; P=0.5420159117)","Raw","healthy_noncancer_control","Raw healthy_noncancer_control"
"Omega_3","Omega-3 Fatty Acids","CC","0.883(95% CI:0.774-1.007; P=0.0633911017)","0.965(95% CI:0.933-1; P=0.0467986708)","0.861(95% CI:0.734-1.012; P=0.0688445068)","Raw","healthy_noncancer_control","Raw healthy_noncancer_control"
"Omega_6","Omega-6 Fatty Acids","CC","1.083(95% CI:0.949-1.236; P=0.2357990296)","0.972(95% CI:0.939-1.005; P=0.0988886849)","1.039(95% CI:0.888-1.215; P=0.6328078851)","Raw","healthy_noncancer_control","Raw healthy_noncancer_control"
"Phe","Phenylalanine","CC","1.007(95% CI:0.895-1.134; P=0.9033984603)","1.013(95% CI:0.981-1.047; P=0.4305120432)","1.061(95% CI:0.914-1.232; P=0.4388691172)","Raw","healthy_noncancer_control","Raw healthy_noncancer_control"
"Phosphatidylc","Phosphatidylcholines","CC","1.027(95% CI:0.894-1.18; P=0.7052491738)","0.971(95% CI:0.936-1.006; P=0.1037991838)","0.995(95% CI:0.848-1.167; P=0.9517597464)","Raw","healthy_noncancer_control","Raw healthy_noncancer_control"
"Phosphoglyc","Phosphoglycerides","CC","1.028(95% CI:0.897-1.179; P=0.6906843589)","0.987(95% CI:0.952-1.022; P=0.4574251994)","0.996(95% CI:0.85-1.168; P=0.9608381113)","Raw","healthy_noncancer_control","Raw healthy_noncancer_control"
"PUFA","Polyunsaturated Fatty Acids","CC","1.029(95% CI:0.898-1.18; P=0.6795974453)","0.966(95% CI:0.933-1; P=0.0477550572)","0.99(95% CI:0.844-1.161; P=0.9029213265)","Raw","healthy_noncancer_control","Raw healthy_noncancer_control"
"Pyruvate","Pyruvate","CC","0.905(95% CI:0.796-1.029; P=0.1279850983)","1.035(95% CI:1.003-1.069; P=0.034471826)","0.904(95% CI:0.769-1.062; P=0.218771416)","Raw","healthy_noncancer_control","Raw healthy_noncancer_control"
"Remnant_C","Remnant Cholesterol (Non-HDL and Non-LDL -Cholesterol)","CC","1.033(95% CI:0.909-1.174; P=0.6232842411)","0.971(95% CI:0.939-1.004; P=0.0850283906)","0.967(95% CI:0.831-1.126; P=0.6693777087)","Raw","healthy_noncancer_control","Raw healthy_noncancer_control"
"S_HDL_C","Cholesterol in Small HDL","CC","1.078(95% CI:0.951-1.223; P=0.2404222642)","0.969(95% CI:0.937-1.002; P=0.068519215)","0.983(95% CI:0.843-1.147; P=0.8312715686)","Raw","healthy_noncancer_control","Raw healthy_noncancer_control"
"S_HDL_CE","Cholesteryl Esters in Small HDL","CC","1.076(95% CI:0.95-1.22; P=0.2493202842)","0.963(95% CI:0.931-0.996; P=0.0299096349)","0.975(95% CI:0.837-1.137; P=0.7470436966)","Raw","healthy_noncancer_control","Raw healthy_noncancer_control"
"S_HDL_FC","Free Cholesterol in Small HDL","CC","1.067(95% CI:0.935-1.218; P=0.3351196769)","0.993(95% CI:0.959-1.028; P=0.6741022418)","1.01(95% CI:0.863-1.181; P=0.9017173529)","Raw","healthy_noncancer_control","Raw healthy_noncancer_control"
"S_HDL_PL","Phospholipids in Small HDL","CC","1.077(95% CI:0.947-1.223; P=0.258193324)","1.008(95% CI:0.974-1.043; P=0.6431041878)","1.027(95% CI:0.881-1.199; P=0.7309912203)","Raw","healthy_noncancer_control","Raw healthy_noncancer_control"
"S_HDL_TG","Triglycerides in Small HDL","CC","1.042(95% CI:0.921-1.178; P=0.5126743612)","1.069(95% CI:1.034-1.106; P=0.0000973798)","1.052(95% CI:0.904-1.224; P=0.5134427754)","Raw","healthy_noncancer_control","Raw healthy_noncancer_control"
"S_LDL_C","Cholesterol in Small LDL","CC","1.046(95% CI:0.924-1.184; P=0.4756149604)","0.978(95% CI:0.946-1.011; P=0.190127826)","0.969(95% CI:0.832-1.129; P=0.6860441291)","Raw","healthy_noncancer_control","Raw healthy_noncancer_control"
"S_LDL_CE","Cholesteryl Esters in Small LDL","CC","1.051(95% CI:0.928-1.191; P=0.4310895603)","0.989(95% CI:0.956-1.022; P=0.5044332331)","0.982(95% CI:0.842-1.146; P=0.8210414175)","Raw","healthy_noncancer_control","Raw healthy_noncancer_control"
"S_LDL_FC","Free Cholesterol in Small LDL","CC","1.025(95% CI:0.909-1.156; P=0.6857704436)","0.954(95% CI:0.923-0.986; P=0.0054595975)","0.935(95% CI:0.805-1.087; P=0.3832829872)","Raw","healthy_noncancer_control","Raw healthy_noncancer_control"
"S_LDL_PL","Phospholipids in Small LDL","CC","1.041(95% CI:0.921-1.177; P=0.5183900441)","0.994(95% CI:0.961-1.027; P=0.7072090087)","0.973(95% CI:0.836-1.133; P=0.724400195)","Raw","healthy_noncancer_control","Raw healthy_noncancer_control"
"S_LDL_TG","Triglycerides in Small LDL","CC","1.062(95% CI:0.94-1.199; P=0.3342141767)","1.079(95% CI:1.045-1.114; P=0.0000038541)","1.085(95% CI:0.936-1.258; P=0.2776654148)","Raw","healthy_noncancer_control","Raw healthy_noncancer_control"
"S_VLDL_C","Cholesterol in Small VLDL","CC","1.015(95% CI:0.894-1.151; P=0.8217791398)","0.99(95% CI:0.957-1.024; P=0.5743103726)","0.959(95% CI:0.822-1.119; P=0.5984609852)","Raw","healthy_noncancer_control","Raw healthy_noncancer_control"
"S_VLDL_CE","Cholesteryl Esters in Small VLDL","CC","1.008(95% CI:0.888-1.144; P=0.9022867872)","0.997(95% CI:0.963-1.031; P=0.8421152505)","0.958(95% CI:0.821-1.118; P=0.5877638997)","Raw","healthy_noncancer_control","Raw healthy_noncancer_control"
"S_VLDL_FC","Free Cholesterol in Small VLDL","CC","1.023(95% CI:0.904-1.159; P=0.7153132384)","0.981(95% CI:0.949-1.015; P=0.2731513883)","0.961(95% CI:0.824-1.121; P=0.6128506432)","Raw","healthy_noncancer_control","Raw healthy_noncancer_control"
"S_VLDL_PL","Phospholipids in Small VLDL","CC","1.036(95% CI:0.913-1.175; P=0.5828488262)","1(95% CI:0.967-1.035; P=0.9953402073)","0.992(95% CI:0.85-1.157; P=0.914255671)","Raw","healthy_noncancer_control","Raw healthy_noncancer_control"
"S_VLDL_TG","Triglycerides in Small VLDL","CC","1.061(95% CI:0.938-1.2; P=0.3489407951)","1.059(95% CI:1.024-1.096; P=0.0008095179)","1.093(95% CI:0.94-1.271; P=0.247194657)","Raw","healthy_noncancer_control","Raw healthy_noncancer_control"
"SFA","Saturated Fatty Acids","CC","1.064(95% CI:0.933-1.213; P=0.3561592767)","1.067(95% CI:1.032-1.104; P=0.0001508428)","1.057(95% CI:0.906-1.234; P=0.4796216575)","Raw","healthy_noncancer_control","Raw healthy_noncancer_control"
"Sphingomyelins","Sphingomyelins","CC","1.001(95% CI:0.881-1.137; P=0.993166343)","0.972(95% CI:0.938-1.008; P=0.1243326132)","0.933(95% CI:0.798-1.09; P=0.3828024936)","Raw","healthy_noncancer_control","Raw healthy_noncancer_control"
"Total_C","Total Cholesterol","CC","1.032(95% CI:0.909-1.171; P=0.6268677345)","0.951(95% CI:0.919-0.983; P=0.0032939885)","0.955(95% CI:0.821-1.112; P=0.5547480389)","Raw","healthy_noncancer_control","Raw healthy_noncancer_control"
"Total_CE","Total Esterified Cholesterol","CC","1.029(95% CI:0.907-1.167; P=0.6533156007)","0.946(95% CI:0.915-0.979; P=0.0014662036)","0.95(95% CI:0.817-1.105; P=0.5062493269)","Raw","healthy_noncancer_control","Raw healthy_noncancer_control"
"Total_FA","Total Fatty Acids","CC","1.063(95% CI:0.929-1.216; P=0.3772136903)","1.043(95% CI:1.008-1.079; P=0.0165817116)","1.046(95% CI:0.893-1.224; P=0.5775911235)","Raw","healthy_noncancer_control","Raw healthy_noncancer_control"
"Total_FC","Total Free Cholesterol","CC","1.032(95% CI:0.909-1.172; P=0.6220219254)","0.964(95% CI:0.932-0.997; P=0.0326824203)","0.964(95% CI:0.828-1.123; P=0.6369205681)","Raw","healthy_noncancer_control","Raw healthy_noncancer_control"
"Total_L","Total Lipids in Lipoprotein Particles","CC","1.063(95% CI:0.932-1.213; P=0.3644850201)","0.995(95% CI:0.961-1.029; P=0.754000099)","1.012(95% CI:0.867-1.182; P=0.8783410959)","Raw","healthy_noncancer_control","Raw healthy_noncancer_control"
"Total_PL","Total Phospholipids in Lipoprotein Particles","CC","1.045(95% CI:0.914-1.194; P=0.518520499)","0.985(95% CI:0.951-1.02; P=0.4035873402)","0.995(95% CI:0.85-1.164; P=0.9456722099)","Raw","healthy_noncancer_control","Raw healthy_noncancer_control"
"Total_TG","Total Triglycerides","CC","1.074(95% CI:0.947-1.219; P=0.2672903681)","1.072(95% CI:1.036-1.109; P=0.0000648)","1.095(95% CI:0.938-1.277; P=0.2495111614)","Raw","healthy_noncancer_control","Raw healthy_noncancer_control"
"Tyr","Tyrosine","CC","0.951(95% CI:0.84-1.077; P=0.4313411225)","1.01(95% CI:0.977-1.045; P=0.5526304787)","0.992(95% CI:0.853-1.154; P=0.9152768506)","Raw","healthy_noncancer_control","Raw healthy_noncancer_control"
"Unsaturation","Degree of Unsaturation","CC","0.889(95% CI:0.791-0.999; P=0.0476901981)","0.879(95% CI:0.849-0.909; P=0)","0.853(95% CI:0.735-0.99; P=0.0367241)","Raw","healthy_noncancer_control","Raw healthy_noncancer_control"
"Val","Valine","CC","0.896(95% CI:0.786-1.02; P=0.0977848134)","0.99(95% CI:0.956-1.025; P=0.5694477581)","0.945(95% CI:0.807-1.106; P=0.4779788395)","Raw","healthy_noncancer_control","Raw healthy_noncancer_control"
"VLDL_C","VLDL Cholesterol","CC","1.042(95% CI:0.916-1.185; P=0.532080449)","1.005(95% CI:0.971-1.039; P=0.7890409115)","0.996(95% CI:0.854-1.163; P=0.962507793)","Raw","healthy_noncancer_control","Raw healthy_noncancer_control"
"VLDL_CE","Cholesteryl Esters in VLDL","CC","1.029(95% CI:0.906-1.168; P=0.6595310807)","0.989(95% CI:0.957-1.023; P=0.5352357713)","0.975(95% CI:0.837-1.137; P=0.7497338918)","Raw","healthy_noncancer_control","Raw healthy_noncancer_control"
"VLDL_FC","Free Cholesterol in VLDL","CC","1.056(95% CI:0.93-1.199; P=0.3978522022)","1.027(95% CI:0.993-1.063; P=0.1171192926)","1.028(95% CI:0.881-1.199; P=0.7287348232)","Raw","healthy_noncancer_control","Raw healthy_noncancer_control"
"VLDL_L","Total Lipids in VLDL","CC","1.071(95% CI:0.941-1.22; P=0.2988767712)","1.048(95% CI:1.013-1.085; P=0.0071587669)","1.062(95% CI:0.908-1.242; P=0.4521367088)","Raw","healthy_noncancer_control","Raw healthy_noncancer_control"
"VLDL_PL","Phospholipids in VLDL","CC","1.059(95% CI:0.932-1.204; P=0.3760429471)","1.038(95% CI:1.004-1.074; P=0.0297934841)","1.04(95% CI:0.891-1.215; P=0.6168236153)","Raw","healthy_noncancer_control","Raw healthy_noncancer_control"
"VLDL_TG","Triglycerides in VLDL","CC","1.089(95% CI:0.961-1.233; P=0.1809177953)","1.072(95% CI:1.036-1.109; P=0.0000687888)","1.114(95% CI:0.956-1.298; P=0.1660902444)","Raw","healthy_noncancer_control","Raw healthy_noncancer_control"
"XL_HDL_C","Cholesterol in Very Large HDL","CC","0.967(95% CI:0.851-1.097; P=0.6000366762)","0.964(95% CI:0.929-1.001; P=0.054768828)","0.998(95% CI:0.853-1.168; P=0.978528705)","Raw","healthy_noncancer_control","Raw healthy_noncancer_control"
"XL_HDL_CE","Cholesteryl Esters in Very Large HDL","CC","0.969(95% CI:0.853-1.1; P=0.6283499027)","0.96(95% CI:0.925-0.997; P=0.0337714203)","1.001(95% CI:0.855-1.172; P=0.99258454)","Raw","healthy_noncancer_control","Raw healthy_noncancer_control"
"XL_HDL_FC","Free Cholesterol in Very Large HDL","CC","0.964(95% CI:0.85-1.092; P=0.5600005694)","0.982(95% CI:0.947-1.018; P=0.3137216297)","0.994(95% CI:0.852-1.16; P=0.941078017)","Raw","healthy_noncancer_control","Raw healthy_noncancer_control"
"XL_HDL_PL","Phospholipids in Very Large HDL","CC","0.963(95% CI:0.845-1.097; P=0.565940899)","0.974(95% CI:0.938-1.011; P=0.1680267673)","1.002(95% CI:0.854-1.176; P=0.9771765914)","Raw","healthy_noncancer_control","Raw healthy_noncancer_control"
"XL_HDL_TG","Triglycerides in Very Large HDL","CC","1.018(95% CI:0.895-1.158; P=0.7870161265)","1.054(95% CI:1.02-1.089; P=0.0016264006)","1.055(95% CI:0.909-1.225; P=0.4822270991)","Raw","healthy_noncancer_control","Raw healthy_noncancer_control"
"XL_VLDL_C","Cholesterol in Very Large VLDL","CC","1.073(95% CI:0.948-1.214; P=0.2652268996)","1.047(95% CI:1.012-1.083; P=0.0084597813)","1.068(95% CI:0.917-1.245; P=0.3975947266)","Raw","healthy_noncancer_control","Raw healthy_noncancer_control"
"XL_VLDL_CE","Cholesteryl Esters in Very Large VLDL","CC","1.066(95% CI:0.941-1.208; P=0.3154890564)","1.028(95% CI:0.994-1.064; P=0.1128786843)","1.047(95% CI:0.898-1.221; P=0.5570559731)","Raw","healthy_noncancer_control","Raw healthy_noncancer_control"
"XL_VLDL_FC","Free Cholesterol in Very Large VLDL","CC","1.078(95% CI:0.955-1.217; P=0.2223400146)","1.064(95% CI:1.029-1.101; P=0.0002756181)","1.089(95% CI:0.938-1.265; P=0.2626168179)","Raw","healthy_noncancer_control","Raw healthy_noncancer_control"
"XL_VLDL_PL","Phospholipids in Very Large VLDL","CC","1.082(95% CI:0.959-1.221; P=0.2002174381)","1.07(95% CI:1.034-1.106; P=0.0000799489)","1.1(95% CI:0.948-1.276; P=0.2099845455)","Raw","healthy_noncancer_control","Raw healthy_noncancer_control"
"XL_VLDL_TG","Triglycerides in Very Large VLDL","CC","1.092(95% CI:0.969-1.23; P=0.1482857971)","1.082(95% CI:1.047-1.119; P=0.0000032803)","1.126(95% CI:0.972-1.304; P=0.1137758915)","Raw","healthy_noncancer_control","Raw healthy_noncancer_control"
"XS_VLDL_C","Cholesterol in Very Small VLDL","CC","0.98(95% CI:0.863-1.112; P=0.7530713456)","0.968(95% CI:0.936-1.002; P=0.0674398258)","0.913(95% CI:0.783-1.065; P=0.2474042464)","Raw","healthy_noncancer_control","Raw healthy_noncancer_control"
"XS_VLDL_CE","Cholesteryl Esters in Very Small VLDL","CC","0.975(95% CI:0.861-1.105; P=0.6960694856)","0.959(95% CI:0.926-0.992; P=0.0162102904)","0.901(95% CI:0.773-1.05; P=0.1813627312)","Raw","healthy_noncancer_control","Raw healthy_noncancer_control"
"XS_VLDL_FC","Free Cholesterol in Very Small VLDL","CC","0.989(95% CI:0.87-1.124; P=0.8598396897)","0.995(95% CI:0.962-1.03; P=0.7855661673)","0.943(95% CI:0.808-1.102; P=0.4601013123)","Raw","healthy_noncancer_control","Raw healthy_noncancer_control"
"XS_VLDL_PL","Phospholipids in Very Small VLDL","CC","0.987(95% CI:0.867-1.124; P=0.8448801879)","1.014(95% CI:0.98-1.049; P=0.4170396353)","0.953(95% CI:0.816-1.114; P=0.5489475787)","Raw","healthy_noncancer_control","Raw healthy_noncancer_control"
"XS_VLDL_TG","Triglycerides in Very Small VLDL","CC","1.013(95% CI:0.891-1.151; P=0.8441152951)","1.065(95% CI:1.03-1.1; P=0.0001921629)","1.029(95% CI:0.883-1.198; P=0.7135464018)","Raw","healthy_noncancer_control","Raw healthy_noncancer_control"
"XXL_VLDL_C","Cholesterol in Chylomicrons and Extremely Large VLDL","CC","1.081(95% CI:0.96-1.217; P=0.1973459706)","1.074(95% CI:1.039-1.11; P=0.0000228355)","1.115(95% CI:0.964-1.291; P=0.1431200808)","Raw","healthy_noncancer_control","Raw healthy_noncancer_control"
"XXL_VLDL_CE","Cholesteryl Esters in Chylomicrons and Extremely Large VLDL","CC","1.083(95% CI:0.962-1.22; P=0.1882204078)","1.068(95% CI:1.033-1.104; P=0.0001059028)","1.117(95% CI:0.965-1.294; P=0.1375384479)","Raw","healthy_noncancer_control","Raw healthy_noncancer_control"
"XXL_VLDL_FC","Free Cholesterol in Chylomicrons and Extremely Large VLDL","CC","1.078(95% CI:0.96-1.212; P=0.2050494583)","1.08(95% CI:1.046-1.116; P=0.0000032391)","1.111(95% CI:0.962-1.284; P=0.1507641641)","Raw","healthy_noncancer_control","Raw healthy_noncancer_control"
"XXL_VLDL_PL","Phospholipids in Chylomicrons and Extremely Large VLDL","CC","1.081(95% CI:0.964-1.213; P=0.1848081277)","1.083(95% CI:1.049-1.119; P=0.0000011402)","1.115(95% CI:0.967-1.286; P=0.1350198007)","Raw","healthy_noncancer_control","Raw healthy_noncancer_control"
"XXL_VLDL_TG","Triglycerides in Chylomicrons and Extremely Large VLDL","CC","1.083(95% CI:0.964-1.217; P=0.1786542519)","1.088(95% CI:1.053-1.123; P=0.0000002989)","1.117(95% CI:0.968-1.289; P=0.1310832484)","Raw","healthy_noncancer_control","Raw healthy_noncancer_control"
"Acetate","Acetate","CRC","0.868(95% CI:0.74-1.018; P=0.081685727)","1.017(95% CI:0.993-1.041; P=0.1654103914)","0.764(95% CI:0.605-0.966; P=0.024212049)","Raw","healthy_noncancer_control","Raw healthy_noncancer_control"
"Acetoacetate","Acetoacetate","CRC","0.916(95% CI:0.817-1.027; P=0.1329402755)","1.068(95% CI:1.046-1.091; P=0.000000001)","0.93(95% CI:0.81-1.068; P=0.3052555308)","Raw","healthy_noncancer_control","Raw healthy_noncancer_control"
"Acetone","Acetone","CRC","0.924(95% CI:0.82-1.042; P=0.1976021115)","1.046(95% CI:1.024-1.069; P=0.0000538618)","0.94(95% CI:0.819-1.08; P=0.3837504283)","Raw","healthy_noncancer_control","Raw healthy_noncancer_control"
"Ala","Alanine","CRC","0.904(95% CI:0.815-1.002; P=0.0546912789)","1.003(95% CI:0.976-1.031; P=0.8161161028)","0.942(95% CI:0.832-1.068; P=0.3513094849)","Raw","healthy_noncancer_control","Raw healthy_noncancer_control"
"Albumin","Albumin","CRC","0.97(95% CI:0.87-1.082; P=0.587557519)","0.903(95% CI:0.879-0.928; P=0)","0.935(95% CI:0.824-1.061; P=0.2965005744)","Raw","healthy_noncancer_control","Raw healthy_noncancer_control"
"ApoA1","Apolipoprotein A1","CRC","1.024(95% CI:0.917-1.143; P=0.6737949479)","1.004(95% CI:0.974-1.035; P=0.7826015022)","1.024(95% CI:0.898-1.168; P=0.719005278)","Raw","healthy_noncancer_control","Raw healthy_noncancer_control"
"ApoB","Apolipoprotein B","CRC","1.022(95% CI:0.921-1.134; P=0.6846436432)","0.98(95% CI:0.953-1.007; P=0.1421385687)","0.962(95% CI:0.849-1.089; P=0.5360260856)","Raw","healthy_noncancer_control","Raw healthy_noncancer_control"
"bOHbutyrate","3-Hydroxybutyrate","CRC","1.004(95% CI:0.904-1.116; P=0.9362515878)","1.076(95% CI:1.051-1.102; P=0.0000000011)","1.031(95% CI:0.913-1.163; P=0.6242225263)","Raw","healthy_noncancer_control","Raw healthy_noncancer_control"
"Cholines","Total Cholines","CRC","1.019(95% CI:0.911-1.139; P=0.7430999563)","0.999(95% CI:0.97-1.028; P=0.9197955047)","0.99(95% CI:0.871-1.126; P=0.8812700523)","Raw","healthy_noncancer_control","Raw healthy_noncancer_control"
"Citrate","Citrate","CRC","0.983(95% CI:0.877-1.101; P=0.7613366835)","1.021(95% CI:0.993-1.05; P=0.1496924298)","0.939(95% CI:0.806-1.095; P=0.4243033266)","Raw","healthy_noncancer_control","Raw healthy_noncancer_control"
"Clinical_LDL_C","Clinical LDL Cholesterol","CRC","1.024(95% CI:0.924-1.135; P=0.6520486863)","0.961(95% CI:0.936-0.988; P=0.0041063428)","0.946(95% CI:0.838-1.069; P=0.3740162991)","Raw","healthy_noncancer_control","Raw healthy_noncancer_control"
"Creatinine","Creatinine","CRC","0.966(95% CI:0.863-1.081; P=0.5442832972)","1.026(95% CI:0.998-1.055; P=0.0707543348)","1.028(95% CI:0.893-1.183; P=0.7030693361)","Raw","healthy_noncancer_control","Raw healthy_noncancer_control"
"DHA","Docosahexaenoic Acid","CRC","0.914(95% CI:0.825-1.013; P=0.0851118645)","0.953(95% CI:0.926-0.98; P=0.0009135047)","0.898(95% CI:0.789-1.021; P=0.1003802562)","Raw","healthy_noncancer_control","Raw healthy_noncancer_control"
"Gln","Glutamine","CRC","0.94(95% CI:0.845-1.045; P=0.2506496343)","0.936(95% CI:0.911-0.963; P=0.0000028873)","0.936(95% CI:0.825-1.061; P=0.2982876201)","Raw","healthy_noncancer_control","Raw healthy_noncancer_control"
"Glucose","Glucose","CRC","0.948(95% CI:0.859-1.047; P=0.2929743387)","1.075(95% CI:1.048-1.103; P=0.0000000346)","0.945(95% CI:0.834-1.071; P=0.3744445431)","Raw","healthy_noncancer_control","Raw healthy_noncancer_control"
"Gly","Glycine","CRC","1.056(95% CI:0.949-1.176; P=0.3194292054)","0.962(95% CI:0.933-0.993; P=0.0157688162)","0.99(95% CI:0.865-1.133; P=0.8822873699)","Raw","healthy_noncancer_control","Raw healthy_noncancer_control"
"GlycA","Glycoprotein Acetyls","CRC","1.094(95% CI:0.987-1.214; P=0.0884437509)","1.136(95% CI:1.105-1.168; P=0)","1.129(95% CI:0.997-1.28; P=0.0565101208)","Raw","healthy_noncancer_control","Raw healthy_noncancer_control"
"HDL_C","HDL Cholesterol","CRC","1.02(95% CI:0.917-1.136; P=0.7106874383)","0.982(95% CI:0.952-1.013; P=0.2497187222)","1.013(95% CI:0.888-1.157; P=0.8428488113)","Raw","healthy_noncancer_control","Raw healthy_noncancer_control"
"HDL_CE","Cholesteryl Esters in HDL","CRC","1.021(95% CI:0.918-1.136; P=0.6976659572)","0.979(95% CI:0.95-1.01; P=0.1836668769)","1.015(95% CI:0.89-1.158; P=0.8209362457)","Raw","healthy_noncancer_control","Raw healthy_noncancer_control"
"HDL_FC","Free Cholesterol in HDL","CRC","1.022(95% CI:0.916-1.14; P=0.69262112)","0.995(95% CI:0.965-1.027; P=0.7655109287)","1.017(95% CI:0.891-1.16; P=0.8018919815)","Raw","healthy_noncancer_control","Raw healthy_noncancer_control"
"HDL_L","Total Lipids in HDL","CRC","1.02(95% CI:0.913-1.139; P=0.726376679)","1.001(95% CI:0.971-1.032; P=0.9354793308)","1.02(95% CI:0.893-1.165; P=0.7659011477)","Raw","healthy_noncancer_control","Raw healthy_noncancer_control"
"HDL_PL","Phospholipids in HDL","CRC","1.023(95% CI:0.915-1.143; P=0.6882748237)","1.012(95% CI:0.982-1.043; P=0.4378301934)","1.027(95% CI:0.899-1.172; P=0.6978878601)","Raw","healthy_noncancer_control","Raw healthy_noncancer_control"
"HDL_TG","Triglycerides in HDL","CRC","0.989(95% CI:0.889-1.099; P=0.831809231)","1.047(95% CI:1.019-1.076; P=0.0009227859)","1.011(95% CI:0.893-1.145; P=0.8582361857)","Raw","healthy_noncancer_control","Raw healthy_noncancer_control"
"His","Histidine","CRC","0.972(95% CI:0.875-1.08; P=0.5938755298)","0.911(95% CI:0.885-0.939; P=0.0000000008)","0.966(95% CI:0.853-1.095; P=0.5922698156)","Raw","healthy_noncancer_control","Raw healthy_noncancer_control"
"IDL_C","Cholesterol in IDL","CRC","1.017(95% CI:0.918-1.127; P=0.741550413)","0.956(95% CI:0.93-0.983; P=0.0014711952)","0.942(95% CI:0.833-1.065; P=0.340943003)","Raw","healthy_noncancer_control","Raw healthy_noncancer_control"
"IDL_CE","Cholesteryl Esters in IDL","CRC","1.02(95% CI:0.921-1.131; P=0.7020075851)","0.957(95% CI:0.931-0.984; P=0.0017487315)","0.947(95% CI:0.837-1.071; P=0.3821952968)","Raw","healthy_noncancer_control","Raw healthy_noncancer_control"
"IDL_FC","Free Cholesterol in IDL","CRC","1.004(95% CI:0.908-1.11; P=0.9402621246)","0.959(95% CI:0.932-0.986; P=0.0029005987)","0.925(95% CI:0.818-1.047; P=0.2167256643)","Raw","healthy_noncancer_control","Raw healthy_noncancer_control"
"IDL_PL","Phospholipids in IDL","CRC","0.998(95% CI:0.901-1.106; P=0.9751758371)","0.968(95% CI:0.941-0.995; P=0.0214547174)","0.921(95% CI:0.813-1.042; P=0.1912156518)","Raw","healthy_noncancer_control","Raw healthy_noncancer_control"
"IDL_TG","Triglycerides in IDL","CRC","0.989(95% CI:0.887-1.103; P=0.8452781196)","1.045(95% CI:1.017-1.074; P=0.0013371573)","0.995(95% CI:0.877-1.129; P=0.9399630764)","Raw","healthy_noncancer_control","Raw healthy_noncancer_control"
"Ile","Isoleucine","CRC","0.931(95% CI:0.839-1.032; P=0.1736151047)","1.007(95% CI:0.979-1.035; P=0.6389388565)","0.947(95% CI:0.833-1.076; P=0.4003806475)","Raw","healthy_noncancer_control","Raw healthy_noncancer_control"
"L_HDL_C","Cholesterol in Large HDL","CRC","1.006(95% CI:0.904-1.12; P=0.906342777)","0.975(95% CI:0.945-1.006; P=0.1091591963)","1.009(95% CI:0.884-1.152; P=0.8922411709)","Raw","healthy_noncancer_control","Raw healthy_noncancer_control"
"L_HDL_CE","Cholesteryl Esters in Large HDL","CRC","1.007(95% CI:0.905-1.12; P=0.8982087508)","0.973(95% CI:0.943-1.004; P=0.0863220039)","1.012(95% CI:0.887-1.155; P=0.8616926712)","Raw","healthy_noncancer_control","Raw healthy_noncancer_control"
"L_HDL_FC","Free Cholesterol in Large HDL","CRC","1.011(95% CI:0.908-1.126; P=0.83663487)","0.985(95% CI:0.954-1.016; P=0.3305675587)","1.013(95% CI:0.888-1.156; P=0.8459691276)","Raw","healthy_noncancer_control","Raw healthy_noncancer_control"
"L_HDL_PL","Phospholipids in Large HDL","CRC","1.011(95% CI:0.906-1.128; P=0.8439414681)","0.991(95% CI:0.96-1.022; P=0.559102766)","1.019(95% CI:0.892-1.164; P=0.7804722339)","Raw","healthy_noncancer_control","Raw healthy_noncancer_control"
"L_HDL_TG","Triglycerides in Large HDL","CRC","0.977(95% CI:0.875-1.092; P=0.6867823283)","1.026(95% CI:0.997-1.055; P=0.0744470924)","1.005(95% CI:0.886-1.139; P=0.9439636379)","Raw","healthy_noncancer_control","Raw healthy_noncancer_control"
"L_LDL_C","Cholesterol in Large LDL","CRC","1.018(95% CI:0.919-1.128; P=0.7333594105)","0.965(95% CI:0.939-0.991; P=0.0100463583)","0.939(95% CI:0.831-1.062; P=0.3157404538)","Raw","healthy_noncancer_control","Raw healthy_noncancer_control"
"L_LDL_CE","Cholesteryl Esters in Large LDL","CRC","1.019(95% CI:0.919-1.129; P=0.7209725764)","0.97(95% CI:0.944-0.997; P=0.0298216147)","0.942(95% CI:0.833-1.065; P=0.3373054699)","Raw","healthy_noncancer_control","Raw healthy_noncancer_control"
"L_LDL_FC","Free Cholesterol in Large LDL","CRC","1.01(95% CI:0.914-1.116; P=0.8422912927)","0.955(95% CI:0.929-0.981; P=0.0008835399)","0.931(95% CI:0.824-1.052; P=0.2506136205)","Raw","healthy_noncancer_control","Raw healthy_noncancer_control"
"L_LDL_PL","Phospholipids in Large LDL","CRC","1.013(95% CI:0.915-1.122; P=0.798374946)","0.965(95% CI:0.939-0.992; P=0.0118201879)","0.939(95% CI:0.83-1.062; P=0.3173831735)","Raw","healthy_noncancer_control","Raw healthy_noncancer_control"
"L_LDL_TG","Triglycerides in Large LDL","CRC","0.993(95% CI:0.891-1.106; P=0.8938081279)","1.049(95% CI:1.022-1.078; P=0.0004328875)","0.998(95% CI:0.879-1.133; P=0.9761166602)","Raw","healthy_noncancer_control","Raw healthy_noncancer_control"
"L_VLDL_C","Cholesterol in Large VLDL","CRC","1.03(95% CI:0.928-1.143; P=0.5769080903)","1.027(95% CI:0.999-1.056; P=0.059452136)","1.026(95% CI:0.904-1.164; P=0.6888420421)","Raw","healthy_noncancer_control","Raw healthy_noncancer_control"
"L_VLDL_CE","Cholesteryl Esters in Large VLDL","CRC","1.031(95% CI:0.93-1.144; P=0.5580830821)","1.013(95% CI:0.985-1.041; P=0.3730441052)","1.019(95% CI:0.899-1.156; P=0.768227838)","Raw","healthy_noncancer_control","Raw healthy_noncancer_control"
"L_VLDL_FC","Free Cholesterol in Large VLDL","CRC","1.028(95% CI:0.927-1.139; P=0.6012227762)","1.04(95% CI:1.012-1.07; P=0.005587608)","1.033(95% CI:0.911-1.171; P=0.6133388653)","Raw","healthy_noncancer_control","Raw healthy_noncancer_control"
"L_VLDL_PL","Phospholipids in Large VLDL","CRC","1.03(95% CI:0.93-1.141; P=0.5701140506)","1.045(95% CI:1.016-1.074; P=0.0019770841)","1.042(95% CI:0.92-1.181; P=0.516576612)","Raw","healthy_noncancer_control","Raw healthy_noncancer_control"
"L_VLDL_TG","Triglycerides in Large VLDL","CRC","1.049(95% CI:0.949-1.16; P=0.349701611)","1.051(95% CI:1.023-1.081; P=0.0003738937)","1.072(95% CI:0.948-1.213; P=0.2648752198)","Raw","healthy_noncancer_control","Raw healthy_noncancer_control"
"LA","Linoleic Acid","CRC","1.052(95% CI:0.946-1.169; P=0.3483050545)","0.974(95% CI:0.947-1.001; P=0.0587627863)","1.017(95% CI:0.897-1.152; P=0.7972494842)","Raw","healthy_noncancer_control","Raw healthy_noncancer_control"
"Lactate","Lactate","CRC","0.939(95% CI:0.846-1.042; P=0.2342428513)","1.015(95% CI:0.986-1.044; P=0.3196767798)","0.976(95% CI:0.86-1.107; P=0.7055001047)","Raw","healthy_noncancer_control","Raw healthy_noncancer_control"
"LDL_C","LDL Cholesterol","CRC","1.024(95% CI:0.923-1.135; P=0.6573638351)","0.97(95% CI:0.944-0.996; P=0.02666428)","0.95(95% CI:0.84-1.074; P=0.4099705984)","Raw","healthy_noncancer_control","Raw healthy_noncancer_control"
"LDL_CE","Cholesteryl Esters in LDL","CRC","1.024(95% CI:0.923-1.136; P=0.6542308935)","0.976(95% CI:0.95-1.003; P=0.0836543873)","0.953(95% CI:0.843-1.079; P=0.4483316369)","Raw","healthy_noncancer_control","Raw healthy_noncancer_control"
"LDL_FC","Free Cholesterol in LDL","CRC","1.016(95% CI:0.919-1.123; P=0.756414918)","0.956(95% CI:0.931-0.983; P=0.0013716901)","0.938(95% CI:0.83-1.06; P=0.3040416851)","Raw","healthy_noncancer_control","Raw healthy_noncancer_control"
"LDL_L","Total Lipids in LDL","CRC","1.024(95% CI:0.923-1.137; P=0.6509883402)","0.975(95% CI:0.948-1.001; P=0.0635354483)","0.954(95% CI:0.843-1.079; P=0.455476452)","Raw","healthy_noncancer_control","Raw healthy_noncancer_control"
"LDL_PL","Phospholipids in LDL","CRC","1.023(95% CI:0.922-1.134; P=0.6711317641)","0.973(95% CI:0.947-1; P=0.0517331465)","0.953(95% CI:0.842-1.079; P=0.4494536157)","Raw","healthy_noncancer_control","Raw healthy_noncancer_control"
"LDL_TG","Triglycerides in LDL","CRC","0.998(95% CI:0.896-1.111; P=0.9649515615)","1.053(95% CI:1.026-1.082; P=0.0001388731)","1.008(95% CI:0.889-1.144; P=0.8999377462)","Raw","healthy_noncancer_control","Raw healthy_noncancer_control"
"Leu","Leucine","CRC","0.92(95% CI:0.829-1.021; P=0.1158453596)","0.968(95% CI:0.941-0.996; P=0.0279100465)","0.949(95% CI:0.836-1.077; P=0.4192131997)","Raw","healthy_noncancer_control","Raw healthy_noncancer_control"
"M_HDL_C","Cholesterol in Medium HDL","CRC","1.03(95% CI:0.925-1.146; P=0.5893779655)","0.997(95% CI:0.968-1.027; P=0.8436889803)","1.032(95% CI:0.906-1.176; P=0.6361920814)","Raw","healthy_noncancer_control","Raw healthy_noncancer_control"
"M_HDL_CE","Cholesteryl Esters in Medium HDL","CRC","1.031(95% CI:0.927-1.147; P=0.5764988998)","0.996(95% CI:0.966-1.026; P=0.7786217809)","1.034(95% CI:0.908-1.177; P=0.6152068438)","Raw","healthy_noncancer_control","Raw healthy_noncancer_control"
"M_HDL_FC","Free Cholesterol in Medium HDL","CRC","1.032(95% CI:0.925-1.151; P=0.5692195242)","1.005(95% CI:0.975-1.036; P=0.7610690746)","1.032(95% CI:0.906-1.176; P=0.6333285078)","Raw","healthy_noncancer_control","Raw healthy_noncancer_control"
"M_HDL_PL","Phospholipids in Medium HDL","CRC","1.026(95% CI:0.92-1.144; P=0.650053922)","1.023(95% CI:0.994-1.054; P=0.1270306549)","1.032(95% CI:0.906-1.174; P=0.6380550229)","Raw","healthy_noncancer_control","Raw healthy_noncancer_control"
"M_HDL_TG","Triglycerides in Medium HDL","CRC","0.99(95% CI:0.892-1.1; P=0.8552755987)","1.045(95% CI:1.017-1.074; P=0.0013416439)","1.009(95% CI:0.892-1.143; P=0.8826914187)","Raw","healthy_noncancer_control","Raw healthy_noncancer_control"
"M_LDL_C","Cholesterol in Medium LDL","CRC","1.026(95% CI:0.925-1.138; P=0.6286923904)","0.982(95% CI:0.955-1.009; P=0.1861743954)","0.966(95% CI:0.852-1.094; P=0.582181616)","Raw","healthy_noncancer_control","Raw healthy_noncancer_control"
"M_LDL_CE","Cholesteryl Esters in Medium LDL","CRC","1.026(95% CI:0.924-1.139; P=0.634128454)","0.99(95% CI:0.963-1.017; P=0.4674242862)","0.973(95% CI:0.858-1.103; P=0.6674794933)","Raw","healthy_noncancer_control","Raw healthy_noncancer_control"
"M_LDL_FC","Free Cholesterol in Medium LDL","CRC","1.02(95% CI:0.922-1.128; P=0.7033898424)","0.963(95% CI:0.937-0.99; P=0.0068182921)","0.946(95% CI:0.837-1.07; P=0.3783218406)","Raw","healthy_noncancer_control","Raw healthy_noncancer_control"
"M_LDL_PL","Phospholipids in Medium LDL","CRC","1.027(95% CI:0.926-1.139; P=0.6158101291)","0.983(95% CI:0.957-1.011; P=0.2283082107)","0.967(95% CI:0.853-1.096; P=0.5974228279)","Raw","healthy_noncancer_control","Raw healthy_noncancer_control"
"M_LDL_TG","Triglycerides in Medium LDL","CRC","1.004(95% CI:0.903-1.116; P=0.9454498052)","1.056(95% CI:1.028-1.084; P=0.0000617206)","1.022(95% CI:0.902-1.158; P=0.7355044952)","Raw","healthy_noncancer_control","Raw healthy_noncancer_control"
"M_VLDL_C","Cholesterol in Medium VLDL","CRC","1.021(95% CI:0.923-1.131; P=0.6837966476)","0.968(95% CI:0.942-0.995; P=0.0200388981)","0.957(95% CI:0.846-1.083; P=0.4883695888)","Raw","healthy_noncancer_control","Raw healthy_noncancer_control"
"M_VLDL_CE","Cholesteryl Esters in Medium VLDL","CRC","1.014(95% CI:0.917-1.12; P=0.7916669072)","0.955(95% CI:0.929-0.981; P=0.000927457)","0.941(95% CI:0.832-1.064; P=0.3286841301)","Raw","healthy_noncancer_control","Raw healthy_noncancer_control"
"M_VLDL_FC","Free Cholesterol in Medium VLDL","CRC","1.026(95% CI:0.925-1.137; P=0.6267681167)","0.989(95% CI:0.962-1.017; P=0.4326868362)","0.978(95% CI:0.863-1.108; P=0.7303208876)","Raw","healthy_noncancer_control","Raw healthy_noncancer_control"
"M_VLDL_PL","Phospholipids in Medium VLDL","CRC","1.031(95% CI:0.929-1.145; P=0.5597287176)","0.998(95% CI:0.971-1.026; P=0.8836205323)","0.994(95% CI:0.877-1.126; P=0.9212267692)","Raw","healthy_noncancer_control","Raw healthy_noncancer_control"
"M_VLDL_TG","Triglycerides in Medium VLDL","CRC","1.055(95% CI:0.952-1.168; P=0.30720887)","1.038(95% CI:1.01-1.068; P=0.0080377271)","1.071(95% CI:0.945-1.212; P=0.282877964)","Raw","healthy_noncancer_control","Raw healthy_noncancer_control"
"MUFA","Monounsaturated Fatty Acids","CRC","1.033(95% CI:0.928-1.15; P=0.5508511083)","1.07(95% CI:1.041-1.099; P=0.000001264)","1.041(95% CI:0.917-1.181; P=0.5358488874)","Raw","healthy_noncancer_control","Raw healthy_noncancer_control"
"non_HDL_C","Total Cholesterol Minus HDL-C","CRC","1.026(95% CI:0.924-1.14; P=0.6328128512)","0.973(95% CI:0.947-1; P=0.0462113622)","0.957(95% CI:0.846-1.083; P=0.48678618)","Raw","healthy_noncancer_control","Raw healthy_noncancer_control"
"Omega_3","Omega-3 Fatty Acids","CRC","0.91(95% CI:0.817-1.014; P=0.0871030996)","0.985(95% CI:0.958-1.013; P=0.2974905702)","0.909(95% CI:0.799-1.035; P=0.1492031945)","Raw","healthy_noncancer_control","Raw healthy_noncancer_control"
"Omega_6","Omega-6 Fatty Acids","CRC","1.052(95% CI:0.944-1.173; P=0.3615395497)","0.987(95% CI:0.96-1.015; P=0.3763800489)","1.018(95% CI:0.896-1.156; P=0.7850688673)","Raw","healthy_noncancer_control","Raw healthy_noncancer_control"
"Phe","Phenylalanine","CRC","0.985(95% CI:0.89-1.09; P=0.7694487804)","0.999(95% CI:0.972-1.027; P=0.961337402)","1.008(95% CI:0.89-1.14; P=0.9044490722)","Raw","healthy_noncancer_control","Raw healthy_noncancer_control"
"Phosphatidylc","Phosphatidylcholines","CRC","1.021(95% CI:0.911-1.144; P=0.7233503311)","0.996(95% CI:0.967-1.025; P=0.7817892766)","0.999(95% CI:0.878-1.137; P=0.9884440179)","Raw","healthy_noncancer_control","Raw healthy_noncancer_control"
"Phosphoglyc","Phosphoglycerides","CRC","1.016(95% CI:0.907-1.137; P=0.7886140827)","1.01(95% CI:0.981-1.04; P=0.5109866021)","0.995(95% CI:0.875-1.132; P=0.9428229641)","Raw","healthy_noncancer_control","Raw healthy_noncancer_control"
"PUFA","Polyunsaturated Fatty Acids","CRC","1.013(95% CI:0.905-1.133; P=0.8248380808)","0.984(95% CI:0.957-1.013; P=0.2752039156)","0.987(95% CI:0.867-1.123; P=0.8398724895)","Raw","healthy_noncancer_control","Raw healthy_noncancer_control"
"Pyruvate","Pyruvate","CRC","0.92(95% CI:0.828-1.021; P=0.116881468)","1.029(95% CI:1.002-1.057; P=0.035626492)","0.916(95% CI:0.804-1.044; P=0.1872306366)","Raw","healthy_noncancer_control","Raw healthy_noncancer_control"
"Remnant_C","Remnant Cholesterol (Non-HDL and Non-LDL -Cholesterol)","CRC","1.024(95% CI:0.921-1.138; P=0.6644056678)","0.978(95% CI:0.952-1.005; P=0.1138601166)","0.964(95% CI:0.851-1.091; P=0.5597024637)","Raw","healthy_noncancer_control","Raw healthy_noncancer_control"
"S_HDL_C","Cholesterol in Small HDL","CRC","1.043(95% CI:0.94-1.157; P=0.4308022912)","1(95% CI:0.972-1.028; P=0.972358111)","1.009(95% CI:0.89-1.144; P=0.8897518351)","Raw","healthy_noncancer_control","Raw healthy_noncancer_control"
"S_HDL_CE","Cholesteryl Esters in Small HDL","CRC","1.041(95% CI:0.939-1.155; P=0.4413424988)","0.994(95% CI:0.967-1.022; P=0.6913249138)","1.004(95% CI:0.886-1.137; P=0.9538214933)","Raw","healthy_noncancer_control","Raw healthy_noncancer_control"
"S_HDL_FC","Free Cholesterol in Small HDL","CRC","1.039(95% CI:0.932-1.159; P=0.4927822293)","1.016(95% CI:0.988-1.045; P=0.2575296731)","1.022(95% CI:0.9-1.16; P=0.740445325)","Raw","healthy_noncancer_control","Raw healthy_noncancer_control"
"S_HDL_PL","Phospholipids in Small HDL","CRC","1.032(95% CI:0.928-1.147; P=0.560825834)","1.033(95% CI:1.005-1.062; P=0.0208820113)","1.029(95% CI:0.908-1.166; P=0.6577804528)","Raw","healthy_noncancer_control","Raw healthy_noncancer_control"
"S_HDL_TG","Triglycerides in Small HDL","CRC","0.999(95% CI:0.901-1.107; P=0.9825731679)","1.055(95% CI:1.026-1.085; P=0.0001375353)","1.02(95% CI:0.9-1.156; P=0.7562849107)","Raw","healthy_noncancer_control","Raw healthy_noncancer_control"
"S_LDL_C","Cholesterol in Small LDL","CRC","1.027(95% CI:0.927-1.138; P=0.6135100744)","0.982(95% CI:0.956-1.009; P=0.1945616375)","0.967(95% CI:0.854-1.096; P=0.600522853)","Raw","healthy_noncancer_control","Raw healthy_noncancer_control"
"S_LDL_CE","Cholesteryl Esters in Small LDL","CRC","1.025(95% CI:0.924-1.136; P=0.6425816293)","0.991(95% CI:0.964-1.018; P=0.5055355513)","0.973(95% CI:0.858-1.103; P=0.6661402261)","Raw","healthy_noncancer_control","Raw healthy_noncancer_control"
"S_LDL_FC","Free Cholesterol in Small LDL","CRC","1.026(95% CI:0.929-1.133; P=0.611354606)","0.963(95% CI:0.937-0.989; P=0.0063502692)","0.955(95% CI:0.845-1.08; P=0.4630890834)","Raw","healthy_noncancer_control","Raw healthy_noncancer_control"
"S_LDL_PL","Phospholipids in Small LDL","CRC","1.033(95% CI:0.933-1.144; P=0.5292871166)","0.994(95% CI:0.967-1.021; P=0.6515932965)","0.978(95% CI:0.864-1.107; P=0.7223433815)","Raw","healthy_noncancer_control","Raw healthy_noncancer_control"
"S_LDL_TG","Triglycerides in Small LDL","CRC","1.015(95% CI:0.916-1.124; P=0.781279175)","1.06(95% CI:1.032-1.088; P=0.0000151142)","1.037(95% CI:0.917-1.173; P=0.5650274503)","Raw","healthy_noncancer_control","Raw healthy_noncancer_control"
"S_VLDL_C","Cholesterol in Small VLDL","CRC","1.006(95% CI:0.906-1.117; P=0.909099232)","0.989(95% CI:0.962-1.017; P=0.4291209616)","0.962(95% CI:0.848-1.09; P=0.5421167598)","Raw","healthy_noncancer_control","Raw healthy_noncancer_control"
"S_VLDL_CE","Cholesteryl Esters in Small VLDL","CRC","0.998(95% CI:0.899-1.108; P=0.9689665024)","0.993(95% CI:0.966-1.021; P=0.6079574423)","0.958(95% CI:0.845-1.087; P=0.5087599253)","Raw","healthy_noncancer_control","Raw healthy_noncancer_control"
"S_VLDL_FC","Free Cholesterol in Small VLDL","CRC","1.019(95% CI:0.919-1.129; P=0.7245291297)","0.983(95% CI:0.957-1.011; P=0.2324262573)","0.967(95% CI:0.854-1.096; P=0.6021073556)","Raw","healthy_noncancer_control","Raw healthy_noncancer_control"
"S_VLDL_PL","Phospholipids in Small VLDL","CRC","1.022(95% CI:0.921-1.135; P=0.6782175891)","0.998(95% CI:0.971-1.026; P=0.9116280132)","0.987(95% CI:0.87-1.119; P=0.8398198523)","Raw","healthy_noncancer_control","Raw healthy_noncancer_control"
"S_VLDL_TG","Triglycerides in Small VLDL","CRC","1.026(95% CI:0.926-1.137; P=0.6211050616)","1.046(95% CI:1.018-1.076; P=0.0012809569)","1.059(95% CI:0.935-1.198; P=0.3679232864)","Raw","healthy_noncancer_control","Raw healthy_noncancer_control"
"SFA","Saturated Fatty Acids","CRC","1.024(95% CI:0.919-1.141; P=0.6700932353)","1.063(95% CI:1.034-1.092; P=0.0000117024)","1.025(95% CI:0.903-1.163; P=0.7034768215)","Raw","healthy_noncancer_control","Raw healthy_noncancer_control"
"Sphingomyelins","Sphingomyelins","CRC","1.019(95% CI:0.917-1.133; P=0.7241589171)","0.994(95% CI:0.966-1.023; P=0.693546569)","0.963(95% CI:0.848-1.094; P=0.565173843)","Raw","healthy_noncancer_control","Raw healthy_noncancer_control"
"Total_C","Total Cholesterol","CRC","1.03(95% CI:0.928-1.143; P=0.5817777496)","0.97(95% CI:0.943-0.997; P=0.028698508)","0.964(95% CI:0.851-1.09; P=0.5560342502)","Raw","healthy_noncancer_control","Raw healthy_noncancer_control"
"Total_CE","Total Esterified Cholesterol","CRC","1.029(95% CI:0.928-1.142; P=0.5870839988)","0.968(95% CI:0.941-0.995; P=0.0197988082)","0.962(95% CI:0.85-1.088; P=0.5360251088)","Raw","healthy_noncancer_control","Raw healthy_noncancer_control"
"Total_FA","Total Fatty Acids","CRC","1.025(95% CI:0.917-1.145; P=0.6654690043)","1.044(95% CI:1.016-1.074; P=0.002115792)","1.02(95% CI:0.897-1.159; P=0.7670417917)","Raw","healthy_noncancer_control","Raw healthy_noncancer_control"
"Total_FC","Total Free Cholesterol","CRC","1.027(95% CI:0.924-1.14; P=0.6235393755)","0.977(95% CI:0.95-1.004; P=0.097338673)","0.966(95% CI:0.853-1.093; P=0.5805972128)","Raw","healthy_noncancer_control","Raw healthy_noncancer_control"
"Total_L","Total Lipids in Lipoprotein Particles","CRC","1.039(95% CI:0.932-1.158; P=0.492622461)","1.005(95% CI:0.978-1.033; P=0.7156715329)","0.998(95% CI:0.88-1.133; P=0.9793436067)","Raw","healthy_noncancer_control","Raw healthy_noncancer_control"
"Total_PL","Total Phospholipids in Lipoprotein Particles","CRC","1.033(95% CI:0.926-1.153; P=0.5586806297)","1.005(95% CI:0.977-1.034; P=0.7237490956)","0.993(95% CI:0.874-1.129; P=0.9184139392)","Raw","healthy_noncancer_control","Raw healthy_noncancer_control"
"Total_TG","Total Triglycerides","CRC","1.028(95% CI:0.926-1.141; P=0.6066501427)","1.056(95% CI:1.027-1.086; P=0.0001083586)","1.05(95% CI:0.926-1.191; P=0.4462085145)","Raw","healthy_noncancer_control","Raw healthy_noncancer_control"
"Tyr","Tyrosine","CRC","0.955(95% CI:0.862-1.059; P=0.3829482097)","1.007(95% CI:0.979-1.035; P=0.6373981663)","0.992(95% CI:0.877-1.123; P=0.9035060484)","Raw","healthy_noncancer_control","Raw healthy_noncancer_control"
"Unsaturation","Degree of Unsaturation","CRC","0.932(95% CI:0.847-1.027; P=0.1536742911)","0.907(95% CI:0.882-0.933; P=0)","0.91(95% CI:0.805-1.028; P=0.1293636088)","Raw","healthy_noncancer_control","Raw healthy_noncancer_control"
"Val","Valine","CRC","0.888(95% CI:0.797-0.989; P=0.0300687685)","0.98(95% CI:0.952-1.008; P=0.1611527987)","0.93(95% CI:0.817-1.058; P=0.2677899709)","Raw","healthy_noncancer_control","Raw healthy_noncancer_control"
"VLDL_C","VLDL Cholesterol","CRC","1.019(95% CI:0.916-1.133; P=0.7339577889)","1.001(95% CI:0.974-1.029; P=0.9184546494)","0.98(95% CI:0.864-1.111; P=0.7493883341)","Raw","healthy_noncancer_control","Raw healthy_noncancer_control"
"VLDL_CE","Cholesteryl Esters in VLDL","CRC","1.014(95% CI:0.913-1.126; P=0.8011579739)","0.989(95% CI:0.962-1.017; P=0.4311589845)","0.966(95% CI:0.853-1.095; P=0.5888879016)","Raw","healthy_noncancer_control","Raw healthy_noncancer_control"
"VLDL_FC","Free Cholesterol in VLDL","CRC","1.022(95% CI:0.92-1.136; P=0.6830473495)","1.019(95% CI:0.992-1.048; P=0.174737903)","0.998(95% CI:0.88-1.132; P=0.9741888869)","Raw","healthy_noncancer_control","Raw healthy_noncancer_control"
"VLDL_L","Total Lipids in VLDL","CRC","1.03(95% CI:0.925-1.147; P=0.5878928437)","1.037(95% CI:1.009-1.067; P=0.0107258005)","1.026(95% CI:0.903-1.166; P=0.6908462418)","Raw","healthy_noncancer_control","Raw healthy_noncancer_control"
"VLDL_PL","Phospholipids in VLDL","CRC","1.023(95% CI:0.92-1.137; P=0.6761234496)","1.028(95% CI:1-1.057; P=0.0507161469)","1.008(95% CI:0.889-1.145; P=0.8960735995)","Raw","healthy_noncancer_control","Raw healthy_noncancer_control"
"VLDL_TG","Triglycerides in VLDL","CRC","1.038(95% CI:0.936-1.151; P=0.4825723769)","1.056(95% CI:1.027-1.086; P=0.0001363154)","1.061(95% CI:0.936-1.204; P=0.3521886345)","Raw","healthy_noncancer_control","Raw healthy_noncancer_control"
"XL_HDL_C","Cholesterol in Very Large HDL","CRC","1.007(95% CI:0.908-1.117; P=0.893603753)","0.975(95% CI:0.945-1.005; P=0.099675202)","1.004(95% CI:0.882-1.142; P=0.9561392798)","Raw","healthy_noncancer_control","Raw healthy_noncancer_control"
"XL_HDL_CE","Cholesteryl Esters in Very Large HDL","CRC","1.012(95% CI:0.912-1.123; P=0.8275853886)","0.973(95% CI:0.944-1.004; P=0.0848890075)","1.01(95% CI:0.888-1.15; P=0.8766428324)","Raw","healthy_noncancer_control","Raw healthy_noncancer_control"
"XL_HDL_FC","Free Cholesterol in Very Large HDL","CRC","0.993(95% CI:0.896-1.101; P=0.8974293062)","0.982(95% CI:0.953-1.012; P=0.2299225076)","0.983(95% CI:0.865-1.117; P=0.7909610221)","Raw","healthy_noncancer_control","Raw healthy_noncancer_control"
"XL_HDL_PL","Phospholipids in Very Large HDL","CRC","1.006(95% CI:0.904-1.118; P=0.9188537494)","0.984(95% CI:0.954-1.015; P=0.3031666106)","1.008(95% CI:0.885-1.15; P=0.8994255303)","Raw","healthy_noncancer_control","Raw healthy_noncancer_control"
"XL_HDL_TG","Triglycerides in Very Large HDL","CRC","0.997(95% CI:0.896-1.11; P=0.956154971)","1.042(95% CI:1.014-1.07; P=0.0027695181)","1.023(95% CI:0.904-1.158; P=0.7133832579)","Raw","healthy_noncancer_control","Raw healthy_noncancer_control"
"XL_VLDL_C","Cholesterol in Very Large VLDL","CRC","1.024(95% CI:0.923-1.135; P=0.6569396096)","1.033(95% CI:1.005-1.062; P=0.0222016471)","1.018(95% CI:0.897-1.155; P=0.7809388112)","Raw","healthy_noncancer_control","Raw healthy_noncancer_control"
"XL_VLDL_CE","Cholesteryl Esters in Very Large VLDL","CRC","1.023(95% CI:0.922-1.135; P=0.6625401281)","1.018(95% CI:0.99-1.046; P=0.2183524832)","1.006(95% CI:0.887-1.142; P=0.9246130093)","Raw","healthy_noncancer_control","Raw healthy_noncancer_control"
"XL_VLDL_FC","Free Cholesterol in Very Large VLDL","CRC","1.023(95% CI:0.924-1.133; P=0.6591497488)","1.047(95% CI:1.019-1.076; P=0.0009901929)","1.03(95% CI:0.909-1.167; P=0.6417422291)","Raw","healthy_noncancer_control","Raw healthy_noncancer_control"
"XL_VLDL_PL","Phospholipids in Very Large VLDL","CRC","1.025(95% CI:0.926-1.135; P=0.6343066042)","1.051(95% CI:1.023-1.081; P=0.0003391246)","1.037(95% CI:0.916-1.175; P=0.5671499552)","Raw","healthy_noncancer_control","Raw healthy_noncancer_control"
"XL_VLDL_TG","Triglycerides in Very Large VLDL","CRC","1.032(95% CI:0.933-1.141; P=0.538440314)","1.063(95% CI:1.034-1.092; P=0.0000121274)","1.058(95% CI:0.936-1.197; P=0.3659251392)","Raw","healthy_noncancer_control","Raw healthy_noncancer_control"
"XS_VLDL_C","Cholesterol in Very Small VLDL","CRC","0.991(95% CI:0.893-1.1; P=0.8643747635)","0.974(95% CI:0.947-1.001; P=0.0608865389)","0.926(95% CI:0.817-1.05; P=0.2298908561)","Raw","healthy_noncancer_control","Raw healthy_noncancer_control"
"XS_VLDL_CE","Cholesteryl Esters in Very Small VLDL","CRC","0.991(95% CI:0.893-1.099; P=0.8583700495)","0.966(95% CI:0.94-0.994; P=0.0176414171)","0.918(95% CI:0.811-1.041; P=0.1818418405)","Raw","healthy_noncancer_control","Raw healthy_noncancer_control"
"XS_VLDL_FC","Free Cholesterol in Very Small VLDL","CRC","0.99(95% CI:0.89-1.101; P=0.8504728496)","0.993(95% CI:0.965-1.021; P=0.5982055833)","0.944(95% CI:0.832-1.072; P=0.3751715737)","Raw","healthy_noncancer_control","Raw healthy_noncancer_control"
"XS_VLDL_PL","Phospholipids in Very Small VLDL","CRC","0.987(95% CI:0.886-1.098; P=0.8053304188)","1.007(95% CI:0.98-1.036; P=0.6046052403)","0.955(95% CI:0.841-1.084; P=0.4775421227)","Raw","healthy_noncancer_control","Raw healthy_noncancer_control"
"XS_VLDL_TG","Triglycerides in Very Small VLDL","CRC","0.993(95% CI:0.893-1.105; P=0.9019831032)","1.049(95% CI:1.021-1.078; P=0.0004810237)","1.014(95% CI:0.895-1.148; P=0.8320987924)","Raw","healthy_noncancer_control","Raw healthy_noncancer_control"
"XXL_VLDL_C","Cholesterol in Chylomicrons and Extremely Large VLDL","CRC","1.018(95% CI:0.92-1.126; P=0.7361816403)","1.056(95% CI:1.028-1.085; P=0.0000855052)","1.042(95% CI:0.921-1.179; P=0.515070352)","Raw","healthy_noncancer_control","Raw healthy_noncancer_control"
"XXL_VLDL_CE","Cholesteryl Esters in Chylomicrons and Extremely Large VLDL","CRC","1.02(95% CI:0.922-1.129; P=0.7005441978)","1.05(95% CI:1.022-1.079; P=0.0004475961)","1.043(95% CI:0.922-1.18; P=0.5044736974)","Raw","healthy_noncancer_control","Raw healthy_noncancer_control"
"XXL_VLDL_FC","Free Cholesterol in Chylomicrons and Extremely Large VLDL","CRC","1.013(95% CI:0.916-1.12; P=0.8023564655)","1.062(95% CI:1.034-1.09; P=0.0000111712)","1.038(95% CI:0.918-1.174; P=0.5492951598)","Raw","healthy_noncancer_control","Raw healthy_noncancer_control"
"XXL_VLDL_PL","Phospholipids in Chylomicrons and Extremely Large VLDL","CRC","1.014(95% CI:0.918-1.121; P=0.7822782965)","1.063(95% CI:1.035-1.092; P=0.0000060317)","1.042(95% CI:0.922-1.177; P=0.5143246309)","Raw","healthy_noncancer_control","Raw healthy_noncancer_control"
"XXL_VLDL_TG","Triglycerides in Chylomicrons and Extremely Large VLDL","CRC","1.02(95% CI:0.923-1.127; P=0.6987034715)","1.067(95% CI:1.039-1.095; P=0.0000016124)","1.044(95% CI:0.924-1.18; P=0.4923840856)","Raw","healthy_noncancer_control","Raw healthy_noncancer_control"
"Acetate","Acetate","LC","1.082(95% CI:1.035-1.131; P=0.000567067)","1.034(95% CI:1.009-1.061; P=0.0086207854)","1.095(95% CI:1.037-1.156; P=0.0010714692)","Raw","healthy_noncancer_control","Raw healthy_noncancer_control"
"Acetoacetate","Acetoacetate","LC","1.15(95% CI:1.039-1.273; P=0.0067402873)","1.097(95% CI:1.075-1.119; P=0)","1.164(95% CI:1.045-1.297; P=0.0058334918)","Raw","healthy_noncancer_control","Raw healthy_noncancer_control"
"Acetone","Acetone","LC","1.101(95% CI:0.979-1.238; P=0.1070040222)","1.075(95% CI:1.054-1.096; P=0)","1.128(95% CI:1.007-1.262; P=0.0370695123)","Raw","healthy_noncancer_control","Raw healthy_noncancer_control"
"Ala","Alanine","LC","0.944(95% CI:0.811-1.099; P=0.4555248382)","0.899(95% CI:0.868-0.93; P=0.0000000014)","0.94(95% CI:0.782-1.128; P=0.5047481974)","Raw","healthy_noncancer_control","Raw healthy_noncancer_control"
"Albumin","Albumin","LC","1.013(95% CI:0.862-1.19; P=0.8792766832)","0.796(95% CI:0.77-0.822; P=0)","1.025(95% CI:0.853-1.231; P=0.7920804722)","Raw","healthy_noncancer_control","Raw healthy_noncancer_control"
"ApoA1","Apolipoprotein A1","LC","1.037(95% CI:0.884-1.217; P=0.6549543273)","0.89(95% CI:0.858-0.924; P=0.0000000008)","0.99(95% CI:0.818-1.197; P=0.9153531087)","Raw","healthy_noncancer_control","Raw healthy_noncancer_control"
"ApoB","Apolipoprotein B","LC","0.957(95% CI:0.82-1.116; P=0.5750681677)","0.861(95% CI:0.833-0.89; P=0)","0.96(95% CI:0.801-1.15; P=0.6568860781)","Raw","healthy_noncancer_control","Raw healthy_noncancer_control"
"bOHbutyrate","3-Hydroxybutyrate","LC","1.117(95% CI:0.987-1.265; P=0.0794161717)","1.121(95% CI:1.093-1.15; P=0)","1.154(95% CI:1.011-1.316; P=0.0338746694)","Raw","healthy_noncancer_control","Raw healthy_noncancer_control"
"Cholines","Total Cholines","LC","1.038(95% CI:0.88-1.225; P=0.6587312517)","0.868(95% CI:0.838-0.899; P=0)","1.022(95% CI:0.846-1.233; P=0.8243149162)","Raw","healthy_noncancer_control","Raw healthy_noncancer_control"
"Citrate","Citrate","LC","0.942(95% CI:0.795-1.117; P=0.4942448309)","0.899(95% CI:0.868-0.931; P=0.0000000026)","0.954(95% CI:0.765-1.19; P=0.6746153051)","Raw","healthy_noncancer_control","Raw healthy_noncancer_control"
"Clinical_LDL_C","Clinical LDL Cholesterol","LC","0.896(95% CI:0.772-1.04; P=0.1485851988)","0.816(95% CI:0.79-0.842; P=0)","0.878(95% CI:0.738-1.045; P=0.1437607205)","Raw","healthy_noncancer_control","Raw healthy_noncancer_control"
"Creatinine","Creatinine","LC","0.949(95% CI:0.802-1.122; P=0.5397030209)","0.989(95% CI:0.952-1.028; P=0.5792372726)","0.934(95% CI:0.76-1.148; P=0.5160193223)","Raw","healthy_noncancer_control","Raw healthy_noncancer_control"
"DHA","Docosahexaenoic Acid","LC","0.928(95% CI:0.797-1.079; P=0.3300751065)","0.746(95% CI:0.719-0.775; P=0)","0.865(95% CI:0.716-1.045; P=0.13161286)","Raw","healthy_noncancer_control","Raw healthy_noncancer_control"
"Gln","Glutamine","LC","1.023(95% CI:0.874-1.196; P=0.7789699238)","1.012(95% CI:0.978-1.047; P=0.4863599379)","0.998(95% CI:0.831-1.199; P=0.9851891233)","Raw","healthy_noncancer_control","Raw healthy_noncancer_control"
"Glucose","Glucose","LC","1.008(95% CI:0.878-1.158; P=0.9108595262)","0.963(95% CI:0.931-0.997; P=0.0334415685)","1.038(95% CI:0.877-1.229; P=0.6647186478)","Raw","healthy_noncancer_control","Raw healthy_noncancer_control"
"Gly","Glycine","LC","1.149(95% CI:0.99-1.334; P=0.0674057327)","0.979(95% CI:0.943-1.016; P=0.2577451659)","1.062(95% CI:0.88-1.28; P=0.5318371906)","Raw","healthy_noncancer_control","Raw healthy_noncancer_control"
"GlycA","Glycoprotein Acetyls","LC","1.404(95% CI:1.214-1.624; P=0.0000046851)","1.404(95% CI:1.359-1.451; P=0)","1.442(95% CI:1.211-1.716; P=0.000038623)","Raw","healthy_noncancer_control","Raw healthy_noncancer_control"
"HDL_C","HDL Cholesterol","LC","0.987(95% CI:0.844-1.155; P=0.8724809214)","0.852(95% CI:0.82-0.885; P=0)","0.903(95% CI:0.744-1.094; P=0.2970909763)","Raw","healthy_noncancer_control","Raw healthy_noncancer_control"
"HDL_CE","Cholesteryl Esters in HDL","LC","0.977(95% CI:0.836-1.141; P=0.7661207631)","0.848(95% CI:0.817-0.881; P=0)","0.89(95% CI:0.735-1.079; P=0.2368487314)","Raw","healthy_noncancer_control","Raw healthy_noncancer_control"
"HDL_FC","Free Cholesterol in HDL","LC","1.023(95% CI:0.873-1.198; P=0.7817552596)","0.875(95% CI:0.842-0.91; P=0)","0.946(95% CI:0.78-1.147; P=0.5727032647)","Raw","healthy_noncancer_control","Raw healthy_noncancer_control"
"HDL_L","Total Lipids in HDL","LC","1.035(95% CI:0.881-1.216; P=0.6764142731)","0.893(95% CI:0.86-0.927; P=0.000000004)","0.97(95% CI:0.8-1.176; P=0.7583962902)","Raw","healthy_noncancer_control","Raw healthy_noncancer_control"
"HDL_PL","Phospholipids in HDL","LC","1.047(95% CI:0.891-1.231; P=0.5762673398)","0.926(95% CI:0.892-0.961; P=0.0000524552)","0.992(95% CI:0.819-1.201; P=0.9325426161)","Raw","healthy_noncancer_control","Raw healthy_noncancer_control"
"HDL_TG","Triglycerides in HDL","LC","1.151(95% CI:0.995-1.332; P=0.0579919509)","1.096(95% CI:1.061-1.132; P=0.0000000355)","1.215(95% CI:1.03-1.435; P=0.0211710005)","Raw","healthy_noncancer_control","Raw healthy_noncancer_control"
"His","Histidine","LC","0.934(95% CI:0.8-1.09; P=0.3866563744)","0.865(95% CI:0.834-0.897; P=0)","0.869(95% CI:0.723-1.044; P=0.1330210746)","Raw","healthy_noncancer_control","Raw healthy_noncancer_control"
"IDL_C","Cholesterol in IDL","LC","0.912(95% CI:0.785-1.06; P=0.2288404051)","0.81(95% CI:0.784-0.838; P=0)","0.874(95% CI:0.732-1.043; P=0.1346648452)","Raw","healthy_noncancer_control","Raw healthy_noncancer_control"
"IDL_CE","Cholesteryl Esters in IDL","LC","0.925(95% CI:0.795-1.075; P=0.3080887371)","0.808(95% CI:0.782-0.836; P=0)","0.889(95% CI:0.744-1.062; P=0.1931692865)","Raw","healthy_noncancer_control","Raw healthy_noncancer_control"
"IDL_FC","Free Cholesterol in IDL","LC","0.885(95% CI:0.763-1.027; P=0.108133984)","0.819(95% CI:0.792-0.847; P=0)","0.844(95% CI:0.706-1.008; P=0.0616930281)","Raw","healthy_noncancer_control","Raw healthy_noncancer_control"
"IDL_PL","Phospholipids in IDL","LC","0.93(95% CI:0.798-1.083; P=0.3472615243)","0.847(95% CI:0.819-0.876; P=0)","0.906(95% CI:0.757-1.085; P=0.2833526208)","Raw","healthy_noncancer_control","Raw healthy_noncancer_control"
"IDL_TG","Triglycerides in IDL","LC","1.2(95% CI:1.039-1.387; P=0.0134350807)","1.117(95% CI:1.082-1.153; P=0)","1.248(95% CI:1.063-1.466; P=0.0067445739)","Raw","healthy_noncancer_control","Raw healthy_noncancer_control"
"Ile","Isoleucine","LC","0.882(95% CI:0.754-1.032; P=0.1163346619)","0.977(95% CI:0.945-1.012; P=0.1932303194)","0.875(95% CI:0.722-1.061; P=0.1751296146)","Raw","healthy_noncancer_control","Raw healthy_noncancer_control"
"L_HDL_C","Cholesterol in Large HDL","LC","0.985(95% CI:0.843-1.152; P=0.8514969231)","0.868(95% CI:0.835-0.902; P=0)","0.876(95% CI:0.72-1.067; P=0.1878165135)","Raw","healthy_noncancer_control","Raw healthy_noncancer_control"
"L_HDL_CE","Cholesteryl Esters in Large HDL","LC","0.982(95% CI:0.84-1.147; P=0.8178536977)","0.863(95% CI:0.83-0.897; P=0)","0.872(95% CI:0.716-1.062; P=0.1726862551)","Raw","healthy_noncancer_control","Raw healthy_noncancer_control"
"L_HDL_FC","Free Cholesterol in Large HDL","LC","0.995(95% CI:0.851-1.163; P=0.9494306311)","0.887(95% CI:0.853-0.923; P=0.0000000021)","0.887(95% CI:0.727-1.081; P=0.233165182)","Raw","healthy_noncancer_control","Raw healthy_noncancer_control"
"L_HDL_PL","Phospholipids in Large HDL","LC","1.016(95% CI:0.867-1.191; P=0.8405842785)","0.908(95% CI:0.874-0.944; P=0.0000011362)","0.916(95% CI:0.753-1.114; P=0.38109272)","Raw","healthy_noncancer_control","Raw healthy_noncancer_control"
"L_HDL_TG","Triglycerides in Large HDL","LC","1.134(95% CI:0.977-1.318; P=0.0990388869)","1.034(95% CI:1-1.07; P=0.0519255182)","1.144(95% CI:0.967-1.353; P=0.1176275849)","Raw","healthy_noncancer_control","Raw healthy_noncancer_control"
"L_LDL_C","Cholesterol in Large LDL","LC","0.89(95% CI:0.766-1.033; P=0.1261784266)","0.809(95% CI:0.783-0.836; P=0)","0.875(95% CI:0.733-1.043; P=0.1366651615)","Raw","healthy_noncancer_control","Raw healthy_noncancer_control"
"L_LDL_CE","Cholesteryl Esters in Large LDL","LC","0.897(95% CI:0.771-1.043; P=0.156951388)","0.814(95% CI:0.788-0.842; P=0)","0.889(95% CI:0.744-1.062; P=0.1935313595)","Raw","healthy_noncancer_control","Raw healthy_noncancer_control"
"L_LDL_FC","Free Cholesterol in Large LDL","LC","0.877(95% CI:0.757-1.016; P=0.0809866948)","0.796(95% CI:0.77-0.823; P=0)","0.847(95% CI:0.71-1.011; P=0.0654545119)","Raw","healthy_noncancer_control","Raw healthy_noncancer_control"
"L_LDL_PL","Phospholipids in Large LDL","LC","0.916(95% CI:0.787-1.065; P=0.2545439644)","0.819(95% CI:0.793-0.847; P=0)","0.906(95% CI:0.757-1.085; P=0.2827753174)","Raw","healthy_noncancer_control","Raw healthy_noncancer_control"
"L_LDL_TG","Triglycerides in Large LDL","LC","1.212(95% CI:1.05-1.4; P=0.0086484662)","1.111(95% CI:1.076-1.147; P=0.0000000001)","1.271(95% CI:1.084-1.49; P=0.0030800587)","Raw","healthy_noncancer_control","Raw healthy_noncancer_control"
"L_VLDL_C","Cholesterol in Large VLDL","LC","1.064(95% CI:0.915-1.238; P=0.4199340834)","0.999(95% CI:0.966-1.034; P=0.9760952909)","1.138(95% CI:0.952-1.36; P=0.1559335437)","Raw","healthy_noncancer_control","Raw healthy_noncancer_control"
"L_VLDL_CE","Cholesteryl Esters in Large VLDL","LC","1.053(95% CI:0.904-1.225; P=0.5075976709)","0.972(95% CI:0.939-1.006; P=0.1038280482)","1.113(95% CI:0.931-1.331; P=0.2392337725)","Raw","healthy_noncancer_control","Raw healthy_noncancer_control"
"L_VLDL_FC","Free Cholesterol in Large VLDL","LC","1.073(95% CI:0.924-1.246; P=0.3535109978)","1.026(95% CI:0.992-1.062; P=0.1411984436)","1.158(95% CI:0.972-1.38; P=0.1011700883)","Raw","healthy_noncancer_control","Raw healthy_noncancer_control"
"L_VLDL_PL","Phospholipids in Large VLDL","LC","1.088(95% CI:0.939-1.261; P=0.2626436484)","1.045(95% CI:1.01-1.081; P=0.0104327213)","1.174(95% CI:0.987-1.397; P=0.070025359)","Raw","healthy_noncancer_control","Raw healthy_noncancer_control"
"L_VLDL_TG","Triglycerides in Large VLDL","LC","1.06(95% CI:0.915-1.229; P=0.4358360035)","1.026(95% CI:0.992-1.062; P=0.1355496787)","1.137(95% CI:0.955-1.355; P=0.1491238915)","Raw","healthy_noncancer_control","Raw healthy_noncancer_control"
"LA","Linoleic Acid","LC","1.1(95% CI:0.94-1.287; P=0.2344268551)","0.81(95% CI:0.783-0.837; P=0)","1.12(95% CI:0.932-1.346; P=0.2253764892)","Raw","healthy_noncancer_control","Raw healthy_noncancer_control"
"Lactate","Lactate","LC","1.15(95% CI:0.995-1.328; P=0.0577662648)","1.2(95% CI:1.158-1.243; P=0)","1.147(95% CI:0.964-1.365; P=0.1221368965)","Raw","healthy_noncancer_control","Raw healthy_noncancer_control"
"LDL_C","LDL Cholesterol","LC","0.903(95% CI:0.776-1.051; P=0.1867356388)","0.819(95% CI:0.793-0.846; P=0)","0.897(95% CI:0.751-1.072; P=0.2318380241)","Raw","healthy_noncancer_control","Raw healthy_noncancer_control"
"LDL_CE","Cholesteryl Esters in LDL","LC","0.914(95% CI:0.785-1.065; P=0.2514761786)","0.829(95% CI:0.802-0.857; P=0)","0.919(95% CI:0.768-1.099; P=0.3541830709)","Raw","healthy_noncancer_control","Raw healthy_noncancer_control"
"LDL_FC","Free Cholesterol in LDL","LC","0.882(95% CI:0.761-1.022; P=0.0952358016)","0.799(95% CI:0.773-0.826; P=0)","0.855(95% CI:0.717-1.02; P=0.0810416108)","Raw","healthy_noncancer_control","Raw healthy_noncancer_control"
"LDL_L","Total Lipids in LDL","LC","0.924(95% CI:0.792-1.077; P=0.310221341)","0.832(95% CI:0.805-0.859; P=0)","0.924(95% CI:0.772-1.105; P=0.386831181)","Raw","healthy_noncancer_control","Raw healthy_noncancer_control"
"LDL_PL","Phospholipids in LDL","LC","0.933(95% CI:0.801-1.086; P=0.3706276741)","0.831(95% CI:0.804-0.859; P=0)","0.931(95% CI:0.778-1.115; P=0.4386347262)","Raw","healthy_noncancer_control","Raw healthy_noncancer_control"
"LDL_TG","Triglycerides in LDL","LC","1.205(95% CI:1.043-1.392; P=0.0111807957)","1.104(95% CI:1.069-1.14; P=0.0000000012)","1.271(95% CI:1.082-1.493; P=0.0034585197)","Raw","healthy_noncancer_control","Raw healthy_noncancer_control"
"Leu","Leucine","LC","0.863(95% CI:0.738-1.01; P=0.0660088374)","0.961(95% CI:0.927-0.995; P=0.0253807468)","0.853(95% CI:0.704-1.033; P=0.1035959023)","Raw","healthy_noncancer_control","Raw healthy_noncancer_control"
"M_HDL_C","Cholesterol in Medium HDL","LC","1.01(95% CI:0.864-1.181; P=0.8974577022)","0.895(95% CI:0.863-0.929; P=0.0000000037)","0.952(95% CI:0.788-1.15; P=0.607260791)","Raw","healthy_noncancer_control","Raw healthy_noncancer_control"
"M_HDL_CE","Cholesteryl Esters in Medium HDL","LC","1.004(95% CI:0.859-1.172; P=0.9627424219)","0.896(95% CI:0.864-0.93; P=0.0000000046)","0.944(95% CI:0.781-1.14; P=0.5466520228)","Raw","healthy_noncancer_control","Raw healthy_noncancer_control"
"M_HDL_FC","Free Cholesterol in Medium HDL","LC","1.033(95% CI:0.882-1.211; P=0.6855573017)","0.901(95% CI:0.867-0.935; P=0.0000000464)","0.983(95% CI:0.814-1.188; P=0.8621347915)","Raw","healthy_noncancer_control","Raw healthy_noncancer_control"
"M_HDL_PL","Phospholipids in Medium HDL","LC","1.058(95% CI:0.903-1.24; P=0.4855677914)","0.965(95% CI:0.931-1.001; P=0.0555274723)","1.043(95% CI:0.865-1.257; P=0.658985559)","Raw","healthy_noncancer_control","Raw healthy_noncancer_control"
"M_HDL_TG","Triglycerides in Medium HDL","LC","1.133(95% CI:0.98-1.309; P=0.0917579482)","1.102(95% CI:1.067-1.138; P=0.0000000041)","1.202(95% CI:1.019-1.417; P=0.0290121084)","Raw","healthy_noncancer_control","Raw healthy_noncancer_control"
"M_LDL_C","Cholesterol in Medium LDL","LC","0.936(95% CI:0.802-1.092; P=0.3999929351)","0.844(95% CI:0.816-0.873; P=0)","0.958(95% CI:0.799-1.149; P=0.6441769993)","Raw","healthy_noncancer_control","Raw healthy_noncancer_control"
"M_LDL_CE","Cholesteryl Esters in Medium LDL","LC","0.955(95% CI:0.818-1.115; P=0.5620423129)","0.864(95% CI:0.836-0.894; P=0)","0.993(95% CI:0.827-1.192; P=0.9359096419)","Raw","healthy_noncancer_control","Raw healthy_noncancer_control"
"M_LDL_FC","Free Cholesterol in Medium LDL","LC","0.897(95% CI:0.772-1.041; P=0.1523964364)","0.805(95% CI:0.778-0.832; P=0)","0.884(95% CI:0.738-1.057; P=0.1760389774)","Raw","healthy_noncancer_control","Raw healthy_noncancer_control"
"M_LDL_PL","Phospholipids in Medium LDL","LC","0.957(95% CI:0.821-1.116; P=0.5776860408)","0.849(95% CI:0.821-0.879; P=0)","0.978(95% CI:0.815-1.172; P=0.8076895811)","Raw","healthy_noncancer_control","Raw healthy_noncancer_control"
"M_LDL_TG","Triglycerides in Medium LDL","LC","1.197(95% CI:1.041-1.378; P=0.0118048137)","1.091(95% CI:1.057-1.126; P=0.0000000799)","1.27(95% CI:1.086-1.487; P=0.002831021)","Raw","healthy_noncancer_control","Raw healthy_noncancer_control"
"M_VLDL_C","Cholesterol in Medium VLDL","LC","0.929(95% CI:0.799-1.081; P=0.3411705535)","0.843(95% CI:0.815-0.872; P=0)","0.916(95% CI:0.765-1.096; P=0.3381288626)","Raw","healthy_noncancer_control","Raw healthy_noncancer_control"
"M_VLDL_CE","Cholesteryl Esters in Medium VLDL","LC","0.901(95% CI:0.777-1.046; P=0.1702602257)","0.825(95% CI:0.797-0.853; P=0)","0.869(95% CI:0.726-1.039; P=0.1235345595)","Raw","healthy_noncancer_control","Raw healthy_noncancer_control"
"M_VLDL_FC","Free Cholesterol in Medium VLDL","LC","0.977(95% CI:0.838-1.139; P=0.7639111499)","0.882(95% CI:0.852-0.913; P=0)","0.994(95% CI:0.829-1.191; P=0.9476716007)","Raw","healthy_noncancer_control","Raw healthy_noncancer_control"
"M_VLDL_PL","Phospholipids in Medium VLDL","LC","1.003(95% CI:0.86-1.171; P=0.9659518709)","0.902(95% CI:0.872-0.934; P=0.0000000035)","1.036(95% CI:0.865-1.242; P=0.6999025866)","Raw","healthy_noncancer_control","Raw healthy_noncancer_control"
"M_VLDL_TG","Triglycerides in Medium VLDL","LC","1.081(95% CI:0.93-1.255; P=0.3103869778)","1.003(95% CI:0.969-1.038; P=0.8805817771)","1.157(95% CI:0.969-1.381; P=0.1071041303)","Raw","healthy_noncancer_control","Raw healthy_noncancer_control"
"MUFA","Monounsaturated Fatty Acids","LC","1.175(95% CI:1.007-1.37; P=0.0410274894)","1.119(95% CI:1.082-1.157; P=0)","1.237(95% CI:1.036-1.478; P=0.0189122694)","Raw","healthy_noncancer_control","Raw healthy_noncancer_control"
"non_HDL_C","Total Cholesterol Minus HDL-C","LC","0.924(95% CI:0.792-1.078; P=0.3135172553)","0.835(95% CI:0.809-0.863; P=0)","0.918(95% CI:0.768-1.097; P=0.346153268)","Raw","healthy_noncancer_control","Raw healthy_noncancer_control"
"Omega_3","Omega-3 Fatty Acids","LC","0.918(95% CI:0.783-1.076; P=0.2918637178)","0.801(95% CI:0.772-0.83; P=0)","0.886(95% CI:0.733-1.07; P=0.2078780293)","Raw","healthy_noncancer_control","Raw healthy_noncancer_control"
"Omega_6","Omega-6 Fatty Acids","LC","1.079(95% CI:0.918-1.269; P=0.3555352497)","0.834(95% CI:0.806-0.863; P=0)","1.096(95% CI:0.91-1.321; P=0.3337474878)","Raw","healthy_noncancer_control","Raw healthy_noncancer_control"
"Phe","Phenylalanine","LC","1.039(95% CI:0.903-1.197; P=0.5908827939)","0.999(95% CI:0.967-1.033; P=0.9668635299)","0.979(95% CI:0.817-1.174; P=0.8222860203)","Raw","healthy_noncancer_control","Raw healthy_noncancer_control"
"Phosphatidylc","Phosphatidylcholines","LC","1.076(95% CI:0.909-1.274; P=0.3945269427)","0.865(95% CI:0.835-0.896; P=0)","1.062(95% CI:0.879-1.283; P=0.5350748992)","Raw","healthy_noncancer_control","Raw healthy_noncancer_control"
"Phosphoglyc","Phosphoglycerides","LC","1.062(95% CI:0.899-1.256; P=0.477072372)","0.893(95% CI:0.862-0.925; P=0.0000000003)","1.058(95% CI:0.876-1.277; P=0.5586311452)","Raw","healthy_noncancer_control","Raw healthy_noncancer_control"
"PUFA","Polyunsaturated Fatty Acids","LC","1.043(95% CI:0.882-1.233; P=0.6227796259)","0.806(95% CI:0.779-0.834; P=0)","1.046(95% CI:0.865-1.264; P=0.6435585536)","Raw","healthy_noncancer_control","Raw healthy_noncancer_control"
"Pyruvate","Pyruvate","LC","1.118(95% CI:0.976-1.28; P=0.1071150857)","1.092(95% CI:1.065-1.12; P=0)","1.103(95% CI:0.935-1.302; P=0.2462391782)","Raw","healthy_noncancer_control","Raw healthy_noncancer_control"
"Remnant_C","Remnant Cholesterol (Non-HDL and Non-LDL -Cholesterol)","LC","0.954(95% CI:0.816-1.114; P=0.5505170279)","0.859(95% CI:0.832-0.888; P=0)","0.948(95% CI:0.791-1.135; P=0.5588161507)","Raw","healthy_noncancer_control","Raw healthy_noncancer_control"
"S_HDL_C","Cholesterol in Small HDL","LC","0.967(95% CI:0.83-1.127; P=0.6711573949)","0.883(95% CI:0.853-0.913; P=0)","1.011(95% CI:0.843-1.213; P=0.9066881357)","Raw","healthy_noncancer_control","Raw healthy_noncancer_control"
"S_HDL_CE","Cholesteryl Esters in Small HDL","LC","0.934(95% CI:0.803-1.086; P=0.3724246148)","0.881(95% CI:0.852-0.911; P=0)","0.971(95% CI:0.81-1.162; P=0.7450585801)","Raw","healthy_noncancer_control","Raw healthy_noncancer_control"
"S_HDL_FC","Free Cholesterol in Small HDL","LC","1.081(95% CI:0.921-1.269; P=0.3387688305)","0.909(95% CI:0.878-0.942; P=0.0000000834)","1.125(95% CI:0.937-1.35; P=0.2066214761)","Raw","healthy_noncancer_control","Raw healthy_noncancer_control"
"S_HDL_PL","Phospholipids in Small HDL","LC","1.069(95% CI:0.916-1.249; P=0.3959687318)","0.985(95% CI:0.952-1.019; P=0.3696453578)","1.14(95% CI:0.952-1.364; P=0.1534758204)","Raw","healthy_noncancer_control","Raw healthy_noncancer_control"
"S_HDL_TG","Triglycerides in Small HDL","LC","1.153(95% CI:0.999-1.329; P=0.0508104683)","1.12(95% CI:1.084-1.157; P=0)","1.254(95% CI:1.063-1.479; P=0.0072801783)","Raw","healthy_noncancer_control","Raw healthy_noncancer_control"
"S_LDL_C","Cholesterol in Small LDL","LC","0.943(95% CI:0.809-1.098; P=0.4498129852)","0.844(95% CI:0.816-0.873; P=0)","0.953(95% CI:0.795-1.143; P=0.6061333275)","Raw","healthy_noncancer_control","Raw healthy_noncancer_control"
"S_LDL_CE","Cholesteryl Esters in Small LDL","LC","0.965(95% CI:0.827-1.126; P=0.6508502975)","0.865(95% CI:0.836-0.895; P=0)","0.991(95% CI:0.826-1.189; P=0.9214358313)","Raw","healthy_noncancer_control","Raw healthy_noncancer_control"
"S_LDL_FC","Free Cholesterol in Small LDL","LC","0.897(95% CI:0.774-1.039; P=0.1481218548)","0.811(95% CI:0.785-0.839; P=0)","0.872(95% CI:0.73-1.042; P=0.1319393252)","Raw","healthy_noncancer_control","Raw healthy_noncancer_control"
"S_LDL_PL","Phospholipids in Small LDL","LC","0.975(95% CI:0.838-1.134; P=0.7395764535)","0.869(95% CI:0.841-0.899; P=0)","0.98(95% CI:0.819-1.174; P=0.8298943445)","Raw","healthy_noncancer_control","Raw healthy_noncancer_control"
"S_LDL_TG","Triglycerides in Small LDL","LC","1.144(95% CI:0.995-1.316; P=0.059266764)","1.079(95% CI:1.045-1.114; P=0.0000036786)","1.219(95% CI:1.039-1.431; P=0.0152795579)","Raw","healthy_noncancer_control","Raw healthy_noncancer_control"
"S_VLDL_C","Cholesterol in Small VLDL","LC","1.007(95% CI:0.864-1.175; P=0.9258480862)","0.921(95% CI:0.89-0.953; P=0.0000020881)","1.038(95% CI:0.867-1.243; P=0.681676817)","Raw","healthy_noncancer_control","Raw healthy_noncancer_control"
"S_VLDL_CE","Cholesteryl Esters in Small VLDL","LC","1.024(95% CI:0.879-1.194; P=0.7577811053)","0.945(95% CI:0.913-0.977; P=0.0010423666)","1.065(95% CI:0.89-1.273; P=0.4925771837)","Raw","healthy_noncancer_control","Raw healthy_noncancer_control"
"S_VLDL_FC","Free Cholesterol in Small VLDL","LC","0.981(95% CI:0.842-1.142; P=0.80079666)","0.884(95% CI:0.855-0.915; P=0)","0.998(95% CI:0.834-1.195; P=0.9864842909)","Raw","healthy_noncancer_control","Raw healthy_noncancer_control"
"S_VLDL_PL","Phospholipids in Small VLDL","LC","1.033(95% CI:0.885-1.204; P=0.6830407511)","0.922(95% CI:0.891-0.954; P=0.0000029808)","1.074(95% CI:0.897-1.285; P=0.4380418279)","Raw","healthy_noncancer_control","Raw healthy_noncancer_control"
"S_VLDL_TG","Triglycerides in Small VLDL","LC","1.162(95% CI:1.006-1.343; P=0.0418644275)","1.062(95% CI:1.027-1.098; P=0.0004659846)","1.243(95% CI:1.049-1.472; P=0.0118831199)","Raw","healthy_noncancer_control","Raw healthy_noncancer_control"
"SFA","Saturated Fatty Acids","LC","1.089(95% CI:0.929-1.277; P=0.2927345096)","1.046(95% CI:1.011-1.081; P=0.009162856)","1.137(95% CI:0.949-1.363; P=0.1647934031)","Raw","healthy_noncancer_control","Raw healthy_noncancer_control"
"Sphingomyelins","Sphingomyelins","LC","0.948(95% CI:0.811-1.108; P=0.5013616383)","0.881(95% CI:0.85-0.912; P=0)","0.901(95% CI:0.749-1.084; P=0.2701585236)","Raw","healthy_noncancer_control","Raw healthy_noncancer_control"
"Total_C","Total Cholesterol","LC","0.929(95% CI:0.797-1.082; P=0.3425368321)","0.813(95% CI:0.787-0.84; P=0)","0.904(95% CI:0.756-1.081; P=0.2671344175)","Raw","healthy_noncancer_control","Raw healthy_noncancer_control"
"Total_CE","Total Esterified Cholesterol","LC","0.922(95% CI:0.792-1.073; P=0.2941997548)","0.807(95% CI:0.781-0.834; P=0)","0.893(95% CI:0.747-1.067; P=0.2138194395)","Raw","healthy_noncancer_control","Raw healthy_noncancer_control"
"Total_FA","Total Fatty Acids","LC","1.109(95% CI:0.941-1.306; P=0.2164787969)","0.988(95% CI:0.954-1.022; P=0.4773613294)","1.148(95% CI:0.954-1.381; P=0.144591786)","Raw","healthy_noncancer_control","Raw healthy_noncancer_control"
"Total_FC","Total Free Cholesterol","LC","0.948(95% CI:0.812-1.107; P=0.5010112378)","0.828(95% CI:0.801-0.856; P=0)","0.934(95% CI:0.78-1.119; P=0.4609523883)","Raw","healthy_noncancer_control","Raw healthy_noncancer_control"
"Total_L","Total Lipids in Lipoprotein Particles","LC","1.003(95% CI:0.853-1.178; P=0.9749330431)","0.876(95% CI:0.847-0.906; P=0)","1.014(95% CI:0.843-1.22; P=0.8838747978)","Raw","healthy_noncancer_control","Raw healthy_noncancer_control"
"Total_PL","Total Phospholipids in Lipoprotein Particles","LC","1.017(95% CI:0.864-1.198; P=0.8355195318)","0.875(95% CI:0.845-0.906; P=0)","1.01(95% CI:0.838-1.217; P=0.9197535147)","Raw","healthy_noncancer_control","Raw healthy_noncancer_control"
"Total_TG","Total Triglycerides","LC","1.119(95% CI:0.961-1.302; P=0.1474461732)","1.072(95% CI:1.037-1.109; P=0.0000503126)","1.2(95% CI:1.004-1.435; P=0.0455578067)","Raw","healthy_noncancer_control","Raw healthy_noncancer_control"
"Tyr","Tyrosine","LC","0.911(95% CI:0.782-1.062; P=0.2330130882)","0.951(95% CI:0.919-0.984; P=0.003700579)","0.857(95% CI:0.71-1.034; P=0.1076642075)","Raw","healthy_noncancer_control","Raw healthy_noncancer_control"
"Unsaturation","Degree of Unsaturation","LC","0.832(95% CI:0.722-0.958; P=0.0107572451)","0.717(95% CI:0.693-0.741; P=0)","0.763(95% CI:0.64-0.909; P=0.0024936194)","Raw","healthy_noncancer_control","Raw healthy_noncancer_control"
"Val","Valine","LC","0.82(95% CI:0.698-0.964; P=0.0163817218)","0.914(95% CI:0.882-0.948; P=0.0000009032)","0.82(95% CI:0.675-0.996; P=0.0459731121)","Raw","healthy_noncancer_control","Raw healthy_noncancer_control"
"VLDL_C","VLDL Cholesterol","LC","1.003(95% CI:0.858-1.174; P=0.9660714073)","0.931(95% CI:0.9-0.963; P=0.0000307476)","1.031(95% CI:0.859-1.237; P=0.7451661914)","Raw","healthy_noncancer_control","Raw healthy_noncancer_control"
"VLDL_CE","Cholesteryl Esters in VLDL","LC","0.984(95% CI:0.842-1.148; P=0.8334399441)","0.911(95% CI:0.881-0.942; P=0.000000048)","1(95% CI:0.834-1.198; P=0.9964204279)","Raw","healthy_noncancer_control","Raw healthy_noncancer_control"
"VLDL_FC","Free Cholesterol in VLDL","LC","1.035(95% CI:0.886-1.208; P=0.663316666)","0.965(95% CI:0.933-0.998; P=0.0401703294)","1.084(95% CI:0.904-1.299; P=0.3833942785)","Raw","healthy_noncancer_control","Raw healthy_noncancer_control"
"VLDL_L","Total Lipids in VLDL","LC","1.067(95% CI:0.911-1.249; P=0.4220016948)","1.009(95% CI:0.975-1.044; P=0.6250099971)","1.13(95% CI:0.939-1.36; P=0.1950282588)","Raw","healthy_noncancer_control","Raw healthy_noncancer_control"
"VLDL_PL","Phospholipids in VLDL","LC","1.064(95% CI:0.911-1.242; P=0.4341875543)","0.993(95% CI:0.96-1.028; P=0.7034683247)","1.122(95% CI:0.936-1.345; P=0.2119864927)","Raw","healthy_noncancer_control","Raw healthy_noncancer_control"
"VLDL_TG","Triglycerides in VLDL","LC","1.093(95% CI:0.94-1.27; P=0.2469146768)","1.059(95% CI:1.024-1.096; P=0.0008939966)","1.176(95% CI:0.983-1.406; P=0.0762657589)","Raw","healthy_noncancer_control","Raw healthy_noncancer_control"
"XL_HDL_C","Cholesterol in Very Large HDL","LC","0.976(95% CI:0.838-1.136; P=0.7492241757)","0.879(95% CI:0.846-0.913; P=0)","0.858(95% CI:0.705-1.042; P=0.1228147595)","Raw","healthy_noncancer_control","Raw healthy_noncancer_control"
"XL_HDL_CE","Cholesteryl Esters in Very Large HDL","LC","0.975(95% CI:0.837-1.136; P=0.746639325)","0.868(95% CI:0.835-0.902; P=0)","0.855(95% CI:0.703-1.041; P=0.1187075832)","Raw","healthy_noncancer_control","Raw healthy_noncancer_control"
"XL_HDL_FC","Free Cholesterol in Very Large HDL","LC","0.978(95% CI:0.842-1.136; P=0.7741206179)","0.925(95% CI:0.892-0.96; P=0.0000315053)","0.872(95% CI:0.721-1.055; P=0.1588426929)","Raw","healthy_noncancer_control","Raw healthy_noncancer_control"
"XL_HDL_PL","Phospholipids in Very Large HDL","LC","0.988(95% CI:0.847-1.154; P=0.8812655571)","0.919(95% CI:0.885-0.955; P=0.0000138705)","0.866(95% CI:0.709-1.057; P=0.1559046714)","Raw","healthy_noncancer_control","Raw healthy_noncancer_control"
"XL_HDL_TG","Triglycerides in Very Large HDL","LC","1.156(95% CI:1-1.337; P=0.049232554)","1.043(95% CI:1.009-1.077; P=0.0127570568)","1.183(95% CI:1.003-1.394; P=0.045669221)","Raw","healthy_noncancer_control","Raw healthy_noncancer_control"
"XL_VLDL_C","Cholesterol in Very Large VLDL","LC","1.051(95% CI:0.904-1.223; P=0.5169843075)","1.01(95% CI:0.976-1.045; P=0.5705528073)","1.124(95% CI:0.941-1.342; P=0.1984157954)","Raw","healthy_noncancer_control","Raw healthy_noncancer_control"
"XL_VLDL_CE","Cholesteryl Esters in Very Large VLDL","LC","1.03(95% CI:0.885-1.2; P=0.7001765765)","0.978(95% CI:0.945-1.012; P=0.1953840707)","1.093(95% CI:0.913-1.308; P=0.3312472836)","Raw","healthy_noncancer_control","Raw healthy_noncancer_control"
"XL_VLDL_FC","Free Cholesterol in Very Large VLDL","LC","1.069(95% CI:0.923-1.239; P=0.3730823318)","1.043(95% CI:1.008-1.078; P=0.0149256004)","1.148(95% CI:0.966-1.364; P=0.1177138454)","Raw","healthy_noncancer_control","Raw healthy_noncancer_control"
"XL_VLDL_PL","Phospholipids in Very Large VLDL","LC","1.075(95% CI:0.929-1.245; P=0.3316100177)","1.055(95% CI:1.02-1.09; P=0.0018767229)","1.157(95% CI:0.975-1.373; P=0.0957770047)","Raw","healthy_noncancer_control","Raw healthy_noncancer_control"
"XL_VLDL_TG","Triglycerides in Very Large VLDL","LC","1.078(95% CI:0.933-1.246; P=0.3089658205)","1.077(95% CI:1.042-1.113; P=0.0000119255)","1.165(95% CI:0.982-1.382; P=0.0790143041)","Raw","healthy_noncancer_control","Raw healthy_noncancer_control"
"XS_VLDL_C","Cholesterol in Very Small VLDL","LC","0.973(95% CI:0.833-1.135; P=0.7241629643)","0.899(95% CI:0.868-0.93; P=0.0000000009)","0.954(95% CI:0.796-1.143; P=0.6117848879)","Raw","healthy_noncancer_control","Raw healthy_noncancer_control"
"XS_VLDL_CE","Cholesteryl Esters in Very Small VLDL","LC","0.948(95% CI:0.813-1.105; P=0.4938813928)","0.88(95% CI:0.85-0.91; P=0)","0.922(95% CI:0.77-1.105; P=0.3791538126)","Raw","healthy_noncancer_control","Raw healthy_noncancer_control"
"XS_VLDL_FC","Free Cholesterol in Very Small VLDL","LC","1.037(95% CI:0.888-1.21; P=0.6494294512)","0.952(95% CI:0.92-0.985; P=0.0042752743)","1.04(95% CI:0.87-1.244; P=0.6649907091)","Raw","healthy_noncancer_control","Raw healthy_noncancer_control"
"XS_VLDL_PL","Phospholipids in Very Small VLDL","LC","1.084(95% CI:0.929-1.265; P=0.304065917)","1.001(95% CI:0.967-1.035; P=0.9726539504)","1.1(95% CI:0.922-1.312; P=0.2887122549)","Raw","healthy_noncancer_control","Raw healthy_noncancer_control"
"XS_VLDL_TG","Triglycerides in Very Small VLDL","LC","1.201(95% CI:1.042-1.383; P=0.0112677935)","1.114(95% CI:1.079-1.15; P=0)","1.26(95% CI:1.074-1.477; P=0.0045580527)","Raw","healthy_noncancer_control","Raw healthy_noncancer_control"
"XXL_VLDL_C","Cholesterol in Chylomicrons and Extremely Large VLDL","LC","1.083(95% CI:0.938-1.25; P=0.2761728086)","1.083(95% CI:1.048-1.119; P=0.0000017632)","1.16(95% CI:0.98-1.374; P=0.0841044845)","Raw","healthy_noncancer_control","Raw healthy_noncancer_control"
"XXL_VLDL_CE","Cholesteryl Esters in Chylomicrons and Extremely Large VLDL","LC","1.077(95% CI:0.932-1.245; P=0.311822488)","1.072(95% CI:1.037-1.108; P=0.0000376207)","1.152(95% CI:0.972-1.367; P=0.1024876146)","Raw","healthy_noncancer_control","Raw healthy_noncancer_control"
"XXL_VLDL_FC","Free Cholesterol in Chylomicrons and Extremely Large VLDL","LC","1.085(95% CI:0.943-1.249; P=0.2536011846)","1.092(95% CI:1.058-1.128; P=0.0000000633)","1.161(95% CI:0.985-1.37; P=0.0758234176)","Raw","healthy_noncancer_control","Raw healthy_noncancer_control"
"XXL_VLDL_PL","Phospholipids in Chylomicrons and Extremely Large VLDL","LC","1.084(95% CI:0.943-1.246; P=0.2568455723)","1.098(95% CI:1.064-1.134; P=0.000000007)","1.16(95% CI:0.985-1.366; P=0.0758898863)","Raw","healthy_noncancer_control","Raw healthy_noncancer_control"
"XXL_VLDL_TG","Triglycerides in Chylomicrons and Extremely Large VLDL","LC","1.062(95% CI:0.92-1.225; P=0.4126521374)","1.093(95% CI:1.059-1.128; P=0.0000000411)","1.141(95% CI:0.965-1.349; P=0.1220397527)","Raw","healthy_noncancer_control","Raw healthy_noncancer_control"
"Acetate","Acetate","PCa","1.031(95% CI:0.972-1.093; P=0.3083982715)","0.992(95% CI:0.971-1.014; P=0.4745927488)","1.014(95% CI:0.931-1.104; P=0.7523342276)","Raw","healthy_noncancer_control","Raw healthy_noncancer_control"
"Acetoacetate","Acetoacetate","PCa","0.973(95% CI:0.884-1.072; P=0.582009413)","1.005(95% CI:0.986-1.025; P=0.6018971992)","0.95(95% CI:0.852-1.06; P=0.3594371023)","Raw","healthy_noncancer_control","Raw healthy_noncancer_control"
"Acetone","Acetone","PCa","0.952(95% CI:0.857-1.058; P=0.3600880409)","1.018(95% CI:0.999-1.037; P=0.0680295041)","0.963(95% CI:0.865-1.072; P=0.4941398977)","Raw","healthy_noncancer_control","Raw healthy_noncancer_control"
"Ala","Alanine","PCa","0.942(95% CI:0.858-1.035; P=0.2133675588)","0.939(95% CI:0.92-0.957; P=0.0000000004)","0.995(95% CI:0.897-1.104; P=0.9313607996)","Raw","healthy_noncancer_control","Raw healthy_noncancer_control"
"Albumin","Albumin","PCa","1.084(95% CI:0.982-1.198; P=0.1095311258)","1.001(95% CI:0.981-1.021; P=0.9133120211)","1.095(95% CI:0.985-1.216; P=0.0927016179)","Raw","healthy_noncancer_control","Raw healthy_noncancer_control"
"ApoA1","Apolipoprotein A1","PCa","0.966(95% CI:0.882-1.058; P=0.4560918689)","1.011(95% CI:0.992-1.031; P=0.2698908494)","0.986(95% CI:0.891-1.092; P=0.7903458111)","Raw","healthy_noncancer_control","Raw healthy_noncancer_control"
"ApoB","Apolipoprotein B","PCa","1.132(95% CI:1.029-1.245; P=0.0106018257)","1.002(95% CI:0.983-1.022; P=0.8051340134)","1.163(95% CI:1.048-1.291; P=0.0045590846)","Raw","healthy_noncancer_control","Raw healthy_noncancer_control"
"bOHbutyrate","3-Hydroxybutyrate","PCa","0.94(95% CI:0.847-1.044; P=0.2489644927)","1.01(95% CI:0.991-1.03; P=0.2956415143)","0.975(95% CI:0.876-1.085; P=0.6408007563)","Raw","healthy_noncancer_control","Raw healthy_noncancer_control"
"Cholines","Total Cholines","PCa","1.049(95% CI:0.953-1.155; P=0.329201796)","0.999(95% CI:0.98-1.019; P=0.9257166602)","1.094(95% CI:0.987-1.213; P=0.0886586253)","Raw","healthy_noncancer_control","Raw healthy_noncancer_control"
"Citrate","Citrate","PCa","0.885(95% CI:0.803-0.975; P=0.0138828462)","0.977(95% CI:0.958-0.997; P=0.0226259158)","0.908(95% CI:0.818-1.008; P=0.0698117504)","Raw","healthy_noncancer_control","Raw healthy_noncancer_control"
"Clinical_LDL_C","Clinical LDL Cholesterol","PCa","1.133(95% CI:1.03-1.247; P=0.0105073437)","1.021(95% CI:1.002-1.042; P=0.0326483672)","1.152(95% CI:1.036-1.28; P=0.0089289923)","Raw","healthy_noncancer_control","Raw healthy_noncancer_control"
"Creatinine","Creatinine","PCa","0.99(95% CI:0.903-1.084; P=0.8244820128)","1.014(95% CI:0.995-1.033; P=0.1436535332)","1.068(95% CI:0.965-1.181; P=0.2053761877)","Raw","healthy_noncancer_control","Raw healthy_noncancer_control"
"DHA","Docosahexaenoic Acid","PCa","0.971(95% CI:0.886-1.063; P=0.52117506)","1.077(95% CI:1.058-1.097; P=0)","0.993(95% CI:0.896-1.099; P=0.8878969168)","Raw","healthy_noncancer_control","Raw healthy_noncancer_control"
"Gln","Glutamine","PCa","1.025(95% CI:0.935-1.123; P=0.601756611)","0.988(95% CI:0.969-1.008; P=0.2353224942)","1.044(95% CI:0.941-1.158; P=0.4186210686)","Raw","healthy_noncancer_control","Raw healthy_noncancer_control"
"Glucose","Glucose","PCa","0.904(95% CI:0.822-0.994; P=0.036578495)","0.946(95% CI:0.926-0.965; P=0.0000000888)","0.893(95% CI:0.8-0.995; P=0.0406792382)","Raw","healthy_noncancer_control","Raw healthy_noncancer_control"
"Gly","Glycine","PCa","0.975(95% CI:0.888-1.071; P=0.6001418212)","0.983(95% CI:0.964-1.003; P=0.0923804023)","1.057(95% CI:0.954-1.17; P=0.2908800119)","Raw","healthy_noncancer_control","Raw healthy_noncancer_control"
"GlycA","Glycoprotein Acetyls","PCa","1.075(95% CI:0.98-1.179; P=0.1261683897)","0.964(95% CI:0.945-0.984; P=0.0004018165)","1.133(95% CI:1.023-1.256; P=0.0163817575)","Raw","healthy_noncancer_control","Raw healthy_noncancer_control"
"HDL_C","HDL Cholesterol","PCa","0.956(95% CI:0.874-1.046; P=0.3244888253)","1.032(95% CI:1.012-1.052; P=0.0013081134)","0.958(95% CI:0.867-1.06; P=0.4094318802)","Raw","healthy_noncancer_control","Raw healthy_noncancer_control"
"HDL_CE","Cholesteryl Esters in HDL","PCa","0.955(95% CI:0.873-1.044; P=0.3076456188)","1.034(95% CI:1.015-1.054; P=0.0005831342)","0.952(95% CI:0.861-1.054; P=0.3454672441)","Raw","healthy_noncancer_control","Raw healthy_noncancer_control"
"HDL_FC","Free Cholesterol in HDL","PCa","0.959(95% CI:0.876-1.05; P=0.3650950025)","1.022(95% CI:1.002-1.041; P=0.0288720633)","0.977(95% CI:0.884-1.08; P=0.6448453097)","Raw","healthy_noncancer_control","Raw healthy_noncancer_control"
"HDL_L","Total Lipids in HDL","PCa","0.953(95% CI:0.87-1.045; P=0.3064410481)","1.017(95% CI:0.997-1.036; P=0.098449867)","0.971(95% CI:0.877-1.075; P=0.5657288231)","Raw","healthy_noncancer_control","Raw healthy_noncancer_control"
"HDL_PL","Phospholipids in HDL","PCa","0.949(95% CI:0.865-1.041; P=0.2646257718)","1.01(95% CI:0.99-1.03; P=0.3317425783)","0.968(95% CI:0.874-1.073; P=0.5397090272)","Raw","healthy_noncancer_control","Raw healthy_noncancer_control"
"HDL_TG","Triglycerides in HDL","PCa","1.018(95% CI:0.927-1.117; P=0.7150152171)","0.95(95% CI:0.931-0.97; P=0.0000010004)","1.06(95% CI:0.957-1.173; P=0.264641493)","Raw","healthy_noncancer_control","Raw healthy_noncancer_control"
"His","Histidine","PCa","1.031(95% CI:0.939-1.133; P=0.5188664223)","1.018(95% CI:0.999-1.039; P=0.0680034338)","1.052(95% CI:0.948-1.167; P=0.340577659)","Raw","healthy_noncancer_control","Raw healthy_noncancer_control"
"IDL_C","Cholesterol in IDL","PCa","1.095(95% CI:0.998-1.201; P=0.0563234749)","1.026(95% CI:1.007-1.046; P=0.0085185065)","1.114(95% CI:1.005-1.234; P=0.0400041991)","Raw","healthy_noncancer_control","Raw healthy_noncancer_control"
"IDL_CE","Cholesteryl Esters in IDL","PCa","1.092(95% CI:0.995-1.198; P=0.0637107604)","1.025(95% CI:1.005-1.045; P=0.0127326034)","1.113(95% CI:1.005-1.233; P=0.0403158891)","Raw","healthy_noncancer_control","Raw healthy_noncancer_control"
"IDL_FC","Free Cholesterol in IDL","PCa","1.092(95% CI:0.998-1.196; P=0.0565510919)","1.025(95% CI:1.006-1.045; P=0.011309642)","1.106(95% CI:0.999-1.224; P=0.0520698695)","Raw","healthy_noncancer_control","Raw healthy_noncancer_control"
"IDL_PL","Phospholipids in IDL","PCa","1.1(95% CI:1.003-1.207; P=0.043190806)","1.018(95% CI:0.999-1.038; P=0.0650149606)","1.12(95% CI:1.011-1.24; P=0.0293072736)","Raw","healthy_noncancer_control","Raw healthy_noncancer_control"
"IDL_TG","Triglycerides in IDL","PCa","1.034(95% CI:0.941-1.137; P=0.4834218327)","0.953(95% CI:0.933-0.972; P=0.0000041216)","1.075(95% CI:0.971-1.189; P=0.1641584285)","Raw","healthy_noncancer_control","Raw healthy_noncancer_control"
"Ile","Isoleucine","PCa","1.008(95% CI:0.921-1.105; P=0.8580013864)","0.99(95% CI:0.97-1.009; P=0.3009620018)","1.012(95% CI:0.912-1.122; P=0.8248112283)","Raw","healthy_noncancer_control","Raw healthy_noncancer_control"
"L_HDL_C","Cholesterol in Large HDL","PCa","0.93(95% CI:0.849-1.019; P=0.1184971384)","1.041(95% CI:1.022-1.061; P=0.0000248762)","0.922(95% CI:0.832-1.022; P=0.1215500337)","Raw","healthy_noncancer_control","Raw healthy_noncancer_control"
"L_HDL_CE","Cholesteryl Esters in Large HDL","PCa","0.929(95% CI:0.849-1.018; P=0.1132780052)","1.043(95% CI:1.023-1.063; P=0.0000126116)","0.919(95% CI:0.83-1.019; P=0.1089617389)","Raw","healthy_noncancer_control","Raw healthy_noncancer_control"
"L_HDL_FC","Free Cholesterol in Large HDL","PCa","0.929(95% CI:0.848-1.018; P=0.1132796106)","1.034(95% CI:1.014-1.053; P=0.0005339194)","0.928(95% CI:0.837-1.028; P=0.1522177451)","Raw","healthy_noncancer_control","Raw healthy_noncancer_control"
"L_HDL_PL","Phospholipids in Large HDL","PCa","0.918(95% CI:0.837-1.007; P=0.0702347386)","1.031(95% CI:1.012-1.051; P=0.0016311399)","0.92(95% CI:0.829-1.02; P=0.1134650232)","Raw","healthy_noncancer_control","Raw healthy_noncancer_control"
"L_HDL_TG","Triglycerides in Large HDL","PCa","0.983(95% CI:0.894-1.081; P=0.7240060265)","0.972(95% CI:0.953-0.992; P=0.0064425318)","1.024(95% CI:0.923-1.135; P=0.657442273)","Raw","healthy_noncancer_control","Raw healthy_noncancer_control"
"L_LDL_C","Cholesterol in Large LDL","PCa","1.121(95% CI:1.021-1.232; P=0.0171522645)","1.02(95% CI:1.001-1.041; P=0.0428659653)","1.142(95% CI:1.029-1.268; P=0.0127453466)","Raw","healthy_noncancer_control","Raw healthy_noncancer_control"
"L_LDL_CE","Cholesteryl Esters in Large LDL","PCa","1.124(95% CI:1.023-1.235; P=0.0151253171)","1.017(95% CI:0.997-1.037; P=0.0964686764)","1.148(95% CI:1.034-1.274; P=0.0096608369)","Raw","healthy_noncancer_control","Raw healthy_noncancer_control"
"L_LDL_FC","Free Cholesterol in Large LDL","PCa","1.104(95% CI:1.007-1.21; P=0.0343914147)","1.024(95% CI:1.005-1.045; P=0.0150014732)","1.118(95% CI:1.009-1.238; P=0.0337939742)","Raw","healthy_noncancer_control","Raw healthy_noncancer_control"
"L_LDL_PL","Phospholipids in Large LDL","PCa","1.121(95% CI:1.022-1.231; P=0.0159439475)","1.014(95% CI:0.995-1.034; P=0.1539572477)","1.144(95% CI:1.032-1.269; P=0.0104245658)","Raw","healthy_noncancer_control","Raw healthy_noncancer_control"
"L_LDL_TG","Triglycerides in Large LDL","PCa","1.041(95% CI:0.947-1.144; P=0.409116156)","0.947(95% CI:0.928-0.967; P=0.0000003153)","1.083(95% CI:0.979-1.198; P=0.1232361342)","Raw","healthy_noncancer_control","Raw healthy_noncancer_control"
"L_VLDL_C","Cholesterol in Large VLDL","PCa","1.102(95% CI:1.005-1.208; P=0.0390304894)","0.963(95% CI:0.944-0.983; P=0.0002467692)","1.146(95% CI:1.036-1.268; P=0.0081186034)","Raw","healthy_noncancer_control","Raw healthy_noncancer_control"
"L_VLDL_CE","Cholesteryl Esters in Large VLDL","PCa","1.114(95% CI:1.015-1.221; P=0.0222925749)","0.973(95% CI:0.954-0.993; P=0.0083891374)","1.155(95% CI:1.044-1.278; P=0.0051910247)","Raw","healthy_noncancer_control","Raw healthy_noncancer_control"
"L_VLDL_FC","Free Cholesterol in Large VLDL","PCa","1.088(95% CI:0.993-1.191; P=0.0696995075)","0.954(95% CI:0.935-0.974; P=0.0000058649)","1.132(95% CI:1.025-1.251; P=0.0146161186)","Raw","healthy_noncancer_control","Raw healthy_noncancer_control"
"L_VLDL_PL","Phospholipids in Large VLDL","PCa","1.078(95% CI:0.985-1.181; P=0.1017059754)","0.951(95% CI:0.932-0.97; P=0.0000011698)","1.124(95% CI:1.017-1.242; P=0.0214926473)","Raw","healthy_noncancer_control","Raw healthy_noncancer_control"
"L_VLDL_TG","Triglycerides in Large VLDL","PCa","1.069(95% CI:0.977-1.169; P=0.1447378376)","0.956(95% CI:0.937-0.975; P=0.0000113653)","1.118(95% CI:1.012-1.234; P=0.0280621628)","Raw","healthy_noncancer_control","Raw healthy_noncancer_control"
"LA","Linoleic Acid","PCa","1.131(95% CI:1.027-1.246; P=0.0125630632)","0.987(95% CI:0.968-1.007; P=0.1941175911)","1.17(95% CI:1.053-1.299; P=0.0034579055)","Raw","healthy_noncancer_control","Raw healthy_noncancer_control"
"Lactate","Lactate","PCa","0.97(95% CI:0.884-1.065; P=0.5239946054)","0.986(95% CI:0.966-1.006; P=0.1603920774)","1.012(95% CI:0.913-1.122; P=0.8167065748)","Raw","healthy_noncancer_control","Raw healthy_noncancer_control"
"LDL_C","LDL Cholesterol","PCa","1.134(95% CI:1.03-1.247; P=0.0101484027)","1.014(95% CI:0.995-1.034; P=0.1569919889)","1.159(95% CI:1.043-1.287; P=0.0061897281)","Raw","healthy_noncancer_control","Raw healthy_noncancer_control"
"LDL_CE","Cholesteryl Esters in LDL","PCa","1.136(95% CI:1.032-1.25; P=0.0089842426)","1.008(95% CI:0.989-1.028; P=0.4006734972)","1.165(95% CI:1.049-1.295; P=0.0044024503)","Raw","healthy_noncancer_control","Raw healthy_noncancer_control"
"LDL_FC","Free Cholesterol in LDL","PCa","1.113(95% CI:1.015-1.221; P=0.0228894879)","1.024(95% CI:1.004-1.044; P=0.0175815065)","1.128(95% CI:1.017-1.251; P=0.0227031849)","Raw","healthy_noncancer_control","Raw healthy_noncancer_control"
"LDL_L","Total Lipids in LDL","PCa","1.133(95% CI:1.029-1.248; P=0.0110239237)","1.01(95% CI:0.99-1.03; P=0.3395405581)","1.162(95% CI:1.046-1.291; P=0.0053253527)","Raw","healthy_noncancer_control","Raw healthy_noncancer_control"
"LDL_PL","Phospholipids in LDL","PCa","1.129(95% CI:1.027-1.241; P=0.011764833)","1.008(95% CI:0.989-1.028; P=0.4061924623)","1.157(95% CI:1.042-1.284; P=0.0060709542)","Raw","healthy_noncancer_control","Raw healthy_noncancer_control"
"LDL_TG","Triglycerides in LDL","PCa","1.043(95% CI:0.949-1.146; P=0.3790665559)","0.945(95% CI:0.925-0.965; P=0.0000000876)","1.088(95% CI:0.983-1.204; P=0.1017788183)","Raw","healthy_noncancer_control","Raw healthy_noncancer_control"
"Leu","Leucine","PCa","1.024(95% CI:0.935-1.121; P=0.6131875676)","0.985(95% CI:0.965-1.004; P=0.1265861342)","1.035(95% CI:0.935-1.145; P=0.5110508045)","Raw","healthy_noncancer_control","Raw healthy_noncancer_control"
"M_HDL_C","Cholesterol in Medium HDL","PCa","0.952(95% CI:0.869-1.042; P=0.283429192)","1.02(95% CI:1-1.04; P=0.0465457823)","0.958(95% CI:0.865-1.061; P=0.4069903636)","Raw","healthy_noncancer_control","Raw healthy_noncancer_control"
"M_HDL_CE","Cholesteryl Esters in Medium HDL","PCa","0.95(95% CI:0.867-1.04; P=0.2635808708)","1.021(95% CI:1.001-1.041; P=0.0362063689)","0.952(95% CI:0.86-1.055; P=0.3504708352)","Raw","healthy_noncancer_control","Raw healthy_noncancer_control"
"M_HDL_FC","Free Cholesterol in Medium HDL","PCa","0.959(95% CI:0.875-1.05; P=0.3627066886)","1.014(95% CI:0.995-1.034; P=0.1525591507)","0.978(95% CI:0.884-1.082; P=0.6645579088)","Raw","healthy_noncancer_control","Raw healthy_noncancer_control"
"M_HDL_PL","Phospholipids in Medium HDL","PCa","0.957(95% CI:0.873-1.05; P=0.3534806995)","0.998(95% CI:0.979-1.018; P=0.8649169399)","0.979(95% CI:0.883-1.085; P=0.6853848836)","Raw","healthy_noncancer_control","Raw healthy_noncancer_control"
"M_HDL_TG","Triglycerides in Medium HDL","PCa","1.015(95% CI:0.925-1.113; P=0.7564426846)","0.951(95% CI:0.931-0.97; P=0.000001153)","1.053(95% CI:0.951-1.165; P=0.3221395928)","Raw","healthy_noncancer_control","Raw healthy_noncancer_control"
"M_LDL_C","Cholesterol in Medium LDL","PCa","1.145(95% CI:1.041-1.259; P=0.0053846896)","0.998(95% CI:0.978-1.018; P=0.8440796912)","1.177(95% CI:1.06-1.307; P=0.0022394193)","Raw","healthy_noncancer_control","Raw healthy_noncancer_control"
"M_LDL_CE","Cholesteryl Esters in Medium LDL","PCa","1.146(95% CI:1.042-1.26; P=0.0050120179)","0.99(95% CI:0.97-1.01; P=0.3084256879)","1.182(95% CI:1.065-1.312; P=0.0016711923)","Raw","healthy_noncancer_control","Raw healthy_noncancer_control"
"M_LDL_FC","Free Cholesterol in Medium LDL","PCa","1.121(95% CI:1.022-1.229; P=0.0151939672)","1.017(95% CI:0.997-1.037; P=0.0908764831)","1.14(95% CI:1.029-1.264; P=0.0126063989)","Raw","healthy_noncancer_control","Raw healthy_noncancer_control"
"M_LDL_PL","Phospholipids in Medium LDL","PCa","1.135(95% CI:1.033-1.247; P=0.0085871134)","0.995(95% CI:0.975-1.015; P=0.6151954651)","1.169(95% CI:1.054-1.297; P=0.0031502987)","Raw","healthy_noncancer_control","Raw healthy_noncancer_control"
"M_LDL_TG","Triglycerides in Medium LDL","PCa","1.047(95% CI:0.954-1.149; P=0.3369235652)","0.942(95% CI:0.922-0.962; P=0.0000000225)","1.093(95% CI:0.989-1.207; P=0.082654973)","Raw","healthy_noncancer_control","Raw healthy_noncancer_control"
"M_VLDL_C","Cholesterol in Medium VLDL","PCa","1.134(95% CI:1.034-1.245; P=0.0079227092)","1.013(95% CI:0.994-1.033; P=0.1875452168)","1.157(95% CI:1.043-1.282; P=0.0056838928)","Raw","healthy_noncancer_control","Raw healthy_noncancer_control"
"M_VLDL_CE","Cholesteryl Esters in Medium VLDL","PCa","1.122(95% CI:1.024-1.229; P=0.0135052347)","1.024(95% CI:1.004-1.044; P=0.0174527313)","1.133(95% CI:1.023-1.255; P=0.0169101077)","Raw","healthy_noncancer_control","Raw healthy_noncancer_control"
"M_VLDL_FC","Free Cholesterol in Medium VLDL","PCa","1.134(95% CI:1.033-1.245; P=0.0084110659)","0.996(95% CI:0.977-1.016; P=0.7161887026)","1.169(95% CI:1.055-1.295; P=0.0029381338)","Raw","healthy_noncancer_control","Raw healthy_noncancer_control"
"M_VLDL_PL","Phospholipids in Medium VLDL","PCa","1.132(95% CI:1.03-1.244; P=0.0098724323)","0.987(95% CI:0.967-1.007; P=0.1892804918)","1.171(95% CI:1.057-1.298; P=0.0026405967)","Raw","healthy_noncancer_control","Raw healthy_noncancer_control"
"M_VLDL_TG","Triglycerides in Medium VLDL","PCa","1.086(95% CI:0.992-1.19; P=0.0751379903)","0.963(95% CI:0.943-0.982; P=0.0001997251)","1.138(95% CI:1.03-1.258; P=0.0114406955)","Raw","healthy_noncancer_control","Raw healthy_noncancer_control"
"MUFA","Monounsaturated Fatty Acids","PCa","1.052(95% CI:0.957-1.158; P=0.2950528169)","0.941(95% CI:0.922-0.96; P=0.0000000042)","1.105(95% CI:0.997-1.225; P=0.0568767533)","Raw","healthy_noncancer_control","Raw healthy_noncancer_control"
"non_HDL_C","Total Cholesterol Minus HDL-C","PCa","1.133(95% CI:1.029-1.248; P=0.0112869496)","1.011(95% CI:0.992-1.031; P=0.266609137)","1.164(95% CI:1.047-1.293; P=0.0049656418)","Raw","healthy_noncancer_control","Raw healthy_noncancer_control"
"Omega_3","Omega-3 Fatty Acids","PCa","0.975(95% CI:0.888-1.071; P=0.5965909273)","1.054(95% CI:1.034-1.074; P=0.0000000936)","1.012(95% CI:0.913-1.122; P=0.8238587859)","Raw","healthy_noncancer_control","Raw healthy_noncancer_control"
"Omega_6","Omega-6 Fatty Acids","PCa","1.125(95% CI:1.02-1.241; P=0.0185382109)","0.99(95% CI:0.971-1.01; P=0.3136463502)","1.169(95% CI:1.052-1.3; P=0.003626577)","Raw","healthy_noncancer_control","Raw healthy_noncancer_control"
"Phe","Phenylalanine","PCa","0.971(95% CI:0.881-1.071; P=0.5557678682)","0.986(95% CI:0.966-1.006; P=0.1625661188)","1.014(95% CI:0.914-1.124; P=0.7929838747)","Raw","healthy_noncancer_control","Raw healthy_noncancer_control"
"Phosphatidylc","Phosphatidylcholines","PCa","1.035(95% CI:0.939-1.141; P=0.488616869)","0.998(95% CI:0.979-1.018; P=0.8736876018)","1.078(95% CI:0.972-1.196; P=0.1550840268)","Raw","healthy_noncancer_control","Raw healthy_noncancer_control"
"Phosphoglyc","Phosphoglycerides","PCa","1.039(95% CI:0.943-1.144; P=0.4419963322)","0.992(95% CI:0.973-1.012; P=0.4200591208)","1.087(95% CI:0.98-1.205; P=0.1159964824)","Raw","healthy_noncancer_control","Raw healthy_noncancer_control"
"PUFA","Polyunsaturated Fatty Acids","PCa","1.094(95% CI:0.991-1.208; P=0.0752142436)","1.006(95% CI:0.986-1.026; P=0.5621949385)","1.144(95% CI:1.029-1.271; P=0.012651286)","Raw","healthy_noncancer_control","Raw healthy_noncancer_control"
"Pyruvate","Pyruvate","PCa","0.898(95% CI:0.815-0.989; P=0.0294264808)","0.981(95% CI:0.961-1.002; P=0.0752681379)","0.91(95% CI:0.816-1.015; P=0.0900055173)","Raw","healthy_noncancer_control","Raw healthy_noncancer_control"
"Remnant_C","Remnant Cholesterol (Non-HDL and Non-LDL -Cholesterol)","PCa","1.124(95% CI:1.02-1.237; P=0.0178896719)","1.005(95% CI:0.985-1.025; P=0.6268995361)","1.158(95% CI:1.043-1.287; P=0.0060470545)","Raw","healthy_noncancer_control","Raw healthy_noncancer_control"
"S_HDL_C","Cholesterol in Small HDL","PCa","1.075(95% CI:0.979-1.181; P=0.1295543546)","1(95% CI:0.981-1.02; P=0.9959967928)","1.1(95% CI:0.991-1.221; P=0.0724312573)","Raw","healthy_noncancer_control","Raw healthy_noncancer_control"
"S_HDL_CE","Cholesteryl Esters in Small HDL","PCa","1.074(95% CI:0.978-1.18; P=0.1359794483)","1.004(95% CI:0.984-1.024; P=0.694092125)","1.087(95% CI:0.979-1.207; P=0.1180680959)","Raw","healthy_noncancer_control","Raw healthy_noncancer_control"
"S_HDL_FC","Free Cholesterol in Small HDL","PCa","1.057(95% CI:0.962-1.162; P=0.2480321612)","0.987(95% CI:0.968-1.007; P=0.2033243083)","1.105(95% CI:0.998-1.224; P=0.0550954965)","Raw","healthy_noncancer_control","Raw healthy_noncancer_control"
"S_HDL_PL","Phospholipids in Small HDL","PCa","1.035(95% CI:0.943-1.136; P=0.4651849748)","0.978(95% CI:0.959-0.997; P=0.0262361277)","1.073(95% CI:0.968-1.188; P=0.1805932567)","Raw","healthy_noncancer_control","Raw healthy_noncancer_control"
"S_HDL_TG","Triglycerides in Small HDL","PCa","1.043(95% CI:0.953-1.142; P=0.3613361497)","0.942(95% CI:0.923-0.961; P=0.000000008)","1.084(95% CI:0.981-1.198; P=0.1132600233)","Raw","healthy_noncancer_control","Raw healthy_noncancer_control"
"S_LDL_C","Cholesterol in Small LDL","PCa","1.138(95% CI:1.036-1.25; P=0.0067326346)","0.997(95% CI:0.977-1.017; P=0.7521874738)","1.17(95% CI:1.055-1.298; P=0.0029487787)","Raw","healthy_noncancer_control","Raw healthy_noncancer_control"
"S_LDL_CE","Cholesteryl Esters in Small LDL","PCa","1.137(95% CI:1.035-1.249; P=0.0072367194)","0.986(95% CI:0.967-1.006; P=0.1806793972)","1.174(95% CI:1.059-1.302; P=0.002293432)","Raw","healthy_noncancer_control","Raw healthy_noncancer_control"
"S_LDL_FC","Free Cholesterol in Small LDL","PCa","1.119(95% CI:1.021-1.226; P=0.0159983461)","1.023(95% CI:1.003-1.043; P=0.0260412435)","1.133(95% CI:1.022-1.256; P=0.0181089203)","Raw","healthy_noncancer_control","Raw healthy_noncancer_control"
"S_LDL_PL","Phospholipids in Small LDL","PCa","1.118(95% CI:1.019-1.227; P=0.0183259357)","1.001(95% CI:0.981-1.021; P=0.9478903857)","1.15(95% CI:1.038-1.274; P=0.0077059929)","Raw","healthy_noncancer_control","Raw healthy_noncancer_control"
"S_LDL_TG","Triglycerides in Small LDL","PCa","1.046(95% CI:0.955-1.147; P=0.3321014859)","0.941(95% CI:0.922-0.961; P=0.0000000149)","1.093(95% CI:0.99-1.208; P=0.0783650114)","Raw","healthy_noncancer_control","Raw healthy_noncancer_control"
"S_VLDL_C","Cholesterol in Small VLDL","PCa","1.134(95% CI:1.032-1.245; P=0.0089939413)","0.994(95% CI:0.974-1.013; P=0.5186390703)","1.164(95% CI:1.05-1.29; P=0.0038683155)","Raw","healthy_noncancer_control","Raw healthy_noncancer_control"
"S_VLDL_CE","Cholesteryl Esters in Small VLDL","PCa","1.129(95% CI:1.028-1.24; P=0.0110123471)","0.989(95% CI:0.97-1.009; P=0.271948137)","1.159(95% CI:1.046-1.284; P=0.0047768252)","Raw","healthy_noncancer_control","Raw healthy_noncancer_control"
"S_VLDL_FC","Free Cholesterol in Small VLDL","PCa","1.136(95% CI:1.034-1.247; P=0.0076224414)","1(95% CI:0.98-1.02; P=0.9992662521)","1.165(95% CI:1.051-1.29; P=0.0035822365)","Raw","healthy_noncancer_control","Raw healthy_noncancer_control"
"S_VLDL_PL","Phospholipids in Small VLDL","PCa","1.126(95% CI:1.025-1.237; P=0.0133535136)","0.987(95% CI:0.968-1.007; P=0.1994644763)","1.164(95% CI:1.05-1.289; P=0.0037601051)","Raw","healthy_noncancer_control","Raw healthy_noncancer_control"
"S_VLDL_TG","Triglycerides in Small VLDL","PCa","1.055(95% CI:0.963-1.156; P=0.2478716324)","0.958(95% CI:0.939-0.978; P=0.0000380289)","1.104(95% CI:0.999-1.22; P=0.0530685433)","Raw","healthy_noncancer_control","Raw healthy_noncancer_control"
"SFA","Saturated Fatty Acids","PCa","1.051(95% CI:0.955-1.157; P=0.3107053911)","0.959(95% CI:0.94-0.979; P=0.0000471685)","1.109(95% CI:1.001-1.229; P=0.0475150393)","Raw","healthy_noncancer_control","Raw healthy_noncancer_control"
"Sphingomyelins","Sphingomyelins","PCa","1.063(95% CI:0.97-1.166; P=0.1912899857)","1.024(95% CI:1.005-1.044; P=0.014572917)","1.095(95% CI:0.989-1.211; P=0.0795684702)","Raw","healthy_noncancer_control","Raw healthy_noncancer_control"
"Total_C","Total Cholesterol","PCa","1.107(95% CI:1.006-1.217; P=0.0369120857)","1.019(95% CI:0.999-1.039; P=0.0590441953)","1.137(95% CI:1.024-1.262; P=0.0162128887)","Raw","healthy_noncancer_control","Raw healthy_noncancer_control"
"Total_CE","Total Esterified Cholesterol","PCa","1.102(95% CI:1.003-1.212; P=0.0430860317)","1.021(95% CI:1.001-1.041; P=0.0367470724)","1.131(95% CI:1.019-1.255; P=0.0206061183)","Raw","healthy_noncancer_control","Raw healthy_noncancer_control"
"Total_FA","Total Fatty Acids","PCa","1.066(95% CI:0.967-1.176; P=0.1979893541)","0.965(95% CI:0.946-0.984; P=0.0004747612)","1.124(95% CI:1.013-1.247; P=0.0276240046)","Raw","healthy_noncancer_control","Raw healthy_noncancer_control"
"Total_FC","Total Free Cholesterol","PCa","1.111(95% CI:1.01-1.222; P=0.0300751417)","1.011(95% CI:0.991-1.03; P=0.2837587603)","1.144(95% CI:1.031-1.27; P=0.0112175854)","Raw","healthy_noncancer_control","Raw healthy_noncancer_control"
"Total_L","Total Lipids in Lipoprotein Particles","PCa","1.096(95% CI:0.994-1.207; P=0.0660432557)","0.991(95% CI:0.972-1.01; P=0.3526049301)","1.146(95% CI:1.032-1.273; P=0.0106888182)","Raw","healthy_noncancer_control","Raw healthy_noncancer_control"
"Total_PL","Total Phospholipids in Lipoprotein Particles","PCa","1.066(95% CI:0.968-1.173; P=0.1937850171)","0.997(95% CI:0.978-1.017; P=0.7674595766)","1.111(95% CI:1.002-1.233; P=0.0458905011)","Raw","healthy_noncancer_control","Raw healthy_noncancer_control"
"Total_TG","Total Triglycerides","PCa","1.055(95% CI:0.961-1.158; P=0.2603649446)","0.95(95% CI:0.931-0.97; P=0.0000007184)","1.108(95% CI:1-1.227; P=0.049918767)","Raw","healthy_noncancer_control","Raw healthy_noncancer_control"
"Tyr","Tyrosine","PCa","0.975(95% CI:0.888-1.07; P=0.5933904656)","0.948(95% CI:0.93-0.968; P=0.0000002044)","0.983(95% CI:0.886-1.09; P=0.7397364899)","Raw","healthy_noncancer_control","Raw healthy_noncancer_control"
"Unsaturation","Degree of Unsaturation","PCa","0.975(95% CI:0.892-1.066; P=0.5788245788)","1.102(95% CI:1.081-1.124; P=0)","0.955(95% CI:0.862-1.057; P=0.3700943961)","Raw","healthy_noncancer_control","Raw healthy_noncancer_control"
"Val","Valine","PCa","1.018(95% CI:0.929-1.117; P=0.6969578129)","0.975(95% CI:0.956-0.995; P=0.0126148093)","1.023(95% CI:0.923-1.133; P=0.6711092613)","Raw","healthy_noncancer_control","Raw healthy_noncancer_control"
"VLDL_C","VLDL Cholesterol","PCa","1.126(95% CI:1.023-1.239; P=0.0155096438)","0.983(95% CI:0.964-1.003; P=0.0931874716)","1.167(95% CI:1.051-1.295; P=0.0037766943)","Raw","healthy_noncancer_control","Raw healthy_noncancer_control"
"VLDL_CE","Cholesteryl Esters in VLDL","PCa","1.13(95% CI:1.028-1.243; P=0.0117131215)","0.992(95% CI:0.972-1.011; P=0.409270404)","1.165(95% CI:1.05-1.293; P=0.0039126)","Raw","healthy_noncancer_control","Raw healthy_noncancer_control"
"VLDL_FC","Free Cholesterol in VLDL","PCa","1.111(95% CI:1.012-1.221; P=0.0275242415)","0.97(95% CI:0.951-0.99; P=0.0030916984)","1.156(95% CI:1.043-1.281; P=0.0056173421)","Raw","healthy_noncancer_control","Raw healthy_noncancer_control"
"VLDL_L","Total Lipids in VLDL","PCa","1.089(95% CI:0.991-1.197; P=0.0777091937)","0.962(95% CI:0.943-0.981; P=0.0001106879)","1.142(95% CI:1.029-1.267; P=0.0121177014)","Raw","healthy_noncancer_control","Raw healthy_noncancer_control"
"VLDL_PL","Phospholipids in VLDL","PCa","1.099(95% CI:1-1.208; P=0.0489856234)","0.964(95% CI:0.944-0.983; P=0.0002723916)","1.146(95% CI:1.034-1.27; P=0.0091287148)","Raw","healthy_noncancer_control","Raw healthy_noncancer_control"
"VLDL_TG","Triglycerides in VLDL","PCa","1.06(95% CI:0.967-1.162; P=0.2145436033)","0.952(95% CI:0.933-0.971; P=0.0000014212)","1.111(95% CI:1.004-1.23; P=0.0419753609)","Raw","healthy_noncancer_control","Raw healthy_noncancer_control"
"XL_HDL_C","Cholesterol in Very Large HDL","PCa","0.954(95% CI:0.872-1.042; P=0.2938546282)","1.038(95% CI:1.019-1.058; P=0.0000774862)","0.95(95% CI:0.859-1.05; P=0.3155721282)","Raw","healthy_noncancer_control","Raw healthy_noncancer_control"
"XL_HDL_CE","Cholesteryl Esters in Very Large HDL","PCa","0.952(95% CI:0.871-1.041; P=0.2795558384)","1.04(95% CI:1.021-1.059; P=0.000037019)","0.948(95% CI:0.857-1.048; P=0.2946778539)","Raw","healthy_noncancer_control","Raw healthy_noncancer_control"
"XL_HDL_FC","Free Cholesterol in Very Large HDL","PCa","0.959(95% CI:0.877-1.048; P=0.3517895813)","1.029(95% CI:1.01-1.049; P=0.0025635594)","0.958(95% CI:0.867-1.059; P=0.4042971562)","Raw","healthy_noncancer_control","Raw healthy_noncancer_control"
"XL_HDL_PL","Phospholipids in Very Large HDL","PCa","0.928(95% CI:0.846-1.017; P=0.1112457799)","1.032(95% CI:1.013-1.052; P=0.0008942342)","0.924(95% CI:0.833-1.025; P=0.1340772335)","Raw","healthy_noncancer_control","Raw healthy_noncancer_control"
"XL_HDL_TG","Triglycerides in Very Large HDL","PCa","1.017(95% CI:0.926-1.118; P=0.7224110047)","0.958(95% CI:0.939-0.978; P=0.0000540794)","1.063(95% CI:0.96-1.177; P=0.2368843429)","Raw","healthy_noncancer_control","Raw healthy_noncancer_control"
"XL_VLDL_C","Cholesterol in Very Large VLDL","PCa","1.099(95% CI:1.003-1.204; P=0.0424794883)","0.956(95% CI:0.936-0.975; P=0.0000111678)","1.143(95% CI:1.034-1.263; P=0.0090990632)","Raw","healthy_noncancer_control","Raw healthy_noncancer_control"
"XL_VLDL_CE","Cholesteryl Esters in Very Large VLDL","PCa","1.121(95% CI:1.022-1.229; P=0.0153006284)","0.964(95% CI:0.944-0.983; P=0.0003047351)","1.161(95% CI:1.05-1.284; P=0.0037433312)","Raw","healthy_noncancer_control","Raw healthy_noncancer_control"
"XL_VLDL_FC","Free Cholesterol in Very Large VLDL","PCa","1.075(95% CI:0.982-1.177; P=0.1156163742)","0.949(95% CI:0.93-0.969; P=0.0000005115)","1.12(95% CI:1.014-1.236; P=0.0254531076)","Raw","healthy_noncancer_control","Raw healthy_noncancer_control"
"XL_VLDL_PL","Phospholipids in Very Large VLDL","PCa","1.069(95% CI:0.977-1.17; P=0.1461047473)","0.946(95% CI:0.927-0.966; P=0.0000001201)","1.114(95% CI:1.009-1.23; P=0.0328888709)","Raw","healthy_noncancer_control","Raw healthy_noncancer_control"
"XL_VLDL_TG","Triglycerides in Very Large VLDL","PCa","1.052(95% CI:0.962-1.152; P=0.2667640651)","0.945(95% CI:0.926-0.964; P=0.0000000488)","1.099(95% CI:0.995-1.214; P=0.0629346973)","Raw","healthy_noncancer_control","Raw healthy_noncancer_control"
"XS_VLDL_C","Cholesterol in Very Small VLDL","PCa","1.093(95% CI:0.995-1.2; P=0.0622002974)","1.013(95% CI:0.993-1.032; P=0.2044866857)","1.116(95% CI:1.008-1.236; P=0.0343729006)","Raw","healthy_noncancer_control","Raw healthy_noncancer_control"
"XS_VLDL_CE","Cholesteryl Esters in Very Small VLDL","PCa","1.09(95% CI:0.994-1.196; P=0.0672347208)","1.018(95% CI:0.999-1.038; P=0.0677636478)","1.11(95% CI:1.003-1.229; P=0.0435926829)","Raw","healthy_noncancer_control","Raw healthy_noncancer_control"
"XS_VLDL_FC","Free Cholesterol in Very Small VLDL","PCa","1.092(95% CI:0.994-1.199; P=0.065393658)","0.997(95% CI:0.978-1.017; P=0.7900620416)","1.121(95% CI:1.012-1.241; P=0.0279222638)","Raw","healthy_noncancer_control","Raw healthy_noncancer_control"
"XS_VLDL_PL","Phospholipids in Very Small VLDL","PCa","1.079(95% CI:0.982-1.185; P=0.1128437992)","0.984(95% CI:0.965-1.004; P=0.1195285871)","1.109(95% CI:1.002-1.228; P=0.0453861632)","Raw","healthy_noncancer_control","Raw healthy_noncancer_control"
"XS_VLDL_TG","Triglycerides in Very Small VLDL","PCa","1.037(95% CI:0.945-1.137; P=0.4472917783)","0.952(95% CI:0.933-0.972; P=0.0000031514)","1.077(95% CI:0.974-1.191; P=0.1502471217)","Raw","healthy_noncancer_control","Raw healthy_noncancer_control"
"XXL_VLDL_C","Cholesterol in Chylomicrons and Extremely Large VLDL","PCa","1.047(95% CI:0.956-1.147; P=0.3182255939)","0.939(95% CI:0.92-0.959; P=0.0000000037)","1.089(95% CI:0.986-1.204; P=0.0934633646)","Raw","healthy_noncancer_control","Raw healthy_noncancer_control"
"XXL_VLDL_CE","Cholesteryl Esters in Chylomicrons and Extremely Large VLDL","PCa","1.058(95% CI:0.966-1.158; P=0.2230525246)","0.941(95% CI:0.921-0.96; P=0.0000000078)","1.1(95% CI:0.996-1.215; P=0.0600935648)","Raw","healthy_noncancer_control","Raw healthy_noncancer_control"
"XXL_VLDL_FC","Free Cholesterol in Chylomicrons and Extremely Large VLDL","PCa","1.033(95% CI:0.943-1.131; P=0.4886774099)","0.938(95% CI:0.919-0.958; P=0.0000000025)","1.074(95% CI:0.971-1.187; P=0.1655520697)","Raw","healthy_noncancer_control","Raw healthy_noncancer_control"
"XXL_VLDL_PL","Phospholipids in Chylomicrons and Extremely Large VLDL","PCa","1.024(95% CI:0.935-1.122; P=0.6106588937)","0.936(95% CI:0.917-0.956; P=0.0000000009)","1.066(95% CI:0.963-1.179; P=0.2165933512)","Raw","healthy_noncancer_control","Raw healthy_noncancer_control"
"XXL_VLDL_TG","Triglycerides in Chylomicrons and Extremely Large VLDL","PCa","1.028(95% CI:0.938-1.126; P=0.5552215376)","0.938(95% CI:0.919-0.958; P=0.000000002)","1.07(95% CI:0.967-1.184; P=0.1893054812)","Raw","healthy_noncancer_control","Raw healthy_noncancer_control"
"Acetate","Acetate","PCa_after_70","1.063(95% CI:1.001-1.129; P=0.0460949322)","1(95% CI:0.965-1.035; P=0.9819091285)","1.048(95% CI:0.956-1.15; P=0.3156167476)","Raw","healthy_noncancer_control","Raw healthy_noncancer_control"
"Acetoacetate","Acetoacetate","PCa_after_70","1.01(95% CI:0.887-1.151; P=0.8762713432)","1.014(95% CI:0.984-1.044; P=0.3730771638)","0.981(95% CI:0.831-1.159; P=0.8248825615)","Raw","healthy_noncancer_control","Raw healthy_noncancer_control"
"Acetone","Acetone","PCa_after_70","0.953(95% CI:0.821-1.105; P=0.5221377437)","1.035(95% CI:1.004-1.066; P=0.0240668716)","0.981(95% CI:0.836-1.15; P=0.8110309347)","Raw","healthy_noncancer_control","Raw healthy_noncancer_control"
"Ala","Alanine","PCa_after_70","0.935(95% CI:0.822-1.063; P=0.3035829294)","0.971(95% CI:0.941-1.002; P=0.0676223238)","1.038(95% CI:0.883-1.22; P=0.6509549741)","Raw","healthy_noncancer_control","Raw healthy_noncancer_control"
"Albumin","Albumin","PCa_after_70","1.08(95% CI:0.943-1.236; P=0.2679356328)","1.013(95% CI:0.982-1.046; P=0.4104213797)","1.113(95% CI:0.943-1.313; P=0.2055441325)","Raw","healthy_noncancer_control","Raw healthy_noncancer_control"
"ApoA1","Apolipoprotein A1","PCa_after_70","0.934(95% CI:0.825-1.056; P=0.2759866025)","1.032(95% CI:1.001-1.064; P=0.0438867166)","0.955(95% CI:0.817-1.117; P=0.5646566957)","Raw","healthy_noncancer_control","Raw healthy_noncancer_control"
"ApoB","Apolipoprotein B","PCa_after_70","1.035(95% CI:0.91-1.177; P=0.5972129257)","0.988(95% CI:0.958-1.019; P=0.4541647493)","1.057(95% CI:0.9-1.24; P=0.4992949855)","Raw","healthy_noncancer_control","Raw healthy_noncancer_control"
"bOHbutyrate","3-Hydroxybutyrate","PCa_after_70","0.96(95% CI:0.835-1.104; P=0.5687087656)","1.018(95% CI:0.989-1.048; P=0.2207206787)","1.042(95% CI:0.898-1.21; P=0.5852319663)","Raw","healthy_noncancer_control","Raw healthy_noncancer_control"
"Cholines","Total Cholines","PCa_after_70","0.955(95% CI:0.838-1.088; P=0.4891593678)","1.01(95% CI:0.98-1.042; P=0.5195127638)","1.003(95% CI:0.854-1.177; P=0.9712573596)","Raw","healthy_noncancer_control","Raw healthy_noncancer_control"
"Citrate","Citrate","PCa_after_70","0.866(95% CI:0.762-0.985; P=0.0284885879)","1.003(95% CI:0.973-1.035; P=0.8277077599)","0.892(95% CI:0.762-1.044; P=0.153275929)","Raw","healthy_noncancer_control","Raw healthy_noncancer_control"
"Clinical_LDL_C","Clinical LDL Cholesterol","PCa_after_70","1.056(95% CI:0.931-1.198; P=0.4004717163)","1.008(95% CI:0.978-1.039; P=0.5890796844)","1.059(95% CI:0.904-1.24; P=0.4800188955)","Raw","healthy_noncancer_control","Raw healthy_noncancer_control"
"Creatinine","Creatinine","PCa_after_70","0.925(95% CI:0.822-1.041; P=0.1972108389)","1.022(95% CI:0.993-1.051; P=0.1339695571)","1.018(95% CI:0.874-1.186; P=0.8154940384)","Raw","healthy_noncancer_control","Raw healthy_noncancer_control"
"DHA","Docosahexaenoic Acid","PCa_after_70","0.947(95% CI:0.838-1.069; P=0.3788549633)","1.062(95% CI:1.032-1.094; P=0.0000471186)","0.97(95% CI:0.83-1.134; P=0.7004755182)","Raw","healthy_noncancer_control","Raw healthy_noncancer_control"
"Gln","Glutamine","PCa_after_70","1.05(95% CI:0.927-1.19; P=0.4416172984)","1.005(95% CI:0.974-1.037; P=0.769331277)","1.094(95% CI:0.933-1.282; P=0.2673984867)","Raw","healthy_noncancer_control","Raw healthy_noncancer_control"
"Glucose","Glucose","PCa_after_70","0.933(95% CI:0.826-1.054; P=0.2681728044)","0.963(95% CI:0.932-0.994; P=0.0204818024)","0.919(95% CI:0.783-1.078; P=0.2987922883)","Raw","healthy_noncancer_control","Raw healthy_noncancer_control"
"Gly","Glycine","PCa_after_70","0.918(95% CI:0.808-1.044; P=0.1923779133)","0.971(95% CI:0.94-1.003; P=0.0744766712)","1.047(95% CI:0.895-1.225; P=0.5652428395)","Raw","healthy_noncancer_control","Raw healthy_noncancer_control"
"GlycA","Glycoprotein Acetyls","PCa_after_70","1.026(95% CI:0.901-1.168; P=0.696572269)","0.973(95% CI:0.942-1.005; P=0.0979233876)","1.137(95% CI:0.966-1.337; P=0.1219983341)","Raw","healthy_noncancer_control","Raw healthy_noncancer_control"
"HDL_C","HDL Cholesterol","PCa_after_70","0.943(95% CI:0.837-1.062; P=0.3308807488)","1.042(95% CI:1.011-1.074; P=0.0071821312)","0.935(95% CI:0.803-1.089; P=0.3870436962)","Raw","healthy_noncancer_control","Raw healthy_noncancer_control"
"HDL_CE","Cholesteryl Esters in HDL","PCa_after_70","0.948(95% CI:0.842-1.069; P=0.3841069997)","1.045(95% CI:1.014-1.077; P=0.0041026158)","0.936(95% CI:0.803-1.091; P=0.3981581426)","Raw","healthy_noncancer_control","Raw healthy_noncancer_control"
"HDL_FC","Free Cholesterol in HDL","PCa_after_70","0.927(95% CI:0.821-1.046; P=0.2181727181)","1.028(95% CI:0.998-1.059; P=0.0669619658)","0.939(95% CI:0.807-1.093; P=0.4154183329)","Raw","healthy_noncancer_control","Raw healthy_noncancer_control"
"HDL_L","Total Lipids in HDL","PCa_after_70","0.925(95% CI:0.818-1.047; P=0.2181955724)","1.034(95% CI:1.003-1.066; P=0.0327793072)","0.941(95% CI:0.806-1.1; P=0.4455741529)","Raw","healthy_noncancer_control","Raw healthy_noncancer_control"
"HDL_PL","Phospholipids in HDL","PCa_after_70","0.925(95% CI:0.816-1.049; P=0.2228530121)","1.031(95% CI:1-1.063; P=0.0531038809)","0.95(95% CI:0.811-1.112; P=0.5207730657)","Raw","healthy_noncancer_control","Raw healthy_noncancer_control"
"HDL_TG","Triglycerides in HDL","PCa_after_70","0.946(95% CI:0.825-1.085; P=0.4295652526)","0.963(95% CI:0.931-0.995; P=0.025280339)","1.014(95% CI:0.859-1.197; P=0.8660449455)","Raw","healthy_noncancer_control","Raw healthy_noncancer_control"
"His","Histidine","PCa_after_70","1.018(95% CI:0.894-1.159; P=0.7906503229)","0.995(95% CI:0.964-1.028; P=0.7705168444)","1.052(95% CI:0.894-1.238; P=0.5410518183)","Raw","healthy_noncancer_control","Raw healthy_noncancer_control"
"IDL_C","Cholesterol in IDL","PCa_after_70","1.009(95% CI:0.892-1.141; P=0.8897371481)","1.013(95% CI:0.983-1.044; P=0.4044080032)","1.004(95% CI:0.861-1.171; P=0.9606735204)","Raw","healthy_noncancer_control","Raw healthy_noncancer_control"
"IDL_CE","Cholesteryl Esters in IDL","PCa_after_70","1.001(95% CI:0.885-1.133; P=0.9846158399)","1.012(95% CI:0.982-1.043; P=0.4364868131)","0.998(95% CI:0.856-1.165; P=0.9831370527)","Raw","healthy_noncancer_control","Raw healthy_noncancer_control"
"IDL_FC","Free Cholesterol in IDL","PCa_after_70","1.02(95% CI:0.903-1.152; P=0.7517197514)","1.01(95% CI:0.98-1.041; P=0.5199255656)","1.01(95% CI:0.865-1.178; P=0.9041623036)","Raw","healthy_noncancer_control","Raw healthy_noncancer_control"
"IDL_PL","Phospholipids in IDL","PCa_after_70","1.012(95% CI:0.893-1.146; P=0.8503534906)","1.003(95% CI:0.973-1.034; P=0.8337685977)","1.011(95% CI:0.865-1.182; P=0.8895380722)","Raw","healthy_noncancer_control","Raw healthy_noncancer_control"
"IDL_TG","Triglycerides in IDL","PCa_after_70","0.939(95% CI:0.816-1.082; P=0.3842800731)","0.952(95% CI:0.92-0.985; P=0.0044453995)","0.994(95% CI:0.838-1.178; P=0.9411653908)","Raw","healthy_noncancer_control","Raw healthy_noncancer_control"
"Ile","Isoleucine","PCa_after_70","1.031(95% CI:0.91-1.167; P=0.6323696504)","1.01(95% CI:0.979-1.042; P=0.5257879193)","1.045(95% CI:0.891-1.226; P=0.5893050223)","Raw","healthy_noncancer_control","Raw healthy_noncancer_control"
"L_HDL_C","Cholesterol in Large HDL","PCa_after_70","0.928(95% CI:0.823-1.046; P=0.2223964934)","1.038(95% CI:1.008-1.069; P=0.012165785)","0.904(95% CI:0.775-1.054; P=0.1964938531)","Raw","healthy_noncancer_control","Raw healthy_noncancer_control"
"L_HDL_CE","Cholesteryl Esters in Large HDL","PCa_after_70","0.93(95% CI:0.825-1.049; P=0.2362079353)","1.04(95% CI:1.01-1.071; P=0.0095267084)","0.904(95% CI:0.775-1.054; P=0.1986179972)","Raw","healthy_noncancer_control","Raw healthy_noncancer_control"
"L_HDL_FC","Free Cholesterol in Large HDL","PCa_after_70","0.923(95% CI:0.818-1.04; P=0.1892831214)","1.03(95% CI:1-1.06; P=0.0475948868)","0.91(95% CI:0.781-1.06; P=0.2260691902)","Raw","healthy_noncancer_control","Raw healthy_noncancer_control"
"L_HDL_PL","Phospholipids in Large HDL","PCa_after_70","0.913(95% CI:0.807-1.033; P=0.1475582855)","1.036(95% CI:1.005-1.067; P=0.0214662261)","0.906(95% CI:0.775-1.06; P=0.2176025996)","Raw","healthy_noncancer_control","Raw healthy_noncancer_control"
"L_HDL_TG","Triglycerides in Large HDL","PCa_after_70","0.9(95% CI:0.782-1.036; P=0.1429513529)","0.979(95% CI:0.948-1.012; P=0.2129915748)","0.956(95% CI:0.805-1.134; P=0.602440281)","Raw","healthy_noncancer_control","Raw healthy_noncancer_control"
"L_LDL_C","Cholesterol in Large LDL","PCa_after_70","1.044(95% CI:0.921-1.183; P=0.5042360419)","1.006(95% CI:0.976-1.038; P=0.693377281)","1.049(95% CI:0.895-1.228; P=0.5569671053)","Raw","healthy_noncancer_control","Raw healthy_noncancer_control"
"L_LDL_CE","Cholesteryl Esters in Large LDL","PCa_after_70","1.043(95% CI:0.919-1.183; P=0.513827944)","1.003(95% CI:0.973-1.035; P=0.8402415913)","1.053(95% CI:0.898-1.234; P=0.5251570718)","Raw","healthy_noncancer_control","Raw healthy_noncancer_control"
"L_LDL_FC","Free Cholesterol in Large LDL","PCa_after_70","1.035(95% CI:0.915-1.171; P=0.5814029834)","1.008(95% CI:0.978-1.04; P=0.6054018808)","1.028(95% CI:0.878-1.202; P=0.7336267331)","Raw","healthy_noncancer_control","Raw healthy_noncancer_control"
"L_LDL_PL","Phospholipids in Large LDL","PCa_after_70","1.036(95% CI:0.914-1.175; P=0.5812515813)","1.002(95% CI:0.972-1.034; P=0.8861036002)","1.042(95% CI:0.889-1.221; P=0.614839943)","Raw","healthy_noncancer_control","Raw healthy_noncancer_control"
"L_LDL_TG","Triglycerides in Large LDL","PCa_after_70","0.944(95% CI:0.819-1.088; P=0.4260527857)","0.946(95% CI:0.914-0.979; P=0.0016489713)","1.001(95% CI:0.844-1.187; P=0.990471171)","Raw","healthy_noncancer_control","Raw healthy_noncancer_control"
"L_VLDL_C","Cholesterol in Large VLDL","PCa_after_70","1.024(95% CI:0.898-1.167; P=0.7240758876)","0.962(95% CI:0.931-0.994; P=0.0193387329)","1.091(95% CI:0.93-1.28; P=0.2866428229)","Raw","healthy_noncancer_control","Raw healthy_noncancer_control"
"L_VLDL_CE","Cholesteryl Esters in Large VLDL","PCa_after_70","1.024(95% CI:0.898-1.168; P=0.7236417815)","0.969(95% CI:0.938-1.001; P=0.0556918068)","1.08(95% CI:0.92-1.268; P=0.3446107993)","Raw","healthy_noncancer_control","Raw healthy_noncancer_control"
"L_VLDL_FC","Free Cholesterol in Large VLDL","PCa_after_70","1.022(95% CI:0.896-1.165; P=0.7478867248)","0.956(95% CI:0.925-0.988; P=0.0071354728)","1.094(95% CI:0.933-1.283; P=0.2663891384)","Raw","healthy_noncancer_control","Raw healthy_noncancer_control"
"L_VLDL_PL","Phospholipids in Large VLDL","PCa_after_70","1.017(95% CI:0.892-1.158; P=0.8040604636)","0.954(95% CI:0.923-0.986; P=0.0047081496)","1.093(95% CI:0.933-1.28; P=0.2728348798)","Raw","healthy_noncancer_control","Raw healthy_noncancer_control"
"L_VLDL_TG","Triglycerides in Large VLDL","PCa_after_70","1.025(95% CI:0.901-1.165; P=0.7104285995)","0.961(95% CI:0.93-0.993; P=0.0175318889)","1.112(95% CI:0.952-1.298; P=0.1800248652)","Raw","healthy_noncancer_control","Raw healthy_noncancer_control"
"LA","Linoleic Acid","PCa_after_70","1.016(95% CI:0.891-1.159; P=0.8091188946)","0.992(95% CI:0.962-1.023; P=0.6204772393)","1.051(95% CI:0.895-1.236; P=0.5433539383)","Raw","healthy_noncancer_control","Raw healthy_noncancer_control"
"Lactate","Lactate","PCa_after_70","0.896(95% CI:0.788-1.02; P=0.0976145317)","1.001(95% CI:0.969-1.034; P=0.9563369869)","0.938(95% CI:0.798-1.103; P=0.44087516)","Raw","healthy_noncancer_control","Raw healthy_noncancer_control"
"LDL_C","LDL Cholesterol","PCa_after_70","1.052(95% CI:0.927-1.195; P=0.4298999688)","1.002(95% CI:0.971-1.033; P=0.9110028075)","1.067(95% CI:0.91-1.251; P=0.4266920493)","Raw","healthy_noncancer_control","Raw healthy_noncancer_control"
"LDL_CE","Cholesteryl Esters in LDL","PCa_after_70","1.052(95% CI:0.926-1.195; P=0.4401279346)","0.997(95% CI:0.967-1.029; P=0.8660421973)","1.073(95% CI:0.915-1.26; P=0.3852944531)","Raw","healthy_noncancer_control","Raw healthy_noncancer_control"
"LDL_FC","Free Cholesterol in LDL","PCa_after_70","1.044(95% CI:0.922-1.182; P=0.500780718)","1.008(95% CI:0.977-1.039; P=0.6310048001)","1.038(95% CI:0.886-1.216; P=0.6440143492)","Raw","healthy_noncancer_control","Raw healthy_noncancer_control"
"LDL_L","Total Lipids in LDL","PCa_after_70","1.046(95% CI:0.92-1.188; P=0.4932614433)","0.998(95% CI:0.968-1.029; P=0.8963580919)","1.066(95% CI:0.908-1.25; P=0.4354906507)","Raw","healthy_noncancer_control","Raw healthy_noncancer_control"
"LDL_PL","Phospholipids in LDL","PCa_after_70","1.041(95% CI:0.917-1.181; P=0.5392385273)","0.996(95% CI:0.966-1.027; P=0.7903071125)","1.056(95% CI:0.9-1.239; P=0.5048370999)","Raw","healthy_noncancer_control","Raw healthy_noncancer_control"
"LDL_TG","Triglycerides in LDL","PCa_after_70","0.951(95% CI:0.826-1.095; P=0.4829481787)","0.944(95% CI:0.912-0.978; P=0.0011612193)","1.016(95% CI:0.858-1.204; P=0.8516015438)","Raw","healthy_noncancer_control","Raw healthy_noncancer_control"
"Leu","Leucine","PCa_after_70","1.042(95% CI:0.922-1.178; P=0.5093430295)","1.005(95% CI:0.974-1.037; P=0.7595864018)","1.074(95% CI:0.921-1.252; P=0.3638516259)","Raw","healthy_noncancer_control","Raw healthy_noncancer_control"
"M_HDL_C","Cholesterol in Medium HDL","PCa_after_70","0.948(95% CI:0.839-1.071; P=0.3893064534)","1.042(95% CI:1.01-1.074; P=0.0088043045)","0.955(95% CI:0.817-1.117; P=0.5668310158)","Raw","healthy_noncancer_control","Raw healthy_noncancer_control"
"M_HDL_CE","Cholesteryl Esters in Medium HDL","PCa_after_70","0.952(95% CI:0.842-1.076; P=0.4274322879)","1.043(95% CI:1.012-1.076; P=0.0065437583)","0.956(95% CI:0.817-1.118; P=0.5744247143)","Raw","healthy_noncancer_control","Raw healthy_noncancer_control"
"M_HDL_FC","Free Cholesterol in Medium HDL","PCa_after_70","0.935(95% CI:0.827-1.057; P=0.2836934752)","1.033(95% CI:1.002-1.064; P=0.0382728372)","0.958(95% CI:0.82-1.119; P=0.5876008977)","Raw","healthy_noncancer_control","Raw healthy_noncancer_control"
"M_HDL_PL","Phospholipids in Medium HDL","PCa_after_70","0.94(95% CI:0.828-1.067; P=0.3395039434)","1.027(95% CI:0.995-1.059; P=0.0960962625)","0.977(95% CI:0.832-1.148; P=0.7774917085)","Raw","healthy_noncancer_control","Raw healthy_noncancer_control"
"M_HDL_TG","Triglycerides in Medium HDL","PCa_after_70","0.952(95% CI:0.832-1.091; P=0.4813319459)","0.967(95% CI:0.936-1; P=0.0486610502)","1.015(95% CI:0.86-1.196; P=0.8631017617)","Raw","healthy_noncancer_control","Raw healthy_noncancer_control"
"M_LDL_C","Cholesterol in Medium LDL","PCa_after_70","1.061(95% CI:0.933-1.207; P=0.3678189933)","0.989(95% CI:0.959-1.021; P=0.4997020781)","1.092(95% CI:0.929-1.285; P=0.2848449334)","Raw","healthy_noncancer_control","Raw healthy_noncancer_control"
"M_LDL_CE","Cholesteryl Esters in Medium LDL","PCa_after_70","1.063(95% CI:0.933-1.21; P=0.3581045136)","0.983(95% CI:0.953-1.015; P=0.2971128267)","1.104(95% CI:0.938-1.3; P=0.23204197)","Raw","healthy_noncancer_control","Raw healthy_noncancer_control"
"M_LDL_FC","Free Cholesterol in Medium LDL","PCa_after_70","1.046(95% CI:0.922-1.186; P=0.4841424374)","1.002(95% CI:0.971-1.034; P=0.8987861913)","1.047(95% CI:0.892-1.23; P=0.5727213685)","Raw","healthy_noncancer_control","Raw healthy_noncancer_control"
"M_LDL_PL","Phospholipids in Medium LDL","PCa_after_70","1.042(95% CI:0.916-1.186; P=0.5278539364)","0.984(95% CI:0.954-1.016; P=0.3315177516)","1.071(95% CI:0.911-1.26; P=0.4063720112)","Raw","healthy_noncancer_control","Raw healthy_noncancer_control"
"M_LDL_TG","Triglycerides in Medium LDL","PCa_after_70","0.958(95% CI:0.833-1.103; P=0.5514468562)","0.941(95% CI:0.909-0.974; P=0.0006358341)","1.029(95% CI:0.87-1.217; P=0.7378232749)","Raw","healthy_noncancer_control","Raw healthy_noncancer_control"
"M_VLDL_C","Cholesterol in Medium VLDL","PCa_after_70","1.039(95% CI:0.915-1.18; P=0.5564287884)","0.997(95% CI:0.967-1.028; P=0.8522155726)","1.043(95% CI:0.889-1.224; P=0.6018663125)","Raw","healthy_noncancer_control","Raw healthy_noncancer_control"
"M_VLDL_CE","Cholesteryl Esters in Medium VLDL","PCa_after_70","1.038(95% CI:0.917-1.176; P=0.5527704722)","1.005(95% CI:0.974-1.037; P=0.7496921329)","1.023(95% CI:0.873-1.199; P=0.7807949407)","Raw","healthy_noncancer_control","Raw healthy_noncancer_control"
"M_VLDL_FC","Free Cholesterol in Medium VLDL","PCa_after_70","1.032(95% CI:0.906-1.176; P=0.6333932066)","0.985(95% CI:0.954-1.016; P=0.3399743036)","1.063(95% CI:0.904-1.249; P=0.4600591983)","Raw","healthy_noncancer_control","Raw healthy_noncancer_control"
"M_VLDL_PL","Phospholipids in Medium VLDL","PCa_after_70","1.031(95% CI:0.904-1.176; P=0.6483947942)","0.978(95% CI:0.947-1.01; P=0.1684359744)","1.073(95% CI:0.913-1.262; P=0.390612299)","Raw","healthy_noncancer_control","Raw healthy_noncancer_control"
"M_VLDL_TG","Triglycerides in Medium VLDL","PCa_after_70","1.024(95% CI:0.9-1.165; P=0.7200563405)","0.967(95% CI:0.936-0.999; P=0.0452583787)","1.112(95% CI:0.951-1.301; P=0.1832017384)","Raw","healthy_noncancer_control","Raw healthy_noncancer_control"
"MUFA","Monounsaturated Fatty Acids","PCa_after_70","0.981(95% CI:0.856-1.125; P=0.7838792888)","0.953(95% CI:0.922-0.985; P=0.0040082356)","1.074(95% CI:0.911-1.265; P=0.3954499504)","Raw","healthy_noncancer_control","Raw healthy_noncancer_control"
"non_HDL_C","Total Cholesterol Minus HDL-C","PCa_after_70","1.04(95% CI:0.915-1.182; P=0.547483055)","0.999(95% CI:0.97-1.03; P=0.9715636487)","1.062(95% CI:0.906-1.244; P=0.4605200283)","Raw","healthy_noncancer_control","Raw healthy_noncancer_control"
"Omega_3","Omega-3 Fatty Acids","PCa_after_70","0.932(95% CI:0.819-1.06; P=0.2823474276)","1.047(95% CI:1.016-1.079; P=0.00315641)","0.98(95% CI:0.834-1.151; P=0.805679232)","Raw","healthy_noncancer_control","Raw healthy_noncancer_control"
"Omega_6","Omega-6 Fatty Acids","PCa_after_70","1.014(95% CI:0.886-1.161; P=0.8361181451)","0.998(95% CI:0.968-1.03; P=0.9162373246)","1.067(95% CI:0.905-1.258; P=0.4383084836)","Raw","healthy_noncancer_control","Raw healthy_noncancer_control"
"Phe","Phenylalanine","PCa_after_70","1.002(95% CI:0.892-1.125; P=0.970289166)","1.003(95% CI:0.972-1.035; P=0.8660138549)","1.122(95% CI:0.96-1.31; P=0.1476104692)","Raw","healthy_noncancer_control","Raw healthy_noncancer_control"
"Phosphatidylc","Phosphatidylcholines","PCa_after_70","0.942(95% CI:0.824-1.076; P=0.3801592342)","1.01(95% CI:0.98-1.042; P=0.5128919638)","0.99(95% CI:0.842-1.163; P=0.8984515973)","Raw","healthy_noncancer_control","Raw healthy_noncancer_control"
"Phosphoglyc","Phosphoglycerides","PCa_after_70","0.948(95% CI:0.83-1.084; P=0.4352221401)","1.006(95% CI:0.975-1.038; P=0.7029230216)","1.008(95% CI:0.857-1.185; P=0.9267841549)","Raw","healthy_noncancer_control","Raw healthy_noncancer_control"
"PUFA","Polyunsaturated Fatty Acids","PCa_after_70","0.985(95% CI:0.859-1.13; P=0.8343512033)","1.011(95% CI:0.98-1.043; P=0.4933380038)","1.048(95% CI:0.888-1.237; P=0.5800642969)","Raw","healthy_noncancer_control","Raw healthy_noncancer_control"
"Pyruvate","Pyruvate","PCa_after_70","0.871(95% CI:0.76-0.998; P=0.046470708)","0.974(95% CI:0.941-1.007; P=0.1230963516)","0.875(95% CI:0.734-1.042; P=0.1333720304)","Raw","healthy_noncancer_control","Raw healthy_noncancer_control"
"Remnant_C","Remnant Cholesterol (Non-HDL and Non-LDL -Cholesterol)","PCa_after_70","1.022(95% CI:0.898-1.163; P=0.7437556542)","0.994(95% CI:0.965-1.025; P=0.7104940399)","1.05(95% CI:0.896-1.232; P=0.5455835978)","Raw","healthy_noncancer_control","Raw healthy_noncancer_control"
"S_HDL_C","Cholesterol in Small HDL","PCa_after_70","1.039(95% CI:0.913-1.182; P=0.5636670785)","1.023(95% CI:0.991-1.055; P=0.1573719968)","1.079(95% CI:0.914-1.273; P=0.3689340019)","Raw","healthy_noncancer_control","Raw healthy_noncancer_control"
"S_HDL_CE","Cholesteryl Esters in Small HDL","PCa_after_70","1.059(95% CI:0.93-1.207; P=0.387906164)","1.028(95% CI:0.996-1.06; P=0.0871376777)","1.087(95% CI:0.919-1.285; P=0.3326149483)","Raw","healthy_noncancer_control","Raw healthy_noncancer_control"
"S_HDL_FC","Free Cholesterol in Small HDL","PCa_after_70","0.978(95% CI:0.859-1.115; P=0.7420459027)","1.004(95% CI:0.973-1.036; P=0.7964169197)","1.043(95% CI:0.888-1.226; P=0.6076346042)","Raw","healthy_noncancer_control","Raw healthy_noncancer_control"
"S_HDL_PL","Phospholipids in Small HDL","PCa_after_70","0.994(95% CI:0.874-1.13; P=0.9245004424)","1.011(95% CI:0.98-1.043; P=0.4959348573)","1.057(95% CI:0.9-1.242; P=0.4970104843)","Raw","healthy_noncancer_control","Raw healthy_noncancer_control"
"S_HDL_TG","Triglycerides in Small HDL","PCa_after_70","0.98(95% CI:0.859-1.118; P=0.7634999114)","0.953(95% CI:0.922-0.985; P=0.0043408292)","1.046(95% CI:0.891-1.229; P=0.5805073995)","Raw","healthy_noncancer_control","Raw healthy_noncancer_control"
"S_LDL_C","Cholesterol in Small LDL","PCa_after_70","1.053(95% CI:0.927-1.197; P=0.4283695402)","0.985(95% CI:0.954-1.017; P=0.3488469246)","1.079(95% CI:0.918-1.269; P=0.3549715167)","Raw","healthy_noncancer_control","Raw healthy_noncancer_control"
"S_LDL_CE","Cholesteryl Esters in Small LDL","PCa_after_70","1.049(95% CI:0.922-1.194; P=0.4680346618)","0.978(95% CI:0.948-1.01; P=0.1780564735)","1.088(95% CI:0.924-1.28; P=0.3114364679)","Raw","healthy_noncancer_control","Raw healthy_noncancer_control"
"S_LDL_FC","Free Cholesterol in Small LDL","PCa_after_70","1.054(95% CI:0.93-1.194; P=0.4120272594)","1.002(95% CI:0.971-1.034; P=0.9011113722)","1.046(95% CI:0.89-1.228; P=0.5865635666)","Raw","healthy_noncancer_control","Raw healthy_noncancer_control"
"S_LDL_PL","Phospholipids in Small LDL","PCa_after_70","1.032(95% CI:0.909-1.172; P=0.6243852165)","0.981(95% CI:0.951-1.013; P=0.2409999439)","1.053(95% CI:0.897-1.237; P=0.5251908647)","Raw","healthy_noncancer_control","Raw healthy_noncancer_control"
"S_LDL_TG","Triglycerides in Small LDL","PCa_after_70","0.974(95% CI:0.849-1.118; P=0.7107269764)","0.943(95% CI:0.911-0.977; P=0.0009745317)","1.055(95% CI:0.895-1.243; P=0.525921534)","Raw","healthy_noncancer_control","Raw healthy_noncancer_control"
"S_VLDL_C","Cholesterol in Small VLDL","PCa_after_70","1.032(95% CI:0.905-1.175; P=0.6405947396)","0.982(95% CI:0.951-1.013; P=0.2482838244)","1.056(95% CI:0.899-1.241; P=0.5054592093)","Raw","healthy_noncancer_control","Raw healthy_noncancer_control"
"S_VLDL_CE","Cholesteryl Esters in Small VLDL","PCa_after_70","1.029(95% CI:0.903-1.173; P=0.6693774131)","0.978(95% CI:0.947-1.009; P=0.1639562791)","1.055(95% CI:0.897-1.24; P=0.5170452045)","Raw","healthy_noncancer_control","Raw healthy_noncancer_control"
"S_VLDL_FC","Free Cholesterol in Small VLDL","PCa_after_70","1.034(95% CI:0.909-1.177; P=0.6110137195)","0.987(95% CI:0.956-1.018; P=0.4076944428)","1.053(95% CI:0.897-1.238; P=0.527025788)","Raw","healthy_noncancer_control","Raw healthy_noncancer_control"
"S_VLDL_PL","Phospholipids in Small VLDL","PCa_after_70","1.02(95% CI:0.894-1.164; P=0.7652426498)","0.977(95% CI:0.947-1.009; P=0.1609529876)","1.058(95% CI:0.9-1.244; P=0.4932119332)","Raw","healthy_noncancer_control","Raw healthy_noncancer_control"
"S_VLDL_TG","Triglycerides in Small VLDL","PCa_after_70","0.979(95% CI:0.858-1.118; P=0.7572563107)","0.964(95% CI:0.932-0.996; P=0.0281436775)","1.057(95% CI:0.901-1.241; P=0.4937516976)","Raw","healthy_noncancer_control","Raw healthy_noncancer_control"
"SFA","Saturated Fatty Acids","PCa_after_70","0.972(95% CI:0.847-1.114; P=0.6797469357)","0.97(95% CI:0.939-1.002; P=0.0655392428)","1.068(95% CI:0.907-1.259; P=0.4283336392)","Raw","healthy_noncancer_control","Raw healthy_noncancer_control"
"Sphingomyelins","Sphingomyelins","PCa_after_70","0.986(95% CI:0.871-1.116; P=0.8219462925)","1.017(95% CI:0.987-1.048; P=0.2678143209)","1.008(95% CI:0.863-1.176; P=0.923426153)","Raw","healthy_noncancer_control","Raw healthy_noncancer_control"
"Total_C","Total Cholesterol","PCa_after_70","1.016(95% CI:0.897-1.152; P=0.8021240591)","1.011(95% CI:0.981-1.042; P=0.4796426679)","1.033(95% CI:0.884-1.208; P=0.6833824318)","Raw","healthy_noncancer_control","Raw healthy_noncancer_control"
"Total_CE","Total Esterified Cholesterol","PCa_after_70","1.016(95% CI:0.897-1.15; P=0.8072834997)","1.014(95% CI:0.984-1.045; P=0.3763822572)","1.03(95% CI:0.881-1.203; P=0.7112504652)","Raw","healthy_noncancer_control","Raw healthy_noncancer_control"
"Total_FA","Total Fatty Acids","PCa_after_70","0.976(95% CI:0.85-1.121; P=0.7337237477)","0.975(95% CI:0.944-1.007; P=0.1295723345)","1.069(95% CI:0.906-1.261; P=0.4295026414)","Raw","healthy_noncancer_control","Raw healthy_noncancer_control"
"Total_FC","Total Free Cholesterol","PCa_after_70","1.014(95% CI:0.893-1.152; P=0.8268910522)","1.001(95% CI:0.971-1.032; P=0.9610089052)","1.037(95% CI:0.885-1.214; P=0.6563082283)","Raw","healthy_noncancer_control","Raw healthy_noncancer_control"
"Total_L","Total Lipids in Lipoprotein Particles","PCa_after_70","0.996(95% CI:0.873-1.135; P=0.9477738768)","0.991(95% CI:0.961-1.022; P=0.5667621949)","1.057(95% CI:0.899-1.242; P=0.5042087272)","Raw","healthy_noncancer_control","Raw healthy_noncancer_control"
"Total_PL","Total Phospholipids in Lipoprotein Particles","PCa_after_70","0.972(95% CI:0.854-1.107; P=0.6677352594)","1.003(95% CI:0.973-1.034; P=0.8418446624)","1.022(95% CI:0.871-1.199; P=0.7933806959)","Raw","healthy_noncancer_control","Raw healthy_noncancer_control"
"Total_TG","Total Triglycerides","PCa_after_70","0.994(95% CI:0.871-1.134; P=0.9237628895)","0.957(95% CI:0.927-0.989; P=0.0089910254)","1.086(95% CI:0.925-1.276; P=0.3148314956)","Raw","healthy_noncancer_control","Raw healthy_noncancer_control"
"Tyr","Tyrosine","PCa_after_70","0.991(95% CI:0.872-1.125; P=0.8839997069)","0.957(95% CI:0.927-0.988; P=0.0063090832)","1.01(95% CI:0.861-1.184; P=0.904259813)","Raw","healthy_noncancer_control","Raw healthy_noncancer_control"
"Unsaturation","Degree of Unsaturation","PCa_after_70","0.978(95% CI:0.868-1.102; P=0.7158577975)","1.087(95% CI:1.054-1.121; P=0.0000001402)","0.932(95% CI:0.798-1.089; P=0.3751765407)","Raw","healthy_noncancer_control","Raw healthy_noncancer_control"
"Val","Valine","PCa_after_70","1.021(95% CI:0.899-1.159; P=0.7482506543)","0.993(95% CI:0.962-1.025; P=0.6755868661)","1.022(95% CI:0.871-1.199; P=0.7917681075)","Raw","healthy_noncancer_control","Raw healthy_noncancer_control"
"VLDL_C","VLDL Cholesterol","PCa_after_70","1.029(95% CI:0.902-1.173; P=0.6751916188)","0.976(95% CI:0.945-1.007; P=0.1239089907)","1.079(95% CI:0.918-1.268; P=0.3575619895)","Raw","healthy_noncancer_control","Raw healthy_noncancer_control"
"VLDL_CE","Cholesteryl Esters in VLDL","PCa_after_70","1.03(95% CI:0.904-1.174; P=0.6544688895)","0.981(95% CI:0.951-1.013; P=0.2386504025)","1.066(95% CI:0.907-1.252; P=0.4382511558)","Raw","healthy_noncancer_control","Raw healthy_noncancer_control"
"VLDL_FC","Free Cholesterol in VLDL","PCa_after_70","1.022(95% CI:0.895-1.167; P=0.7462932957)","0.966(95% CI:0.935-0.998; P=0.0349826702)","1.084(95% CI:0.922-1.274; P=0.3309919956)","Raw","healthy_noncancer_control","Raw healthy_noncancer_control"
"VLDL_L","Total Lipids in VLDL","PCa_after_70","1.014(95% CI:0.889-1.156; P=0.8396908145)","0.963(95% CI:0.933-0.994; P=0.0210189594)","1.098(95% CI:0.935-1.29; P=0.2535829594)","Raw","healthy_noncancer_control","Raw healthy_noncancer_control"
"VLDL_PL","Phospholipids in VLDL","PCa_after_70","1.014(95% CI:0.888-1.158; P=0.835928837)","0.961(95% CI:0.931-0.993; P=0.0161267112)","1.084(95% CI:0.922-1.274; P=0.3294310303)","Raw","healthy_noncancer_control","Raw healthy_noncancer_control"
"VLDL_TG","Triglycerides in VLDL","PCa_after_70","1.006(95% CI:0.884-1.146; P=0.922574021)","0.959(95% CI:0.928-0.99; P=0.0107895038)","1.097(95% CI:0.936-1.286; P=0.2532521335)","Raw","healthy_noncancer_control","Raw healthy_noncancer_control"
"XL_HDL_C","Cholesterol in Very Large HDL","PCa_after_70","0.941(95% CI:0.838-1.058; P=0.3098845586)","1.02(95% CI:0.991-1.05; P=0.1691030879)","0.921(95% CI:0.793-1.069; P=0.2802208268)","Raw","healthy_noncancer_control","Raw healthy_noncancer_control"
"XL_HDL_CE","Cholesteryl Esters in Very Large HDL","PCa_after_70","0.942(95% CI:0.838-1.059; P=0.31588032)","1.024(95% CI:0.995-1.053; P=0.1121440499)","0.922(95% CI:0.794-1.07; P=0.2857630835)","Raw","healthy_noncancer_control","Raw healthy_noncancer_control"
"XL_HDL_FC","Free Cholesterol in Very Large HDL","PCa_after_70","0.941(95% CI:0.837-1.059; P=0.3117199829)","1.007(95% CI:0.978-1.037; P=0.6532851854)","0.922(95% CI:0.793-1.072; P=0.29197616)","Raw","healthy_noncancer_control","Raw healthy_noncancer_control"
"XL_HDL_PL","Phospholipids in Very Large HDL","PCa_after_70","0.927(95% CI:0.822-1.045; P=0.2140933765)","1.018(95% CI:0.989-1.049; P=0.2195552737)","0.911(95% CI:0.781-1.063; P=0.2352565306)","Raw","healthy_noncancer_control","Raw healthy_noncancer_control"
"XL_HDL_TG","Triglycerides in Very Large HDL","PCa_after_70","0.923(95% CI:0.8-1.064; P=0.267749891)","0.955(95% CI:0.923-0.988; P=0.0085006022)","0.99(95% CI:0.834-1.175; P=0.9054236033)","Raw","healthy_noncancer_control","Raw healthy_noncancer_control"
"XL_VLDL_C","Cholesterol in Very Large VLDL","PCa_after_70","1.029(95% CI:0.902-1.174; P=0.6675495422)","0.955(95% CI:0.924-0.988; P=0.0068009434)","1.099(95% CI:0.936-1.289; P=0.2485698341)","Raw","healthy_noncancer_control","Raw healthy_noncancer_control"
"XL_VLDL_CE","Cholesteryl Esters in Very Large VLDL","PCa_after_70","1.04(95% CI:0.912-1.187; P=0.5544872131)","0.961(95% CI:0.93-0.993; P=0.0179802613)","1.099(95% CI:0.936-1.29; P=0.250313338)","Raw","healthy_noncancer_control","Raw healthy_noncancer_control"
"XL_VLDL_FC","Free Cholesterol in Very Large VLDL","PCa_after_70","1.017(95% CI:0.891-1.16; P=0.8069325557)","0.951(95% CI:0.919-0.983; P=0.0030817878)","1.094(95% CI:0.933-1.283; P=0.2707589429)","Raw","healthy_noncancer_control","Raw healthy_noncancer_control"
"XL_VLDL_PL","Phospholipids in Very Large VLDL","PCa_after_70","1.015(95% CI:0.89-1.158; P=0.8238771073)","0.949(95% CI:0.918-0.981; P=0.0020972138)","1.094(95% CI:0.934-1.282; P=0.2663682695)","Raw","healthy_noncancer_control","Raw healthy_noncancer_control"
"XL_VLDL_TG","Triglycerides in Very Large VLDL","PCa_after_70","1.012(95% CI:0.889-1.152; P=0.8579909019)","0.952(95% CI:0.921-0.984; P=0.0037999112)","1.099(95% CI:0.939-1.287; P=0.2372288896)","Raw","healthy_noncancer_control","Raw healthy_noncancer_control"
"XS_VLDL_C","Cholesterol in Very Small VLDL","PCa_after_70","0.999(95% CI:0.878-1.135; P=0.983187328)","0.997(95% CI:0.967-1.028; P=0.849099712)","1.007(95% CI:0.859-1.181; P=0.9328280998)","Raw","healthy_noncancer_control","Raw healthy_noncancer_control"
"XS_VLDL_CE","Cholesteryl Esters in Very Small VLDL","PCa_after_70","1(95% CI:0.882-1.135; P=0.9962003652)","1.002(95% CI:0.972-1.032; P=0.9109253765)","1.001(95% CI:0.855-1.172; P=0.9873420189)","Raw","healthy_noncancer_control","Raw healthy_noncancer_control"
"XS_VLDL_FC","Free Cholesterol in Very Small VLDL","PCa_after_70","0.993(95% CI:0.87-1.133; P=0.9130869209)","0.984(95% CI:0.954-1.015; P=0.3055730291)","1.014(95% CI:0.861-1.194; P=0.8692744746)","Raw","healthy_noncancer_control","Raw healthy_noncancer_control"
"XS_VLDL_PL","Phospholipids in Very Small VLDL","PCa_after_70","0.978(95% CI:0.855-1.119; P=0.748466764)","0.974(95% CI:0.943-1.005; P=0.1000436837)","1.004(95% CI:0.851-1.185; P=0.9614418879)","Raw","healthy_noncancer_control","Raw healthy_noncancer_control"
"XS_VLDL_TG","Triglycerides in Very Small VLDL","PCa_after_70","0.948(95% CI:0.825-1.088; P=0.4463057686)","0.953(95% CI:0.921-0.986; P=0.0056269964)","1.004(95% CI:0.849-1.186; P=0.9653462075)","Raw","healthy_noncancer_control","Raw healthy_noncancer_control"
"XXL_VLDL_C","Cholesterol in Chylomicrons and Extremely Large VLDL","PCa_after_70","1.007(95% CI:0.881-1.15; P=0.9236219283)","0.947(95% CI:0.916-0.98; P=0.0019180528)","1.089(95% CI:0.928-1.278; P=0.2983646566)","Raw","healthy_noncancer_control","Raw healthy_noncancer_control"
"XXL_VLDL_CE","Cholesteryl Esters in Chylomicrons and Extremely Large VLDL","PCa_after_70","1.016(95% CI:0.89-1.159; P=0.8146959677)","0.948(95% CI:0.916-0.981; P=0.0021305174)","1.099(95% CI:0.938-1.288; P=0.2447070157)","Raw","healthy_noncancer_control","Raw healthy_noncancer_control"
"XXL_VLDL_FC","Free Cholesterol in Chylomicrons and Extremely Large VLDL","PCa_after_70","0.994(95% CI:0.868-1.137; P=0.9269172844)","0.947(95% CI:0.915-0.98; P=0.001895859)","1.074(95% CI:0.913-1.264; P=0.3883440132)","Raw","healthy_noncancer_control","Raw healthy_noncancer_control"
"XXL_VLDL_PL","Phospholipids in Chylomicrons and Extremely Large VLDL","PCa_after_70","0.992(95% CI:0.868-1.135; P=0.9115586363)","0.944(95% CI:0.912-0.977; P=0.0011107533)","1.077(95% CI:0.916-1.266; P=0.3716455848)","Raw","healthy_noncancer_control","Raw healthy_noncancer_control"
"XXL_VLDL_TG","Triglycerides in Chylomicrons and Extremely Large VLDL","PCa_after_70","0.993(95% CI:0.869-1.136; P=0.9215764614)","0.944(95% CI:0.912-0.976; P=0.0008370265)","1.074(95% CI:0.914-1.262; P=0.3844372723)","Raw","healthy_noncancer_control","Raw healthy_noncancer_control"
"Acetate","Acetate","PCa_before_70","0.964(95% CI:0.831-1.119; P=0.6302077697)","0.987(95% CI:0.96-1.015; P=0.3770397854)","0.959(95% CI:0.806-1.14; P=0.631456323)","Raw","healthy_noncancer_control","Raw healthy_noncancer_control"
"Acetoacetate","Acetoacetate","PCa_before_70","0.931(95% CI:0.805-1.076; P=0.3325648552)","1(95% CI:0.975-1.025; P=0.9818866894)","0.926(95% CI:0.801-1.07; P=0.2981417565)","Raw","healthy_noncancer_control","Raw healthy_noncancer_control"
"Acetone","Acetone","PCa_before_70","0.949(95% CI:0.816-1.103; P=0.4924810082)","1.008(95% CI:0.983-1.033; P=0.544337478)","0.947(95% CI:0.818-1.096; P=0.4646384594)","Raw","healthy_noncancer_control","Raw healthy_noncancer_control"
"Ala","Alanine","PCa_before_70","0.954(95% CI:0.83-1.096; P=0.5038739283)","0.917(95% CI:0.894-0.941; P=0)","0.97(95% CI:0.847-1.112; P=0.6632256886)","Raw","healthy_noncancer_control","Raw healthy_noncancer_control"
"Albumin","Albumin","PCa_before_70","1.088(95% CI:0.94-1.259; P=0.2557652833)","0.992(95% CI:0.967-1.018; P=0.5551777519)","1.081(95% CI:0.943-1.239; P=0.2654412072)","Raw","healthy_noncancer_control","Raw healthy_noncancer_control"
"ApoA1","Apolipoprotein A1","PCa_before_70","1.006(95% CI:0.877-1.153; P=0.9356727701)","0.998(95% CI:0.973-1.023; P=0.8501458792)","1.009(95% CI:0.882-1.154; P=0.8979223865)","Raw","healthy_noncancer_control","Raw healthy_noncancer_control"
"ApoB","Apolipoprotein B","PCa_before_70","1.255(95% CI:1.09-1.446; P=0.0015799449)","1.011(95% CI:0.986-1.037; P=0.4040365712)","1.242(95% CI:1.083-1.424; P=0.0019157706)","Raw","healthy_noncancer_control","Raw healthy_noncancer_control"
"bOHbutyrate","3-Hydroxybutyrate","PCa_before_70","0.918(95% CI:0.784-1.074; P=0.2839226444)","1.005(95% CI:0.98-1.03; P=0.702798584)","0.923(95% CI:0.794-1.074; P=0.299803667)","Raw","healthy_noncancer_control","Raw healthy_noncancer_control"
"Cholines","Total Cholines","PCa_before_70","1.167(95% CI:1.013-1.344; P=0.032130969)","0.991(95% CI:0.966-1.016; P=0.4871643133)","1.159(95% CI:1.013-1.327; P=0.0312704357)","Raw","healthy_noncancer_control","Raw healthy_noncancer_control"
"Citrate","Citrate","PCa_before_70","0.913(95% CI:0.786-1.06; P=0.2329189642)","0.96(95% CI:0.936-0.985; P=0.0019785273)","0.922(95% CI:0.802-1.06; P=0.2562861238)","Raw","healthy_noncancer_control","Raw healthy_noncancer_control"
"Clinical_LDL_C","Clinical LDL Cholesterol","PCa_before_70","1.24(95% CI:1.07-1.435; P=0.0041125288)","1.03(95% CI:1.004-1.056; P=0.0235983323)","1.225(95% CI:1.064-1.412; P=0.0048890326)","Raw","healthy_noncancer_control","Raw healthy_noncancer_control"
"Creatinine","Creatinine","PCa_before_70","1.101(95% CI:0.952-1.273; P=0.1933482056)","1.009(95% CI:0.984-1.034; P=0.4897701399)","1.111(95% CI:0.97-1.272; P=0.1271488955)","Raw","healthy_noncancer_control","Raw healthy_noncancer_control"
"DHA","Docosahexaenoic Acid","PCa_before_70","1.005(95% CI:0.877-1.151; P=0.9457322228)","1.089(95% CI:1.063-1.115; P=0)","1.012(95% CI:0.886-1.157; P=0.8563966004)","Raw","healthy_noncancer_control","Raw healthy_noncancer_control"
"Gln","Glutamine","PCa_before_70","0.999(95% CI:0.872-1.143; P=0.9837010198)","0.978(95% CI:0.954-1.003; P=0.089281477)","1.011(95% CI:0.882-1.159; P=0.8718282617)","Raw","healthy_noncancer_control","Raw healthy_noncancer_control"
"Glucose","Glucose","PCa_before_70","0.86(95% CI:0.74-1; P=0.0495459091)","0.934(95% CI:0.909-0.959; P=0.0000004589)","0.868(95% CI:0.748-1.008; P=0.0628219513)","Raw","healthy_noncancer_control","Raw healthy_noncancer_control"
"Gly","Glycine","PCa_before_70","1.053(95% CI:0.918-1.208; P=0.4575992453)","0.99(95% CI:0.965-1.015; P=0.4288587634)","1.07(95% CI:0.936-1.223; P=0.3244175604)","Raw","healthy_noncancer_control","Raw healthy_noncancer_control"
"GlycA","Glycoprotein Acetyls","PCa_before_70","1.128(95% CI:0.99-1.286; P=0.0701191519)","0.958(95% CI:0.934-0.983; P=0.0011029914)","1.132(95% CI:0.993-1.291; P=0.0634093748)","Raw","healthy_noncancer_control","Raw healthy_noncancer_control"
"HDL_C","HDL Cholesterol","PCa_before_70","0.973(95% CI:0.849-1.116; P=0.6986691478)","1.026(95% CI:1.001-1.052; P=0.0432658259)","0.977(95% CI:0.854-1.119; P=0.7375735524)","Raw","healthy_noncancer_control","Raw healthy_noncancer_control"
"HDL_CE","Cholesteryl Esters in HDL","PCa_before_70","0.962(95% CI:0.84-1.102; P=0.578515072)","1.028(95% CI:1.003-1.054; P=0.0299908799)","0.965(95% CI:0.843-1.105; P=0.6097100867)","Raw","healthy_noncancer_control","Raw healthy_noncancer_control"
"HDL_FC","Free Cholesterol in HDL","PCa_before_70","1.002(95% CI:0.874-1.15; P=0.9716375927)","1.018(95% CI:0.993-1.043; P=0.1706837448)","1.007(95% CI:0.881-1.152; P=0.9155348035)","Raw","healthy_noncancer_control","Raw healthy_noncancer_control"
"HDL_L","Total Lipids in HDL","PCa_before_70","0.988(95% CI:0.861-1.134; P=0.8673236161)","1.006(95% CI:0.981-1.031; P=0.661622312)","0.993(95% CI:0.867-1.136; P=0.9142217156)","Raw","healthy_noncancer_control","Raw healthy_noncancer_control"
"HDL_PL","Phospholipids in HDL","PCa_before_70","0.977(95% CI:0.852-1.121; P=0.7425812513)","0.996(95% CI:0.972-1.022; P=0.7826461253)","0.982(95% CI:0.858-1.124; P=0.7889043961)","Raw","healthy_noncancer_control","Raw healthy_noncancer_control"
"HDL_TG","Triglycerides in HDL","PCa_before_70","1.083(95% CI:0.955-1.229; P=0.2142736081)","0.942(95% CI:0.917-0.966; P=0.000005951)","1.085(95% CI:0.955-1.234; P=0.2108804676)","Raw","healthy_noncancer_control","Raw healthy_noncancer_control"
"His","Histidine","PCa_before_70","1.046(95% CI:0.913-1.198; P=0.51824323)","1.032(95% CI:1.007-1.057; P=0.0112555694)","1.051(95% CI:0.919-1.202; P=0.4694623123)","Raw","healthy_noncancer_control","Raw healthy_noncancer_control"
"IDL_C","Cholesterol in IDL","PCa_before_70","1.212(95% CI:1.053-1.395; P=0.0074602469)","1.035(95% CI:1.009-1.062; P=0.0071436133)","1.203(95% CI:1.049-1.379; P=0.0081801771)","Raw","healthy_noncancer_control","Raw healthy_noncancer_control"
"IDL_CE","Cholesteryl Esters in IDL","PCa_before_70","1.215(95% CI:1.056-1.398; P=0.0065500087)","1.033(95% CI:1.008-1.06; P=0.0107988849)","1.206(95% CI:1.052-1.382; P=0.007069358)","Raw","healthy_noncancer_control","Raw healthy_noncancer_control"
"IDL_FC","Free Cholesterol in IDL","PCa_before_70","1.186(95% CI:1.036-1.358; P=0.0133805267)","1.035(95% CI:1.01-1.062; P=0.0064968027)","1.18(95% CI:1.033-1.349; P=0.0148594278)","Raw","healthy_noncancer_control","Raw healthy_noncancer_control"
"IDL_PL","Phospholipids in IDL","PCa_before_70","1.214(95% CI:1.058-1.392; P=0.00563481)","1.028(95% CI:1.003-1.054; P=0.0299688901)","1.203(95% CI:1.053-1.376; P=0.0066057048)","Raw","healthy_noncancer_control","Raw healthy_noncancer_control"
"IDL_TG","Triglycerides in IDL","PCa_before_70","1.122(95% CI:0.989-1.272; P=0.0737062757)","0.952(95% CI:0.927-0.977; P=0.0002027513)","1.121(95% CI:0.989-1.271; P=0.0738872314)","Raw","healthy_noncancer_control","Raw healthy_noncancer_control"
"Ile","Isoleucine","PCa_before_70","0.983(95% CI:0.86-1.123; P=0.7986935744)","0.976(95% CI:0.951-1.001; P=0.0630826622)","0.988(95% CI:0.863-1.131; P=0.8642025619)","Raw","healthy_noncancer_control","Raw healthy_noncancer_control"
"L_HDL_C","Cholesterol in Large HDL","PCa_before_70","0.933(95% CI:0.812-1.073; P=0.3329930595)","1.045(95% CI:1.02-1.071; P=0.000450026)","0.938(95% CI:0.817-1.077; P=0.3631118371)","Raw","healthy_noncancer_control","Raw healthy_noncancer_control"
"L_HDL_CE","Cholesteryl Esters in Large HDL","PCa_before_70","0.928(95% CI:0.807-1.068; P=0.2970520266)","1.046(95% CI:1.021-1.072; P=0.0002760063)","0.932(95% CI:0.812-1.071; P=0.3234148429)","Raw","healthy_noncancer_control","Raw healthy_noncancer_control"
"L_HDL_FC","Free Cholesterol in Large HDL","PCa_before_70","0.937(95% CI:0.814-1.08; P=0.3711630479)","1.038(95% CI:1.013-1.063; P=0.0031065162)","0.943(95% CI:0.821-1.084; P=0.4094213472)","Raw","healthy_noncancer_control","Raw healthy_noncancer_control"
"L_HDL_PL","Phospholipids in Large HDL","PCa_before_70","0.925(95% CI:0.803-1.065; P=0.2771472583)","1.029(95% CI:1.004-1.055; P=0.0220936882)","0.931(95% CI:0.81-1.069; P=0.3111654124)","Raw","healthy_noncancer_control","Raw healthy_noncancer_control"
"L_HDL_TG","Triglycerides in Large HDL","PCa_before_70","1.061(95% CI:0.934-1.205; P=0.363889642)","0.967(95% CI:0.943-0.993; P=0.0122003542)","1.063(95% CI:0.935-1.208; P=0.3491054977)","Raw","healthy_noncancer_control","Raw healthy_noncancer_control"
"L_LDL_C","Cholesterol in Large LDL","PCa_before_70","1.225(95% CI:1.062-1.413; P=0.0052838229)","1.029(95% CI:1.004-1.056; P=0.0257105023)","1.214(95% CI:1.057-1.394; P=0.0060813023)","Raw","healthy_noncancer_control","Raw healthy_noncancer_control"
"L_LDL_CE","Cholesteryl Esters in Large LDL","PCa_before_70","1.231(95% CI:1.068-1.419; P=0.0041305329)","1.025(95% CI:0.999-1.051; P=0.0562219553)","1.219(95% CI:1.063-1.399; P=0.0047474231)","Raw","healthy_noncancer_control","Raw healthy_noncancer_control"
"L_LDL_FC","Free Cholesterol in Large LDL","PCa_before_70","1.191(95% CI:1.039-1.365; P=0.0121799144)","1.035(95% CI:1.009-1.061; P=0.0077007867)","1.185(95% CI:1.035-1.356; P=0.0136314449)","Raw","healthy_noncancer_control","Raw healthy_noncancer_control"
"L_LDL_PL","Phospholipids in Large LDL","PCa_before_70","1.23(95% CI:1.071-1.413; P=0.0033428166)","1.022(95% CI:0.996-1.048; P=0.0989260859)","1.22(95% CI:1.066-1.397; P=0.0038429033)","Raw","healthy_noncancer_control","Raw healthy_noncancer_control"
"L_LDL_TG","Triglycerides in Large LDL","PCa_before_70","1.129(95% CI:0.995-1.28; P=0.0591700047)","0.946(95% CI:0.922-0.971; P=0.0000343926)","1.129(95% CI:0.996-1.279; P=0.0569017223)","Raw","healthy_noncancer_control","Raw healthy_noncancer_control"
"L_VLDL_C","Cholesterol in Large VLDL","PCa_before_70","1.181(95% CI:1.038-1.343; P=0.0112377253)","0.962(95% CI:0.938-0.987; P=0.0032200234)","1.181(95% CI:1.037-1.344; P=0.0121492226)","Raw","healthy_noncancer_control","Raw healthy_noncancer_control"
"L_VLDL_CE","Cholesteryl Esters in Large VLDL","PCa_before_70","1.207(95% CI:1.06-1.373; P=0.0043591518)","0.975(95% CI:0.95-1; P=0.0499928166)","1.204(95% CI:1.057-1.371; P=0.0051544035)","Raw","healthy_noncancer_control","Raw healthy_noncancer_control"
"L_VLDL_FC","Free Cholesterol in Large VLDL","PCa_before_70","1.151(95% CI:1.015-1.305; P=0.027875298)","0.952(95% CI:0.928-0.976; P=0.0001599089)","1.154(95% CI:1.016-1.312; P=0.0277722442)","Raw","healthy_noncancer_control","Raw healthy_noncancer_control"
"L_VLDL_PL","Phospholipids in Large VLDL","PCa_before_70","1.138(95% CI:1.004-1.29; P=0.0428609102)","0.948(95% CI:0.924-0.972; P=0.0000439182)","1.142(95% CI:1.005-1.297; P=0.0421564796)","Raw","healthy_noncancer_control","Raw healthy_noncancer_control"
"L_VLDL_TG","Triglycerides in Large VLDL","PCa_before_70","1.113(95% CI:0.981-1.261; P=0.0958876185)","0.951(95% CI:0.927-0.976; P=0.0001320848)","1.119(95% CI:0.984-1.273; P=0.0873871043)","Raw","healthy_noncancer_control","Raw healthy_noncancer_control"
"LA","Linoleic Acid","PCa_before_70","1.274(95% CI:1.106-1.468; P=0.0008151073)","0.983(95% CI:0.958-1.008; P=0.17394796)","1.258(95% CI:1.096-1.444; P=0.0010761319)","Raw","healthy_noncancer_control","Raw healthy_noncancer_control"
"Lactate","Lactate","PCa_before_70","1.06(95% CI:0.926-1.214; P=0.3981298941)","0.975(95% CI:0.95-1.001; P=0.0589970464)","1.068(95% CI:0.933-1.222; P=0.3386324036)","Raw","healthy_noncancer_control","Raw healthy_noncancer_control"
"LDL_C","LDL Cholesterol","PCa_before_70","1.243(95% CI:1.075-1.438; P=0.0033185885)","1.022(95% CI:0.996-1.048; P=0.0965372581)","1.229(95% CI:1.069-1.413; P=0.0038517015)","Raw","healthy_noncancer_control","Raw healthy_noncancer_control"
"LDL_CE","Cholesteryl Esters in LDL","PCa_before_70","1.249(95% CI:1.081-1.444; P=0.0026100597)","1.015(95% CI:0.989-1.041; P=0.2560744179)","1.235(95% CI:1.074-1.419; P=0.0030181071)","Raw","healthy_noncancer_control","Raw healthy_noncancer_control"
"LDL_FC","Free Cholesterol in LDL","PCa_before_70","1.202(95% CI:1.047-1.38; P=0.0090683598)","1.034(95% CI:1.008-1.061; P=0.0089414515)","1.195(95% CI:1.043-1.369; P=0.0102635171)","Raw","healthy_noncancer_control","Raw healthy_noncancer_control"
"LDL_L","Total Lipids in LDL","PCa_before_70","1.252(95% CI:1.082-1.45; P=0.0026162686)","1.016(95% CI:0.991-1.043; P=0.208321742)","1.236(95% CI:1.075-1.422; P=0.0030193347)","Raw","healthy_noncancer_control","Raw healthy_noncancer_control"
"LDL_PL","Phospholipids in LDL","PCa_before_70","1.243(95% CI:1.08-1.431; P=0.0024403438)","1.016(95% CI:0.99-1.042; P=0.2300862228)","1.231(95% CI:1.074-1.411; P=0.0027804935)","Raw","healthy_noncancer_control","Raw healthy_noncancer_control"
"LDL_TG","Triglycerides in LDL","PCa_before_70","1.127(95% CI:0.994-1.278; P=0.0617436914)","0.943(95% CI:0.919-0.968; P=0.0000125386)","1.129(95% CI:0.996-1.279; P=0.0587886125)","Raw","healthy_noncancer_control","Raw healthy_noncancer_control"
"Leu","Leucine","PCa_before_70","1.002(95% CI:0.877-1.146; P=0.9722388448)","0.971(95% CI:0.946-0.996; P=0.0253484851)","1.006(95% CI:0.88-1.151; P=0.9276870857)","Raw","healthy_noncancer_control","Raw healthy_noncancer_control"
"M_HDL_C","Cholesterol in Medium HDL","PCa_before_70","0.956(95% CI:0.835-1.095; P=0.5151238196)","1.006(95% CI:0.981-1.032; P=0.6199078376)","0.959(95% CI:0.837-1.098; P=0.5456636276)","Raw","healthy_noncancer_control","Raw healthy_noncancer_control"
"M_HDL_CE","Cholesteryl Esters in Medium HDL","PCa_before_70","0.947(95% CI:0.827-1.084; P=0.4296325893)","1.007(95% CI:0.982-1.033; P=0.5796026833)","0.949(95% CI:0.829-1.088; P=0.4539258022)","Raw","healthy_noncancer_control","Raw healthy_noncancer_control"
"M_HDL_FC","Free Cholesterol in Medium HDL","PCa_before_70","0.988(95% CI:0.862-1.132; P=0.8594781021)","1.003(95% CI:0.978-1.028; P=0.8421865866)","0.992(95% CI:0.867-1.135; P=0.909388878)","Raw","healthy_noncancer_control","Raw healthy_noncancer_control"
"M_HDL_PL","Phospholipids in Medium HDL","PCa_before_70","0.976(95% CI:0.853-1.116; P=0.7224531842)","0.98(95% CI:0.956-1.006; P=0.1268199358)","0.979(95% CI:0.856-1.12; P=0.7581416794)","Raw","healthy_noncancer_control","Raw healthy_noncancer_control"
"M_HDL_TG","Triglycerides in Medium HDL","PCa_before_70","1.072(95% CI:0.945-1.215; P=0.2796912156)","0.939(95% CI:0.915-0.964; P=0.0000026234)","1.074(95% CI:0.944-1.221; P=0.2768572986)","Raw","healthy_noncancer_control","Raw healthy_noncancer_control"
"M_LDL_C","Cholesterol in Medium LDL","PCa_before_70","1.249(95% CI:1.085-1.437; P=0.001995179)","1.002(95% CI:0.977-1.028; P=0.8511876893)","1.237(95% CI:1.079-1.417; P=0.0022792402)","Raw","healthy_noncancer_control","Raw healthy_noncancer_control"
"M_LDL_CE","Cholesteryl Esters in Medium LDL","PCa_before_70","1.246(95% CI:1.084-1.432; P=0.0020165404)","0.992(95% CI:0.967-1.018; P=0.5592140951)","1.235(95% CI:1.078-1.414; P=0.0022731536)","Raw","healthy_noncancer_control","Raw healthy_noncancer_control"
"M_LDL_FC","Free Cholesterol in Medium LDL","PCa_before_70","1.212(95% CI:1.059-1.388; P=0.0053917224)","1.026(95% CI:1-1.052; P=0.0461187971)","1.206(95% CI:1.055-1.379; P=0.0060932047)","Raw","healthy_noncancer_control","Raw healthy_noncancer_control"
"M_LDL_PL","Phospholipids in Medium LDL","PCa_before_70","1.247(95% CI:1.086-1.431; P=0.001697582)","1(95% CI:0.975-1.026; P=0.9838283899)","1.237(95% CI:1.081-1.414; P=0.0019072142)","Raw","healthy_noncancer_control","Raw healthy_noncancer_control"
"M_LDL_TG","Triglycerides in Medium LDL","PCa_before_70","1.125(95% CI:0.994-1.272; P=0.0615266052)","0.941(95% CI:0.916-0.966; P=0.0000053651)","1.128(95% CI:0.996-1.276; P=0.0575831744)","Raw","healthy_noncancer_control","Raw healthy_noncancer_control"
"M_VLDL_C","Cholesterol in Medium VLDL","PCa_before_70","1.251(95% CI:1.092-1.434; P=0.0012588873)","1.023(95% CI:0.998-1.049; P=0.0754834234)","1.24(95% CI:1.084-1.419; P=0.001709674)","Raw","healthy_noncancer_control","Raw healthy_noncancer_control"
"M_VLDL_CE","Cholesteryl Esters in Medium VLDL","PCa_before_70","1.224(95% CI:1.07-1.399; P=0.0031069636)","1.036(95% CI:1.01-1.062; P=0.0059119579)","1.215(95% CI:1.063-1.389; P=0.0042613761)","Raw","healthy_noncancer_control","Raw healthy_noncancer_control"
"M_VLDL_FC","Free Cholesterol in Medium VLDL","PCa_before_70","1.251(95% CI:1.094-1.431; P=0.0010816307)","1.003(95% CI:0.978-1.028; P=0.8381557168)","1.242(95% CI:1.088-1.418; P=0.0013620332)","Raw","healthy_noncancer_control","Raw healthy_noncancer_control"
"M_VLDL_PL","Phospholipids in Medium VLDL","PCa_before_70","1.245(95% CI:1.089-1.425; P=0.0013829822)","0.991(95% CI:0.966-1.017; P=0.4908806346)","1.238(95% CI:1.084-1.413; P=0.0016679229)","Raw","healthy_noncancer_control","Raw healthy_noncancer_control"
"M_VLDL_TG","Triglycerides in Medium VLDL","PCa_before_70","1.151(95% CI:1.012-1.309; P=0.0316626214)","0.958(95% CI:0.934-0.983; P=0.0011096002)","1.154(95% CI:1.013-1.315; P=0.031411731)","Raw","healthy_noncancer_control","Raw healthy_noncancer_control"
"MUFA","Monounsaturated Fatty Acids","PCa_before_70","1.125(95% CI:0.984-1.286; P=0.0848968081)","0.932(95% CI:0.908-0.957; P=0.0000000972)","1.123(95% CI:0.984-1.282; P=0.0847841386)","Raw","healthy_noncancer_control","Raw healthy_noncancer_control"
"non_HDL_C","Total Cholesterol Minus HDL-C","PCa_before_70","1.262(95% CI:1.089-1.462; P=0.0020005528)","1.018(95% CI:0.993-1.044; P=0.1639876237)","1.244(95% CI:1.081-1.432; P=0.0023867075)","Raw","healthy_noncancer_control","Raw healthy_noncancer_control"
"Omega_3","Omega-3 Fatty Acids","PCa_before_70","1.028(95% CI:0.897-1.178; P=0.6896926803)","1.059(95% CI:1.033-1.085; P=0.0000053406)","1.035(95% CI:0.906-1.183; P=0.6106781258)","Raw","healthy_noncancer_control","Raw healthy_noncancer_control"
"Omega_6","Omega-6 Fatty Acids","PCa_before_70","1.258(95% CI:1.091-1.45; P=0.0015907358)","0.983(95% CI:0.959-1.009; P=0.1977149527)","1.242(95% CI:1.083-1.425; P=0.0019434784)","Raw","healthy_noncancer_control","Raw healthy_noncancer_control"
"Phe","Phenylalanine","PCa_before_70","0.926(95% CI:0.792-1.083; P=0.3380140467)","0.975(95% CI:0.95-1.001; P=0.0547316233)","0.945(95% CI:0.824-1.085; P=0.4231989193)","Raw","healthy_noncancer_control","Raw healthy_noncancer_control"
"Phosphatidylc","Phosphatidylcholines","PCa_before_70","1.148(95% CI:0.996-1.322; P=0.0560048932)","0.99(95% CI:0.965-1.015; P=0.4378223054)","1.141(95% CI:0.997-1.305; P=0.0549951999)","Raw","healthy_noncancer_control","Raw healthy_noncancer_control"
"Phosphoglyc","Phosphoglycerides","PCa_before_70","1.146(95% CI:0.996-1.318; P=0.0566108576)","0.982(95% CI:0.958-1.007; P=0.1623194672)","1.141(95% CI:0.998-1.304; P=0.054085222)","Raw","healthy_noncancer_control","Raw healthy_noncancer_control"
"PUFA","Polyunsaturated Fatty Acids","PCa_before_70","1.223(95% CI:1.06-1.411; P=0.0058151121)","1.002(95% CI:0.977-1.028; P=0.8839046498)","1.21(95% CI:1.056-1.387; P=0.0061077971)","Raw","healthy_noncancer_control","Raw healthy_noncancer_control"
"Pyruvate","Pyruvate","PCa_before_70","0.924(95% CI:0.804-1.061; P=0.2609865911)","0.985(95% CI:0.96-1.012; P=0.2704056399)","0.93(95% CI:0.808-1.07; P=0.3115569617)","Raw","healthy_noncancer_control","Raw healthy_noncancer_control"
"Remnant_C","Remnant Cholesterol (Non-HDL and Non-LDL -Cholesterol)","PCa_before_70","1.257(95% CI:1.088-1.452; P=0.00188755)","1.011(95% CI:0.986-1.037; P=0.3944082697)","1.241(95% CI:1.08-1.426; P=0.0022692958)","Raw","healthy_noncancer_control","Raw healthy_noncancer_control"
"S_HDL_C","Cholesterol in Small HDL","PCa_before_70","1.116(95% CI:0.973-1.281; P=0.1157497021)","0.985(95% CI:0.96-1.01; P=0.2345359479)","1.112(95% CI:0.973-1.272; P=0.1188350841)","Raw","healthy_noncancer_control","Raw healthy_noncancer_control"
"S_HDL_CE","Cholesteryl Esters in Small HDL","PCa_before_70","1.09(95% CI:0.951-1.249; P=0.2178613988)","0.988(95% CI:0.964-1.014; P=0.3657350238)","1.086(95% CI:0.95-1.242; P=0.2275714432)","Raw","healthy_noncancer_control","Raw healthy_noncancer_control"
"S_HDL_FC","Free Cholesterol in Small HDL","PCa_before_70","1.151(95% CI:1.004-1.319; P=0.0441714693)","0.976(95% CI:0.951-1.001; P=0.0576905795)","1.147(95% CI:1.005-1.309; P=0.0419878807)","Raw","healthy_noncancer_control","Raw healthy_noncancer_control"
"S_HDL_PL","Phospholipids in Small HDL","PCa_before_70","1.081(95% CI:0.944-1.237; P=0.2586347504)","0.956(95% CI:0.932-0.981; P=0.0005679586)","1.081(95% CI:0.946-1.235; P=0.25361422)","Raw","healthy_noncancer_control","Raw healthy_noncancer_control"
"S_HDL_TG","Triglycerides in Small HDL","PCa_before_70","1.103(95% CI:0.974-1.25; P=0.1216241042)","0.934(95% CI:0.91-0.958; P=0.0000002038)","1.106(95% CI:0.974-1.256; P=0.1208238181)","Raw","healthy_noncancer_control","Raw healthy_noncancer_control"
"S_LDL_C","Cholesterol in Small LDL","PCa_before_70","1.241(95% CI:1.082-1.423; P=0.0020105371)","1.003(95% CI:0.978-1.029; P=0.8119579846)","1.233(95% CI:1.078-1.41; P=0.0022363018)","Raw","healthy_noncancer_control","Raw healthy_noncancer_control"
"S_LDL_CE","Cholesteryl Esters in Small LDL","PCa_before_70","1.24(95% CI:1.083-1.421; P=0.001913337)","0.99(95% CI:0.965-1.016; P=0.44596197)","1.232(95% CI:1.079-1.408; P=0.0021134152)","Raw","healthy_noncancer_control","Raw healthy_noncancer_control"
"S_LDL_FC","Free Cholesterol in Small LDL","PCa_before_70","1.197(95% CI:1.046-1.368; P=0.0087578795)","1.035(95% CI:1.009-1.062; P=0.0070916233)","1.194(95% CI:1.044-1.366; P=0.0095679798)","Raw","healthy_noncancer_control","Raw healthy_noncancer_control"
"S_LDL_PL","Phospholipids in Small LDL","PCa_before_70","1.223(95% CI:1.068-1.401; P=0.0036350463)","1.012(95% CI:0.987-1.038; P=0.3540151482)","1.218(95% CI:1.066-1.391; P=0.0037099603)","Raw","healthy_noncancer_control","Raw healthy_noncancer_control"
"S_LDL_TG","Triglycerides in Small LDL","PCa_before_70","1.109(95% CI:0.982-1.253; P=0.0962282302)","0.938(95% CI:0.914-0.963; P=0.0000022834)","1.114(95% CI:0.984-1.261; P=0.0895014571)","Raw","healthy_noncancer_control","Raw healthy_noncancer_control"
"S_VLDL_C","Cholesterol in Small VLDL","PCa_before_70","1.252(95% CI:1.094-1.434; P=0.0011116337)","1(95% CI:0.975-1.026; P=0.9984448788)","1.24(95% CI:1.085-1.416; P=0.0015429905)","Raw","healthy_noncancer_control","Raw healthy_noncancer_control"
"S_VLDL_CE","Cholesteryl Esters in Small VLDL","PCa_before_70","1.243(95% CI:1.087-1.42; P=0.00142918)","0.995(95% CI:0.97-1.02; P=0.6933210256)","1.231(95% CI:1.079-1.405; P=0.0019942451)","Raw","healthy_noncancer_control","Raw healthy_noncancer_control"
"S_VLDL_FC","Free Cholesterol in Small VLDL","PCa_before_70","1.254(95% CI:1.096-1.434; P=0.0009543147)","1.007(95% CI:0.982-1.033; P=0.5663434572)","1.243(95% CI:1.089-1.419; P=0.0012751221)","Raw","healthy_noncancer_control","Raw healthy_noncancer_control"
"S_VLDL_PL","Phospholipids in Small VLDL","PCa_before_70","1.246(95% CI:1.09-1.424; P=0.0013007475)","0.992(95% CI:0.967-1.017; P=0.5310849115)","1.236(95% CI:1.083-1.411; P=0.0016290388)","Raw","healthy_noncancer_control","Raw healthy_noncancer_control"
"S_VLDL_TG","Triglycerides in Small VLDL","PCa_before_70","1.13(95% CI:0.997-1.282; P=0.0561935928)","0.954(95% CI:0.93-0.979; P=0.0003243491)","1.133(95% CI:0.997-1.288; P=0.0565230569)","Raw","healthy_noncancer_control","Raw healthy_noncancer_control"
"SFA","Saturated Fatty Acids","PCa_before_70","1.133(95% CI:0.991-1.296; P=0.0678950408)","0.951(95% CI:0.927-0.976; P=0.0001273118)","1.134(95% CI:0.994-1.293; P=0.0612672455)","Raw","healthy_noncancer_control","Raw healthy_noncancer_control"
"Sphingomyelins","Sphingomyelins","PCa_before_70","1.167(95% CI:1.017-1.34; P=0.0280372888)","1.029(95% CI:1.004-1.055; P=0.0254972665)","1.162(95% CI:1.017-1.328; P=0.0267779385)","Raw","healthy_noncancer_control","Raw healthy_noncancer_control"
"Total_C","Total Cholesterol","PCa_before_70","1.234(95% CI:1.067-1.428; P=0.0046554622)","1.024(95% CI:0.998-1.05; P=0.0694601864)","1.22(95% CI:1.061-1.403; P=0.0051820155)","Raw","healthy_noncancer_control","Raw healthy_noncancer_control"
"Total_CE","Total Esterified Cholesterol","PCa_before_70","1.225(95% CI:1.06-1.415; P=0.0060387283)","1.025(95% CI:1-1.052; P=0.0532060442)","1.212(95% CI:1.055-1.392; P=0.0066625432)","Raw","healthy_noncancer_control","Raw healthy_noncancer_control"
"Total_FA","Total Fatty Acids","PCa_before_70","1.163(95% CI:1.013-1.334; P=0.0319722319)","0.957(95% CI:0.933-0.982; P=0.0007922773)","1.158(95% CI:1.014-1.323; P=0.0309136253)","Raw","healthy_noncancer_control","Raw healthy_noncancer_control"
"Total_FC","Total Free Cholesterol","PCa_before_70","1.24(95% CI:1.075-1.43; P=0.0031640072)","1.017(95% CI:0.991-1.043; P=0.2002095775)","1.227(95% CI:1.069-1.407; P=0.0035509155)","Raw","healthy_noncancer_control","Raw healthy_noncancer_control"
"Total_L","Total Lipids in Lipoprotein Particles","PCa_before_70","1.223(95% CI:1.059-1.412; P=0.0061332131)","0.989(95% CI:0.965-1.015; P=0.4090422305)","1.211(95% CI:1.056-1.389; P=0.0062684524)","Raw","healthy_noncancer_control","Raw healthy_noncancer_control"
"Total_PL","Total Phospholipids in Lipoprotein Particles","PCa_before_70","1.186(95% CI:1.029-1.367; P=0.0187327744)","0.992(95% CI:0.967-1.018; P=0.5428830567)","1.177(95% CI:1.028-1.348; P=0.0185967354)","Raw","healthy_noncancer_control","Raw healthy_noncancer_control"
"Total_TG","Total Triglycerides","PCa_before_70","1.118(95% CI:0.98-1.275; P=0.0957198332)","0.945(95% CI:0.921-0.969; P=0.0000132688)","1.12(95% CI:0.981-1.279; P=0.0930902131)","Raw","healthy_noncancer_control","Raw healthy_noncancer_control"
"Tyr","Tyrosine","PCa_before_70","0.956(95% CI:0.834-1.097; P=0.5236102174)","0.942(95% CI:0.918-0.967; P=0.0000062776)","0.962(95% CI:0.839-1.103; P=0.5825838261)","Raw","healthy_noncancer_control","Raw healthy_noncancer_control"
"Unsaturation","Degree of Unsaturation","PCa_before_70","0.974(95% CI:0.853-1.112; P=0.6946882219)","1.115(95% CI:1.087-1.143; P=0)","0.974(95% CI:0.852-1.114; P=0.6995449126)","Raw","healthy_noncancer_control","Raw healthy_noncancer_control"
"Val","Valine","PCa_before_70","1.014(95% CI:0.886-1.16; P=0.8413490937)","0.963(95% CI:0.938-0.988; P=0.0038173127)","1.021(95% CI:0.893-1.168; P=0.7596730346)","Raw","healthy_noncancer_control","Raw healthy_noncancer_control"
"VLDL_C","VLDL Cholesterol","PCa_before_70","1.241(95% CI:1.079-1.427; P=0.0024172482)","0.987(95% CI:0.962-1.012; P=0.3032350107)","1.23(95% CI:1.073-1.409; P=0.0029955189)","Raw","healthy_noncancer_control","Raw healthy_noncancer_control"
"VLDL_CE","Cholesteryl Esters in VLDL","PCa_before_70","1.25(95% CI:1.088-1.436; P=0.0016086184)","0.997(95% CI:0.972-1.023; P=0.8331317207)","1.237(95% CI:1.08-1.417; P=0.0021081651)","Raw","healthy_noncancer_control","Raw healthy_noncancer_control"
"VLDL_FC","Free Cholesterol in VLDL","PCa_before_70","1.207(95% CI:1.057-1.379; P=0.0054541031)","0.971(95% CI:0.947-0.997; P=0.0259273958)","1.203(95% CI:1.054-1.372; P=0.006115821)","Raw","healthy_noncancer_control","Raw healthy_noncancer_control"
"VLDL_L","Total Lipids in VLDL","PCa_before_70","1.174(95% CI:1.024-1.347; P=0.0214209848)","0.959(95% CI:0.935-0.984; P=0.0012668273)","1.171(95% CI:1.023-1.341; P=0.0224572375)","Raw","healthy_noncancer_control","Raw healthy_noncancer_control"
"VLDL_PL","Phospholipids in VLDL","PCa_before_70","1.19(95% CI:1.041-1.359; P=0.0104833037)","0.963(95% CI:0.939-0.988; P=0.0041742309)","1.186(95% CI:1.039-1.354; P=0.0113308685)","Raw","healthy_noncancer_control","Raw healthy_noncancer_control"
"VLDL_TG","Triglycerides in VLDL","PCa_before_70","1.116(95% CI:0.979-1.271; P=0.1002486765)","0.946(95% CI:0.922-0.971; P=0.0000226076)","1.119(95% CI:0.98-1.277; P=0.0964528499)","Raw","healthy_noncancer_control","Raw healthy_noncancer_control"
"XL_HDL_C","Cholesterol in Very Large HDL","PCa_before_70","0.972(95% CI:0.846-1.115; P=0.6831647643)","1.052(95% CI:1.027-1.078; P=0.0000393715)","0.976(95% CI:0.852-1.118; P=0.7249247235)","Raw","healthy_noncancer_control","Raw healthy_noncancer_control"
"XL_HDL_CE","Cholesteryl Esters in Very Large HDL","PCa_before_70","0.967(95% CI:0.842-1.111; P=0.6381913554)","1.053(95% CI:1.028-1.078; P=0.000031808)","0.971(95% CI:0.848-1.113; P=0.6735367068)","Raw","healthy_noncancer_control","Raw healthy_noncancer_control"
"XL_HDL_FC","Free Cholesterol in Very Large HDL","PCa_before_70","0.983(95% CI:0.857-1.128; P=0.8111520896)","1.047(95% CI:1.021-1.072; P=0.0002665049)","0.989(95% CI:0.865-1.131; P=0.8732006296)","Raw","healthy_noncancer_control","Raw healthy_noncancer_control"
"XL_HDL_PL","Phospholipids in Very Large HDL","PCa_before_70","0.93(95% CI:0.806-1.074; P=0.32591223)","1.043(95% CI:1.018-1.069; P=0.0006528111)","0.936(95% CI:0.813-1.077; P=0.3535048619)","Raw","healthy_noncancer_control","Raw healthy_noncancer_control"
"XL_HDL_TG","Triglycerides in Very Large HDL","PCa_before_70","1.1(95% CI:0.972-1.245; P=0.1297729368)","0.959(95% CI:0.934-0.984; P=0.0016636377)","1.104(95% CI:0.974-1.251; P=0.1219601303)","Raw","healthy_noncancer_control","Raw healthy_noncancer_control"
"XL_VLDL_C","Cholesterol in Very Large VLDL","PCa_before_70","1.167(95% CI:1.028-1.324; P=0.0166146719)","0.954(95% CI:0.93-0.979; P=0.0003250828)","1.168(95% CI:1.028-1.328; P=0.0173363869)","Raw","healthy_noncancer_control","Raw healthy_noncancer_control"
"XL_VLDL_CE","Cholesteryl Esters in Very Large VLDL","PCa_before_70","1.202(95% CI:1.057-1.367; P=0.005025559)","0.963(95% CI:0.939-0.988; P=0.0041586981)","1.2(95% CI:1.054-1.367; P=0.0057692951)","Raw","healthy_noncancer_control","Raw healthy_noncancer_control"
"XL_VLDL_FC","Free Cholesterol in Very Large VLDL","PCa_before_70","1.128(95% CI:0.998-1.276; P=0.0544461659)","0.946(95% CI:0.922-0.971; P=0.0000278566)","1.133(95% CI:0.999-1.285; P=0.0526379669)","Raw","healthy_noncancer_control","Raw healthy_noncancer_control"
"XL_VLDL_PL","Phospholipids in Very Large VLDL","PCa_before_70","1.118(95% CI:0.989-1.265; P=0.0753558877)","0.943(95% CI:0.919-0.968; P=0.0000088421)","1.123(95% CI:0.99-1.275; P=0.0715344805)","Raw","healthy_noncancer_control","Raw healthy_noncancer_control"
"XL_VLDL_TG","Triglycerides in Very Large VLDL","PCa_before_70","1.09(95% CI:0.962-1.235; P=0.1764036147)","0.939(95% CI:0.915-0.963; P=0.0000017936)","1.096(95% CI:0.964-1.246; P=0.1613055439)","Raw","healthy_noncancer_control","Raw healthy_noncancer_control"
"XS_VLDL_C","Cholesterol in Very Small VLDL","PCa_before_70","1.206(95% CI:1.054-1.381; P=0.0064804793)","1.023(95% CI:0.997-1.049; P=0.0794533992)","1.196(95% CI:1.048-1.364; P=0.0078745441)","Raw","healthy_noncancer_control","Raw healthy_noncancer_control"
"XS_VLDL_CE","Cholesteryl Esters in Very Small VLDL","PCa_before_70","1.201(95% CI:1.049-1.374; P=0.007803858)","1.029(95% CI:1.004-1.055; P=0.0251508565)","1.191(95% CI:1.044-1.359; P=0.0093779271)","Raw","healthy_noncancer_control","Raw healthy_noncancer_control"
"XS_VLDL_FC","Free Cholesterol in Very Small VLDL","PCa_before_70","1.2(95% CI:1.053-1.369; P=0.0062878427)","1.005(95% CI:0.98-1.031; P=0.6734960087)","1.192(95% CI:1.048-1.355; P=0.0076102181)","Raw","healthy_noncancer_control","Raw healthy_noncancer_control"
"XS_VLDL_PL","Phospholipids in Very Small VLDL","PCa_before_70","1.183(95% CI:1.04-1.347; P=0.0108326595)","0.99(95% CI:0.966-1.016; P=0.4488937123)","1.176(95% CI:1.035-1.336; P=0.0126272579)","Raw","healthy_noncancer_control","Raw healthy_noncancer_control"
"XS_VLDL_TG","Triglycerides in Very Small VLDL","PCa_before_70","1.118(95% CI:0.988-1.266; P=0.0768534656)","0.95(95% CI:0.926-0.975; P=0.0001248258)","1.119(95% CI:0.988-1.269; P=0.0776070655)","Raw","healthy_noncancer_control","Raw healthy_noncancer_control"
"XXL_VLDL_C","Cholesterol in Chylomicrons and Extremely Large VLDL","PCa_before_70","1.083(95% CI:0.957-1.226; P=0.2081010864)","0.933(95% CI:0.909-0.958; P=0.0000002224)","1.087(95% CI:0.956-1.236; P=0.2015479391)","Raw","healthy_noncancer_control","Raw healthy_noncancer_control"
"XXL_VLDL_CE","Cholesteryl Esters in Chylomicrons and Extremely Large VLDL","PCa_before_70","1.095(95% CI:0.968-1.238; P=0.1510254405)","0.935(95% CI:0.911-0.96; P=0.0000004437)","1.098(95% CI:0.967-1.248; P=0.1495230483)","Raw","healthy_noncancer_control","Raw healthy_noncancer_control"
"XXL_VLDL_FC","Free Cholesterol in Chylomicrons and Extremely Large VLDL","PCa_before_70","1.065(95% CI:0.942-1.205; P=0.3143229482)","0.932(95% CI:0.907-0.957; P=0.0000001539)","1.07(95% CI:0.942-1.216; P=0.2970098105)","Raw","healthy_noncancer_control","Raw healthy_noncancer_control"
"XXL_VLDL_PL","Phospholipids in Chylomicrons and Extremely Large VLDL","PCa_before_70","1.051(95% CI:0.928-1.19; P=0.4371668865)","0.93(95% CI:0.906-0.955; P=0.0000000888)","1.056(95% CI:0.928-1.201; P=0.4059977476)","Raw","healthy_noncancer_control","Raw healthy_noncancer_control"
"XXL_VLDL_TG","Triglycerides in Chylomicrons and Extremely Large VLDL","PCa_before_70","1.057(95% CI:0.933-1.198; P=0.3814815647)","0.933(95% CI:0.909-0.958; P=0.0000002989)","1.064(95% CI:0.935-1.211; P=0.345335323)","Raw","healthy_noncancer_control","Raw healthy_noncancer_control"
"Acetate","Acetate","RC","0.808(95% CI:0.599-1.091; P=0.164566875)","1.021(95% CI:0.979-1.064; P=0.3318773727)","0.698(95% CI:0.455-1.071; P=0.0998718415)","Raw","healthy_noncancer_control","Raw healthy_noncancer_control"
"Acetoacetate","Acetoacetate","RC","0.969(95% CI:0.805-1.166; P=0.7363548075)","1.047(95% CI:1.006-1.09; P=0.0247691335)","1.01(95% CI:0.823-1.241; P=0.9213059822)","Raw","healthy_noncancer_control","Raw healthy_noncancer_control"
"Acetone","Acetone","RC","0.986(95% CI:0.815-1.194; P=0.8869837364)","1.056(95% CI:1.021-1.092; P=0.0016724217)","1.009(95% CI:0.82-1.242; P=0.9334708233)","Raw","healthy_noncancer_control","Raw healthy_noncancer_control"
"Ala","Alanine","RC","0.938(95% CI:0.782-1.124; P=0.4873212464)","1.046(95% CI:0.998-1.096; P=0.060013876)","0.99(95% CI:0.799-1.225; P=0.9233935299)","Raw","healthy_noncancer_control","Raw healthy_noncancer_control"
"Albumin","Albumin","RC","0.947(95% CI:0.781-1.147; P=0.5763946138)","0.977(95% CI:0.931-1.024; P=0.3301350486)","0.942(95% CI:0.759-1.169; P=0.58991199)","Raw","healthy_noncancer_control","Raw healthy_noncancer_control"
"ApoA1","Apolipoprotein A1","RC","0.938(95% CI:0.781-1.126; P=0.4918899007)","0.919(95% CI:0.876-0.964; P=0.0005102382)","0.999(95% CI:0.808-1.236; P=0.9955919639)","Raw","healthy_noncancer_control","Raw healthy_noncancer_control"
"ApoB","Apolipoprotein B","RC","0.972(95% CI:0.809-1.167; P=0.7598154526)","0.953(95% CI:0.909-0.999; P=0.0434402339)","0.951(95% CI:0.768-1.178; P=0.6445763766)","Raw","healthy_noncancer_control","Raw healthy_noncancer_control"
"bOHbutyrate","3-Hydroxybutyrate","RC","1.059(95% CI:0.898-1.25; P=0.4952563638)","1.053(95% CI:1.009-1.098; P=0.0179301948)","1.081(95% CI:0.9-1.299; P=0.4027412228)","Raw","healthy_noncancer_control","Raw healthy_noncancer_control"
"Cholines","Total Cholines","RC","0.926(95% CI:0.765-1.12; P=0.427014328)","0.916(95% CI:0.874-0.96; P=0.0002213054)","0.962(95% CI:0.776-1.194; P=0.726767641)","Raw","healthy_noncancer_control","Raw healthy_noncancer_control"
"Citrate","Citrate","RC","1.03(95% CI:0.879-1.207; P=0.7143029508)","0.946(95% CI:0.902-0.993; P=0.0255620502)","0.944(95% CI:0.723-1.232; P=0.6697906127)","Raw","healthy_noncancer_control","Raw healthy_noncancer_control"
"Clinical_LDL_C","Clinical LDL Cholesterol","RC","0.972(95% CI:0.812-1.164; P=0.7598976423)","0.934(95% CI:0.892-0.978; P=0.0038341094)","0.953(95% CI:0.773-1.176; P=0.6549232608)","Raw","healthy_noncancer_control","Raw healthy_noncancer_control"
"Creatinine","Creatinine","RC","1.076(95% CI:0.9-1.286; P=0.4213577959)","1.084(95% CI:1.052-1.117; P=0.0000001158)","1.166(95% CI:0.945-1.438; P=0.1517020487)","Raw","healthy_noncancer_control","Raw healthy_noncancer_control"
"DHA","Docosahexaenoic Acid","RC","0.975(95% CI:0.816-1.164; P=0.7777338279)","0.919(95% CI:0.875-0.964; P=0.0005876359)","1.001(95% CI:0.809-1.239; P=0.9939979012)","Raw","healthy_noncancer_control","Raw healthy_noncancer_control"
"Gln","Glutamine","RC","1.035(95% CI:0.859-1.249; P=0.7153538379)","0.977(95% CI:0.931-1.025; P=0.3347005746)","0.953(95% CI:0.769-1.182; P=0.6631356694)","Raw","healthy_noncancer_control","Raw healthy_noncancer_control"
"Glucose","Glucose","RC","0.948(95% CI:0.793-1.133; P=0.5557332025)","1.06(95% CI:1.012-1.11; P=0.0136018175)","0.915(95% CI:0.731-1.145; P=0.4366601074)","Raw","healthy_noncancer_control","Raw healthy_noncancer_control"
"Gly","Glycine","RC","0.995(95% CI:0.836-1.185; P=0.9565591871)","0.843(95% CI:0.801-0.888; P=0.0000000001)","1.018(95% CI:0.827-1.254; P=0.8664131632)","Raw","healthy_noncancer_control","Raw healthy_noncancer_control"
"GlycA","Glycoprotein Acetyls","RC","1.009(95% CI:0.839-1.213; P=0.9266018854)","1.075(95% CI:1.025-1.127; P=0.003042895)","1.064(95% CI:0.858-1.32; P=0.5724372915)","Raw","healthy_noncancer_control","Raw healthy_noncancer_control"
"HDL_C","HDL Cholesterol","RC","0.976(95% CI:0.818-1.164; P=0.7862049224)","0.892(95% CI:0.85-0.936; P=0.0000035181)","1.01(95% CI:0.819-1.246; P=0.9247039038)","Raw","healthy_noncancer_control","Raw healthy_noncancer_control"
"HDL_CE","Cholesteryl Esters in HDL","RC","0.982(95% CI:0.824-1.169; P=0.834283692)","0.895(95% CI:0.853-0.939; P=0.0000066638)","1.016(95% CI:0.824-1.253; P=0.8805242481)","Raw","healthy_noncancer_control","Raw healthy_noncancer_control"
"HDL_FC","Free Cholesterol in HDL","RC","0.961(95% CI:0.802-1.151; P=0.6645737246)","0.885(95% CI:0.843-0.93; P=0.000001026)","0.989(95% CI:0.8-1.221; P=0.9159790241)","Raw","healthy_noncancer_control","Raw healthy_noncancer_control"
"HDL_L","Total Lipids in HDL","RC","0.953(95% CI:0.794-1.144; P=0.608429701)","0.904(95% CI:0.862-0.948; P=0.0000347405)","1.004(95% CI:0.812-1.241; P=0.9739462385)","Raw","healthy_noncancer_control","Raw healthy_noncancer_control"
"HDL_PL","Phospholipids in HDL","RC","0.948(95% CI:0.789-1.14; P=0.5696645479)","0.913(95% CI:0.87-0.958; P=0.0002073935)","1.002(95% CI:0.81-1.24; P=0.9858060661)","Raw","healthy_noncancer_control","Raw healthy_noncancer_control"
"HDL_TG","Triglycerides in HDL","RC","0.932(95% CI:0.769-1.128; P=0.4680831538)","1.033(95% CI:0.986-1.083; P=0.1733793972)","0.979(95% CI:0.788-1.216; P=0.8459047855)","Raw","healthy_noncancer_control","Raw healthy_noncancer_control"
"His","Histidine","RC","1.021(95% CI:0.849-1.226; P=0.8283160938)","0.943(95% CI:0.896-0.991; P=0.0212638763)","0.992(95% CI:0.801-1.23; P=0.9450961639)","Raw","healthy_noncancer_control","Raw healthy_noncancer_control"
"IDL_C","Cholesterol in IDL","RC","0.975(95% CI:0.817-1.164; P=0.7790882049)","0.899(95% CI:0.859-0.941; P=0.0000053336)","0.947(95% CI:0.769-1.166; P=0.6058552706)","Raw","healthy_noncancer_control","Raw healthy_noncancer_control"
"IDL_CE","Cholesteryl Esters in IDL","RC","0.98(95% CI:0.821-1.17; P=0.8236184922)","0.901(95% CI:0.861-0.944; P=0.0000092249)","0.956(95% CI:0.776-1.179; P=0.6754089617)","Raw","healthy_noncancer_control","Raw healthy_noncancer_control"
"IDL_FC","Free Cholesterol in IDL","RC","0.96(95% CI:0.807-1.142; P=0.6429946934)","0.894(95% CI:0.854-0.937; P=0.0000023546)","0.924(95% CI:0.75-1.138; P=0.456230204)","Raw","healthy_noncancer_control","Raw healthy_noncancer_control"
"IDL_PL","Phospholipids in IDL","RC","0.963(95% CI:0.805-1.151; P=0.676872553)","0.896(95% CI:0.856-0.939; P=0.0000043285)","0.944(95% CI:0.764-1.165; P=0.5903741276)","Raw","healthy_noncancer_control","Raw healthy_noncancer_control"
"IDL_TG","Triglycerides in IDL","RC","0.946(95% CI:0.778-1.15; P=0.5755214671)","1(95% CI:0.953-1.049; P=0.9993549229)","0.979(95% CI:0.787-1.22; P=0.8530940855)","Raw","healthy_noncancer_control","Raw healthy_noncancer_control"
"Ile","Isoleucine","RC","1.014(95% CI:0.852-1.207; P=0.8743615615)","1.046(95% CI:0.999-1.094; P=0.0556339745)","1.003(95% CI:0.812-1.239; P=0.9768292119)","Raw","healthy_noncancer_control","Raw healthy_noncancer_control"
"L_HDL_C","Cholesterol in Large HDL","RC","1.001(95% CI:0.841-1.193; P=0.9882365654)","0.868(95% CI:0.826-0.912; P=0.0000000257)","1(95% CI:0.81-1.235; P=0.9967404279)","Raw","healthy_noncancer_control","Raw healthy_noncancer_control"
"L_HDL_CE","Cholesteryl Esters in Large HDL","RC","1.004(95% CI:0.844-1.195; P=0.9636303334)","0.869(95% CI:0.827-0.914; P=0.0000000354)","1.004(95% CI:0.813-1.238; P=0.9733646213)","Raw","healthy_noncancer_control","Raw healthy_noncancer_control"
"L_HDL_FC","Free Cholesterol in Large HDL","RC","0.989(95% CI:0.83-1.179; P=0.9060262011)","0.867(95% CI:0.824-0.912; P=0.0000000301)","0.984(95% CI:0.797-1.216; P=0.8824404222)","Raw","healthy_noncancer_control","Raw healthy_noncancer_control"
"L_HDL_PL","Phospholipids in Large HDL","RC","0.987(95% CI:0.825-1.18; P=0.884536932)","0.877(95% CI:0.834-0.921; P=0.0000001978)","1(95% CI:0.809-1.236; P=0.9996533484)","Raw","healthy_noncancer_control","Raw healthy_noncancer_control"
"L_HDL_TG","Triglycerides in Large HDL","RC","0.922(95% CI:0.756-1.124; P=0.4214715402)","0.948(95% CI:0.903-0.996; P=0.0327400275)","0.968(95% CI:0.778-1.205; P=0.7712608429)","Raw","healthy_noncancer_control","Raw healthy_noncancer_control"
"L_LDL_C","Cholesterol in Large LDL","RC","0.968(95% CI:0.81-1.158; P=0.723577815)","0.932(95% CI:0.889-0.976; P=0.0027837819)","0.96(95% CI:0.778-1.185; P=0.7035323827)","Raw","healthy_noncancer_control","Raw healthy_noncancer_control"
"L_LDL_CE","Cholesteryl Esters in Large LDL","RC","0.967(95% CI:0.808-1.157; P=0.7153249375)","0.939(95% CI:0.896-0.984; P=0.0081949366)","0.962(95% CI:0.779-1.189; P=0.7229293466)","Raw","healthy_noncancer_control","Raw healthy_noncancer_control"
"L_LDL_FC","Free Cholesterol in Large LDL","RC","0.969(95% CI:0.814-1.153; P=0.7200737256)","0.915(95% CI:0.873-0.958; P=0.0001775241)","0.956(95% CI:0.775-1.178; P=0.6706915372)","Raw","healthy_noncancer_control","Raw healthy_noncancer_control"
"L_LDL_PL","Phospholipids in Large LDL","RC","0.963(95% CI:0.805-1.152; P=0.6774318415)","0.933(95% CI:0.891-0.978; P=0.0038266385)","0.955(95% CI:0.772-1.18; P=0.6680047458)","Raw","healthy_noncancer_control","Raw healthy_noncancer_control"
"L_LDL_TG","Triglycerides in Large LDL","RC","0.933(95% CI:0.766-1.137; P=0.4947450033)","1.013(95% CI:0.966-1.062; P=0.5926950803)","0.969(95% CI:0.776-1.21; P=0.7805468246)","Raw","healthy_noncancer_control","Raw healthy_noncancer_control"
"L_VLDL_C","Cholesterol in Large VLDL","RC","0.971(95% CI:0.808-1.166; P=0.7501329636)","1.059(95% CI:1.01-1.11; P=0.017295426)","0.968(95% CI:0.779-1.203; P=0.7707778218)","Raw","healthy_noncancer_control","Raw healthy_noncancer_control"
"L_VLDL_CE","Cholesteryl Esters in Large VLDL","RC","0.979(95% CI:0.815-1.175; P=0.8177470742)","1.034(95% CI:0.986-1.084; P=0.1708423124)","0.971(95% CI:0.782-1.206; P=0.7916360254)","Raw","healthy_noncancer_control","Raw healthy_noncancer_control"
"L_VLDL_FC","Free Cholesterol in Large VLDL","RC","0.961(95% CI:0.8-1.154; P=0.6693793044)","1.079(95% CI:1.03-1.13; P=0.0013753124)","0.961(95% CI:0.773-1.196; P=0.7230111356)","Raw","healthy_noncancer_control","Raw healthy_noncancer_control"
"L_VLDL_PL","Phospholipids in Large VLDL","RC","0.963(95% CI:0.803-1.156; P=0.6875592985)","1.084(95% CI:1.035-1.135; P=0.0006499665)","0.967(95% CI:0.778-1.202; P=0.7630059306)","Raw","healthy_noncancer_control","Raw healthy_noncancer_control"
"L_VLDL_TG","Triglycerides in Large VLDL","RC","0.979(95% CI:0.817-1.173; P=0.816930785)","1.095(95% CI:1.046-1.147; P=0.000105452)","0.983(95% CI:0.792-1.22; P=0.8764466783)","Raw","healthy_noncancer_control","Raw healthy_noncancer_control"
"LA","Linoleic Acid","RC","0.947(95% CI:0.787-1.139; P=0.5611708567)","0.932(95% CI:0.889-0.976; P=0.0030449172)","0.943(95% CI:0.76-1.169; P=0.5904923803)","Raw","healthy_noncancer_control","Raw healthy_noncancer_control"
"Lactate","Lactate","RC","0.99(95% CI:0.829-1.183; P=0.914427559)","1.053(95% CI:1.002-1.107; P=0.0399276149)","0.966(95% CI:0.78-1.196; P=0.7494157065)","Raw","healthy_noncancer_control","Raw healthy_noncancer_control"
"LDL_C","LDL Cholesterol","RC","0.966(95% CI:0.806-1.158; P=0.7114684328)","0.946(95% CI:0.903-0.991; P=0.019803965)","0.959(95% CI:0.776-1.185; P=0.6996397249)","Raw","healthy_noncancer_control","Raw healthy_noncancer_control"
"LDL_CE","Cholesteryl Esters in LDL","RC","0.963(95% CI:0.802-1.155; P=0.6818868158)","0.955(95% CI:0.911-1.001; P=0.0551099047)","0.959(95% CI:0.775-1.187; P=0.7030300434)","Raw","healthy_noncancer_control","Raw healthy_noncancer_control"
"LDL_FC","Free Cholesterol in LDL","RC","0.975(95% CI:0.818-1.162; P=0.7784596094)","0.927(95% CI:0.884-0.971; P=0.0012832251)","0.963(95% CI:0.781-1.187; P=0.7215336668)","Raw","healthy_noncancer_control","Raw healthy_noncancer_control"
"LDL_L","Total Lipids in LDL","RC","0.963(95% CI:0.802-1.156; P=0.6854404237)","0.951(95% CI:0.907-0.996; P=0.033434818)","0.957(95% CI:0.774-1.184; P=0.6889543763)","Raw","healthy_noncancer_control","Raw healthy_noncancer_control"
"LDL_PL","Phospholipids in LDL","RC","0.968(95% CI:0.808-1.161; P=0.7282270511)","0.951(95% CI:0.908-0.997; P=0.0374185329)","0.962(95% CI:0.777-1.19; P=0.7186664747)","Raw","healthy_noncancer_control","Raw healthy_noncancer_control"
"LDL_TG","Triglycerides in LDL","RC","0.935(95% CI:0.768-1.138; P=0.5033511952)","1.03(95% CI:0.983-1.08; P=0.2177287209)","0.97(95% CI:0.777-1.211; P=0.7890283875)","Raw","healthy_noncancer_control","Raw healthy_noncancer_control"
"Leu","Leucine","RC","0.993(95% CI:0.833-1.183; P=0.9350721218)","1.056(95% CI:1.008-1.105; P=0.0207309726)","1.001(95% CI:0.812-1.235; P=0.9903527352)","Raw","healthy_noncancer_control","Raw healthy_noncancer_control"
"M_HDL_C","Cholesterol in Medium HDL","RC","0.961(95% CI:0.804-1.149; P=0.6632391831)","0.922(95% CI:0.879-0.967; P=0.0008503955)","1.022(95% CI:0.828-1.261; P=0.842041337)","Raw","healthy_noncancer_control","Raw healthy_noncancer_control"
"M_HDL_CE","Cholesteryl Esters in Medium HDL","RC","0.965(95% CI:0.808-1.152; P=0.6927621637)","0.925(95% CI:0.882-0.97; P=0.0013610505)","1.026(95% CI:0.831-1.266; P=0.8114074424)","Raw","healthy_noncancer_control","Raw healthy_noncancer_control"
"M_HDL_FC","Free Cholesterol in Medium HDL","RC","0.95(95% CI:0.792-1.14; P=0.5817353652)","0.912(95% CI:0.869-0.957; P=0.0001938248)","1.004(95% CI:0.813-1.24; P=0.9730805871)","Raw","healthy_noncancer_control","Raw healthy_noncancer_control"
"M_HDL_PL","Phospholipids in Medium HDL","RC","0.935(95% CI:0.777-1.125; P=0.474767212)","0.946(95% CI:0.902-0.992; P=0.0220005927)","1.008(95% CI:0.814-1.247; P=0.9446371862)","Raw","healthy_noncancer_control","Raw healthy_noncancer_control"
"M_HDL_TG","Triglycerides in Medium HDL","RC","0.927(95% CI:0.766-1.122; P=0.4366632658)","1.035(95% CI:0.987-1.085; P=0.1522548935)","0.975(95% CI:0.785-1.212; P=0.8220469788)","Raw","healthy_noncancer_control","Raw healthy_noncancer_control"
"M_LDL_C","Cholesterol in Medium LDL","RC","0.96(95% CI:0.799-1.154; P=0.6642602044)","0.979(95% CI:0.934-1.026; P=0.3762793956)","0.963(95% CI:0.776-1.194; P=0.7306550338)","Raw","healthy_noncancer_control","Raw healthy_noncancer_control"
"M_LDL_CE","Cholesteryl Esters in Medium LDL","RC","0.954(95% CI:0.793-1.148; P=0.6212521129)","0.991(95% CI:0.945-1.039; P=0.6993947946)","0.961(95% CI:0.774-1.193; P=0.7174617433)","Raw","healthy_noncancer_control","Raw healthy_noncancer_control"
"M_LDL_FC","Free Cholesterol in Medium LDL","RC","0.979(95% CI:0.82-1.168; P=0.8117497811)","0.951(95% CI:0.907-0.997; P=0.0365507556)","0.976(95% CI:0.79-1.206; P=0.8199304862)","Raw","healthy_noncancer_control","Raw healthy_noncancer_control"
"M_LDL_PL","Phospholipids in Medium LDL","RC","0.968(95% CI:0.806-1.163; P=0.7314229903)","0.984(95% CI:0.939-1.032; P=0.5171349388)","0.973(95% CI:0.784-1.206; P=0.8018893175)","Raw","healthy_noncancer_control","Raw healthy_noncancer_control"
"M_LDL_TG","Triglycerides in Medium LDL","RC","0.934(95% CI:0.768-1.135; P=0.491089205)","1.046(95% CI:0.999-1.096; P=0.0555242859)","0.968(95% CI:0.776-1.209; P=0.7772268383)","Raw","healthy_noncancer_control","Raw healthy_noncancer_control"
"M_VLDL_C","Cholesterol in Medium VLDL","RC","0.986(95% CI:0.825-1.179; P=0.880183943)","0.939(95% CI:0.896-0.984; P=0.0084604191)","0.959(95% CI:0.776-1.187; P=0.7023571499)","Raw","healthy_noncancer_control","Raw healthy_noncancer_control"
"M_VLDL_CE","Cholesteryl Esters in Medium VLDL","RC","0.991(95% CI:0.833-1.18; P=0.9232696734)","0.916(95% CI:0.874-0.96; P=0.0002596445)","0.962(95% CI:0.779-1.187; P=0.7148988153)","Raw","healthy_noncancer_control","Raw healthy_noncancer_control"
"M_VLDL_FC","Free Cholesterol in Medium VLDL","RC","0.978(95% CI:0.815-1.173; P=0.8071572503)","0.974(95% CI:0.929-1.022; P=0.2807022763)","0.959(95% CI:0.773-1.19; P=0.705189599)","Raw","healthy_noncancer_control","Raw healthy_noncancer_control"
"M_VLDL_PL","Phospholipids in Medium VLDL","RC","0.978(95% CI:0.814-1.176; P=0.8155327722)","0.993(95% CI:0.947-1.041; P=0.7555746235)","0.965(95% CI:0.778-1.198; P=0.7487495354)","Raw","healthy_noncancer_control","Raw healthy_noncancer_control"
"M_VLDL_TG","Triglycerides in Medium VLDL","RC","0.989(95% CI:0.825-1.186; P=0.9061414986)","1.077(95% CI:1.028-1.129; P=0.0019113768)","1.001(95% CI:0.807-1.241; P=0.9962500335)","Raw","healthy_noncancer_control","Raw healthy_noncancer_control"
"MUFA","Monounsaturated Fatty Acids","RC","0.948(95% CI:0.782-1.15; P=0.5904208147)","1.061(95% CI:1.012-1.113; P=0.0143700104)","0.986(95% CI:0.791-1.227; P=0.8966427387)","Raw","healthy_noncancer_control","Raw healthy_noncancer_control"
"non_HDL_C","Total Cholesterol Minus HDL-C","RC","0.967(95% CI:0.804-1.161; P=0.7166460743)","0.942(95% CI:0.899-0.986; P=0.0113202173)","0.95(95% CI:0.769-1.175; P=0.6368302612)","Raw","healthy_noncancer_control","Raw healthy_noncancer_control"
"Omega_3","Omega-3 Fatty Acids","RC","0.947(95% CI:0.784-1.144; P=0.5744797608)","0.962(95% CI:0.917-1.009; P=0.1151390671)","0.998(95% CI:0.802-1.241; P=0.9835114724)","Raw","healthy_noncancer_control","Raw healthy_noncancer_control"
"Omega_6","Omega-6 Fatty Acids","RC","0.941(95% CI:0.778-1.138; P=0.5292890176)","0.937(95% CI:0.894-0.983; P=0.0071818721)","0.961(95% CI:0.774-1.194; P=0.7208621737)","Raw","healthy_noncancer_control","Raw healthy_noncancer_control"
"Phe","Phenylalanine","RC","0.939(95% CI:0.777-1.135; P=0.513072614)","0.995(95% CI:0.949-1.043; P=0.8382959837)","0.906(95% CI:0.728-1.129; P=0.3815335019)","Raw","healthy_noncancer_control","Raw healthy_noncancer_control"
"Phosphatidylc","Phosphatidylcholines","RC","0.928(95% CI:0.764-1.127; P=0.4508381947)","0.915(95% CI:0.873-0.959; P=0.0002021966)","0.972(95% CI:0.782-1.207; P=0.7957885349)","Raw","healthy_noncancer_control","Raw healthy_noncancer_control"
"Phosphoglyc","Phosphoglycerides","RC","0.919(95% CI:0.757-1.116; P=0.3928337334)","0.929(95% CI:0.886-0.973; P=0.0020211727)","0.964(95% CI:0.775-1.198; P=0.7395646732)","Raw","healthy_noncancer_control","Raw healthy_noncancer_control"
"PUFA","Polyunsaturated Fatty Acids","RC","0.931(95% CI:0.765-1.133; P=0.4734163025)","0.935(95% CI:0.892-0.981; P=0.0056242562)","0.963(95% CI:0.773-1.2; P=0.7351563357)","Raw","healthy_noncancer_control","Raw healthy_noncancer_control"
"Pyruvate","Pyruvate","RC","0.969(95% CI:0.81-1.159; P=0.7278916402)","0.993(95% CI:0.944-1.045; P=0.7922999393)","0.948(95% CI:0.761-1.181; P=0.6325941309)","Raw","healthy_noncancer_control","Raw healthy_noncancer_control"
"Remnant_C","Remnant Cholesterol (Non-HDL and Non-LDL -Cholesterol)","RC","0.967(95% CI:0.804-1.163; P=0.7220750059)","0.94(95% CI:0.897-0.985; P=0.0091602785)","0.944(95% CI:0.763-1.168; P=0.5945464879)","Raw","healthy_noncancer_control","Raw healthy_noncancer_control"
"S_HDL_C","Cholesterol in Small HDL","RC","0.944(95% CI:0.787-1.132; P=0.5330112493)","1.014(95% CI:0.967-1.063; P=0.5696571087)","1.048(95% CI:0.846-1.298; P=0.6692157512)","Raw","healthy_noncancer_control","Raw healthy_noncancer_control"
"S_HDL_CE","Cholesteryl Esters in Small HDL","RC","0.956(95% CI:0.798-1.144; P=0.6214538415)","1.026(95% CI:0.979-1.076; P=0.2874732029)","1.055(95% CI:0.852-1.306; P=0.6248332132)","Raw","healthy_noncancer_control","Raw healthy_noncancer_control"
"S_HDL_FC","Free Cholesterol in Small HDL","RC","0.927(95% CI:0.766-1.122; P=0.4369669868)","0.978(95% CI:0.933-1.026; P=0.3690239392)","1.02(95% CI:0.822-1.266; P=0.85494053)","Raw","healthy_noncancer_control","Raw healthy_noncancer_control"
"S_HDL_PL","Phospholipids in Small HDL","RC","0.916(95% CI:0.759-1.105; P=0.3577180955)","1.028(95% CI:0.981-1.078; P=0.2516675466)","1.022(95% CI:0.824-1.266; P=0.8448773382)","Raw","healthy_noncancer_control","Raw healthy_noncancer_control"
"S_HDL_TG","Triglycerides in Small HDL","RC","0.945(95% CI:0.786-1.136; P=0.5472676373)","1.087(95% CI:1.038-1.138; P=0.0003922601)","0.984(95% CI:0.793-1.22; P=0.8807242327)","Raw","healthy_noncancer_control","Raw healthy_noncancer_control"
"S_LDL_C","Cholesterol in Small LDL","RC","0.969(95% CI:0.808-1.162; P=0.7347129961)","0.974(95% CI:0.929-1.021; P=0.2784641026)","0.96(95% CI:0.775-1.191; P=0.7128274577)","Raw","healthy_noncancer_control","Raw healthy_noncancer_control"
"S_LDL_CE","Cholesteryl Esters in Small LDL","RC","0.957(95% CI:0.797-1.15; P=0.6420673976)","0.986(95% CI:0.94-1.034; P=0.5556744079)","0.954(95% CI:0.768-1.184; P=0.6688622569)","Raw","healthy_noncancer_control","Raw healthy_noncancer_control"
"S_LDL_FC","Free Cholesterol in Small LDL","RC","1(95% CI:0.839-1.191; P=0.9957287947)","0.949(95% CI:0.905-0.994; P=0.0271258546)","0.984(95% CI:0.797-1.215; P=0.8783380781)","Raw","healthy_noncancer_control","Raw healthy_noncancer_control"
"S_LDL_PL","Phospholipids in Small LDL","RC","0.994(95% CI:0.831-1.191; P=0.9516829844)","0.971(95% CI:0.926-1.018; P=0.2215739434)","0.981(95% CI:0.792-1.214; P=0.8595564065)","Raw","healthy_noncancer_control","Raw healthy_noncancer_control"
"S_LDL_TG","Triglycerides in Small LDL","RC","0.937(95% CI:0.775-1.135; P=0.5073411661)","1.067(95% CI:1.02-1.117; P=0.0051501567)","0.961(95% CI:0.77-1.2; P=0.7256196812)","Raw","healthy_noncancer_control","Raw healthy_noncancer_control"
"S_VLDL_C","Cholesterol in Small VLDL","RC","0.978(95% CI:0.814-1.175; P=0.8147663308)","0.979(95% CI:0.934-1.027; P=0.3866625727)","0.968(95% CI:0.78-1.2; P=0.765830957)","Raw","healthy_noncancer_control","Raw healthy_noncancer_control"
"S_VLDL_CE","Cholesteryl Esters in Small VLDL","RC","0.973(95% CI:0.81-1.169; P=0.7722239725)","0.987(95% CI:0.941-1.034; P=0.5739143515)","0.964(95% CI:0.777-1.196; P=0.7385394534)","Raw","healthy_noncancer_control","Raw healthy_noncancer_control"
"S_VLDL_FC","Free Cholesterol in Small VLDL","RC","0.988(95% CI:0.824-1.184; P=0.8919826067)","0.966(95% CI:0.922-1.013; P=0.1563722863)","0.975(95% CI:0.787-1.208; P=0.8170247923)","Raw","healthy_noncancer_control","Raw healthy_noncancer_control"
"S_VLDL_PL","Phospholipids in Small VLDL","RC","0.986(95% CI:0.82-1.186; P=0.8840284994)","0.992(95% CI:0.946-1.04; P=0.7433433261)","0.982(95% CI:0.791-1.218; P=0.8670432516)","Raw","healthy_noncancer_control","Raw healthy_noncancer_control"
"S_VLDL_TG","Triglycerides in Small VLDL","RC","0.985(95% CI:0.821-1.182; P=0.8732163272)","1.073(95% CI:1.024-1.124; P=0.0030015332)","1.015(95% CI:0.82-1.257; P=0.8926282812)","Raw","healthy_noncancer_control","Raw healthy_noncancer_control"
"SFA","Saturated Fatty Acids","RC","0.928(95% CI:0.763-1.13; P=0.4583029771)","1.025(95% CI:0.977-1.075; P=0.3096981425)","0.964(95% CI:0.773-1.202; P=0.7436160153)","Raw","healthy_noncancer_control","Raw healthy_noncancer_control"
"Sphingomyelins","Sphingomyelins","RC","0.97(95% CI:0.811-1.161; P=0.7419984588)","0.903(95% CI:0.862-0.946; P=0.00001561)","0.983(95% CI:0.796-1.214; P=0.8721729633)","Raw","healthy_noncancer_control","Raw healthy_noncancer_control"
"Total_C","Total Cholesterol","RC","0.96(95% CI:0.802-1.15; P=0.657846627)","0.913(95% CI:0.872-0.956; P=0.0001006725)","0.952(95% CI:0.772-1.175; P=0.6475892184)","Raw","healthy_noncancer_control","Raw healthy_noncancer_control"
"Total_CE","Total Esterified Cholesterol","RC","0.961(95% CI:0.803-1.149; P=0.6608723789)","0.91(95% CI:0.87-0.953; P=0.000054892)","0.956(95% CI:0.775-1.178; P=0.6712887782)","Raw","healthy_noncancer_control","Raw healthy_noncancer_control"
"Total_FA","Total Fatty Acids","RC","0.929(95% CI:0.762-1.133; P=0.4676019766)","1.008(95% CI:0.96-1.057; P=0.759620167)","0.968(95% CI:0.776-1.208; P=0.7752386022)","Raw","healthy_noncancer_control","Raw healthy_noncancer_control"
"Total_FC","Total Free Cholesterol","RC","0.958(95% CI:0.799-1.15; P=0.6452356209)","0.922(95% CI:0.88-0.966; P=0.0005972513)","0.946(95% CI:0.766-1.17; P=0.6102668774)","Raw","healthy_noncancer_control","Raw healthy_noncancer_control"
"Total_L","Total Lipids in Lipoprotein Particles","RC","0.943(95% CI:0.78-1.139; P=0.5407036096)","0.954(95% CI:0.91-1; P=0.0502105303)","0.955(95% CI:0.77-1.185; P=0.6746533176)","Raw","healthy_noncancer_control","Raw healthy_noncancer_control"
"Total_PL","Total Phospholipids in Lipoprotein Particles","RC","0.934(95% CI:0.774-1.127; P=0.4777769713)","0.926(95% CI:0.883-0.97; P=0.0011683628)","0.959(95% CI:0.774-1.188; P=0.7008015931)","Raw","healthy_noncancer_control","Raw healthy_noncancer_control"
"Total_TG","Total Triglycerides","RC","0.967(95% CI:0.803-1.164; P=0.7221739295)","1.087(95% CI:1.037-1.139; P=0.000503026)","0.991(95% CI:0.798-1.231; P=0.9343910142)","Raw","healthy_noncancer_control","Raw healthy_noncancer_control"
"Tyr","Tyrosine","RC","0.962(95% CI:0.804-1.152; P=0.6731859968)","1(95% CI:0.954-1.049; P=0.9971782346)","0.993(95% CI:0.803-1.227; P=0.9481154879)","Raw","healthy_noncancer_control","Raw healthy_noncancer_control"
"Unsaturation","Degree of Unsaturation","RC","0.99(95% CI:0.836-1.172; P=0.906163921)","0.882(95% CI:0.842-0.924; P=0.000000141)","1.008(95% CI:0.818-1.242; P=0.9418669658)","Raw","healthy_noncancer_control","Raw healthy_noncancer_control"
"Val","Valine","RC","0.94(95% CI:0.784-1.128; P=0.50641823)","1.042(95% CI:0.994-1.092; P=0.0849270581)","0.94(95% CI:0.758-1.166; P=0.5753857106)","Raw","healthy_noncancer_control","Raw healthy_noncancer_control"
"VLDL_C","VLDL Cholesterol","RC","0.965(95% CI:0.8-1.163; P=0.7059465572)","0.993(95% CI:0.947-1.041; P=0.7666726354)","0.952(95% CI:0.767-1.181; P=0.6532537148)","Raw","healthy_noncancer_control","Raw healthy_noncancer_control"
"VLDL_CE","Cholesteryl Esters in VLDL","RC","0.966(95% CI:0.803-1.162; P=0.7152246875)","0.969(95% CI:0.925-1.016; P=0.1962033426)","0.947(95% CI:0.764-1.174; P=0.6193521222)","Raw","healthy_noncancer_control","Raw healthy_noncancer_control"
"VLDL_FC","Free Cholesterol in VLDL","RC","0.958(95% CI:0.795-1.154; P=0.6529267009)","1.023(95% CI:0.976-1.073; P=0.3497926111)","0.951(95% CI:0.765-1.183; P=0.6547146212)","Raw","healthy_noncancer_control","Raw healthy_noncancer_control"
"VLDL_L","Total Lipids in VLDL","RC","0.971(95% CI:0.804-1.172; P=0.7598702259)","1.063(95% CI:1.013-1.115; P=0.0126699821)","0.979(95% CI:0.788-1.217; P=0.8499293672)","Raw","healthy_noncancer_control","Raw healthy_noncancer_control"
"VLDL_PL","Phospholipids in VLDL","RC","0.962(95% CI:0.798-1.16; P=0.6829890934)","1.038(95% CI:0.99-1.088; P=0.1272768085)","0.962(95% CI:0.774-1.197; P=0.7301839575)","Raw","healthy_noncancer_control","Raw healthy_noncancer_control"
"VLDL_TG","Triglycerides in VLDL","RC","0.975(95% CI:0.812-1.17; P=0.785747815)","1.097(95% CI:1.047-1.15; P=0.0001046589)","0.991(95% CI:0.799-1.229; P=0.9331511399)","Raw","healthy_noncancer_control","Raw healthy_noncancer_control"
"XL_HDL_C","Cholesterol in Very Large HDL","RC","0.993(95% CI:0.837-1.179; P=0.938784529)","0.86(95% CI:0.818-0.905; P=0.0000000067)","0.962(95% CI:0.778-1.189; P=0.7211298738)","Raw","healthy_noncancer_control","Raw healthy_noncancer_control"
"XL_HDL_CE","Cholesteryl Esters in Very Large HDL","RC","0.999(95% CI:0.841-1.185; P=0.9868341174)","0.86(95% CI:0.818-0.905; P=0.000000007)","0.973(95% CI:0.788-1.202; P=0.799552916)","Raw","healthy_noncancer_control","Raw healthy_noncancer_control"
"XL_HDL_FC","Free Cholesterol in Very Large HDL","RC","0.974(95% CI:0.819-1.158; P=0.764355508)","0.868(95% CI:0.825-0.912; P=0.0000000333)","0.92(95% CI:0.741-1.142; P=0.4492227661)","Raw","healthy_noncancer_control","Raw healthy_noncancer_control"
"XL_HDL_PL","Phospholipids in Very Large HDL","RC","0.991(95% CI:0.832-1.18; P=0.9210679543)","0.863(95% CI:0.82-0.909; P=0.0000000193)","0.965(95% CI:0.779-1.195; P=0.7425927413)","Raw","healthy_noncancer_control","Raw healthy_noncancer_control"
"XL_HDL_TG","Triglycerides in Very Large HDL","RC","0.932(95% CI:0.766-1.133; P=0.4789710006)","0.983(95% CI:0.937-1.032; P=0.4935014071)","0.957(95% CI:0.767-1.194; P=0.6983979998)","Raw","healthy_noncancer_control","Raw healthy_noncancer_control"
"XL_VLDL_C","Cholesterol in Very Large VLDL","RC","0.953(95% CI:0.793-1.146; P=0.6084921176)","1.063(95% CI:1.015-1.114; P=0.0099027154)","0.946(95% CI:0.76-1.178; P=0.6211011267)","Raw","healthy_noncancer_control","Raw healthy_noncancer_control"
"XL_VLDL_CE","Cholesteryl Esters in Very Large VLDL","RC","0.959(95% CI:0.798-1.152; P=0.6563842075)","1.045(95% CI:0.997-1.095; P=0.0672292645)","0.948(95% CI:0.762-1.179; P=0.6294614204)","Raw","healthy_noncancer_control","Raw healthy_noncancer_control"
"XL_VLDL_FC","Free Cholesterol in Very Large VLDL","RC","0.944(95% CI:0.784-1.137; P=0.5443641619)","1.079(95% CI:1.03-1.129; P=0.0012838072)","0.942(95% CI:0.755-1.175; P=0.5963296684)","Raw","healthy_noncancer_control","Raw healthy_noncancer_control"
"XL_VLDL_PL","Phospholipids in Very Large VLDL","RC","0.946(95% CI:0.786-1.138; P=0.5532856277)","1.085(95% CI:1.037-1.136; P=0.0004677533)","0.944(95% CI:0.756-1.177; P=0.606597022)","Raw","healthy_noncancer_control","Raw healthy_noncancer_control"
"XL_VLDL_TG","Triglycerides in Very Large VLDL","RC","0.954(95% CI:0.794-1.145; P=0.6113738324)","1.104(95% CI:1.055-1.155; P=0.0000195905)","0.959(95% CI:0.771-1.194; P=0.7093925976)","Raw","healthy_noncancer_control","Raw healthy_noncancer_control"
"XS_VLDL_C","Cholesterol in Very Small VLDL","RC","0.959(95% CI:0.8-1.151; P=0.6554191183)","0.896(95% CI:0.855-0.94; P=0.0000053461)","0.93(95% CI:0.751-1.152; P=0.5078024248)","Raw","healthy_noncancer_control","Raw healthy_noncancer_control"
"XS_VLDL_CE","Cholesteryl Esters in Very Small VLDL","RC","0.963(95% CI:0.805-1.153; P=0.6838885984)","0.889(95% CI:0.848-0.932; P=0.0000008882)","0.93(95% CI:0.752-1.15; P=0.5040922968)","Raw","healthy_noncancer_control","Raw healthy_noncancer_control"
"XS_VLDL_FC","Free Cholesterol in Very Small VLDL","RC","0.951(95% CI:0.789-1.146; P=0.5969209806)","0.919(95% CI:0.876-0.964; P=0.0005104375)","0.932(95% CI:0.75-1.158; P=0.5233534015)","Raw","healthy_noncancer_control","Raw healthy_noncancer_control"
"XS_VLDL_PL","Phospholipids in Very Small VLDL","RC","0.953(95% CI:0.789-1.152; P=0.6177264296)","0.935(95% CI:0.892-0.981; P=0.0063306436)","0.948(95% CI:0.762-1.179; P=0.6296728819)","Raw","healthy_noncancer_control","Raw healthy_noncancer_control"
"XS_VLDL_TG","Triglycerides in Very Small VLDL","RC","0.958(95% CI:0.792-1.158; P=0.6553791983)","1.028(95% CI:0.981-1.078; P=0.2445500922)","0.993(95% CI:0.8-1.233; P=0.9483035211)","Raw","healthy_noncancer_control","Raw healthy_noncancer_control"
"XXL_VLDL_C","Cholesterol in Chylomicrons and Extremely Large VLDL","RC","0.924(95% CI:0.766-1.114; P=0.4054643611)","1.088(95% CI:1.04-1.139; P=0.0002465448)","0.926(95% CI:0.74-1.16; P=0.5050233995)","Raw","healthy_noncancer_control","Raw healthy_noncancer_control"
"XXL_VLDL_CE","Cholesteryl Esters in Chylomicrons and Extremely Large VLDL","RC","0.927(95% CI:0.769-1.117; P=0.4230288161)","1.083(95% CI:1.035-1.133; P=0.0006129012)","0.926(95% CI:0.74-1.159; P=0.5029864427)","Raw","healthy_noncancer_control","Raw healthy_noncancer_control"
"XXL_VLDL_FC","Free Cholesterol in Chylomicrons and Extremely Large VLDL","RC","0.912(95% CI:0.753-1.104; P=0.3428430336)","1.091(95% CI:1.043-1.141; P=0.0001286704)","0.919(95% CI:0.731-1.155; P=0.4703719087)","Raw","healthy_noncancer_control","Raw healthy_noncancer_control"
"XXL_VLDL_PL","Phospholipids in Chylomicrons and Extremely Large VLDL","RC","0.91(95% CI:0.751-1.103; P=0.33812084)","1.093(95% CI:1.046-1.143; P=0.0000781452)","0.921(95% CI:0.732-1.159; P=0.4836699109)","Raw","healthy_noncancer_control","Raw healthy_noncancer_control"
"XXL_VLDL_TG","Triglycerides in Chylomicrons and Extremely Large VLDL","RC","0.928(95% CI:0.769-1.12; P=0.4365443599)","1.098(95% CI:1.05-1.147; P=0.0000336697)","0.927(95% CI:0.74-1.162; P=0.5122847573)","Raw","healthy_noncancer_control","Raw healthy_noncancer_control"
