"Biomarker","Description","Phenotype","HUNT_all","UKBB","HUNT_reduced","Analysis_type","Design","key"
"Acetate","Acetate","BC","0.872(95% CI:0.726-1.046; P=0.1401066223)","0.995(95% CI:0.972-1.018; P=0.6581764034)","0.767(95% CI:0.597-0.985; P=0.0374011722)","Raw","All_control_except_phenotype","Raw All_control_except_phenotype"
"Acetoacetate","Acetoacetate","BC","1.074(95% CI:0.975-1.183; P=0.1476979561)","1.044(95% CI:1.024-1.064; P=0.0000141812)","1.089(95% CI:0.978-1.213; P=0.1201098759)","Raw","All_control_except_phenotype","Raw All_control_except_phenotype"
"Acetone","Acetone","BC","1.033(95% CI:0.924-1.154; P=0.5693607866)","1.028(95% CI:1.009-1.048; P=0.0039180565)","1.06(95% CI:0.941-1.194; P=0.334696587)","Raw","All_control_except_phenotype","Raw All_control_except_phenotype"
"Ala","Alanine","BC","0.993(95% CI:0.882-1.118; P=0.9028129293)","1.005(95% CI:0.984-1.027; P=0.6380002656)","1.087(95% CI:0.95-1.244; P=0.2239911263)","Raw","All_control_except_phenotype","Raw All_control_except_phenotype"
"Albumin","Albumin","BC","0.886(95% CI:0.784-1.003; P=0.0551693315)","0.958(95% CI:0.938-0.979; P=0.0001233166)","0.953(95% CI:0.831-1.093; P=0.4915920429)","Raw","All_control_except_phenotype","Raw All_control_except_phenotype"
"ApoA1","Apolipoprotein A1","BC","0.995(95% CI:0.881-1.123; P=0.9293045028)","0.988(95% CI:0.967-1.01; P=0.2936474362)","1.009(95% CI:0.88-1.157; P=0.8972970948)","Raw","All_control_except_phenotype","Raw All_control_except_phenotype"
"ApoB","Apolipoprotein B","BC","0.979(95% CI:0.863-1.111; P=0.7412510423)","1.011(95% CI:0.989-1.033; P=0.3438880388)","1.013(95% CI:0.881-1.164; P=0.8596130544)","Raw","All_control_except_phenotype","Raw All_control_except_phenotype"
"bOHbutyrate","3-Hydroxybutyrate","BC","1.049(95% CI:0.94-1.17; P=0.3906881712)","1.037(95% CI:1.016-1.058; P=0.00050511)","1.074(95% CI:0.953-1.21; P=0.2450190236)","Raw","All_control_except_phenotype","Raw All_control_except_phenotype"
"Cholines","Total Cholines","BC","0.988(95% CI:0.866-1.128; P=0.8609442675)","1.003(95% CI:0.981-1.025; P=0.8029560622)","1.034(95% CI:0.897-1.192; P=0.644831739)","Raw","All_control_except_phenotype","Raw All_control_except_phenotype"
"Citrate","Citrate","BC","0.984(95% CI:0.861-1.125; P=0.8110240984)","0.995(95% CI:0.974-1.018; P=0.6880730966)","1.02(95% CI:0.915-1.136; P=0.7206654151)","Raw","All_control_except_phenotype","Raw All_control_except_phenotype"
"Clinical_LDL_C","Clinical LDL Cholesterol","BC","0.957(95% CI:0.844-1.084; P=0.4875715462)","1.003(95% CI:0.981-1.025; P=0.7881019527)","0.99(95% CI:0.862-1.136; P=0.8842616932)","Raw","All_control_except_phenotype","Raw All_control_except_phenotype"
"Creatinine","Creatinine","BC","0.96(95% CI:0.846-1.089; P=0.5222760001)","1.007(95% CI:0.985-1.029; P=0.5361474011)","0.979(95% CI:0.852-1.125; P=0.7615326901)","Raw","All_control_except_phenotype","Raw All_control_except_phenotype"
"DHA","Docosahexaenoic Acid","BC","0.924(95% CI:0.811-1.051; P=0.2293753985)","0.989(95% CI:0.967-1.011; P=0.3321956924)","0.922(95% CI:0.797-1.067; P=0.2777776622)","Raw","All_control_except_phenotype","Raw All_control_except_phenotype"
"Gln","Glutamine","BC","0.941(95% CI:0.833-1.063; P=0.3276903986)","0.95(95% CI:0.93-0.971; P=0.0000053244)","1.029(95% CI:0.897-1.181; P=0.6814443772)","Raw","All_control_except_phenotype","Raw All_control_except_phenotype"
"Glucose","Glucose","BC","1.016(95% CI:0.903-1.143; P=0.7906386974)","1.016(95% CI:0.994-1.039; P=0.1548183666)","1.023(95% CI:0.894-1.17; P=0.7418631322)","Raw","All_control_except_phenotype","Raw All_control_except_phenotype"
"Gly","Glycine","BC","0.894(95% CI:0.791-1.01; P=0.0723589777)","0.954(95% CI:0.933-0.975; P=0.0000251237)","0.899(95% CI:0.781-1.035; P=0.1401277582)","Raw","All_control_except_phenotype","Raw All_control_except_phenotype"
"GlycA","Glycoprotein Acetyls","BC","1.094(95% CI:0.971-1.233; P=0.141550702)","1.049(95% CI:1.026-1.072; P=0.0000238973)","1.093(95% CI:0.952-1.254; P=0.2065838955)","Raw","All_control_except_phenotype","Raw All_control_except_phenotype"
"HDL_C","HDL Cholesterol","BC","0.971(95% CI:0.864-1.091; P=0.6209618059)","0.976(95% CI:0.955-0.998; P=0.0301435779)","0.967(95% CI:0.844-1.108; P=0.6283046049)","Raw","All_control_except_phenotype","Raw All_control_except_phenotype"
"HDL_CE","Cholesteryl Esters in HDL","BC","0.966(95% CI:0.86-1.085; P=0.5544905674)","0.975(95% CI:0.954-0.996; P=0.0221509277)","0.959(95% CI:0.838-1.099; P=0.5488558177)","Raw","All_control_except_phenotype","Raw All_control_except_phenotype"
"HDL_FC","Free Cholesterol in HDL","BC","0.987(95% CI:0.875-1.113; P=0.8297053693)","0.982(95% CI:0.96-1.003; P=0.0989806688)","0.988(95% CI:0.861-1.132; P=0.8574583708)","Raw","All_control_except_phenotype","Raw All_control_except_phenotype"
"HDL_L","Total Lipids in HDL","BC","0.999(95% CI:0.885-1.126; P=0.9826775847)","0.984(95% CI:0.963-1.006; P=0.150114195)","1.008(95% CI:0.88-1.156; P=0.9071217809)","Raw","All_control_except_phenotype","Raw All_control_except_phenotype"
"HDL_PL","Phospholipids in HDL","BC","1.011(95% CI:0.896-1.141; P=0.8529652177)","0.989(95% CI:0.968-1.011; P=0.3307930099)","1.025(95% CI:0.895-1.175; P=0.7192353606)","Raw","All_control_except_phenotype","Raw All_control_except_phenotype"
"HDL_TG","Triglycerides in HDL","BC","1.084(95% CI:0.962-1.221; P=0.184724906)","1.028(95% CI:1.006-1.051; P=0.0119974675)","1.113(95% CI:0.976-1.269; P=0.1100125314)","Raw","All_control_except_phenotype","Raw All_control_except_phenotype"
"His","Histidine","BC","1.014(95% CI:0.899-1.144; P=0.8213062138)","0.967(95% CI:0.945-0.989; P=0.0038758783)","1.087(95% CI:0.949-1.245; P=0.2297710356)","Raw","All_control_except_phenotype","Raw All_control_except_phenotype"
"IDL_C","Cholesterol in IDL","BC","0.949(95% CI:0.837-1.076; P=0.4153540046)","0.998(95% CI:0.976-1.02; P=0.8476294113)","0.975(95% CI:0.849-1.119; P=0.7173673353)","Raw","All_control_except_phenotype","Raw All_control_except_phenotype"
"IDL_CE","Cholesteryl Esters in IDL","BC","0.949(95% CI:0.837-1.076; P=0.4124267344)","0.998(95% CI:0.976-1.02; P=0.8400515184)","0.974(95% CI:0.848-1.119; P=0.710848684)","Raw","All_control_except_phenotype","Raw All_control_except_phenotype"
"IDL_FC","Free Cholesterol in IDL","BC","0.942(95% CI:0.832-1.066; P=0.3400105923)","0.998(95% CI:0.976-1.02; P=0.859110664)","0.962(95% CI:0.839-1.104; P=0.5846507025)","Raw","All_control_except_phenotype","Raw All_control_except_phenotype"
"IDL_PL","Phospholipids in IDL","BC","0.956(95% CI:0.843-1.085; P=0.4894497094)","1.001(95% CI:0.979-1.023; P=0.9486091353)","0.984(95% CI:0.857-1.131; P=0.8225934604)","Raw","All_control_except_phenotype","Raw All_control_except_phenotype"
"IDL_TG","Triglycerides in IDL","BC","1.078(95% CI:0.952-1.22; P=0.2346740911)","1.036(95% CI:1.014-1.059; P=0.0014140361)","1.097(95% CI:0.96-1.253; P=0.1741648271)","Raw","All_control_except_phenotype","Raw All_control_except_phenotype"
"Ile","Isoleucine","BC","0.982(95% CI:0.875-1.103; P=0.7636134289)","1.028(95% CI:1.006-1.05; P=0.0108987345)","1.04(95% CI:0.911-1.188; P=0.5622660491)","Raw","All_control_except_phenotype","Raw All_control_except_phenotype"
"L_HDL_C","Cholesterol in Large HDL","BC","0.968(95% CI:0.862-1.086; P=0.5763989089)","0.969(95% CI:0.948-0.99; P=0.004607405)","0.946(95% CI:0.825-1.084; P=0.4228313538)","Raw","All_control_except_phenotype","Raw All_control_except_phenotype"
"L_HDL_CE","Cholesteryl Esters in Large HDL","BC","0.963(95% CI:0.858-1.082; P=0.5283145027)","0.968(95% CI:0.947-0.989; P=0.003427719)","0.94(95% CI:0.82-1.078; P=0.3776796417)","Raw","All_control_except_phenotype","Raw All_control_except_phenotype"
"L_HDL_FC","Free Cholesterol in Large HDL","BC","0.979(95% CI:0.871-1.1; P=0.7167955028)","0.973(95% CI:0.952-0.994; P=0.0131016215)","0.959(95% CI:0.837-1.1; P=0.5535688374)","Raw","All_control_except_phenotype","Raw All_control_except_phenotype"
"L_HDL_PL","Phospholipids in Large HDL","BC","0.991(95% CI:0.882-1.114; P=0.8821535084)","0.975(95% CI:0.954-0.997; P=0.0245693646)","0.975(95% CI:0.851-1.117; P=0.7178951855)","Raw","All_control_except_phenotype","Raw All_control_except_phenotype"
"L_HDL_TG","Triglycerides in Large HDL","BC","1.065(95% CI:0.941-1.205; P=0.317067822)","1.003(95% CI:0.982-1.026; P=0.7646233814)","1.071(95% CI:0.938-1.223; P=0.3107946648)","Raw","All_control_except_phenotype","Raw All_control_except_phenotype"
"L_LDL_C","Cholesterol in Large LDL","BC","0.942(95% CI:0.831-1.067; P=0.3455059925)","1(95% CI:0.978-1.023; P=0.9809440415)","0.979(95% CI:0.853-1.124; P=0.7644786383)","Raw","All_control_except_phenotype","Raw All_control_except_phenotype"
"L_LDL_CE","Cholesteryl Esters in Large LDL","BC","0.943(95% CI:0.832-1.069; P=0.3607849607)","1.002(95% CI:0.981-1.025; P=0.8250500386)","0.983(95% CI:0.856-1.13; P=0.811749161)","Raw","All_control_except_phenotype","Raw All_control_except_phenotype"
"L_LDL_FC","Free Cholesterol in Large LDL","BC","0.93(95% CI:0.822-1.051; P=0.2438885058)","0.993(95% CI:0.971-1.015; P=0.5235505491)","0.956(95% CI:0.833-1.096; P=0.5174535521)","Raw","All_control_except_phenotype","Raw All_control_except_phenotype"
"L_LDL_PL","Phospholipids in Large LDL","BC","0.95(95% CI:0.838-1.076; P=0.4193304178)","1.004(95% CI:0.982-1.026; P=0.7384308709)","0.981(95% CI:0.854-1.127; P=0.7869181812)","Raw","All_control_except_phenotype","Raw All_control_except_phenotype"
"L_LDL_TG","Triglycerides in Large LDL","BC","1.081(95% CI:0.955-1.224; P=0.2152206384)","1.037(95% CI:1.014-1.059; P=0.0011811261)","1.1(95% CI:0.963-1.257; P=0.1602129399)","Raw","All_control_except_phenotype","Raw All_control_except_phenotype"
"L_VLDL_C","Cholesterol in Large VLDL","BC","1.053(95% CI:0.936-1.185; P=0.3892775781)","1.027(95% CI:1.004-1.049; P=0.0184873508)","1.096(95% CI:0.958-1.253; P=0.1833287168)","Raw","All_control_except_phenotype","Raw All_control_except_phenotype"
"L_VLDL_CE","Cholesteryl Esters in Large VLDL","BC","1.036(95% CI:0.92-1.168; P=0.5559155515)","1.022(95% CI:1-1.045; P=0.0518976157)","1.078(95% CI:0.942-1.234; P=0.2767826803)","Raw","All_control_except_phenotype","Raw All_control_except_phenotype"
"L_VLDL_FC","Free Cholesterol in Large VLDL","BC","1.072(95% CI:0.956-1.203; P=0.2360874808)","1.03(95% CI:1.008-1.053; P=0.006780806)","1.114(95% CI:0.977-1.271; P=0.1079919069)","Raw","All_control_except_phenotype","Raw All_control_except_phenotype"
"L_VLDL_PL","Phospholipids in Large VLDL","BC","1.079(95% CI:0.962-1.209; P=0.1928733329)","1.032(95% CI:1.01-1.054; P=0.0048261094)","1.12(95% CI:0.983-1.276; P=0.0893625528)","Raw","All_control_except_phenotype","Raw All_control_except_phenotype"
"L_VLDL_TG","Triglycerides in Large VLDL","BC","1.089(95% CI:0.973-1.218; P=0.1377611998)","1.031(95% CI:1.009-1.053; P=0.006062636)","1.137(95% CI:1-1.293; P=0.0506583405)","Raw","All_control_except_phenotype","Raw All_control_except_phenotype"
"LA","Linoleic Acid","BC","0.989(95% CI:0.873-1.121; P=0.8671193036)","0.997(95% CI:0.976-1.02; P=0.8209905803)","1.03(95% CI:0.897-1.184; P=0.6727573135)","Raw","All_control_except_phenotype","Raw All_control_except_phenotype"
"Lactate","Lactate","BC","1.08(95% CI:0.963-1.211; P=0.1873031074)","1.035(95% CI:1.012-1.058; P=0.0031185167)","1.126(95% CI:0.988-1.285; P=0.0757037621)","Raw","All_control_except_phenotype","Raw All_control_except_phenotype"
"LDL_C","LDL Cholesterol","BC","0.954(95% CI:0.841-1.081; P=0.4602866402)","1.005(95% CI:0.983-1.028; P=0.6484227013)","0.991(95% CI:0.863-1.139; P=0.9033759959)","Raw","All_control_except_phenotype","Raw All_control_except_phenotype"
"LDL_CE","Cholesteryl Esters in LDL","BC","0.959(95% CI:0.846-1.088; P=0.5191380586)","1.008(95% CI:0.986-1.031; P=0.468813151)","1(95% CI:0.87-1.149; P=0.9970847463)","Raw","All_control_except_phenotype","Raw All_control_except_phenotype"
"LDL_FC","Free Cholesterol in LDL","BC","0.933(95% CI:0.825-1.055; P=0.2672384394)","0.996(95% CI:0.974-1.018; P=0.697160219)","0.96(95% CI:0.837-1.101; P=0.557193604)","Raw","All_control_except_phenotype","Raw All_control_except_phenotype"
"LDL_L","Total Lipids in LDL","BC","0.961(95% CI:0.847-1.092; P=0.5437184678)","1.008(95% CI:0.986-1.031; P=0.4683812562)","0.999(95% CI:0.869-1.149; P=0.9918258256)","Raw","All_control_except_phenotype","Raw All_control_except_phenotype"
"LDL_PL","Phospholipids in LDL","BC","0.96(95% CI:0.846-1.088; P=0.5216287832)","1.008(95% CI:0.986-1.03; P=0.5032368097)","0.992(95% CI:0.863-1.14; P=0.9125460225)","Raw","All_control_except_phenotype","Raw All_control_except_phenotype"
"LDL_TG","Triglycerides in LDL","BC","1.085(95% CI:0.96-1.226; P=0.1930013876)","1.037(95% CI:1.015-1.06; P=0.000923902)","1.106(95% CI:0.969-1.263; P=0.1360105862)","Raw","All_control_except_phenotype","Raw All_control_except_phenotype"
"Leu","Leucine","BC","1.019(95% CI:0.909-1.142; P=0.7505750941)","1.028(95% CI:1.007-1.05; P=0.0100860372)","1.084(95% CI:0.951-1.235; P=0.2265347246)","Raw","All_control_except_phenotype","Raw All_control_except_phenotype"
"M_HDL_C","Cholesterol in Medium HDL","BC","0.983(95% CI:0.874-1.106; P=0.7768046787)","0.986(95% CI:0.964-1.007; P=0.1921306705)","0.988(95% CI:0.863-1.132; P=0.861857503)","Raw","All_control_except_phenotype","Raw All_control_except_phenotype"
"M_HDL_CE","Cholesteryl Esters in Medium HDL","BC","0.98(95% CI:0.872-1.102; P=0.7349067999)","0.985(95% CI:0.964-1.007; P=0.1773092163)","0.983(95% CI:0.858-1.126; P=0.8026922528)","Raw","All_control_except_phenotype","Raw All_control_except_phenotype"
"M_HDL_FC","Free Cholesterol in Medium HDL","BC","0.994(95% CI:0.881-1.121; P=0.9169783036)","0.989(95% CI:0.968-1.011; P=0.3386348963)","1.004(95% CI:0.875-1.15; P=0.9597733426)","Raw","All_control_except_phenotype","Raw All_control_except_phenotype"
"M_HDL_PL","Phospholipids in Medium HDL","BC","1.028(95% CI:0.911-1.16; P=0.6572408995)","1(95% CI:0.979-1.022; P=0.9920786158)","1.052(95% CI:0.918-1.205; P=0.4667452906)","Raw","All_control_except_phenotype","Raw All_control_except_phenotype"
"M_HDL_TG","Triglycerides in Medium HDL","BC","1.088(95% CI:0.967-1.223; P=0.1612041609)","1.029(95% CI:1.007-1.052; P=0.0096033609)","1.118(95% CI:0.982-1.273; P=0.0929645897)","Raw","All_control_except_phenotype","Raw All_control_except_phenotype"
"M_LDL_C","Cholesterol in Medium LDL","BC","0.975(95% CI:0.86-1.105; P=0.689214712)","1.014(95% CI:0.991-1.036; P=0.2342815159)","1.011(95% CI:0.88-1.161; P=0.8813073744)","Raw","All_control_except_phenotype","Raw All_control_except_phenotype"
"M_LDL_CE","Cholesteryl Esters in Medium LDL","BC","0.99(95% CI:0.874-1.121; P=0.8722011314)","1.018(95% CI:0.996-1.041; P=0.1159672068)","1.027(95% CI:0.894-1.18; P=0.7031674632)","Raw","All_control_except_phenotype","Raw All_control_except_phenotype"
"M_LDL_FC","Free Cholesterol in Medium LDL","BC","0.934(95% CI:0.826-1.056; P=0.2764658878)","1(95% CI:0.979-1.023; P=0.9670103344)","0.961(95% CI:0.837-1.103; P=0.5707341754)","Raw","All_control_except_phenotype","Raw All_control_except_phenotype"
"M_LDL_PL","Phospholipids in Medium LDL","BC","0.97(95% CI:0.856-1.099; P=0.6275641353)","1.012(95% CI:0.99-1.035; P=0.2838324809)","1.004(95% CI:0.874-1.154; P=0.9545380184)","Raw","All_control_except_phenotype","Raw All_control_except_phenotype"
"M_LDL_TG","Triglycerides in Medium LDL","BC","1.088(95% CI:0.965-1.226; P=0.1670036803)","1.037(95% CI:1.015-1.06; P=0.0009590018)","1.108(95% CI:0.972-1.262; P=0.124564894)","Raw","All_control_except_phenotype","Raw All_control_except_phenotype"
"M_VLDL_C","Cholesterol in Medium VLDL","BC","0.962(95% CI:0.85-1.089; P=0.5435910642)","1.004(95% CI:0.982-1.027; P=0.7051417559)","0.994(95% CI:0.866-1.141; P=0.9317214512)","Raw","All_control_except_phenotype","Raw All_control_except_phenotype"
"M_VLDL_CE","Cholesteryl Esters in Medium VLDL","BC","0.942(95% CI:0.833-1.064; P=0.3349622979)","0.997(95% CI:0.975-1.019; P=0.7792496204)","0.965(95% CI:0.842-1.108; P=0.6163207613)","Raw","All_control_except_phenotype","Raw All_control_except_phenotype"
"M_VLDL_FC","Free Cholesterol in Medium VLDL","BC","0.99(95% CI:0.875-1.12; P=0.8711588606)","1.014(95% CI:0.992-1.036; P=0.2259950838)","1.028(95% CI:0.895-1.18; P=0.6971616388)","Raw","All_control_except_phenotype","Raw All_control_except_phenotype"
"M_VLDL_PL","Phospholipids in Medium VLDL","BC","1.007(95% CI:0.891-1.14; P=0.9066439301)","1.017(95% CI:0.995-1.04; P=0.1376356264)","1.046(95% CI:0.912-1.201; P=0.5203340218)","Raw","All_control_except_phenotype","Raw All_control_except_phenotype"
"M_VLDL_TG","Triglycerides in Medium VLDL","BC","1.068(95% CI:0.95-1.2; P=0.2724510365)","1.029(95% CI:1.007-1.052; P=0.0102538481)","1.118(95% CI:0.979-1.277; P=0.1009244076)","Raw","All_control_except_phenotype","Raw All_control_except_phenotype"
"MUFA","Monounsaturated Fatty Acids","BC","1.072(95% CI:0.948-1.213; P=0.2662200961)","1.04(95% CI:1.017-1.063; P=0.0005539605)","1.125(95% CI:0.982-1.288; P=0.0906350146)","Raw","All_control_except_phenotype","Raw All_control_except_phenotype"
"non_HDL_C","Total Cholesterol Minus HDL-C","BC","0.968(95% CI:0.852-1.099; P=0.6133602198)","1.008(95% CI:0.986-1.031; P=0.4726336703)","1.006(95% CI:0.875-1.157; P=0.9294724764)","Raw","All_control_except_phenotype","Raw All_control_except_phenotype"
"Omega_3","Omega-3 Fatty Acids","BC","0.956(95% CI:0.837-1.093; P=0.5125348992)","1.002(95% CI:0.979-1.025; P=0.8925248884)","0.974(95% CI:0.842-1.127; P=0.7213657927)","Raw","All_control_except_phenotype","Raw All_control_except_phenotype"
"Omega_6","Omega-6 Fatty Acids","BC","0.991(95% CI:0.872-1.127; P=0.8961634342)","1.002(95% CI:0.98-1.024; P=0.8784675449)","1.038(95% CI:0.902-1.194; P=0.6037512616)","Raw","All_control_except_phenotype","Raw All_control_except_phenotype"
"Phe","Phenylalanine","BC","1.036(95% CI:0.92-1.168; P=0.5596101127)","1.011(95% CI:0.989-1.033; P=0.3207652402)","1.031(95% CI:0.9-1.183; P=0.6569193984)","Raw","All_control_except_phenotype","Raw All_control_except_phenotype"
"Phosphatidylc","Phosphatidylcholines","BC","0.997(95% CI:0.872-1.139; P=0.9635201287)","1.003(95% CI:0.981-1.026; P=0.773705202)","1.046(95% CI:0.907-1.206; P=0.5375001362)","Raw","All_control_except_phenotype","Raw All_control_except_phenotype"
"Phosphoglyc","Phosphoglycerides","BC","1.001(95% CI:0.876-1.144; P=0.984986028)","1.008(95% CI:0.986-1.031; P=0.4918545424)","1.051(95% CI:0.911-1.212; P=0.4954842861)","Raw","All_control_except_phenotype","Raw All_control_except_phenotype"
"PUFA","Polyunsaturated Fatty Acids","BC","0.977(95% CI:0.855-1.118; P=0.7386423191)","1.001(95% CI:0.979-1.024; P=0.9114781162)","1.024(95% CI:0.887-1.182; P=0.7483964568)","Raw","All_control_except_phenotype","Raw All_control_except_phenotype"
"Pyruvate","Pyruvate","BC","1.142(95% CI:1.027-1.27; P=0.013918778)","1.031(95% CI:1.009-1.053; P=0.0050511505)","1.196(95% CI:1.062-1.347; P=0.0031588068)","Raw","All_control_except_phenotype","Raw All_control_except_phenotype"
"Remnant_C","Remnant Cholesterol (Non-HDL and Non-LDL -Cholesterol)","BC","0.982(95% CI:0.864-1.116; P=0.7851962108)","1.011(95% CI:0.989-1.033; P=0.3445608606)","1.019(95% CI:0.886-1.172; P=0.789220163)","Raw","All_control_except_phenotype","Raw All_control_except_phenotype"
"S_HDL_C","Cholesterol in Small HDL","BC","0.958(95% CI:0.848-1.081; P=0.4850010567)","1.012(95% CI:0.99-1.034; P=0.2976517574)","1.011(95% CI:0.881-1.161; P=0.8772792336)","Raw","All_control_except_phenotype","Raw All_control_except_phenotype"
"S_HDL_CE","Cholesteryl Esters in Small HDL","BC","0.947(95% CI:0.84-1.067; P=0.369454785)","1.01(95% CI:0.988-1.032; P=0.370258035)","0.997(95% CI:0.87-1.143; P=0.9672153828)","Raw","All_control_except_phenotype","Raw All_control_except_phenotype"
"S_HDL_FC","Free Cholesterol in Small HDL","BC","1.002(95% CI:0.88-1.14; P=0.9768844222)","1.015(95% CI:0.992-1.037; P=0.1965619322)","1.049(95% CI:0.911-1.208; P=0.503731853)","Raw","All_control_except_phenotype","Raw All_control_except_phenotype"
"S_HDL_PL","Phospholipids in Small HDL","BC","1.028(95% CI:0.909-1.163; P=0.662153141)","1.025(95% CI:1.002-1.047; P=0.0295824286)","1.092(95% CI:0.952-1.253; P=0.2093331192)","Raw","All_control_except_phenotype","Raw All_control_except_phenotype"
"S_HDL_TG","Triglycerides in Small HDL","BC","1.085(95% CI:0.967-1.217; P=0.1657140831)","1.039(95% CI:1.017-1.062; P=0.0005295844)","1.119(95% CI:0.982-1.275; P=0.091993065)","Raw","All_control_except_phenotype","Raw All_control_except_phenotype"
"S_LDL_C","Cholesterol in Small LDL","BC","0.974(95% CI:0.86-1.102; P=0.6722420024)","1.011(95% CI:0.989-1.033; P=0.3507111757)","1.005(95% CI:0.875-1.154; P=0.9411933158)","Raw","All_control_except_phenotype","Raw All_control_except_phenotype"
"S_LDL_CE","Cholesteryl Esters in Small LDL","BC","0.989(95% CI:0.874-1.12; P=0.864847291)","1.015(95% CI:0.993-1.037; P=0.1904926992)","1.024(95% CI:0.892-1.176; P=0.7390853341)","Raw","All_control_except_phenotype","Raw All_control_except_phenotype"
"S_LDL_FC","Free Cholesterol in Small LDL","BC","0.932(95% CI:0.825-1.052; P=0.2553461867)","0.998(95% CI:0.977-1.02; P=0.8847706134)","0.952(95% CI:0.83-1.092; P=0.4802615544)","Raw","All_control_except_phenotype","Raw All_control_except_phenotype"
"S_LDL_PL","Phospholipids in Small LDL","BC","0.977(95% CI:0.863-1.107; P=0.7197315025)","1.012(95% CI:0.99-1.034; P=0.3016439979)","1.001(95% CI:0.872-1.15; P=0.9850986478)","Raw","All_control_except_phenotype","Raw All_control_except_phenotype"
"S_LDL_TG","Triglycerides in Small LDL","BC","1.092(95% CI:0.975-1.223; P=0.128309534)","1.036(95% CI:1.014-1.058; P=0.0012470957)","1.118(95% CI:0.985-1.27; P=0.0852569044)","Raw","All_control_except_phenotype","Raw All_control_except_phenotype"
"S_VLDL_C","Cholesterol in Small VLDL","BC","0.989(95% CI:0.874-1.12; P=0.8646621196)","1.019(95% CI:0.997-1.042; P=0.0920789395)","1.018(95% CI:0.886-1.169; P=0.8004775821)","Raw","All_control_except_phenotype","Raw All_control_except_phenotype"
"S_VLDL_CE","Cholesteryl Esters in Small VLDL","BC","0.996(95% CI:0.88-1.127; P=0.9484956436)","1.022(95% CI:0.999-1.044; P=0.0558071478)","1.022(95% CI:0.89-1.173; P=0.7573736808)","Raw","All_control_except_phenotype","Raw All_control_except_phenotype"
"S_VLDL_FC","Free Cholesterol in Small VLDL","BC","0.978(95% CI:0.864-1.108; P=0.7293732955)","1.014(95% CI:0.992-1.037; P=0.2063898822)","1.01(95% CI:0.879-1.16; P=0.8912908938)","Raw","All_control_except_phenotype","Raw All_control_except_phenotype"
"S_VLDL_PL","Phospholipids in Small VLDL","BC","1.001(95% CI:0.884-1.133; P=0.9874488981)","1.021(95% CI:0.999-1.044; P=0.0668854802)","1.035(95% CI:0.901-1.188; P=0.6278921536)","Raw","All_control_except_phenotype","Raw All_control_except_phenotype"
"S_VLDL_TG","Triglycerides in Small VLDL","BC","1.079(95% CI:0.96-1.213; P=0.2021350143)","1.034(95% CI:1.012-1.057; P=0.0027076886)","1.117(95% CI:0.979-1.274; P=0.1009470696)","Raw","All_control_except_phenotype","Raw All_control_except_phenotype"
"SFA","Saturated Fatty Acids","BC","1.068(95% CI:0.94-1.214; P=0.3109595483)","1.037(95% CI:1.014-1.06; P=0.001416422)","1.111(95% CI:0.968-1.276; P=0.135595178)","Raw","All_control_except_phenotype","Raw All_control_except_phenotype"
"Sphingomyelins","Sphingomyelins","BC","0.951(95% CI:0.837-1.081; P=0.4413227268)","0.997(95% CI:0.976-1.02; P=0.82262625)","0.972(95% CI:0.844-1.119; P=0.692778501)","Raw","All_control_except_phenotype","Raw All_control_except_phenotype"
"Total_C","Total Cholesterol","BC","0.959(95% CI:0.844-1.089; P=0.5195979539)","1(95% CI:0.978-1.022; P=0.9755783759)","0.996(95% CI:0.867-1.146; P=0.9605505876)","Raw","All_control_except_phenotype","Raw All_control_except_phenotype"
"Total_CE","Total Esterified Cholesterol","BC","0.955(95% CI:0.841-1.084; P=0.4757709675)","0.998(95% CI:0.976-1.02; P=0.8563535013)","0.991(95% CI:0.862-1.139; P=0.8975508743)","Raw","All_control_except_phenotype","Raw All_control_except_phenotype"
"Total_FA","Total Fatty Acids","BC","1.042(95% CI:0.914-1.187; P=0.5431559223)","1.028(95% CI:1.005-1.052; P=0.0154661986)","1.091(95% CI:0.948-1.257; P=0.2253991639)","Raw","All_control_except_phenotype","Raw All_control_except_phenotype"
"Total_FC","Total Free Cholesterol","BC","0.967(95% CI:0.851-1.099; P=0.6112178097)","1.003(95% CI:0.981-1.026; P=0.7754146347)","1.005(95% CI:0.874-1.156; P=0.9458456129)","Raw","All_control_except_phenotype","Raw All_control_except_phenotype"
"Total_L","Total Lipids in Lipoprotein Particles","BC","1.001(95% CI:0.877-1.141; P=0.9928207839)","1.014(95% CI:0.992-1.037; P=0.2221594791)","1.05(95% CI:0.911-1.211; P=0.4989924886)","Raw","All_control_except_phenotype","Raw All_control_except_phenotype"
"Total_PL","Total Phospholipids in Lipoprotein Particles","BC","0.999(95% CI:0.876-1.14; P=0.992863448)","1.008(95% CI:0.985-1.03; P=0.5113387261)","1.046(95% CI:0.908-1.206; P=0.5328562847)","Raw","All_control_except_phenotype","Raw All_control_except_phenotype"
"Total_TG","Total Triglycerides","BC","1.087(95% CI:0.966-1.223; P=0.1669324896)","1.037(95% CI:1.014-1.06; P=0.001159081)","1.128(95% CI:0.986-1.289; P=0.0784236663)","Raw","All_control_except_phenotype","Raw All_control_except_phenotype"
"Tyr","Tyrosine","BC","1.029(95% CI:0.915-1.158; P=0.6292379204)","1.009(95% CI:0.987-1.031; P=0.4168281518)","1.082(95% CI:0.948-1.236; P=0.2415963279)","Raw","All_control_except_phenotype","Raw All_control_except_phenotype"
"Unsaturation","Degree of Unsaturation","BC","0.89(95% CI:0.793-0.998; P=0.0465282294)","0.956(95% CI:0.936-0.978; P=0.0000624727)","0.878(95% CI:0.767-1.005; P=0.0586224065)","Raw","All_control_except_phenotype","Raw All_control_except_phenotype"
"Val","Valine","BC","1.049(95% CI:0.936-1.177; P=0.4104301239)","1.038(95% CI:1.016-1.06; P=0.000644747)","1.116(95% CI:0.979-1.272; P=0.0992483665)","Raw","All_control_except_phenotype","Raw All_control_except_phenotype"
"VLDL_C","VLDL Cholesterol","BC","1.013(95% CI:0.894-1.147; P=0.8454129738)","1.02(95% CI:0.998-1.043; P=0.0769008392)","1.051(95% CI:0.914-1.207; P=0.4865703042)","Raw","All_control_except_phenotype","Raw All_control_except_phenotype"
"VLDL_CE","Cholesteryl Esters in VLDL","BC","1.001(95% CI:0.883-1.134; P=0.9911291518)","1.016(95% CI:0.994-1.039; P=0.1523021214)","1.036(95% CI:0.902-1.19; P=0.6210859575)","Raw","All_control_except_phenotype","Raw All_control_except_phenotype"
"VLDL_FC","Free Cholesterol in VLDL","BC","1.033(95% CI:0.913-1.167; P=0.6082456405)","1.025(95% CI:1.003-1.048; P=0.0252838359)","1.072(95% CI:0.935-1.23; P=0.3189475662)","Raw","All_control_except_phenotype","Raw All_control_except_phenotype"
"VLDL_L","Total Lipids in VLDL","BC","1.056(95% CI:0.934-1.194; P=0.3848188761)","1.031(95% CI:1.008-1.054; P=0.0068968162)","1.098(95% CI:0.956-1.261; P=0.1848571827)","Raw","All_control_except_phenotype","Raw All_control_except_phenotype"
"VLDL_PL","Phospholipids in VLDL","BC","1.046(95% CI:0.926-1.182; P=0.467568891)","1.028(95% CI:1.006-1.051; P=0.013611318)","1.086(95% CI:0.947-1.245; P=0.2403011463)","Raw","All_control_except_phenotype","Raw All_control_except_phenotype"
"VLDL_TG","Triglycerides in VLDL","BC","1.089(95% CI:0.97-1.223; P=0.1481979027)","1.035(95% CI:1.013-1.058; P=0.0018062786)","1.132(95% CI:0.991-1.292; P=0.0678565207)","Raw","All_control_except_phenotype","Raw All_control_except_phenotype"
"XL_HDL_C","Cholesterol in Very Large HDL","BC","0.966(95% CI:0.86-1.086; P=0.5633061827)","0.969(95% CI:0.948-0.991; P=0.005776551)","0.94(95% CI:0.819-1.079; P=0.3787695324)","Raw","All_control_except_phenotype","Raw All_control_except_phenotype"
"XL_HDL_CE","Cholesteryl Esters in Very Large HDL","BC","0.963(95% CI:0.857-1.083; P=0.5286731949)","0.969(95% CI:0.947-0.99; P=0.0044637577)","0.937(95% CI:0.816-1.075; P=0.3521068795)","Raw","All_control_except_phenotype","Raw All_control_except_phenotype"
"XL_HDL_FC","Free Cholesterol in Very Large HDL","BC","0.977(95% CI:0.869-1.099; P=0.7029591116)","0.974(95% CI:0.953-0.995; P=0.0180685271)","0.953(95% CI:0.831-1.093; P=0.4889890131)","Raw","All_control_except_phenotype","Raw All_control_except_phenotype"
"XL_HDL_PL","Phospholipids in Very Large HDL","BC","0.985(95% CI:0.877-1.107; P=0.800051239)","0.971(95% CI:0.95-0.992; P=0.0083699076)","0.958(95% CI:0.835-1.099; P=0.5387920808)","Raw","All_control_except_phenotype","Raw All_control_except_phenotype"
"XL_HDL_TG","Triglycerides in Very Large HDL","BC","1.077(95% CI:0.953-1.216; P=0.2347805801)","1.015(95% CI:0.993-1.037; P=0.1824708836)","1.086(95% CI:0.952-1.24; P=0.218549545)","Raw","All_control_except_phenotype","Raw All_control_except_phenotype"
"XL_VLDL_C","Cholesterol in Very Large VLDL","BC","1.07(95% CI:0.953-1.201; P=0.2551910663)","1.029(95% CI:1.006-1.051; P=0.0111001955)","1.111(95% CI:0.973-1.268; P=0.1208492007)","Raw","All_control_except_phenotype","Raw All_control_except_phenotype"
"XL_VLDL_CE","Cholesteryl Esters in Very Large VLDL","BC","1.053(95% CI:0.936-1.185; P=0.3878925889)","1.025(95% CI:1.003-1.048; P=0.0252274601)","1.094(95% CI:0.956-1.251; P=0.1913134306)","Raw","All_control_except_phenotype","Raw All_control_except_phenotype"
"XL_VLDL_FC","Free Cholesterol in Very Large VLDL","BC","1.085(95% CI:0.969-1.214; P=0.1573915394)","1.031(95% CI:1.009-1.054; P=0.005194297)","1.124(95% CI:0.988-1.278; P=0.075374165)","Raw","All_control_except_phenotype","Raw All_control_except_phenotype"
"XL_VLDL_PL","Phospholipids in Very Large VLDL","BC","1.091(95% CI:0.976-1.219; P=0.1256988495)","1.032(95% CI:1.01-1.055; P=0.0039455557)","1.13(95% CI:0.994-1.283; P=0.0611343406)","Raw","All_control_except_phenotype","Raw All_control_except_phenotype"
"XL_VLDL_TG","Triglycerides in Very Large VLDL","BC","1.1(95% CI:0.986-1.227; P=0.0862374302)","1.035(95% CI:1.013-1.058; P=0.0014890816)","1.14(95% CI:1.005-1.293; P=0.040896658)","Raw","All_control_except_phenotype","Raw All_control_except_phenotype"
"XS_VLDL_C","Cholesterol in Very Small VLDL","BC","0.98(95% CI:0.863-1.112; P=0.7497111786)","1.009(95% CI:0.987-1.031; P=0.4343254908)","1.005(95% CI:0.875-1.155; P=0.9452162274)","Raw","All_control_except_phenotype","Raw All_control_except_phenotype"
"XS_VLDL_CE","Cholesteryl Esters in Very Small VLDL","BC","0.971(95% CI:0.856-1.101; P=0.6478990483)","1.005(95% CI:0.983-1.027; P=0.6705688695)","0.995(95% CI:0.866-1.142; P=0.9395825655)","Raw","All_control_except_phenotype","Raw All_control_except_phenotype"
"XS_VLDL_FC","Free Cholesterol in Very Small VLDL","BC","0.999(95% CI:0.88-1.136; P=0.9933111148)","1.018(95% CI:0.996-1.041; P=0.1098194119)","1.024(95% CI:0.891-1.177; P=0.736070877)","Raw","All_control_except_phenotype","Raw All_control_except_phenotype"
"XS_VLDL_PL","Phospholipids in Very Small VLDL","BC","1.025(95% CI:0.902-1.164; P=0.7086257742)","1.023(95% CI:1-1.045; P=0.046548775)","1.05(95% CI:0.915-1.206; P=0.4857821069)","Raw","All_control_except_phenotype","Raw All_control_except_phenotype"
"XS_VLDL_TG","Triglycerides in Very Small VLDL","BC","1.077(95% CI:0.954-1.215; P=0.2311443303)","1.037(95% CI:1.014-1.059; P=0.0012259179)","1.099(95% CI:0.963-1.255; P=0.1598842061)","Raw","All_control_except_phenotype","Raw All_control_except_phenotype"
"XXL_VLDL_C","Cholesterol in Chylomicrons and Extremely Large VLDL","BC","1.106(95% CI:0.994-1.231; P=0.0654025732)","1.034(95% CI:1.012-1.056; P=0.0024733703)","1.137(95% CI:1.004-1.287; P=0.0429480154)","Raw","All_control_except_phenotype","Raw All_control_except_phenotype"
"XXL_VLDL_CE","Cholesteryl Esters in Chylomicrons and Extremely Large VLDL","BC","1.109(95% CI:0.995-1.235; P=0.0608302226)","1.033(95% CI:1.011-1.055; P=0.0031229656)","1.141(95% CI:1.007-1.293; P=0.0388728653)","Raw","All_control_except_phenotype","Raw All_control_except_phenotype"
"XXL_VLDL_FC","Free Cholesterol in Chylomicrons and Extremely Large VLDL","BC","1.098(95% CI:0.988-1.22; P=0.0817481005)","1.034(95% CI:1.012-1.056; P=0.0023555195)","1.125(95% CI:0.996-1.272; P=0.0584723043)","Raw","All_control_except_phenotype","Raw All_control_except_phenotype"
"XXL_VLDL_PL","Phospholipids in Chylomicrons and Extremely Large VLDL","BC","1.104(95% CI:0.996-1.224; P=0.0606648165)","1.032(95% CI:1.011-1.055; P=0.0031215878)","1.127(95% CI:1-1.271; P=0.0505039647)","Raw","All_control_except_phenotype","Raw All_control_except_phenotype"
"XXL_VLDL_TG","Triglycerides in Chylomicrons and Extremely Large VLDL","BC","1.123(95% CI:1.014-1.244; P=0.0263967763)","1.033(95% CI:1.011-1.055; P=0.0029603111)","1.15(95% CI:1.021-1.295; P=0.0214235161)","Raw","All_control_except_phenotype","Raw All_control_except_phenotype"
"Acetate","Acetate","BC_postmeno","0.862(95% CI:0.694-1.069; P=0.1767206152)","1.002(95% CI:0.978-1.027; P=0.8662377993)","0.769(95% CI:0.578-1.022; P=0.0706674112)","Raw","All_control_except_phenotype","Raw All_control_except_phenotype"
"Acetoacetate","Acetoacetate","BC_postmeno","1.097(95% CI:0.989-1.217; P=0.0802682698)","1.057(95% CI:1.035-1.08; P=0.0000003506)","1.102(95% CI:0.983-1.236; P=0.0954435984)","Raw","All_control_except_phenotype","Raw All_control_except_phenotype"
"Acetone","Acetone","BC_postmeno","1.069(95% CI:0.945-1.208; P=0.2880886324)","1.039(95% CI:1.018-1.061; P=0.0002746384)","1.083(95% CI:0.952-1.232; P=0.2254064815)","Raw","All_control_except_phenotype","Raw All_control_except_phenotype"
"Ala","Alanine","BC_postmeno","1.075(95% CI:0.935-1.237; P=0.3080258704)","1.009(95% CI:0.984-1.035; P=0.4823359357)","1.151(95% CI:0.986-1.343; P=0.0742411092)","Raw","All_control_except_phenotype","Raw All_control_except_phenotype"
"Albumin","Albumin","BC_postmeno","0.862(95% CI:0.742-1.001; P=0.0516170939)","0.954(95% CI:0.931-0.979; P=0.000271938)","0.923(95% CI:0.788-1.081; P=0.3179134873)","Raw","All_control_except_phenotype","Raw All_control_except_phenotype"
"ApoA1","Apolipoprotein A1","BC_postmeno","0.972(95% CI:0.839-1.127; P=0.7093167832)","0.989(95% CI:0.964-1.014; P=0.3752477091)","0.956(95% CI:0.816-1.121; P=0.5827990656)","Raw","All_control_except_phenotype","Raw All_control_except_phenotype"
"ApoB","Apolipoprotein B","BC_postmeno","1.012(95% CI:0.873-1.174; P=0.8705517978)","1.038(95% CI:1.012-1.064; P=0.0039675319)","1.027(95% CI:0.875-1.204; P=0.7465635993)","Raw","All_control_except_phenotype","Raw All_control_except_phenotype"
"bOHbutyrate","3-Hydroxybutyrate","BC_postmeno","1.081(95% CI:0.952-1.226; P=0.2289892192)","1.045(95% CI:1.021-1.07; P=0.0002062026)","1.098(95% CI:0.961-1.254; P=0.1696707508)","Raw","All_control_except_phenotype","Raw All_control_except_phenotype"
"Cholines","Total Cholines","BC_postmeno","1.008(95% CI:0.858-1.186; P=0.9193816845)","1.022(95% CI:0.996-1.049; P=0.0933753717)","1.017(95% CI:0.862-1.201; P=0.8402394724)","Raw","All_control_except_phenotype","Raw All_control_except_phenotype"
"Citrate","Citrate","BC_postmeno","0.967(95% CI:0.813-1.151; P=0.7057311029)","1.014(95% CI:0.989-1.04; P=0.2688088034)","1.01(95% CI:0.84-1.215; P=0.9154942185)","Raw","All_control_except_phenotype","Raw All_control_except_phenotype"
"Clinical_LDL_C","Clinical LDL Cholesterol","BC_postmeno","0.992(95% CI:0.856-1.151; P=0.9185844453)","1.026(95% CI:1-1.052; P=0.0495147818)","0.989(95% CI:0.844-1.159; P=0.8893604343)","Raw","All_control_except_phenotype","Raw All_control_except_phenotype"
"Creatinine","Creatinine","BC_postmeno","0.971(95% CI:0.838-1.125; P=0.6937758378)","1.016(95% CI:0.992-1.041; P=0.1811190163)","0.995(95% CI:0.848-1.168; P=0.9527712227)","Raw","All_control_except_phenotype","Raw All_control_except_phenotype"
"DHA","Docosahexaenoic Acid","BC_postmeno","0.946(95% CI:0.818-1.094; P=0.4547255595)","1.003(95% CI:0.978-1.028; P=0.8253203466)","0.907(95% CI:0.77-1.07; P=0.2475421231)","Raw","All_control_except_phenotype","Raw All_control_except_phenotype"
"Gln","Glutamine","BC_postmeno","0.928(95% CI:0.798-1.079; P=0.3294029752)","0.966(95% CI:0.942-0.991; P=0.0083474307)","0.97(95% CI:0.825-1.139; P=0.7086015184)","Raw","All_control_except_phenotype","Raw All_control_except_phenotype"
"Glucose","Glucose","BC_postmeno","1.053(95% CI:0.923-1.201; P=0.4436438085)","1.037(95% CI:1.012-1.064; P=0.0038608648)","1.077(95% CI:0.931-1.247; P=0.3174028986)","Raw","All_control_except_phenotype","Raw All_control_except_phenotype"
"Gly","Glycine","BC_postmeno","0.897(95% CI:0.775-1.038; P=0.1442456256)","0.942(95% CI:0.918-0.967; P=0.0000062269)","0.912(95% CI:0.776-1.071; P=0.2616875933)","Raw","All_control_except_phenotype","Raw All_control_except_phenotype"
"GlycA","Glycoprotein Acetyls","BC_postmeno","1.163(95% CI:1.007-1.344; P=0.0397649242)","1.1(95% CI:1.072-1.129; P=0)","1.198(95% CI:1.023-1.404; P=0.025019027)","Raw","All_control_except_phenotype","Raw All_control_except_phenotype"
"HDL_C","HDL Cholesterol","BC_postmeno","0.941(95% CI:0.819-1.082; P=0.3948921403)","0.965(95% CI:0.941-0.99; P=0.0055592122)","0.895(95% CI:0.765-1.047; P=0.1660031464)","Raw","All_control_except_phenotype","Raw All_control_except_phenotype"
"HDL_CE","Cholesteryl Esters in HDL","BC_postmeno","0.937(95% CI:0.817-1.075; P=0.3559307801)","0.963(95% CI:0.94-0.988; P=0.0033969454)","0.889(95% CI:0.76-1.04; P=0.1407097119)","Raw","All_control_except_phenotype","Raw All_control_except_phenotype"
"HDL_FC","Free Cholesterol in HDL","BC_postmeno","0.954(95% CI:0.825-1.103; P=0.5217122443)","0.974(95% CI:0.95-0.999; P=0.0425234144)","0.911(95% CI:0.776-1.069; P=0.2543006161)","Raw","All_control_except_phenotype","Raw All_control_except_phenotype"
"HDL_L","Total Lipids in HDL","BC_postmeno","0.969(95% CI:0.838-1.122; P=0.6760000637)","0.978(95% CI:0.954-1.003; P=0.0909127668)","0.944(95% CI:0.805-1.106; P=0.476075784)","Raw","All_control_except_phenotype","Raw All_control_except_phenotype"
"HDL_PL","Phospholipids in HDL","BC_postmeno","0.984(95% CI:0.849-1.14; P=0.8274415373)","0.986(95% CI:0.962-1.012; P=0.2885636034)","0.967(95% CI:0.825-1.134; P=0.6797799519)","Raw","All_control_except_phenotype","Raw All_control_except_phenotype"
"HDL_TG","Triglycerides in HDL","BC_postmeno","1.104(95% CI:0.958-1.273; P=0.1701356334)","1.054(95% CI:1.028-1.08; P=0.0000350705)","1.159(95% CI:1-1.342; P=0.0495261253)","Raw","All_control_except_phenotype","Raw All_control_except_phenotype"
"His","Histidine","BC_postmeno","1.044(95% CI:0.901-1.209; P=0.5708398436)","0.956(95% CI:0.93-0.981; P=0.0008442241)","1.1(95% CI:0.939-1.288; P=0.2392030395)","Raw","All_control_except_phenotype","Raw All_control_except_phenotype"
"IDL_C","Cholesterol in IDL","BC_postmeno","0.965(95% CI:0.834-1.116; P=0.6302066861)","1.013(95% CI:0.988-1.038; P=0.3118291966)","0.942(95% CI:0.806-1.102; P=0.4573146947)","Raw","All_control_except_phenotype","Raw All_control_except_phenotype"
"IDL_CE","Cholesteryl Esters in IDL","BC_postmeno","0.965(95% CI:0.834-1.117; P=0.6353434921)","1.012(95% CI:0.987-1.037; P=0.3445336268)","0.943(95% CI:0.806-1.103; P=0.4652859357)","Raw","All_control_except_phenotype","Raw All_control_except_phenotype"
"IDL_FC","Free Cholesterol in IDL","BC_postmeno","0.951(95% CI:0.825-1.096; P=0.4840472377)","1.016(95% CI:0.991-1.041; P=0.2105885965)","0.928(95% CI:0.794-1.084; P=0.3441023988)","Raw","All_control_except_phenotype","Raw All_control_except_phenotype"
"IDL_PL","Phospholipids in IDL","BC_postmeno","0.969(95% CI:0.837-1.122; P=0.6764795658)","1.018(95% CI:0.993-1.044; P=0.1584259923)","0.962(95% CI:0.821-1.126; P=0.626144587)","Raw","All_control_except_phenotype","Raw All_control_except_phenotype"
"IDL_TG","Triglycerides in IDL","BC_postmeno","1.101(95% CI:0.951-1.274; P=0.1999417645)","1.062(95% CI:1.037-1.089; P=0.0000012934)","1.126(95% CI:0.97-1.309; P=0.1193878588)","Raw","All_control_except_phenotype","Raw All_control_except_phenotype"
"Ile","Isoleucine","BC_postmeno","1.033(95% CI:0.904-1.179; P=0.6365086208)","1.043(95% CI:1.018-1.068; P=0.0006369388)","1.086(95% CI:0.936-1.26; P=0.2765354977)","Raw","All_control_except_phenotype","Raw All_control_except_phenotype"
"L_HDL_C","Cholesterol in Large HDL","BC_postmeno","0.919(95% CI:0.801-1.055; P=0.2318399)","0.948(95% CI:0.924-0.972; P=0.0000274668)","0.852(95% CI:0.726-1; P=0.0504872232)","Raw","All_control_except_phenotype","Raw All_control_except_phenotype"
"L_HDL_CE","Cholesteryl Esters in Large HDL","BC_postmeno","0.916(95% CI:0.799-1.051; P=0.2131116009)","0.946(95% CI:0.923-0.97; P=0.0000170775)","0.848(95% CI:0.722-0.996; P=0.044112498)","Raw","All_control_except_phenotype","Raw All_control_except_phenotype"
"L_HDL_FC","Free Cholesterol in Large HDL","BC_postmeno","0.928(95% CI:0.807-1.068; P=0.3001717336)","0.954(95% CI:0.93-0.978; P=0.0002535855)","0.862(95% CI:0.733-1.015; P=0.0746777052)","Raw","All_control_except_phenotype","Raw All_control_except_phenotype"
"L_HDL_PL","Phospholipids in Large HDL","BC_postmeno","0.94(95% CI:0.817-1.082; P=0.3878493429)","0.957(95% CI:0.933-0.982; P=0.0006514935)","0.884(95% CI:0.753-1.038; P=0.1317952345)","Raw","All_control_except_phenotype","Raw All_control_except_phenotype"
"L_HDL_TG","Triglycerides in Large HDL","BC_postmeno","1.039(95% CI:0.892-1.211; P=0.6209091264)","1.011(95% CI:0.986-1.037; P=0.388893578)","1.056(95% CI:0.906-1.232; P=0.4860553619)","Raw","All_control_except_phenotype","Raw All_control_except_phenotype"
"L_LDL_C","Cholesterol in Large LDL","BC_postmeno","0.973(95% CI:0.84-1.127; P=0.7146888726)","1.022(95% CI:0.997-1.048; P=0.0845827661)","0.974(95% CI:0.832-1.141; P=0.7441062889)","Raw","All_control_except_phenotype","Raw All_control_except_phenotype"
"L_LDL_CE","Cholesteryl Esters in Large LDL","BC_postmeno","0.977(95% CI:0.843-1.132; P=0.7543218192)","1.027(95% CI:1.001-1.053; P=0.0414404873)","0.984(95% CI:0.84-1.153; P=0.8443757614)","Raw","All_control_except_phenotype","Raw All_control_except_phenotype"
"L_LDL_FC","Free Cholesterol in Large LDL","BC_postmeno","0.952(95% CI:0.826-1.097; P=0.4941925648)","1.01(95% CI:0.985-1.035; P=0.4333966268)","0.936(95% CI:0.802-1.094; P=0.4073371667)","Raw","All_control_except_phenotype","Raw All_control_except_phenotype"
"L_LDL_PL","Phospholipids in Large LDL","BC_postmeno","0.983(95% CI:0.849-1.136; P=0.8121351081)","1.028(95% CI:1.002-1.054; P=0.0322616099)","0.981(95% CI:0.838-1.149; P=0.8120501434)","Raw","All_control_except_phenotype","Raw All_control_except_phenotype"
"L_LDL_TG","Triglycerides in Large LDL","BC_postmeno","1.12(95% CI:0.969-1.295; P=0.1261394152)","1.065(95% CI:1.04-1.092; P=0.0000003762)","1.141(95% CI:0.983-1.324; P=0.0824208161)","Raw","All_control_except_phenotype","Raw All_control_except_phenotype"
"L_VLDL_C","Cholesterol in Large VLDL","BC_postmeno","1.1(95% CI:0.959-1.261; P=0.1742624377)","1.06(95% CI:1.034-1.086; P=0.000004015)","1.173(95% CI:1.008-1.364; P=0.0390234247)","Raw","All_control_except_phenotype","Raw All_control_except_phenotype"
"L_VLDL_CE","Cholesteryl Esters in Large VLDL","BC_postmeno","1.077(95% CI:0.938-1.237; P=0.2937152181)","1.053(95% CI:1.028-1.08; P=0.0000371372)","1.144(95% CI:0.982-1.333; P=0.0842018807)","Raw","All_control_except_phenotype","Raw All_control_except_phenotype"
"L_VLDL_FC","Free Cholesterol in Large VLDL","BC_postmeno","1.121(95% CI:0.982-1.279; P=0.0920480874)","1.063(95% CI:1.038-1.089; P=0.0000007918)","1.197(95% CI:1.034-1.386; P=0.0158008284)","Raw","All_control_except_phenotype","Raw All_control_except_phenotype"
"L_VLDL_PL","Phospholipids in Large VLDL","BC_postmeno","1.126(95% CI:0.987-1.283; P=0.0768076872)","1.063(95% CI:1.037-1.089; P=0.0000009603)","1.204(95% CI:1.041-1.391; P=0.0120642337)","Raw","All_control_except_phenotype","Raw All_control_except_phenotype"
"L_VLDL_TG","Triglycerides in Large VLDL","BC_postmeno","1.144(95% CI:1.006-1.301; P=0.0398591056)","1.061(95% CI:1.036-1.087; P=0.0000016794)","1.226(95% CI:1.064-1.413; P=0.0049154828)","Raw","All_control_except_phenotype","Raw All_control_except_phenotype"
"LA","Linoleic Acid","BC_postmeno","1.007(95% CI:0.866-1.17; P=0.9317629741)","1.015(95% CI:0.989-1.041; P=0.2560187072)","1.039(95% CI:0.885-1.221; P=0.639017485)","Raw","All_control_except_phenotype","Raw All_control_except_phenotype"
"Lactate","Lactate","BC_postmeno","1.146(95% CI:1.004-1.309; P=0.0440215563)","1.029(95% CI:1.002-1.056; P=0.0350376798)","1.186(95% CI:1.022-1.375; P=0.0243075244)","Raw","All_control_except_phenotype","Raw All_control_except_phenotype"
"LDL_C","LDL Cholesterol","BC_postmeno","0.99(95% CI:0.853-1.149; P=0.8954717021)","1.031(95% CI:1.005-1.057; P=0.0181368421)","0.998(95% CI:0.851-1.17; P=0.9790639887)","Raw","All_control_except_phenotype","Raw All_control_except_phenotype"
"LDL_CE","Cholesteryl Esters in LDL","BC_postmeno","0.998(95% CI:0.859-1.158; P=0.9769061653)","1.037(95% CI:1.011-1.063; P=0.0053644729)","1.014(95% CI:0.864-1.19; P=0.8678698432)","Raw","All_control_except_phenotype","Raw All_control_except_phenotype"
"LDL_FC","Free Cholesterol in LDL","BC_postmeno","0.961(95% CI:0.834-1.109; P=0.5885002755)","1.014(95% CI:0.989-1.04; P=0.267375186)","0.949(95% CI:0.812-1.109; P=0.508820215)","Raw","All_control_except_phenotype","Raw All_control_except_phenotype"
"LDL_L","Total Lipids in LDL","BC_postmeno","1.001(95% CI:0.861-1.164; P=0.9928885839)","1.036(95% CI:1.01-1.062; P=0.0068282596)","1.01(95% CI:0.86-1.186; P=0.9072200681)","Raw","All_control_except_phenotype","Raw All_control_except_phenotype"
"LDL_PL","Phospholipids in LDL","BC_postmeno","1(95% CI:0.863-1.158; P=0.9946921064)","1.034(95% CI:1.008-1.06; P=0.0099654261)","1.003(95% CI:0.856-1.176; P=0.9683555111)","Raw","All_control_except_phenotype","Raw All_control_except_phenotype"
"LDL_TG","Triglycerides in LDL","BC_postmeno","1.126(95% CI:0.976-1.299; P=0.1040496109)","1.067(95% CI:1.042-1.094; P=0.0000001465)","1.155(95% CI:0.996-1.34; P=0.0559624148)","Raw","All_control_except_phenotype","Raw All_control_except_phenotype"
"Leu","Leucine","BC_postmeno","1.07(95% CI:0.938-1.219; P=0.3133409079)","1.044(95% CI:1.019-1.069; P=0.0004881687)","1.12(95% CI:0.967-1.296; P=0.1292024148)","Raw","All_control_except_phenotype","Raw All_control_except_phenotype"
"M_HDL_C","Cholesterol in Medium HDL","BC_postmeno","0.962(95% CI:0.836-1.108; P=0.5916497654)","0.982(95% CI:0.957-1.007; P=0.1502364203)","0.936(95% CI:0.8-1.095; P=0.4087275012)","Raw","All_control_except_phenotype","Raw All_control_except_phenotype"
"M_HDL_CE","Cholesteryl Esters in Medium HDL","BC_postmeno","0.959(95% CI:0.834-1.102; P=0.552159715)","0.981(95% CI:0.957-1.006; P=0.1289597989)","0.931(95% CI:0.796-1.089; P=0.3706236763)","Raw","All_control_except_phenotype","Raw All_control_except_phenotype"
"M_HDL_FC","Free Cholesterol in Medium HDL","BC_postmeno","0.973(95% CI:0.841-1.127; P=0.7183277975)","0.989(95% CI:0.964-1.014; P=0.3686680314)","0.949(95% CI:0.81-1.113; P=0.523214819)","Raw","All_control_except_phenotype","Raw All_control_except_phenotype"
"M_HDL_PL","Phospholipids in Medium HDL","BC_postmeno","1.017(95% CI:0.877-1.18; P=0.8199448776)","1.006(95% CI:0.981-1.032; P=0.6232056923)","1.024(95% CI:0.874-1.2; P=0.7691080489)","Raw","All_control_except_phenotype","Raw All_control_except_phenotype"
"M_HDL_TG","Triglycerides in Medium HDL","BC_postmeno","1.105(95% CI:0.961-1.271; P=0.1597905215)","1.054(95% CI:1.029-1.081; P=0.0000250734)","1.166(95% CI:1.009-1.348; P=0.0380255357)","Raw","All_control_except_phenotype","Raw All_control_except_phenotype"
"M_LDL_C","Cholesterol in Medium LDL","BC_postmeno","1.019(95% CI:0.879-1.18; P=0.8051847964)","1.046(95% CI:1.02-1.072; P=0.0005366844)","1.042(95% CI:0.889-1.223; P=0.6096204705)","Raw","All_control_except_phenotype","Raw All_control_except_phenotype"
"M_LDL_CE","Cholesteryl Esters in Medium LDL","BC_postmeno","1.035(95% CI:0.895-1.198; P=0.6403822171)","1.052(95% CI:1.026-1.079; P=0.0000721571)","1.069(95% CI:0.912-1.254; P=0.4083393891)","Raw","All_control_except_phenotype","Raw All_control_except_phenotype"
"M_LDL_FC","Free Cholesterol in Medium LDL","BC_postmeno","0.97(95% CI:0.841-1.118; P=0.6743157708)","1.023(95% CI:0.998-1.049; P=0.0707563574)","0.966(95% CI:0.826-1.129; P=0.6609374892)","Raw","All_control_except_phenotype","Raw All_control_except_phenotype"
"M_LDL_PL","Phospholipids in Medium LDL","BC_postmeno","1.017(95% CI:0.879-1.176; P=0.8252309643)","1.042(95% CI:1.016-1.068; P=0.0012274519)","1.034(95% CI:0.883-1.212; P=0.6762715081)","Raw","All_control_except_phenotype","Raw All_control_except_phenotype"
"M_LDL_TG","Triglycerides in Medium LDL","BC_postmeno","1.126(95% CI:0.981-1.293; P=0.0915235989)","1.067(95% CI:1.041-1.092; P=0.0000001267)","1.161(95% CI:1.006-1.341; P=0.0418236411)","Raw","All_control_except_phenotype","Raw All_control_except_phenotype"
"M_VLDL_C","Cholesterol in Medium VLDL","BC_postmeno","0.983(95% CI:0.852-1.135; P=0.819834115)","1.028(95% CI:1.002-1.053; P=0.0318034808)","0.997(95% CI:0.852-1.167; P=0.9732884577)","Raw","All_control_except_phenotype","Raw All_control_except_phenotype"
"M_VLDL_CE","Cholesteryl Esters in Medium VLDL","BC_postmeno","0.954(95% CI:0.828-1.098; P=0.5096007966)","1.014(95% CI:0.99-1.04; P=0.2585163086)","0.952(95% CI:0.815-1.112; P=0.5362822291)","Raw","All_control_except_phenotype","Raw All_control_except_phenotype"
"M_VLDL_FC","Free Cholesterol in Medium VLDL","BC_postmeno","1.021(95% CI:0.884-1.179; P=0.7753710936)","1.043(95% CI:1.017-1.069; P=0.0009095418)","1.055(95% CI:0.902-1.235; P=0.5015358449)","Raw","All_control_except_phenotype","Raw All_control_except_phenotype"
"M_VLDL_PL","Phospholipids in Medium VLDL","BC_postmeno","1.045(95% CI:0.905-1.207; P=0.5485620016)","1.048(95% CI:1.022-1.074; P=0.0002616199)","1.086(95% CI:0.929-1.271; P=0.3002851553)","Raw","All_control_except_phenotype","Raw All_control_except_phenotype"
"M_VLDL_TG","Triglycerides in Medium VLDL","BC_postmeno","1.124(95% CI:0.981-1.288; P=0.091035695)","1.061(95% CI:1.036-1.088; P=0.0000021347)","1.206(95% CI:1.039-1.401; P=0.0139110012)","Raw","All_control_except_phenotype","Raw All_control_except_phenotype"
"MUFA","Monounsaturated Fatty Acids","BC_postmeno","1.137(95% CI:0.981-1.318; P=0.0876976914)","1.085(95% CI:1.058-1.113; P=0.0000000003)","1.202(95% CI:1.029-1.404; P=0.020047618)","Raw","All_control_except_phenotype","Raw All_control_except_phenotype"
"non_HDL_C","Total Cholesterol Minus HDL-C","BC_postmeno","1.001(95% CI:0.86-1.165; P=0.9888537763)","1.035(95% CI:1.009-1.062; P=0.0074283695)","1.011(95% CI:0.86-1.187; P=0.8976644482)","Raw","All_control_except_phenotype","Raw All_control_except_phenotype"
"Omega_3","Omega-3 Fatty Acids","BC_postmeno","0.986(95% CI:0.845-1.151; P=0.8625234965)","1.03(95% CI:1.005-1.057; P=0.0206622052)","0.981(95% CI:0.831-1.158; P=0.8248929254)","Raw","All_control_except_phenotype","Raw All_control_except_phenotype"
"Omega_6","Omega-6 Fatty Acids","BC_postmeno","1.013(95% CI:0.866-1.185; P=0.8719241675)","1.03(95% CI:1.003-1.056; P=0.0266060567)","1.048(95% CI:0.89-1.235; P=0.5738727844)","Raw","All_control_except_phenotype","Raw All_control_except_phenotype"
"Phe","Phenylalanine","BC_postmeno","1.101(95% CI:0.958-1.266; P=0.1751842742)","1.006(95% CI:0.981-1.031; P=0.6331122054)","1.094(95% CI:0.937-1.276; P=0.256349919)","Raw","All_control_except_phenotype","Raw All_control_except_phenotype"
"Phosphatidylc","Phosphatidylcholines","BC_postmeno","1.021(95% CI:0.865-1.205; P=0.8054516282)","1.02(95% CI:0.993-1.046; P=0.1430903852)","1.037(95% CI:0.878-1.226; P=0.6656982473)","Raw","All_control_except_phenotype","Raw All_control_except_phenotype"
"Phosphoglyc","Phosphoglycerides","BC_postmeno","1.028(95% CI:0.872-1.212; P=0.7419933712)","1.031(95% CI:1.005-1.058; P=0.0213455251)","1.047(95% CI:0.886-1.237; P=0.5911954282)","Raw","All_control_except_phenotype","Raw All_control_except_phenotype"
"PUFA","Polyunsaturated Fatty Acids","BC_postmeno","1.005(95% CI:0.852-1.185; P=0.9543726191)","1.034(95% CI:1.007-1.061; P=0.0124909144)","1.034(95% CI:0.874-1.224; P=0.6959532127)","Raw","All_control_except_phenotype","Raw All_control_except_phenotype"
"Pyruvate","Pyruvate","BC_postmeno","1.194(95% CI:1.058-1.347; P=0.0039455906)","1.029(95% CI:1.004-1.055; P=0.0233857404)","1.24(95% CI:1.087-1.414; P=0.0013864018)","Raw","All_control_except_phenotype","Raw All_control_except_phenotype"
"Remnant_C","Remnant Cholesterol (Non-HDL and Non-LDL -Cholesterol)","BC_postmeno","1.01(95% CI:0.867-1.175; P=0.9002746835)","1.038(95% CI:1.012-1.065; P=0.0036470603)","1.022(95% CI:0.87-1.2; P=0.7942896649)","Raw","All_control_except_phenotype","Raw All_control_except_phenotype"
"S_HDL_C","Cholesterol in Small HDL","BC_postmeno","1.016(95% CI:0.879-1.175; P=0.827541803)","1.04(95% CI:1.014-1.066; P=0.0023763763)","1.061(95% CI:0.905-1.245; P=0.4622908255)","Raw","All_control_except_phenotype","Raw All_control_except_phenotype"
"S_HDL_CE","Cholesteryl Esters in Small HDL","BC_postmeno","1.004(95% CI:0.871-1.158; P=0.9537469245)","1.036(95% CI:1.011-1.063; P=0.0054649888)","1.048(95% CI:0.895-1.227; P=0.5579069531)","Raw","All_control_except_phenotype","Raw All_control_except_phenotype"
"S_HDL_FC","Free Cholesterol in Small HDL","BC_postmeno","1.048(95% CI:0.895-1.227; P=0.5638302636)","1.044(95% CI:1.017-1.071; P=0.0010700251)","1.08(95% CI:0.917-1.271; P=0.3560538431)","Raw","All_control_except_phenotype","Raw All_control_except_phenotype"
"S_HDL_PL","Phospholipids in Small HDL","BC_postmeno","1.082(95% CI:0.931-1.257; P=0.3029370198)","1.057(95% CI:1.03-1.084; P=0.0000198381)","1.157(95% CI:0.988-1.356; P=0.0705313853)","Raw","All_control_except_phenotype","Raw All_control_except_phenotype"
"S_HDL_TG","Triglycerides in Small HDL","BC_postmeno","1.124(95% CI:0.984-1.283; P=0.0846171055)","1.07(95% CI:1.044-1.096; P=0.0000000558)","1.199(95% CI:1.038-1.384; P=0.0133466062)","Raw","All_control_except_phenotype","Raw All_control_except_phenotype"
"S_LDL_C","Cholesterol in Small LDL","BC_postmeno","1.015(95% CI:0.878-1.173; P=0.8412713068)","1.038(95% CI:1.013-1.065; P=0.0029974658)","1.03(95% CI:0.88-1.206; P=0.7139512811)","Raw","All_control_except_phenotype","Raw All_control_except_phenotype"
"S_LDL_CE","Cholesteryl Esters in Small LDL","BC_postmeno","1.03(95% CI:0.891-1.19; P=0.690898385)","1.046(95% CI:1.02-1.072; P=0.0004200215)","1.056(95% CI:0.902-1.236; P=0.4978243632)","Raw","All_control_except_phenotype","Raw All_control_except_phenotype"
"S_LDL_FC","Free Cholesterol in Small LDL","BC_postmeno","0.971(95% CI:0.844-1.117; P=0.6809409276)","1.015(95% CI:0.991-1.041; P=0.2277969953)","0.957(95% CI:0.82-1.118; P=0.582197379)","Raw","All_control_except_phenotype","Raw All_control_except_phenotype"
"S_LDL_PL","Phospholipids in Small LDL","BC_postmeno","1.022(95% CI:0.885-1.181; P=0.7637275605)","1.034(95% CI:1.008-1.06; P=0.0089578857)","1.02(95% CI:0.871-1.193; P=0.8072828127)","Raw","All_control_except_phenotype","Raw All_control_except_phenotype"
"S_LDL_TG","Triglycerides in Small LDL","BC_postmeno","1.122(95% CI:0.985-1.278; P=0.0842311275)","1.064(95% CI:1.039-1.09; P=0.0000002365)","1.176(95% CI:1.024-1.351; P=0.0218573697)","Raw","All_control_except_phenotype","Raw All_control_except_phenotype"
"S_VLDL_C","Cholesterol in Small VLDL","BC_postmeno","1.02(95% CI:0.883-1.179; P=0.7850464494)","1.049(95% CI:1.023-1.075; P=0.0001677742)","1.051(95% CI:0.898-1.23; P=0.5355149871)","Raw","All_control_except_phenotype","Raw All_control_except_phenotype"
"S_VLDL_CE","Cholesteryl Esters in Small VLDL","BC_postmeno","1.026(95% CI:0.889-1.184; P=0.7279623193)","1.052(95% CI:1.026-1.078; P=0.0000697235)","1.059(95% CI:0.906-1.239; P=0.4696072108)","Raw","All_control_except_phenotype","Raw All_control_except_phenotype"
"S_VLDL_FC","Free Cholesterol in Small VLDL","BC_postmeno","1.009(95% CI:0.874-1.165; P=0.9018009775)","1.043(95% CI:1.017-1.069; P=0.0010011601)","1.034(95% CI:0.884-1.21; P=0.6756956806)","Raw","All_control_except_phenotype","Raw All_control_except_phenotype"
"S_VLDL_PL","Phospholipids in Small VLDL","BC_postmeno","1.038(95% CI:0.898-1.199; P=0.612613043)","1.052(95% CI:1.026-1.079; P=0.0000618762)","1.076(95% CI:0.919-1.258; P=0.3624750522)","Raw","All_control_except_phenotype","Raw All_control_except_phenotype"
"S_VLDL_TG","Triglycerides in Small VLDL","BC_postmeno","1.122(95% CI:0.98-1.285; P=0.0948635694)","1.064(95% CI:1.038-1.09; P=0.0000006915)","1.195(95% CI:1.032-1.384; P=0.0175553364)","Raw","All_control_except_phenotype","Raw All_control_except_phenotype"
"SFA","Saturated Fatty Acids","BC_postmeno","1.128(95% CI:0.967-1.317; P=0.1255498407)","1.08(95% CI:1.052-1.108; P=0.0000000044)","1.169(95% CI:0.998-1.37; P=0.0532743241)","Raw","All_control_except_phenotype","Raw All_control_except_phenotype"
"Sphingomyelins","Sphingomyelins","BC_postmeno","0.97(95% CI:0.835-1.126; P=0.6882201405)","1.016(95% CI:0.991-1.042; P=0.2227295188)","0.94(95% CI:0.801-1.104; P=0.4513141119)","Raw","All_control_except_phenotype","Raw All_control_except_phenotype"
"Total_C","Total Cholesterol","BC_postmeno","0.982(95% CI:0.844-1.142; P=0.8112841646)","1.02(95% CI:0.994-1.046; P=0.1270237078)","0.976(95% CI:0.832-1.145; P=0.7652172908)","Raw","All_control_except_phenotype","Raw All_control_except_phenotype"
"Total_CE","Total Esterified Cholesterol","BC_postmeno","0.977(95% CI:0.841-1.134; P=0.75686309)","1.017(95% CI:0.991-1.043; P=0.2002025663)","0.968(95% CI:0.826-1.134; P=0.6841626385)","Raw","All_control_except_phenotype","Raw All_control_except_phenotype"
"Total_FA","Total Fatty Acids","BC_postmeno","1.099(95% CI:0.936-1.29; P=0.2511564039)","1.073(95% CI:1.045-1.101; P=0.0000001252)","1.146(95% CI:0.972-1.35; P=0.1047702569)","Raw","All_control_except_phenotype","Raw All_control_except_phenotype"
"Total_FC","Total Free Cholesterol","BC_postmeno","0.99(95% CI:0.851-1.151; P=0.8954611277)","1.027(95% CI:1.002-1.054; P=0.0358377842)","0.993(95% CI:0.846-1.166; P=0.933550626)","Raw","All_control_except_phenotype","Raw All_control_except_phenotype"
"Total_L","Total Lipids in Lipoprotein Particles","BC_postmeno","1.037(95% CI:0.885-1.216; P=0.6508521114)","1.046(95% CI:1.019-1.073; P=0.0007059666)","1.062(95% CI:0.9-1.252; P=0.4788673895)","Raw","All_control_except_phenotype","Raw All_control_except_phenotype"
"Total_PL","Total Phospholipids in Lipoprotein Particles","BC_postmeno","1.019(95% CI:0.868-1.195; P=0.8198957936)","1.031(95% CI:1.005-1.058; P=0.0185136768)","1.031(95% CI:0.874-1.215; P=0.7204439868)","Raw","All_control_except_phenotype","Raw All_control_except_phenotype"
"Total_TG","Total Triglycerides","BC_postmeno","1.142(95% CI:0.994-1.313; P=0.0607293121)","1.072(95% CI:1.046-1.099; P=0.0000000368)","1.215(95% CI:1.044-1.413; P=0.0117389896)","Raw","All_control_except_phenotype","Raw All_control_except_phenotype"
"Tyr","Tyrosine","BC_postmeno","1.095(95% CI:0.957-1.253; P=0.1868711906)","1.036(95% CI:1.01-1.062; P=0.0053751235)","1.121(95% CI:0.966-1.301; P=0.1315085721)","Raw","All_control_except_phenotype","Raw All_control_except_phenotype"
"Unsaturation","Degree of Unsaturation","BC_postmeno","0.878(95% CI:0.769-1.002; P=0.0528595787)","0.951(95% CI:0.928-0.975; P=0.0000695498)","0.832(95% CI:0.715-0.967; P=0.016911979)","Raw","All_control_except_phenotype","Raw All_control_except_phenotype"
"Val","Valine","BC_postmeno","1.097(95% CI:0.961-1.254; P=0.1712760658)","1.066(95% CI:1.04-1.092; P=0.0000003304)","1.136(95% CI:0.98-1.316; P=0.0900425256)","Raw","All_control_except_phenotype","Raw All_control_except_phenotype"
"VLDL_C","VLDL Cholesterol","BC_postmeno","1.047(95% CI:0.903-1.215; P=0.541010517)","1.053(95% CI:1.027-1.08; P=0.000056282)","1.089(95% CI:0.928-1.278; P=0.2960151771)","Raw","All_control_except_phenotype","Raw All_control_except_phenotype"
"VLDL_CE","Cholesteryl Esters in VLDL","BC_postmeno","1.028(95% CI:0.888-1.191; P=0.7123819039)","1.046(95% CI:1.02-1.072; P=0.000454877)","1.061(95% CI:0.905-1.243; P=0.4666049436)","Raw","All_control_except_phenotype","Raw All_control_except_phenotype"
"VLDL_FC","Free Cholesterol in VLDL","BC_postmeno","1.073(95% CI:0.929-1.239; P=0.340068619)","1.06(95% CI:1.034-1.087; P=0.0000045953)","1.127(95% CI:0.964-1.318; P=0.1330417993)","Raw","All_control_except_phenotype","Raw All_control_except_phenotype"
"VLDL_L","Total Lipids in VLDL","BC_postmeno","1.109(95% CI:0.957-1.285; P=0.1685683881)","1.069(95% CI:1.043-1.097; P=0.0000002184)","1.175(95% CI:1.002-1.378; P=0.0473172744)","Raw","All_control_except_phenotype","Raw All_control_except_phenotype"
"VLDL_PL","Phospholipids in VLDL","BC_postmeno","1.09(95% CI:0.944-1.26; P=0.2394406348)","1.063(95% CI:1.037-1.09; P=0.000001639)","1.149(95% CI:0.983-1.343; P=0.0820350077)","Raw","All_control_except_phenotype","Raw All_control_except_phenotype"
"VLDL_TG","Triglycerides in VLDL","BC_postmeno","1.142(95% CI:0.997-1.307; P=0.0548796803)","1.069(95% CI:1.043-1.096; P=0.0000000925)","1.221(95% CI:1.052-1.418; P=0.0086531641)","Raw","All_control_except_phenotype","Raw All_control_except_phenotype"
"XL_HDL_C","Cholesterol in Very Large HDL","BC_postmeno","0.911(95% CI:0.793-1.047; P=0.1888263333)","0.949(95% CI:0.925-0.973; P=0.0000457176)","0.836(95% CI:0.71-0.984; P=0.0316085002)","Raw","All_control_except_phenotype","Raw All_control_except_phenotype"
"XL_HDL_CE","Cholesteryl Esters in Very Large HDL","BC_postmeno","0.909(95% CI:0.791-1.044; P=0.1774075155)","0.948(95% CI:0.924-0.972; P=0.0000319538)","0.833(95% CI:0.707-0.982; P=0.029026072)","Raw","All_control_except_phenotype","Raw All_control_except_phenotype"
"XL_HDL_FC","Free Cholesterol in Very Large HDL","BC_postmeno","0.923(95% CI:0.803-1.061; P=0.2590207692)","0.955(95% CI:0.931-0.979; P=0.0003256116)","0.851(95% CI:0.724-1.001; P=0.0517336671)","Raw","All_control_except_phenotype","Raw All_control_except_phenotype"
"XL_HDL_PL","Phospholipids in Very Large HDL","BC_postmeno","0.918(95% CI:0.798-1.056; P=0.2317157537)","0.949(95% CI:0.925-0.973; P=0.0000475972)","0.846(95% CI:0.718-0.998; P=0.0467009931)","Raw","All_control_except_phenotype","Raw All_control_except_phenotype"
"XL_HDL_TG","Triglycerides in Very Large HDL","BC_postmeno","1.072(95% CI:0.926-1.241; P=0.3514069019)","1.03(95% CI:1.005-1.056; P=0.0198715466)","1.095(95% CI:0.943-1.273; P=0.2345257045)","Raw","All_control_except_phenotype","Raw All_control_except_phenotype"
"XL_VLDL_C","Cholesterol in Very Large VLDL","BC_postmeno","1.113(95% CI:0.973-1.273; P=0.1180106904)","1.061(95% CI:1.035-1.087; P=0.0000021497)","1.184(95% CI:1.021-1.373; P=0.0252846844)","Raw","All_control_except_phenotype","Raw All_control_except_phenotype"
"XL_VLDL_CE","Cholesteryl Esters in Very Large VLDL","BC_postmeno","1.095(95% CI:0.955-1.256; P=0.1921672484)","1.057(95% CI:1.032-1.083; P=0.0000088635)","1.16(95% CI:0.998-1.35; P=0.0538811473)","Raw","All_control_except_phenotype","Raw All_control_except_phenotype"
"XL_VLDL_FC","Free Cholesterol in Very Large VLDL","BC_postmeno","1.125(95% CI:0.989-1.28; P=0.0725526032)","1.062(95% CI:1.037-1.088; P=0.0000009985)","1.199(95% CI:1.041-1.381; P=0.0118932114)","Raw","All_control_except_phenotype","Raw All_control_except_phenotype"
"XL_VLDL_PL","Phospholipids in Very Large VLDL","BC_postmeno","1.132(95% CI:0.997-1.286; P=0.0555064589)","1.063(95% CI:1.037-1.088; P=0.0000007273)","1.206(95% CI:1.049-1.386; P=0.0085625118)","Raw","All_control_except_phenotype","Raw All_control_except_phenotype"
"XL_VLDL_TG","Triglycerides in Very Large VLDL","BC_postmeno","1.145(95% CI:1.011-1.296; P=0.0329448121)","1.065(95% CI:1.04-1.091; P=0.0000002378)","1.222(95% CI:1.066-1.401; P=0.0040710327)","Raw","All_control_except_phenotype","Raw All_control_except_phenotype"
"XS_VLDL_C","Cholesterol in Very Small VLDL","BC_postmeno","0.983(95% CI:0.847-1.139; P=0.8156580271)","1.028(95% CI:1.002-1.053; P=0.0319608742)","0.983(95% CI:0.839-1.152; P=0.8352567371)","Raw","All_control_except_phenotype","Raw All_control_except_phenotype"
"XS_VLDL_CE","Cholesteryl Esters in Very Small VLDL","BC_postmeno","0.971(95% CI:0.839-1.124; P=0.6943024167)","1.021(95% CI:0.996-1.047; P=0.0987032713)","0.965(95% CI:0.825-1.13; P=0.6608225179)","Raw","All_control_except_phenotype","Raw All_control_except_phenotype"
"XS_VLDL_FC","Free Cholesterol in Very Small VLDL","BC_postmeno","1.008(95% CI:0.868-1.17; P=0.9187877658)","1.042(95% CI:1.016-1.068; P=0.0012834104)","1.023(95% CI:0.873-1.198; P=0.7822632586)","Raw","All_control_except_phenotype","Raw All_control_except_phenotype"
"XS_VLDL_PL","Phospholipids in Very Small VLDL","BC_postmeno","1.037(95% CI:0.893-1.204; P=0.6354368985)","1.047(95% CI:1.021-1.073; P=0.0003305344)","1.06(95% CI:0.906-1.24; P=0.4671210109)","Raw","All_control_except_phenotype","Raw All_control_except_phenotype"
"XS_VLDL_TG","Triglycerides in Very Small VLDL","BC_postmeno","1.099(95% CI:0.954-1.266; P=0.1893173812)","1.063(95% CI:1.038-1.09; P=0.0000007944)","1.144(95% CI:0.988-1.325; P=0.072135048)","Raw","All_control_except_phenotype","Raw All_control_except_phenotype"
"XXL_VLDL_C","Cholesterol in Chylomicrons and Extremely Large VLDL","BC_postmeno","1.132(95% CI:1.001-1.28; P=0.047439764)","1.062(95% CI:1.037-1.087; P=0.0000006904)","1.206(95% CI:1.054-1.381; P=0.006515561)","Raw","All_control_except_phenotype","Raw All_control_except_phenotype"
"XXL_VLDL_CE","Cholesteryl Esters in Chylomicrons and Extremely Large VLDL","BC_postmeno","1.136(95% CI:1.004-1.286; P=0.0432113062)","1.06(95% CI:1.036-1.086; P=0.0000011821)","1.21(95% CI:1.056-1.387; P=0.0062222188)","Raw","All_control_except_phenotype","Raw All_control_except_phenotype"
"XXL_VLDL_FC","Free Cholesterol in Chylomicrons and Extremely Large VLDL","BC_postmeno","1.12(95% CI:0.993-1.262; P=0.0644285354)","1.061(95% CI:1.036-1.086; P=0.0000007335)","1.192(95% CI:1.045-1.359; P=0.0087236441)","Raw","All_control_except_phenotype","Raw All_control_except_phenotype"
"XXL_VLDL_PL","Phospholipids in Chylomicrons and Extremely Large VLDL","BC_postmeno","1.123(95% CI:0.998-1.262; P=0.0532364806)","1.059(95% CI:1.034-1.084; P=0.0000016643)","1.19(95% CI:1.047-1.353; P=0.0077179174)","Raw","All_control_except_phenotype","Raw All_control_except_phenotype"
"XXL_VLDL_TG","Triglycerides in Chylomicrons and Extremely Large VLDL","BC_postmeno","1.148(95% CI:1.022-1.29; P=0.0200597328)","1.058(95% CI:1.033-1.083; P=0.0000023137)","1.209(95% CI:1.064-1.373; P=0.0035703156)","Raw","All_control_except_phenotype","Raw All_control_except_phenotype"
"Acetate","Acetate","BC_premeno","0.895(95% CI:0.632-1.269; P=0.534795511)","0.96(95% CI:0.9-1.024; P=0.2162373229)","0.753(95% CI:0.443-1.282; P=0.2962962437)","Raw","All_control_except_phenotype","Raw All_control_except_phenotype"
"Acetoacetate","Acetoacetate","BC_premeno","0.993(95% CI:0.795-1.242; P=0.9531485592)","0.998(95% CI:0.955-1.044; P=0.9392335982)","1.03(95% CI:0.789-1.345; P=0.8282701921)","Raw","All_control_except_phenotype","Raw All_control_except_phenotype"
"Acetone","Acetone","BC_premeno","0.935(95% CI:0.736-1.187; P=0.5799357175)","0.99(95% CI:0.947-1.036; P=0.6713468697)","0.982(95% CI:0.745-1.293; P=0.8946545586)","Raw","All_control_except_phenotype","Raw All_control_except_phenotype"
"Ala","Alanine","BC_premeno","0.818(95% CI:0.655-1.022; P=0.0768284031)","0.994(95% CI:0.952-1.038; P=0.7895342442)","0.912(95% CI:0.691-1.203; P=0.5141919051)","Raw","All_control_except_phenotype","Raw All_control_except_phenotype"
"Albumin","Albumin","BC_premeno","0.94(95% CI:0.755-1.17; P=0.5784920855)","0.969(95% CI:0.928-1.012; P=0.1550892539)","1.049(95% CI:0.798-1.379; P=0.7303579903)","Raw","All_control_except_phenotype","Raw All_control_except_phenotype"
"ApoA1","Apolipoprotein A1","BC_premeno","1.043(95% CI:0.843-1.29; P=0.6998051934)","0.987(95% CI:0.945-1.031; P=0.5621327214)","1.178(95% CI:0.902-1.538; P=0.2281515384)","Raw","All_control_except_phenotype","Raw All_control_except_phenotype"
"ApoB","Apolipoprotein B","BC_premeno","0.898(95% CI:0.704-1.144; P=0.3830371215)","0.926(95% CI:0.884-0.971; P=0.001382697)","0.972(95% CI:0.73-1.293; P=0.8430155441)","Raw","All_control_except_phenotype","Raw All_control_except_phenotype"
"bOHbutyrate","3-Hydroxybutyrate","BC_premeno","0.978(95% CI:0.79-1.211; P=0.8382044412)","1.013(95% CI:0.972-1.055; P=0.5483261347)","1(95% CI:0.772-1.297; P=0.9970415651)","Raw","All_control_except_phenotype","Raw All_control_except_phenotype"
"Cholines","Total Cholines","BC_premeno","0.951(95% CI:0.756-1.195; P=0.665415737)","0.95(95% CI:0.909-0.992; P=0.0214528585)","1.085(95% CI:0.822-1.431; P=0.5649099489)","Raw","All_control_except_phenotype","Raw All_control_except_phenotype"
"Citrate","Citrate","BC_premeno","1.004(95% CI:0.857-1.176; P=0.9593287529)","0.937(95% CI:0.894-0.981; P=0.00533579)","1.026(95% CI:0.906-1.162; P=0.6889103505)","Raw","All_control_except_phenotype","Raw All_control_except_phenotype"
"Clinical_LDL_C","Clinical LDL Cholesterol","BC_premeno","0.873(95% CI:0.69-1.104; P=0.2571849996)","0.934(95% CI:0.892-0.978; P=0.0033914099)","0.995(95% CI:0.749-1.321; P=0.9709249921)","Raw","All_control_except_phenotype","Raw All_control_except_phenotype"
"Creatinine","Creatinine","BC_premeno","0.931(95% CI:0.73-1.187; P=0.5630126463)","0.97(95% CI:0.922-1.021; P=0.2493480162)","0.93(95% CI:0.701-1.235; P=0.616649717)","Raw","All_control_except_phenotype","Raw All_control_except_phenotype"
"DHA","Docosahexaenoic Acid","BC_premeno","0.844(95% CI:0.634-1.123; P=0.243582899)","0.936(95% CI:0.889-0.984; P=0.0103148621)","0.98(95% CI:0.714-1.346; P=0.8999153678)","Raw","All_control_except_phenotype","Raw All_control_except_phenotype"
"Gln","Glutamine","BC_premeno","0.968(95% CI:0.787-1.19; P=0.756621336)","0.91(95% CI:0.873-0.949; P=0.0000096576)","1.209(95% CI:0.929-1.572; P=0.1573712666)","Raw","All_control_except_phenotype","Raw All_control_except_phenotype"
"Glucose","Glucose","BC_premeno","0.903(95% CI:0.702-1.161; P=0.4257772179)","0.949(95% CI:0.907-0.994; P=0.0271988535)","0.827(95% CI:0.602-1.136; P=0.2403302401)","Raw","All_control_except_phenotype","Raw All_control_except_phenotype"
"Gly","Glycine","BC_premeno","0.887(95% CI:0.708-1.11; P=0.2933417625)","0.986(95% CI:0.944-1.029; P=0.5050045278)","0.862(95% CI:0.647-1.149; P=0.3117354974)","Raw","All_control_except_phenotype","Raw All_control_except_phenotype"
"GlycA","Glycoprotein Acetyls","BC_premeno","0.962(95% CI:0.777-1.191; P=0.7238445518)","0.917(95% CI:0.877-0.958; P=0.0001008587)","0.839(95% CI:0.635-1.109; P=0.2182846309)","Raw","All_control_except_phenotype","Raw All_control_except_phenotype"
"HDL_C","HDL Cholesterol","BC_premeno","1.047(95% CI:0.843-1.301; P=0.6785081255)","1.011(95% CI:0.967-1.057; P=0.6369766235)","1.229(95% CI:0.937-1.614; P=0.1368622985)","Raw","All_control_except_phenotype","Raw All_control_except_phenotype"
"HDL_CE","Cholesteryl Esters in HDL","BC_premeno","1.041(95% CI:0.836-1.295; P=0.7203539759)","1.012(95% CI:0.968-1.058; P=0.609946189)","1.22(95% CI:0.927-1.605; P=0.1552276652)","Raw","All_control_except_phenotype","Raw All_control_except_phenotype"
"HDL_FC","Free Cholesterol in HDL","BC_premeno","1.067(95% CI:0.86-1.324; P=0.5563979865)","1.005(95% CI:0.961-1.051; P=0.8222546798)","1.25(95% CI:0.961-1.626; P=0.0960211978)","Raw","All_control_except_phenotype","Raw All_control_except_phenotype"
"HDL_L","Total Lipids in HDL","BC_premeno","1.064(95% CI:0.861-1.315; P=0.5670368147)","1(95% CI:0.958-1.045; P=0.9832909366)","1.22(95% CI:0.934-1.593; P=0.1447625828)","Raw","All_control_except_phenotype","Raw All_control_except_phenotype"
"HDL_PL","Phospholipids in HDL","BC_premeno","1.071(95% CI:0.868-1.321; P=0.5220582347)","0.997(95% CI:0.955-1.041; P=0.8943548697)","1.211(95% CI:0.93-1.578; P=0.1559145358)","Raw","All_control_except_phenotype","Raw All_control_except_phenotype"
"HDL_TG","Triglycerides in HDL","BC_premeno","1.04(95% CI:0.834-1.296; P=0.7305780709)","0.95(95% CI:0.907-0.995; P=0.0298460941)","0.968(95% CI:0.725-1.293; P=0.8280685709)","Raw","All_control_except_phenotype","Raw All_control_except_phenotype"
"His","Histidine","BC_premeno","0.958(95% CI:0.774-1.185; P=0.6901734753)","0.999(95% CI:0.956-1.044; P=0.9675285593)","1.056(95% CI:0.808-1.38; P=0.6917185664)","Raw","All_control_except_phenotype","Raw All_control_except_phenotype"
"IDL_C","Cholesterol in IDL","BC_premeno","0.907(95% CI:0.708-1.162; P=0.4390156454)","0.947(95% CI:0.902-0.993; P=0.0240587979)","1.1(95% CI:0.821-1.473; P=0.5252046531)","Raw","All_control_except_phenotype","Raw All_control_except_phenotype"
"IDL_CE","Cholesteryl Esters in IDL","BC_premeno","0.904(95% CI:0.705-1.159; P=0.4263545881)","0.949(95% CI:0.905-0.996; P=0.0319498726)","1.092(95% CI:0.815-1.463; P=0.5543231977)","Raw","All_control_except_phenotype","Raw All_control_except_phenotype"
"IDL_FC","Free Cholesterol in IDL","BC_premeno","0.914(95% CI:0.709-1.179; P=0.4897649154)","0.933(95% CI:0.889-0.98; P=0.0060174633)","1.103(95% CI:0.821-1.48; P=0.5156875804)","Raw","All_control_except_phenotype","Raw All_control_except_phenotype"
"IDL_PL","Phospholipids in IDL","BC_premeno","0.921(95% CI:0.716-1.185; P=0.5223529687)","0.941(95% CI:0.896-0.988; P=0.0137176897)","1.07(95% CI:0.799-1.432; P=0.651382288)","Raw","All_control_except_phenotype","Raw All_control_except_phenotype"
"IDL_TG","Triglycerides in IDL","BC_premeno","1.028(95% CI:0.814-1.296; P=0.8189189582)","0.952(95% CI:0.908-0.998; P=0.0403554065)","1.003(95% CI:0.751-1.34; P=0.9836720683)","Raw","All_control_except_phenotype","Raw All_control_except_phenotype"
"Ile","Isoleucine","BC_premeno","0.852(95% CI:0.674-1.077; P=0.1808797841)","0.981(95% CI:0.937-1.026; P=0.3927187668)","0.889(95% CI:0.661-1.197; P=0.4380352415)","Raw","All_control_except_phenotype","Raw All_control_except_phenotype"
"L_HDL_C","Cholesterol in Large HDL","BC_premeno","1.101(95% CI:0.887-1.366; P=0.3834946996)","1.04(95% CI:0.994-1.087; P=0.0874705605)","1.294(95% CI:0.99-1.69; P=0.0589741766)","Raw","All_control_except_phenotype","Raw All_control_except_phenotype"
"L_HDL_CE","Cholesteryl Esters in Large HDL","BC_premeno","1.095(95% CI:0.882-1.36; P=0.4108476543)","1.04(95% CI:0.994-1.088; P=0.0867626261)","1.284(95% CI:0.983-1.677; P=0.0666390449)","Raw","All_control_except_phenotype","Raw All_control_except_phenotype"
"L_HDL_FC","Free Cholesterol in Large HDL","BC_premeno","1.114(95% CI:0.899-1.379; P=0.3232109598)","1.034(95% CI:0.989-1.082; P=0.1382571555)","1.303(95% CI:1.008-1.685; P=0.0434220937)","Raw","All_control_except_phenotype","Raw All_control_except_phenotype"
"L_HDL_PL","Phospholipids in Large HDL","BC_premeno","1.122(95% CI:0.909-1.386; P=0.2846816286)","1.033(95% CI:0.988-1.08; P=0.1481225391)","1.297(95% CI:0.997-1.686; P=0.0526129489)","Raw","All_control_except_phenotype","Raw All_control_except_phenotype"
"L_HDL_TG","Triglycerides in Large HDL","BC_premeno","1.116(95% CI:0.91-1.37; P=0.2919650347)","0.981(95% CI:0.938-1.026; P=0.3948589016)","1.118(95% CI:0.861-1.452; P=0.4010886752)","Raw","All_control_except_phenotype","Raw All_control_except_phenotype"
"L_LDL_C","Cholesterol in Large LDL","BC_premeno","0.863(95% CI:0.678-1.098; P=0.2306251127)","0.931(95% CI:0.888-0.975; P=0.0024555872)","0.998(95% CI:0.748-1.33; P=0.9871201466)","Raw","All_control_except_phenotype","Raw All_control_except_phenotype"
"L_LDL_CE","Cholesteryl Esters in Large LDL","BC_premeno","0.86(95% CI:0.675-1.095; P=0.2207254397)","0.928(95% CI:0.885-0.972; P=0.001511157)","0.982(95% CI:0.736-1.309; P=0.9008239288)","Raw","All_control_except_phenotype","Raw All_control_except_phenotype"
"L_LDL_FC","Free Cholesterol in Large LDL","BC_premeno","0.865(95% CI:0.674-1.11; P=0.2544742943)","0.934(95% CI:0.89-0.98; P=0.0052038014)","1.03(95% CI:0.767-1.382; P=0.8458081232)","Raw","All_control_except_phenotype","Raw All_control_except_phenotype"
"L_LDL_PL","Phospholipids in Large LDL","BC_premeno","0.863(95% CI:0.674-1.106; P=0.2446355383)","0.926(95% CI:0.883-0.971; P=0.0013999381)","0.983(95% CI:0.735-1.315; P=0.9076396413)","Raw","All_control_except_phenotype","Raw All_control_except_phenotype"
"L_LDL_TG","Triglycerides in Large LDL","BC_premeno","0.993(95% CI:0.782-1.262; P=0.9545053348)","0.943(95% CI:0.899-0.99; P=0.0168726689)","0.97(95% CI:0.722-1.304; P=0.8404217043)","Raw","All_control_except_phenotype","Raw All_control_except_phenotype"
"L_VLDL_C","Cholesterol in Large VLDL","BC_premeno","0.937(95% CI:0.742-1.184; P=0.5846106486)","0.92(95% CI:0.877-0.965; P=0.0005963284)","0.865(95% CI:0.642-1.166; P=0.3410728451)","Raw","All_control_except_phenotype","Raw All_control_except_phenotype"
"L_VLDL_CE","Cholesteryl Esters in Large VLDL","BC_premeno","0.934(95% CI:0.738-1.182; P=0.5695529093)","0.92(95% CI:0.877-0.965; P=0.0006503599)","0.88(95% CI:0.654-1.183; P=0.3963532268)","Raw","All_control_except_phenotype","Raw All_control_except_phenotype"
"L_VLDL_FC","Free Cholesterol in Large VLDL","BC_premeno","0.945(95% CI:0.748-1.195; P=0.6369523654)","0.92(95% CI:0.877-0.966; P=0.0008084219)","0.851(95% CI:0.626-1.157; P=0.3025216804)","Raw","All_control_except_phenotype","Raw All_control_except_phenotype"
"L_VLDL_PL","Phospholipids in Large VLDL","BC_premeno","0.955(95% CI:0.756-1.205; P=0.6974442186)","0.927(95% CI:0.884-0.973; P=0.002214928)","0.851(95% CI:0.625-1.159; P=0.3049303393)","Raw","All_control_except_phenotype","Raw All_control_except_phenotype"
"L_VLDL_TG","Triglycerides in Large VLDL","BC_premeno","0.942(95% CI:0.746-1.189; P=0.6153016345)","0.929(95% CI:0.885-0.975; P=0.0027737692)","0.847(95% CI:0.62-1.157; P=0.2974231994)","Raw","All_control_except_phenotype","Raw All_control_except_phenotype"
"LA","Linoleic Acid","BC_premeno","0.954(95% CI:0.763-1.193; P=0.679552212)","0.947(95% CI:0.905-0.99; P=0.0169781465)","1.007(95% CI:0.767-1.323; P=0.9605450111)","Raw","All_control_except_phenotype","Raw All_control_except_phenotype"
"Lactate","Lactate","BC_premeno","0.922(95% CI:0.738-1.153; P=0.476353329)","1.053(95% CI:1.007-1.101; P=0.0241788266)","0.946(95% CI:0.714-1.255; P=0.7024111417)","Raw","All_control_except_phenotype","Raw All_control_except_phenotype"
"LDL_C","LDL Cholesterol","BC_premeno","0.868(95% CI:0.685-1.101; P=0.2433840249)","0.927(95% CI:0.886-0.971; P=0.0012313945)","0.973(95% CI:0.733-1.293; P=0.8514566249)","Raw","All_control_except_phenotype","Raw All_control_except_phenotype"
"LDL_CE","Cholesteryl Esters in LDL","BC_premeno","0.87(95% CI:0.686-1.104; P=0.2512765533)","0.923(95% CI:0.882-0.967; P=0.0006419041)","0.959(95% CI:0.723-1.274; P=0.7744553904)","Raw","All_control_except_phenotype","Raw All_control_except_phenotype"
"LDL_FC","Free Cholesterol in LDL","BC_premeno","0.854(95% CI:0.668-1.091; P=0.2070284035)","0.934(95% CI:0.89-0.979; P=0.0044805562)","1(95% CI:0.747-1.339; P=0.9997658238)","Raw","All_control_except_phenotype","Raw All_control_except_phenotype"
"LDL_L","Total Lipids in LDL","BC_premeno","0.872(95% CI:0.688-1.106; P=0.2589015201)","0.927(95% CI:0.886-0.97; P=0.0011248632)","0.97(95% CI:0.732-1.287; P=0.8331240126)","Raw","All_control_except_phenotype","Raw All_control_except_phenotype"
"LDL_PL","Phospholipids in LDL","BC_premeno","0.861(95% CI:0.675-1.099; P=0.2299601666)","0.926(95% CI:0.884-0.97; P=0.0012262079)","0.959(95% CI:0.72-1.279; P=0.7766788158)","Raw","All_control_except_phenotype","Raw All_control_except_phenotype"
"LDL_TG","Triglycerides in LDL","BC_premeno","0.988(95% CI:0.779-1.255; P=0.9237058997)","0.938(95% CI:0.894-0.985; P=0.0095746748)","0.95(95% CI:0.705-1.28; P=0.737711051)","Raw","All_control_except_phenotype","Raw All_control_except_phenotype"
"Leu","Leucine","BC_premeno","0.885(95% CI:0.702-1.115; P=0.2989314895)","0.979(95% CI:0.936-1.024; P=0.3497978475)","0.962(95% CI:0.72-1.286; P=0.7954723863)","Raw","All_control_except_phenotype","Raw All_control_except_phenotype"
"M_HDL_C","Cholesterol in Medium HDL","BC_premeno","1.033(95% CI:0.834-1.28; P=0.7651466176)","0.997(95% CI:0.954-1.041; P=0.8780391573)","1.164(95% CI:0.888-1.526; P=0.2703022696)","Raw","All_control_except_phenotype","Raw All_control_except_phenotype"
"M_HDL_CE","Cholesteryl Esters in Medium HDL","BC_premeno","1.033(95% CI:0.833-1.281; P=0.7705049633)","0.998(95% CI:0.955-1.042; P=0.9151872928)","1.161(95% CI:0.885-1.523; P=0.2816935168)","Raw","All_control_except_phenotype","Raw All_control_except_phenotype"
"M_HDL_FC","Free Cholesterol in Medium HDL","BC_premeno","1.038(95% CI:0.839-1.285; P=0.7284928193)","0.992(95% CI:0.949-1.036; P=0.7063279769)","1.178(95% CI:0.905-1.534; P=0.2225749679)","Raw","All_control_except_phenotype","Raw All_control_except_phenotype"
"M_HDL_PL","Phospholipids in Medium HDL","BC_premeno","1.049(95% CI:0.852-1.292; P=0.6528434435)","0.982(95% CI:0.941-1.025; P=0.4076323166)","1.135(95% CI:0.872-1.479; P=0.3465221349)","Raw","All_control_except_phenotype","Raw All_control_except_phenotype"
"M_HDL_TG","Triglycerides in Medium HDL","BC_premeno","1.048(95% CI:0.843-1.303; P=0.6700474115)","0.951(95% CI:0.908-0.996; P=0.0316487441)","0.963(95% CI:0.72-1.287; P=0.7991492773)","Raw","All_control_except_phenotype","Raw All_control_except_phenotype"
"M_LDL_C","Cholesterol in Medium LDL","BC_premeno","0.871(95% CI:0.686-1.106; P=0.2568259132)","0.916(95% CI:0.875-0.96; P=0.0002226131)","0.918(95% CI:0.69-1.222; P=0.5591249568)","Raw","All_control_except_phenotype","Raw All_control_except_phenotype"
"M_LDL_CE","Cholesteryl Esters in Medium LDL","BC_premeno","0.882(95% CI:0.694-1.12; P=0.3021528527)","0.913(95% CI:0.872-0.957; P=0.0001385067)","0.907(95% CI:0.681-1.208; P=0.5040747226)","Raw","All_control_except_phenotype","Raw All_control_except_phenotype"
"M_LDL_FC","Free Cholesterol in Medium LDL","BC_premeno","0.836(95% CI:0.653-1.07; P=0.1541514791)","0.926(95% CI:0.883-0.971; P=0.0014125246)","0.946(95% CI:0.706-1.268; P=0.7095654839)","Raw","All_control_except_phenotype","Raw All_control_except_phenotype"
"M_LDL_PL","Phospholipids in Medium LDL","BC_premeno","0.853(95% CI:0.667-1.089; P=0.2025209155)","0.919(95% CI:0.877-0.963; P=0.000375717)","0.912(95% CI:0.682-1.22; P=0.5362872588)","Raw","All_control_except_phenotype","Raw All_control_except_phenotype"
"M_LDL_TG","Triglycerides in Medium LDL","BC_premeno","0.992(95% CI:0.781-1.26; P=0.9473072152)","0.933(95% CI:0.888-0.98; P=0.0059609988)","0.927(95% CI:0.682-1.26; P=0.6284561372)","Raw","All_control_except_phenotype","Raw All_control_except_phenotype"
"M_VLDL_C","Cholesterol in Medium VLDL","BC_premeno","0.906(95% CI:0.709-1.157; P=0.4290818134)","0.926(95% CI:0.883-0.972; P=0.0017491935)","0.985(95% CI:0.737-1.315; P=0.9178051718)","Raw","All_control_except_phenotype","Raw All_control_except_phenotype"
"M_VLDL_CE","Cholesteryl Esters in Medium VLDL","BC_premeno","0.906(95% CI:0.707-1.162; P=0.4370145815)","0.935(95% CI:0.891-0.982; P=0.0071048952)","1.016(95% CI:0.759-1.361; P=0.9129657649)","Raw","All_control_except_phenotype","Raw All_control_except_phenotype"
"M_VLDL_FC","Free Cholesterol in Medium VLDL","BC_premeno","0.909(95% CI:0.712-1.16; P=0.4427063757)","0.918(95% CI:0.875-0.963; P=0.0004768255)","0.943(95% CI:0.704-1.262; P=0.6928257706)","Raw","All_control_except_phenotype","Raw All_control_except_phenotype"
"M_VLDL_PL","Phospholipids in Medium VLDL","BC_premeno","0.914(95% CI:0.719-1.163; P=0.4650340128)","0.919(95% CI:0.876-0.964; P=0.000501356)","0.926(95% CI:0.692-1.239; P=0.6049884606)","Raw","All_control_except_phenotype","Raw All_control_except_phenotype"
"M_VLDL_TG","Triglycerides in Medium VLDL","BC_premeno","0.929(95% CI:0.737-1.173; P=0.5368269437)","0.925(95% CI:0.882-0.97; P=0.001359057)","0.857(95% CI:0.634-1.156; P=0.3120723168)","Raw","All_control_except_phenotype","Raw All_control_except_phenotype"
"MUFA","Monounsaturated Fatty Acids","BC_premeno","0.945(95% CI:0.754-1.183; P=0.6206152759)","0.916(95% CI:0.875-0.958; P=0.0001416046)","0.921(95% CI:0.695-1.221; P=0.568547146)","Raw","All_control_except_phenotype","Raw All_control_except_phenotype"
"non_HDL_C","Total Cholesterol Minus HDL-C","BC_premeno","0.892(95% CI:0.704-1.131; P=0.3456624175)","0.927(95% CI:0.886-0.971; P=0.0012447239)","0.996(95% CI:0.751-1.32; P=0.975113859)","Raw","All_control_except_phenotype","Raw All_control_except_phenotype"
"Omega_3","Omega-3 Fatty Acids","BC_premeno","0.874(95% CI:0.668-1.142; P=0.3237735251)","0.903(95% CI:0.859-0.949; P=0.0000616527)","0.949(95% CI:0.698-1.289; P=0.7365005047)","Raw","All_control_except_phenotype","Raw All_control_except_phenotype"
"Omega_6","Omega-6 Fatty Acids","BC_premeno","0.95(95% CI:0.759-1.19; P=0.6573157483)","0.926(95% CI:0.885-0.968; P=0.0006483116)","1.012(95% CI:0.771-1.328; P=0.9306327991)","Raw","All_control_except_phenotype","Raw All_control_except_phenotype"
"Phe","Phenylalanine","BC_premeno","0.889(95% CI:0.707-1.117; P=0.3108317923)","1.027(95% CI:0.983-1.072; P=0.2397312593)","0.848(95% CI:0.633-1.136; P=0.2679858207)","Raw","All_control_except_phenotype","Raw All_control_except_phenotype"
"Phosphatidylc","Phosphatidylcholines","BC_premeno","0.955(95% CI:0.763-1.197; P=0.6917172736)","0.96(95% CI:0.919-1.003; P=0.0659628462)","1.071(95% CI:0.814-1.408; P=0.6242007502)","Raw","All_control_except_phenotype","Raw All_control_except_phenotype"
"Phosphoglyc","Phosphoglycerides","BC_premeno","0.954(95% CI:0.761-1.197; P=0.6857590734)","0.947(95% CI:0.907-0.989; P=0.0145284977)","1.064(95% CI:0.808-1.401; P=0.6577408673)","Raw","All_control_except_phenotype","Raw All_control_except_phenotype"
"PUFA","Polyunsaturated Fatty Acids","BC_premeno","0.927(95% CI:0.736-1.169; P=0.5224699407)","0.914(95% CI:0.874-0.956; P=0.0000806488)","0.998(95% CI:0.758-1.315; P=0.9912443653)","Raw","All_control_except_phenotype","Raw All_control_except_phenotype"
"Pyruvate","Pyruvate","BC_premeno","1.006(95% CI:0.81-1.249; P=0.9559455945)","1.035(95% CI:0.995-1.076; P=0.0865187452)","1.05(95% CI:0.804-1.371; P=0.7207656183)","Raw","All_control_except_phenotype","Raw All_control_except_phenotype"
"Remnant_C","Remnant Cholesterol (Non-HDL and Non-LDL -Cholesterol)","BC_premeno","0.92(95% CI:0.724-1.168; P=0.4926705007)","0.927(95% CI:0.885-0.971; P=0.0013727873)","1.014(95% CI:0.764-1.347; P=0.9207072234)","Raw","All_control_except_phenotype","Raw All_control_except_phenotype"
"S_HDL_C","Cholesterol in Small HDL","BC_premeno","0.832(95% CI:0.664-1.042; P=0.1098740175)","0.932(95% CI:0.892-0.974; P=0.0016302769)","0.87(95% CI:0.657-1.152; P=0.3316988055)","Raw","All_control_except_phenotype","Raw All_control_except_phenotype"
"S_HDL_CE","Cholesteryl Esters in Small HDL","BC_premeno","0.819(95% CI:0.656-1.022; P=0.0777728016)","0.934(95% CI:0.893-0.976; P=0.0023308667)","0.853(95% CI:0.646-1.124; P=0.2587761805)","Raw","All_control_except_phenotype","Raw All_control_except_phenotype"
"S_HDL_FC","Free Cholesterol in Small HDL","BC_premeno","0.916(95% CI:0.728-1.152; P=0.4526779935)","0.935(95% CI:0.894-0.977; P=0.0029830992)","0.966(95% CI:0.728-1.282; P=0.812229807)","Raw","All_control_except_phenotype","Raw All_control_except_phenotype"
"S_HDL_PL","Phospholipids in Small HDL","BC_premeno","0.925(95% CI:0.742-1.153; P=0.4898618379)","0.937(95% CI:0.896-0.979; P=0.0034349666)","0.92(95% CI:0.695-1.218; P=0.5593981318)","Raw","All_control_except_phenotype","Raw All_control_except_phenotype"
"S_HDL_TG","Triglycerides in Small HDL","BC_premeno","0.982(95% CI:0.779-1.239; P=0.8798929963)","0.936(95% CI:0.892-0.982; P=0.0067500568)","0.851(95% CI:0.623-1.162; P=0.3100583995)","Raw","All_control_except_phenotype","Raw All_control_except_phenotype"
"S_LDL_C","Cholesterol in Small LDL","BC_premeno","0.868(95% CI:0.679-1.109; P=0.2574308375)","0.921(95% CI:0.878-0.965; P=0.0006332328)","0.929(95% CI:0.695-1.242; P=0.6204743667)","Raw","All_control_except_phenotype","Raw All_control_except_phenotype"
"S_LDL_CE","Cholesteryl Esters in Small LDL","BC_premeno","0.886(95% CI:0.694-1.133; P=0.3357817419)","0.915(95% CI:0.873-0.96; P=0.0002688539)","0.926(95% CI:0.692-1.239; P=0.6056200174)","Raw","All_control_except_phenotype","Raw All_control_except_phenotype"
"S_LDL_FC","Free Cholesterol in Small LDL","BC_premeno","0.824(95% CI:0.645-1.052; P=0.1204159834)","0.941(95% CI:0.898-0.987; P=0.0121844968)","0.934(95% CI:0.697-1.251; P=0.6449161906)","Raw","All_control_except_phenotype","Raw All_control_except_phenotype"
"S_LDL_PL","Phospholipids in Small LDL","BC_premeno","0.86(95% CI:0.67-1.103; P=0.2341314153)","0.939(95% CI:0.895-0.985; P=0.0093074381)","0.943(95% CI:0.704-1.263; P=0.6950527619)","Raw","All_control_except_phenotype","Raw All_control_except_phenotype"
"S_LDL_TG","Triglycerides in Small LDL","BC_premeno","1.013(95% CI:0.804-1.277; P=0.9131780834)","0.932(95% CI:0.887-0.98; P=0.0059396553)","0.91(95% CI:0.666-1.244; P=0.5533735478)","Raw","All_control_except_phenotype","Raw All_control_except_phenotype"
"S_VLDL_C","Cholesterol in Small VLDL","BC_premeno","0.91(95% CI:0.714-1.161; P=0.4483797133)","0.923(95% CI:0.88-0.968; P=0.0009640795)","0.917(95% CI:0.685-1.228; P=0.5608803568)","Raw","All_control_except_phenotype","Raw All_control_except_phenotype"
"S_VLDL_CE","Cholesteryl Esters in Small VLDL","BC_premeno","0.919(95% CI:0.72-1.172; P=0.4949703021)","0.924(95% CI:0.881-0.969; P=0.001196352)","0.906(95% CI:0.675-1.216; P=0.5107755844)","Raw","All_control_except_phenotype","Raw All_control_except_phenotype"
"S_VLDL_FC","Free Cholesterol in Small VLDL","BC_premeno","0.897(95% CI:0.7-1.148; P=0.3879871947)","0.921(95% CI:0.878-0.967; P=0.0008272344)","0.933(95% CI:0.695-1.251; P=0.642801728)","Raw","All_control_except_phenotype","Raw All_control_except_phenotype"
"S_VLDL_PL","Phospholipids in Small VLDL","BC_premeno","0.908(95% CI:0.711-1.158; P=0.43586729)","0.921(95% CI:0.878-0.966; P=0.0006736893)","0.911(95% CI:0.679-1.222; P=0.5327924627)","Raw","All_control_except_phenotype","Raw All_control_except_phenotype"
"S_VLDL_TG","Triglycerides in Small VLDL","BC_premeno","0.969(95% CI:0.768-1.224; P=0.793927417)","0.935(95% CI:0.891-0.98; P=0.0056566986)","0.871(95% CI:0.642-1.182; P=0.3745387791)","Raw","All_control_except_phenotype","Raw All_control_except_phenotype"
"SFA","Saturated Fatty Acids","BC_premeno","0.954(95% CI:0.758-1.202; P=0.6912006684)","0.921(95% CI:0.88-0.963; P=0.0003483492)","0.957(95% CI:0.722-1.27; P=0.7616750653)","Raw","All_control_except_phenotype","Raw All_control_except_phenotype"
"Sphingomyelins","Sphingomyelins","BC_premeno","0.902(95% CI:0.703-1.157; P=0.415806413)","0.938(95% CI:0.894-0.983; P=0.0074401479)","1.089(95% CI:0.812-1.459; P=0.5692309351)","Raw","All_control_except_phenotype","Raw All_control_except_phenotype"
"Total_C","Total Cholesterol","BC_premeno","0.904(95% CI:0.711-1.151; P=0.4137520406)","0.937(95% CI:0.894-0.981; P=0.0056033415)","1.068(95% CI:0.801-1.424; P=0.6541572998)","Raw","All_control_except_phenotype","Raw All_control_except_phenotype"
"Total_CE","Total Esterified Cholesterol","BC_premeno","0.902(95% CI:0.708-1.148; P=0.4007005664)","0.939(95% CI:0.897-0.984; P=0.0080455552)","1.074(95% CI:0.804-1.434; P=0.629141609)","Raw","All_control_except_phenotype","Raw All_control_except_phenotype"
"Total_FA","Total Fatty Acids","BC_premeno","0.94(95% CI:0.748-1.181; P=0.5969447154)","0.914(95% CI:0.874-0.955; P=0.000068812)","0.958(95% CI:0.727-1.263; P=0.7617040038)","Raw","All_control_except_phenotype","Raw All_control_except_phenotype"
"Total_FC","Total Free Cholesterol","BC_premeno","0.913(95% CI:0.715-1.165; P=0.4627997457)","0.927(95% CI:0.884-0.971; P=0.0015001728)","1.046(95% CI:0.785-1.393; P=0.7606760054)","Raw","All_control_except_phenotype","Raw All_control_except_phenotype"
"Total_L","Total Lipids in Lipoprotein Particles","BC_premeno","0.927(95% CI:0.733-1.173; P=0.5281661658)","0.926(95% CI:0.885-0.969; P=0.0008431271)","1.022(95% CI:0.772-1.352; P=0.8815473082)","Raw","All_control_except_phenotype","Raw All_control_except_phenotype"
"Total_PL","Total Phospholipids in Lipoprotein Particles","BC_premeno","0.962(95% CI:0.762-1.213; P=0.7409804528)","0.941(95% CI:0.899-0.984; P=0.007272544)","1.096(95% CI:0.828-1.45; P=0.5220442942)","Raw","All_control_except_phenotype","Raw All_control_except_phenotype"
"Total_TG","Total Triglycerides","BC_premeno","0.962(95% CI:0.767-1.206; P=0.7366422493)","0.928(95% CI:0.886-0.973; P=0.0019174644)","0.881(95% CI:0.658-1.181; P=0.3968974238)","Raw","All_control_except_phenotype","Raw All_control_except_phenotype"
"Tyr","Tyrosine","BC_premeno","0.865(95% CI:0.683-1.095; P=0.2274843208)","0.925(95% CI:0.883-0.969; P=0.0010126674)","0.957(95% CI:0.718-1.275; P=0.763845079)","Raw","All_control_except_phenotype","Raw All_control_except_phenotype"
"Unsaturation","Degree of Unsaturation","BC_premeno","0.926(95% CI:0.731-1.174; P=0.5268589683)","0.975(95% CI:0.931-1.021; P=0.2863857971)","1.077(95% CI:0.802-1.446; P=0.623215652)","Raw","All_control_except_phenotype","Raw All_control_except_phenotype"
"Val","Valine","BC_premeno","0.931(95% CI:0.743-1.165; P=0.5300022468)","0.955(95% CI:0.913-0.999; P=0.043861961)","1.051(95% CI:0.791-1.395; P=0.7331424021)","Raw","All_control_except_phenotype","Raw All_control_except_phenotype"
"VLDL_C","VLDL Cholesterol","BC_premeno","0.934(95% CI:0.739-1.18; P=0.5673514899)","0.921(95% CI:0.879-0.965; P=0.0005035419)","0.943(95% CI:0.711-1.251; P=0.6853945798)","Raw","All_control_except_phenotype","Raw All_control_except_phenotype"
"VLDL_CE","Cholesteryl Esters in VLDL","BC_premeno","0.935(95% CI:0.737-1.187; P=0.5820020152)","0.923(95% CI:0.881-0.968; P=0.000919171)","0.962(95% CI:0.723-1.28; P=0.7890413406)","Raw","All_control_except_phenotype","Raw All_control_except_phenotype"
"VLDL_FC","Free Cholesterol in VLDL","BC_premeno","0.938(95% CI:0.741-1.187; P=0.5943197606)","0.917(95% CI:0.875-0.962; P=0.0003610257)","0.913(95% CI:0.683-1.221; P=0.540682076)","Raw","All_control_except_phenotype","Raw All_control_except_phenotype"
"VLDL_L","Total Lipids in VLDL","BC_premeno","0.946(95% CI:0.755-1.185; P=0.6302291418)","0.922(95% CI:0.881-0.965; P=0.0004566292)","0.899(95% CI:0.678-1.19; P=0.4558181699)","Raw","All_control_except_phenotype","Raw All_control_except_phenotype"
"VLDL_PL","Phospholipids in VLDL","BC_premeno","0.946(95% CI:0.749-1.193; P=0.6373610856)","0.921(95% CI:0.879-0.965; P=0.0006022529)","0.907(95% CI:0.679-1.211; P=0.5091007737)","Raw","All_control_except_phenotype","Raw All_control_except_phenotype"
"VLDL_TG","Triglycerides in VLDL","BC_premeno","0.964(95% CI:0.769-1.209; P=0.7525278483)","0.928(95% CI:0.885-0.973; P=0.0018223533)","0.869(95% CI:0.646-1.169; P=0.3542881301)","Raw","All_control_except_phenotype","Raw All_control_except_phenotype"
"XL_HDL_C","Cholesterol in Very Large HDL","BC_premeno","1.129(95% CI:0.908-1.403; P=0.275653425)","1.041(95% CI:0.995-1.089; P=0.080332669)","1.326(95% CI:1.026-1.713; P=0.0308629181)","Raw","All_control_except_phenotype","Raw All_control_except_phenotype"
"XL_HDL_CE","Cholesteryl Esters in Very Large HDL","BC_premeno","1.123(95% CI:0.903-1.396; P=0.2962824866)","1.04(95% CI:0.994-1.088; P=0.0861367776)","1.318(95% CI:1.02-1.703; P=0.0346719222)","Raw","All_control_except_phenotype","Raw All_control_except_phenotype"
"XL_HDL_FC","Free Cholesterol in Very Large HDL","BC_premeno","1.141(95% CI:0.917-1.42; P=0.2371503192)","1.041(95% CI:0.995-1.089; P=0.0849020683)","1.33(95% CI:1.032-1.714; P=0.0274685758)","Raw","All_control_except_phenotype","Raw All_control_except_phenotype"
"XL_HDL_PL","Phospholipids in Very Large HDL","BC_premeno","1.172(95% CI:0.95-1.446; P=0.1384334872)","1.045(95% CI:0.999-1.092; P=0.0539069118)","1.352(95% CI:1.053-1.736; P=0.0181145937)","Raw","All_control_except_phenotype","Raw All_control_except_phenotype"
"XL_HDL_TG","Triglycerides in Very Large HDL","BC_premeno","1.088(95% CI:0.876-1.35; P=0.4458288478)","0.967(95% CI:0.923-1.014; P=0.1649439623)","1.06(95% CI:0.804-1.397; P=0.6792006973)","Raw","All_control_except_phenotype","Raw All_control_except_phenotype"
"XL_VLDL_C","Cholesterol in Very Large VLDL","BC_premeno","0.959(95% CI:0.76-1.21; P=0.7216039724)","0.921(95% CI:0.878-0.967; P=0.0008868196)","0.882(95% CI:0.653-1.191; P=0.4125737351)","Raw","All_control_except_phenotype","Raw All_control_except_phenotype"
"XL_VLDL_CE","Cholesteryl Esters in Very Large VLDL","BC_premeno","0.947(95% CI:0.749-1.196; P=0.6454084323)","0.92(95% CI:0.877-0.965; P=0.0006592826)","0.891(95% CI:0.663-1.198; P=0.4459877083)","Raw","All_control_except_phenotype","Raw All_control_except_phenotype"
"XL_VLDL_FC","Free Cholesterol in Very Large VLDL","BC_premeno","0.974(95% CI:0.773-1.229; P=0.8269556294)","0.925(95% CI:0.881-0.971; P=0.0018316629)","0.87(95% CI:0.637-1.188; P=0.3807454029)","Raw","All_control_except_phenotype","Raw All_control_except_phenotype"
"XL_VLDL_PL","Phospholipids in Very Large VLDL","BC_premeno","0.978(95% CI:0.776-1.232; P=0.8478986026)","0.926(95% CI:0.882-0.973; P=0.0022257177)","0.866(95% CI:0.633-1.186; P=0.3703974775)","Raw","All_control_except_phenotype","Raw All_control_except_phenotype"
"XL_VLDL_TG","Triglycerides in Very Large VLDL","BC_premeno","0.976(95% CI:0.775-1.229; P=0.8358975567)","0.931(95% CI:0.886-0.978; P=0.0041816664)","0.849(95% CI:0.616-1.169; P=0.3156225429)","Raw","All_control_except_phenotype","Raw All_control_except_phenotype"
"XS_VLDL_C","Cholesterol in Very Small VLDL","BC_premeno","0.973(95% CI:0.76-1.246; P=0.8279948001)","0.946(95% CI:0.901-0.992; P=0.0227858142)","1.084(95% CI:0.812-1.446; P=0.5835362905)","Raw","All_control_except_phenotype","Raw All_control_except_phenotype"
"XS_VLDL_CE","Cholesteryl Esters in Very Small VLDL","BC_premeno","0.973(95% CI:0.758-1.247; P=0.8262553783)","0.949(95% CI:0.904-0.996; P=0.0325378669)","1.106(95% CI:0.828-1.477; P=0.495101001)","Raw","All_control_except_phenotype","Raw All_control_except_phenotype"
"XS_VLDL_FC","Free Cholesterol in Very Small VLDL","BC_premeno","0.979(95% CI:0.764-1.254; P=0.8667902637)","0.94(95% CI:0.895-0.986; P=0.0116080917)","1.032(95% CI:0.772-1.381; P=0.8298744422)","Raw","All_control_except_phenotype","Raw All_control_except_phenotype"
"XS_VLDL_PL","Phospholipids in Very Small VLDL","BC_premeno","0.995(95% CI:0.781-1.269; P=0.9709625276)","0.945(95% CI:0.901-0.991; P=0.0196777292)","1.021(95% CI:0.765-1.364; P=0.8862986967)","Raw","All_control_except_phenotype","Raw All_control_except_phenotype"
"XS_VLDL_TG","Triglycerides in Very Small VLDL","BC_premeno","1.022(95% CI:0.809-1.29; P=0.8562040254)","0.948(95% CI:0.904-0.994; P=0.0278912183)","0.95(95% CI:0.704-1.283; P=0.7381060059)","Raw","All_control_except_phenotype","Raw All_control_except_phenotype"
"XXL_VLDL_C","Cholesterol in Chylomicrons and Extremely Large VLDL","BC_premeno","1.033(95% CI:0.828-1.289; P=0.7731068503)","0.931(95% CI:0.886-0.978; P=0.0046654296)","0.883(95% CI:0.644-1.211; P=0.4407294677)","Raw","All_control_except_phenotype","Raw All_control_except_phenotype"
"XXL_VLDL_CE","Cholesteryl Esters in Chylomicrons and Extremely Large VLDL","BC_premeno","1.033(95% CI:0.828-1.289; P=0.7733137345)","0.932(95% CI:0.887-0.979; P=0.0054346153)","0.895(95% CI:0.656-1.221; P=0.4830295143)","Raw","All_control_except_phenotype","Raw All_control_except_phenotype"
"XXL_VLDL_FC","Free Cholesterol in Chylomicrons and Extremely Large VLDL","BC_premeno","1.035(95% CI:0.83-1.29; P=0.7605062915)","0.931(95% CI:0.885-0.979; P=0.0050395771)","0.859(95% CI:0.616-1.198; P=0.3709149942)","Raw","All_control_except_phenotype","Raw All_control_except_phenotype"
"XXL_VLDL_PL","Phospholipids in Chylomicrons and Extremely Large VLDL","BC_premeno","1.048(95% CI:0.844-1.302; P=0.6716891184)","0.933(95% CI:0.887-0.981; P=0.006840783)","0.863(95% CI:0.615-1.21; P=0.3921810564)","Raw","All_control_except_phenotype","Raw All_control_except_phenotype"
"XXL_VLDL_TG","Triglycerides in Chylomicrons and Extremely Large VLDL","BC_premeno","1.05(95% CI:0.846-1.303; P=0.6571743813)","0.937(95% CI:0.891-0.985; P=0.0111851005)","0.91(95% CI:0.662-1.25; P=0.5597584703)","Raw","All_control_except_phenotype","Raw All_control_except_phenotype"
"Acetate","Acetate","CC","0.899(95% CI:0.749-1.08; P=0.2557061844)","1.02(95% CI:0.991-1.05; P=0.1749472669)","0.808(95% CI:0.613-1.063; P=0.1278694179)","Raw","All_control_except_phenotype","Raw All_control_except_phenotype"
"Acetoacetate","Acetoacetate","CC","0.882(95% CI:0.763-1.02; P=0.0910121714)","1.077(95% CI:1.051-1.105; P=0.0000000052)","0.879(95% CI:0.732-1.054; P=0.1640721588)","Raw","All_control_except_phenotype","Raw All_control_except_phenotype"
"Acetone","Acetone","CC","0.898(95% CI:0.774-1.043; P=0.1580380247)","1.046(95% CI:1.018-1.075; P=0.0013497555)","0.901(95% CI:0.752-1.078; P=0.2528507147)","Raw","All_control_except_phenotype","Raw All_control_except_phenotype"
"Ala","Alanine","CC","0.902(95% CI:0.796-1.023; P=0.1089498497)","1.004(95% CI:0.97-1.038; P=0.8375093246)","0.93(95% CI:0.797-1.085; P=0.355735243)","Raw","All_control_except_phenotype","Raw All_control_except_phenotype"
"Albumin","Albumin","CC","1.002(95% CI:0.877-1.145; P=0.9723679559)","0.877(95% CI:0.848-0.907; P=0)","0.941(95% CI:0.806-1.098; P=0.4407478335)","Raw","All_control_except_phenotype","Raw All_control_except_phenotype"
"ApoA1","Apolipoprotein A1","CC","1.019(95% CI:0.893-1.164; P=0.776242451)","0.969(95% CI:0.934-1.005; P=0.0944627559)","1.01(95% CI:0.86-1.186; P=0.9057839965)","Raw","All_control_except_phenotype","Raw All_control_except_phenotype"
"ApoB","Apolipoprotein B","CC","1.03(95% CI:0.908-1.169; P=0.6415260065)","0.977(95% CI:0.944-1.01; P=0.1660258736)","0.961(95% CI:0.826-1.119; P=0.6121536079)","Raw","All_control_except_phenotype","Raw All_control_except_phenotype"
"bOHbutyrate","3-Hydroxybutyrate","CC","0.973(95% CI:0.851-1.112; P=0.6912684424)","1.084(95% CI:1.054-1.115; P=0.0000000262)","0.993(95% CI:0.848-1.164; P=0.9346401672)","Raw","All_control_except_phenotype","Raw All_control_except_phenotype"
"Cholines","Total Cholines","CC","1.027(95% CI:0.898-1.175; P=0.6966941339)","0.972(95% CI:0.938-1.008; P=0.1220068223)","0.987(95% CI:0.843-1.156; P=0.8720345696)","Raw","All_control_except_phenotype","Raw All_control_except_phenotype"
"Citrate","Citrate","CC","0.951(95% CI:0.828-1.093; P=0.4825591774)","1.029(95% CI:0.995-1.065; P=0.0992759669)","0.938(95% CI:0.778-1.131; P=0.5010811319)","Raw","All_control_except_phenotype","Raw All_control_except_phenotype"
"Clinical_LDL_C","Clinical LDL Cholesterol","CC","1.029(95% CI:0.908-1.165; P=0.6571561717)","0.95(95% CI:0.919-0.982; P=0.0024445313)","0.935(95% CI:0.807-1.084; P=0.3755863923)","Raw","All_control_except_phenotype","Raw All_control_except_phenotype"
"Creatinine","Creatinine","CC","0.973(95% CI:0.849-1.114; P=0.6892245963)","1.057(95% CI:1.027-1.088; P=0.0001627188)","0.982(95% CI:0.826-1.166; P=0.8324606758)","Raw","All_control_except_phenotype","Raw All_control_except_phenotype"
"DHA","Docosahexaenoic Acid","CC","0.863(95% CI:0.759-0.98; P=0.0231721459)","0.924(95% CI:0.892-0.958; P=0.000013117)","0.832(95% CI:0.707-0.978; P=0.0260704683)","Raw","All_control_except_phenotype","Raw All_control_except_phenotype"
"Gln","Glutamine","CC","0.907(95% CI:0.798-1.032; P=0.1388636057)","0.927(95% CI:0.896-0.959; P=0.000011393)","0.936(95% CI:0.802-1.092; P=0.3993598595)","Raw","All_control_except_phenotype","Raw All_control_except_phenotype"
"Glucose","Glucose","CC","0.962(95% CI:0.854-1.084; P=0.5248736813)","1.082(95% CI:1.049-1.117; P=0.0000009483)","0.972(95% CI:0.836-1.129; P=0.7089552812)","Raw","All_control_except_phenotype","Raw All_control_except_phenotype"
"Gly","Glycine","CC","1.03(95% CI:0.905-1.174; P=0.6512929052)","0.967(95% CI:0.932-1.005; P=0.0842754175)","0.947(95% CI:0.801-1.12; P=0.5220872066)","Raw","All_control_except_phenotype","Raw All_control_except_phenotype"
"GlycA","Glycoprotein Acetyls","CC","1.127(95% CI:0.994-1.278; P=0.062087656)","1.153(95% CI:1.114-1.192; P=0)","1.157(95% CI:0.992-1.349; P=0.0635390676)","Raw","All_control_except_phenotype","Raw All_control_except_phenotype"
"HDL_C","HDL Cholesterol","CC","0.99(95% CI:0.87-1.127; P=0.8833816364)","0.948(95% CI:0.912-0.984; P=0.0053311669)","0.984(95% CI:0.838-1.157; P=0.8467510923)","Raw","All_control_except_phenotype","Raw All_control_except_phenotype"
"HDL_CE","Cholesteryl Esters in HDL","CC","0.991(95% CI:0.871-1.127; P=0.8886192217)","0.945(95% CI:0.91-0.981; P=0.0029752055)","0.985(95% CI:0.838-1.156; P=0.8504377327)","Raw","All_control_except_phenotype","Raw All_control_except_phenotype"
"HDL_FC","Free Cholesterol in HDL","CC","0.996(95% CI:0.873-1.137; P=0.9538707692)","0.966(95% CI:0.93-1.004; P=0.0775699132)","1(95% CI:0.851-1.175; P=0.9994145599)","Raw","All_control_except_phenotype","Raw All_control_except_phenotype"
"HDL_L","Total Lipids in HDL","CC","1.001(95% CI:0.876-1.145; P=0.9846352955)","0.967(95% CI:0.931-1.004; P=0.0815460745)","0.999(95% CI:0.849-1.175; P=0.9906193792)","Raw","All_control_except_phenotype","Raw All_control_except_phenotype"
"HDL_PL","Phospholipids in HDL","CC","1.011(95% CI:0.884-1.156; P=0.8725984593)","0.979(95% CI:0.943-1.016; P=0.2655710445)","1.011(95% CI:0.86-1.188; P=0.8975101679)","Raw","All_control_except_phenotype","Raw All_control_except_phenotype"
"HDL_TG","Triglycerides in HDL","CC","1.017(95% CI:0.895-1.154; P=0.7994420502)","1.048(95% CI:1.014-1.084; P=0.0055186153)","1.031(95% CI:0.886-1.2; P=0.6944425104)","Raw","All_control_except_phenotype","Raw All_control_except_phenotype"
"His","Histidine","CC","0.964(95% CI:0.848-1.096; P=0.5758626071)","0.919(95% CI:0.886-0.953; P=0.000005397)","0.964(95% CI:0.827-1.124; P=0.6391617456)","Raw","All_control_except_phenotype","Raw All_control_except_phenotype"
"IDL_C","Cholesterol in IDL","CC","1.003(95% CI:0.887-1.135; P=0.9567339121)","0.939(95% CI:0.908-0.972; P=0.0003027359)","0.926(95% CI:0.797-1.075; P=0.3102781063)","Raw","All_control_except_phenotype","Raw All_control_except_phenotype"
"IDL_CE","Cholesteryl Esters in IDL","CC","1.005(95% CI:0.888-1.138; P=0.9325934715)","0.939(95% CI:0.907-0.971; P=0.0002905459)","0.928(95% CI:0.799-1.078; P=0.3266963259)","Raw","All_control_except_phenotype","Raw All_control_except_phenotype"
"IDL_FC","Free Cholesterol in IDL","CC","0.991(95% CI:0.878-1.119; P=0.8844918329)","0.946(95% CI:0.914-0.979; P=0.0014039464)","0.911(95% CI:0.784-1.059; P=0.2241080199)","Raw","All_control_except_phenotype","Raw All_control_except_phenotype"
"IDL_PL","Phospholipids in IDL","CC","0.984(95% CI:0.869-1.114; P=0.7951904666)","0.956(95% CI:0.923-0.989; P=0.009578956)","0.895(95% CI:0.769-1.042; P=0.1526286253)","Raw","All_control_except_phenotype","Raw All_control_except_phenotype"
"IDL_TG","Triglycerides in IDL","CC","1(95% CI:0.877-1.14; P=0.9978666886)","1.054(95% CI:1.02-1.09; P=0.0018053109)","1(95% CI:0.856-1.168; P=0.9997024436)","Raw","All_control_except_phenotype","Raw All_control_except_phenotype"
"Ile","Isoleucine","CC","0.917(95% CI:0.808-1.041; P=0.1825147364)","1.021(95% CI:0.987-1.056; P=0.2272858634)","0.933(95% CI:0.797-1.092; P=0.3885199217)","Raw","All_control_except_phenotype","Raw All_control_except_phenotype"
"L_HDL_C","Cholesterol in Large HDL","CC","0.954(95% CI:0.837-1.087; P=0.4777747944)","0.952(95% CI:0.916-0.989; P=0.0111066862)","0.982(95% CI:0.835-1.155; P=0.824269577)","Raw","All_control_except_phenotype","Raw All_control_except_phenotype"
"L_HDL_CE","Cholesteryl Esters in Large HDL","CC","0.954(95% CI:0.838-1.087; P=0.480083526)","0.95(95% CI:0.914-0.987; P=0.0083002056)","0.984(95% CI:0.837-1.157; P=0.8480927171)","Raw","All_control_except_phenotype","Raw All_control_except_phenotype"
"L_HDL_FC","Free Cholesterol in Large HDL","CC","0.965(95% CI:0.847-1.1; P=0.5956215212)","0.964(95% CI:0.928-1.002; P=0.0631565358)","0.996(95% CI:0.849-1.17; P=0.9645485041)","Raw","All_control_except_phenotype","Raw All_control_except_phenotype"
"L_HDL_PL","Phospholipids in Large HDL","CC","0.967(95% CI:0.846-1.105; P=0.6197259954)","0.966(95% CI:0.929-1.003; P=0.074484812)","0.996(95% CI:0.847-1.172; P=0.965794211)","Raw","All_control_except_phenotype","Raw All_control_except_phenotype"
"L_HDL_TG","Triglycerides in Large HDL","CC","0.98(95% CI:0.857-1.121; P=0.7721088475)","1.018(95% CI:0.984-1.054; P=0.3031736258)","1.013(95% CI:0.868-1.181; P=0.8710003764)","Raw","All_control_except_phenotype","Raw All_control_except_phenotype"
"L_LDL_C","Cholesterol in Large LDL","CC","1.018(95% CI:0.899-1.152; P=0.779827311)","0.951(95% CI:0.92-0.983; P=0.0033295574)","0.919(95% CI:0.792-1.067; P=0.2695840772)","Raw","All_control_except_phenotype","Raw All_control_except_phenotype"
"L_LDL_CE","Cholesteryl Esters in Large LDL","CC","1.021(95% CI:0.902-1.156; P=0.7432101626)","0.957(95% CI:0.926-0.99; P=0.0110218)","0.922(95% CI:0.794-1.071; P=0.2898009774)","Raw","All_control_except_phenotype","Raw All_control_except_phenotype"
"L_LDL_FC","Free Cholesterol in Large LDL","CC","1.003(95% CI:0.889-1.132; P=0.9571799744)","0.939(95% CI:0.908-0.972; P=0.0002885667)","0.907(95% CI:0.781-1.053; P=0.1997548788)","Raw","All_control_except_phenotype","Raw All_control_except_phenotype"
"L_LDL_PL","Phospholipids in Large LDL","CC","1.016(95% CI:0.899-1.15; P=0.7959774271)","0.953(95% CI:0.922-0.986; P=0.0054218557)","0.922(95% CI:0.793-1.073; P=0.2933383493)","Raw","All_control_except_phenotype","Raw All_control_except_phenotype"
"L_LDL_TG","Triglycerides in Large LDL","CC","1.013(95% CI:0.889-1.154; P=0.8442713053)","1.059(95% CI:1.025-1.095; P=0.0005894808)","1.011(95% CI:0.865-1.181; P=0.8895796201)","Raw","All_control_except_phenotype","Raw All_control_except_phenotype"
"L_VLDL_C","Cholesterol in Large VLDL","CC","1.073(95% CI:0.947-1.216; P=0.2667068416)","1.037(95% CI:1.002-1.073; P=0.0393679392)","1.067(95% CI:0.915-1.244; P=0.4056475215)","Raw","All_control_except_phenotype","Raw All_control_except_phenotype"
"L_VLDL_CE","Cholesteryl Esters in Large VLDL","CC","1.066(95% CI:0.941-1.207; P=0.3184913229)","1.019(95% CI:0.984-1.054; P=0.2918008974)","1.052(95% CI:0.902-1.226; P=0.5203047131)","Raw","All_control_except_phenotype","Raw All_control_except_phenotype"
"L_VLDL_FC","Free Cholesterol in Large VLDL","CC","1.079(95% CI:0.954-1.22; P=0.2239727527)","1.053(95% CI:1.018-1.089; P=0.0029635243)","1.084(95% CI:0.931-1.261; P=0.2990803818)","Raw","All_control_except_phenotype","Raw All_control_except_phenotype"
"L_VLDL_PL","Phospholipids in Large VLDL","CC","1.083(95% CI:0.959-1.223; P=0.2002603752)","1.059(95% CI:1.023-1.095; P=0.0010162379)","1.095(95% CI:0.942-1.274; P=0.2359289759)","Raw","All_control_except_phenotype","Raw All_control_except_phenotype"
"L_VLDL_TG","Triglycerides in Large VLDL","CC","1.105(95% CI:0.981-1.246; P=0.1005632576)","1.065(95% CI:1.029-1.101; P=0.0002688416)","1.134(95% CI:0.978-1.314; P=0.0948070359)","Raw","All_control_except_phenotype","Raw All_control_except_phenotype"
"LA","Linoleic Acid","CC","1.086(95% CI:0.956-1.234; P=0.2043463442)","0.962(95% CI:0.93-0.995; P=0.0255241042)","1.053(95% CI:0.903-1.228; P=0.508786869)","Raw","All_control_except_phenotype","Raw All_control_except_phenotype"
"Lactate","Lactate","CC","0.944(95% CI:0.833-1.071; P=0.3714790921)","1.013(95% CI:0.978-1.049; P=0.4829117258)","1.001(95% CI:0.858-1.168; P=0.9894814228)","Raw","All_control_except_phenotype","Raw All_control_except_phenotype"
"LDL_C","LDL Cholesterol","CC","1.033(95% CI:0.911-1.171; P=0.6137777273)","0.959(95% CI:0.928-0.992; P=0.0141649723)","0.938(95% CI:0.808-1.09; P=0.4027554392)","Raw","All_control_except_phenotype","Raw All_control_except_phenotype"
"LDL_CE","Cholesteryl Esters in LDL","CC","1.037(95% CI:0.915-1.177; P=0.5689143996)","0.967(95% CI:0.935-1; P=0.0490969357)","0.944(95% CI:0.812-1.098; P=0.4572277911)","Raw","All_control_except_phenotype","Raw All_control_except_phenotype"
"LDL_FC","Free Cholesterol in LDL","CC","1.012(95% CI:0.897-1.143; P=0.8418130544)","0.943(95% CI:0.912-0.975; P=0.0006204886)","0.916(95% CI:0.79-1.063; P=0.2487097802)","Raw","All_control_except_phenotype","Raw All_control_except_phenotype"
"LDL_L","Total Lipids in LDL","CC","1.036(95% CI:0.913-1.176; P=0.5793464961)","0.965(95% CI:0.934-0.998; P=0.0383590428)","0.946(95% CI:0.814-1.1; P=0.4690154268)","Raw","All_control_except_phenotype","Raw All_control_except_phenotype"
"LDL_PL","Phospholipids in LDL","CC","1.032(95% CI:0.911-1.169; P=0.6209986107)","0.964(95% CI:0.933-0.997; P=0.0347145677)","0.943(95% CI:0.811-1.097; P=0.4460316094)","Raw","All_control_except_phenotype","Raw All_control_except_phenotype"
"LDL_TG","Triglycerides in LDL","CC","1.025(95% CI:0.901-1.166; P=0.7104331332)","1.065(95% CI:1.031-1.1; P=0.0001652571)","1.029(95% CI:0.882-1.2; P=0.7186616875)","Raw","All_control_except_phenotype","Raw All_control_except_phenotype"
"Leu","Leucine","CC","0.918(95% CI:0.809-1.042; P=0.1858074627)","0.976(95% CI:0.942-1.011; P=0.1788085982)","0.941(95% CI:0.805-1.1; P=0.4435972615)","Raw","All_control_except_phenotype","Raw All_control_except_phenotype"
"M_HDL_C","Cholesterol in Medium HDL","CC","1.021(95% CI:0.897-1.162; P=0.754073937)","0.961(95% CI:0.926-0.997; P=0.0336996366)","1.01(95% CI:0.861-1.185; P=0.9014979972)","Raw","All_control_except_phenotype","Raw All_control_except_phenotype"
"M_HDL_CE","Cholesteryl Esters in Medium HDL","CC","1.022(95% CI:0.899-1.162; P=0.7395227272)","0.959(95% CI:0.925-0.995; P=0.0271222546)","1.011(95% CI:0.863-1.186; P=0.8885097934)","Raw","All_control_except_phenotype","Raw All_control_except_phenotype"
"M_HDL_FC","Free Cholesterol in Medium HDL","CC","1.024(95% CI:0.898-1.168; P=0.7243555281)","0.971(95% CI:0.936-1.008; P=0.1265420632)","1.018(95% CI:0.868-1.195; P=0.8230045067)","Raw","All_control_except_phenotype","Raw All_control_except_phenotype"
"M_HDL_PL","Phospholipids in Medium HDL","CC","1.035(95% CI:0.907-1.181; P=0.6078753179)","0.991(95% CI:0.956-1.028; P=0.6267743918)","1.023(95% CI:0.873-1.198; P=0.7803908309)","Raw","All_control_except_phenotype","Raw All_control_except_phenotype"
"M_HDL_TG","Triglycerides in Medium HDL","CC","1.022(95% CI:0.902-1.159; P=0.7294100118)","1.044(95% CI:1.01-1.079; P=0.0117759206)","1.03(95% CI:0.885-1.198; P=0.7023268994)","Raw","All_control_except_phenotype","Raw All_control_except_phenotype"
"M_LDL_C","Cholesterol in Medium LDL","CC","1.051(95% CI:0.927-1.192; P=0.4372662676)","0.977(95% CI:0.944-1.01; P=0.1665986384)","0.966(95% CI:0.829-1.125; P=0.6537683749)","Raw","All_control_except_phenotype","Raw All_control_except_phenotype"
"M_LDL_CE","Cholesteryl Esters in Medium LDL","CC","1.057(95% CI:0.932-1.2; P=0.3853179053)","0.987(95% CI:0.954-1.021; P=0.4460376548)","0.98(95% CI:0.84-1.143; P=0.7952183207)","Raw","All_control_except_phenotype","Raw All_control_except_phenotype"
"M_LDL_FC","Free Cholesterol in Medium LDL","CC","1.023(95% CI:0.906-1.155; P=0.7154596676)","0.952(95% CI:0.921-0.985; P=0.0043853002)","0.925(95% CI:0.795-1.075; P=0.3089015087)","Raw","All_control_except_phenotype","Raw All_control_except_phenotype"
"M_LDL_PL","Phospholipids in Medium LDL","CC","1.047(95% CI:0.924-1.186; P=0.4735144189)","0.978(95% CI:0.945-1.011; P=0.1895514391)","0.962(95% CI:0.825-1.121; P=0.6178066251)","Raw","All_control_except_phenotype","Raw All_control_except_phenotype"
"M_LDL_TG","Triglycerides in Medium LDL","CC","1.04(95% CI:0.917-1.18; P=0.5446233164)","1.069(95% CI:1.035-1.104; P=0.0000521765)","1.053(95% CI:0.905-1.226; P=0.5007578859)","Raw","All_control_except_phenotype","Raw All_control_except_phenotype"
"M_VLDL_C","Cholesterol in Medium VLDL","CC","1.019(95% CI:0.901-1.153; P=0.7618295339)","0.962(95% CI:0.93-0.995; P=0.0229387309)","0.949(95% CI:0.816-1.104; P=0.4955711056)","Raw","All_control_except_phenotype","Raw All_control_except_phenotype"
"M_VLDL_CE","Cholesteryl Esters in Medium VLDL","CC","1.001(95% CI:0.887-1.129; P=0.9912358657)","0.946(95% CI:0.914-0.978; P=0.0011327013)","0.92(95% CI:0.792-1.07; P=0.2780541316)","Raw","All_control_except_phenotype","Raw All_control_except_phenotype"
"M_VLDL_FC","Free Cholesterol in Medium VLDL","CC","1.038(95% CI:0.916-1.176; P=0.5573046804)","0.987(95% CI:0.955-1.021; P=0.4613708535)","0.985(95% CI:0.845-1.148; P=0.8454337006)","Raw","All_control_except_phenotype","Raw All_control_except_phenotype"
"M_VLDL_PL","Phospholipids in Medium VLDL","CC","1.051(95% CI:0.927-1.192; P=0.4363233005)","0.998(95% CI:0.965-1.032; P=0.9113353655)","1.008(95% CI:0.865-1.175; P=0.9148830975)","Raw","All_control_except_phenotype","Raw All_control_except_phenotype"
"M_VLDL_TG","Triglycerides in Medium VLDL","CC","1.103(95% CI:0.976-1.247; P=0.1166554341)","1.046(95% CI:1.011-1.083; P=0.0089836758)","1.12(95% CI:0.963-1.302; P=0.1420799525)","Raw","All_control_except_phenotype","Raw All_control_except_phenotype"
"MUFA","Monounsaturated Fatty Acids","CC","1.079(95% CI:0.949-1.228; P=0.2454533343)","1.075(95% CI:1.04-1.112; P=0.0000224441)","1.076(95% CI:0.922-1.255; P=0.3553662152)","Raw","All_control_except_phenotype","Raw All_control_except_phenotype"
"non_HDL_C","Total Cholesterol Minus HDL-C","CC","1.035(95% CI:0.911-1.175; P=0.6005004834)","0.963(95% CI:0.932-0.996; P=0.0282843293)","0.953(95% CI:0.82-1.108; P=0.5322562585)","Raw","All_control_except_phenotype","Raw All_control_except_phenotype"
"Omega_3","Omega-3 Fatty Acids","CC","0.877(95% CI:0.768-1.001; P=0.0511769597)","0.962(95% CI:0.929-0.996; P=0.0271148801)","0.855(95% CI:0.728-1.005; P=0.0568012441)","Raw","All_control_except_phenotype","Raw All_control_except_phenotype"
"Omega_6","Omega-6 Fatty Acids","CC","1.084(95% CI:0.95-1.237; P=0.2291386727)","0.972(95% CI:0.939-1.006; P=0.0997922886)","1.041(95% CI:0.89-1.216; P=0.6178266097)","Raw","All_control_except_phenotype","Raw All_control_except_phenotype"
"Phe","Phenylalanine","CC","1.009(95% CI:0.895-1.139; P=0.8792227051)","1.013(95% CI:0.981-1.047; P=0.4217501333)","1.062(95% CI:0.914-1.233; P=0.4311558005)","Raw","All_control_except_phenotype","Raw All_control_except_phenotype"
"Phosphatidylc","Phosphatidylcholines","CC","1.028(95% CI:0.896-1.18; P=0.6938443437)","0.969(95% CI:0.935-1.004; P=0.0855791523)","0.995(95% CI:0.849-1.167; P=0.9531312365)","Raw","All_control_except_phenotype","Raw All_control_except_phenotype"
"Phosphoglyc","Phosphoglycerides","CC","1.029(95% CI:0.898-1.18; P=0.6789651842)","0.985(95% CI:0.95-1.021; P=0.3979885235)","0.996(95% CI:0.85-1.167; P=0.9571058514)","Raw","All_control_except_phenotype","Raw All_control_except_phenotype"
"PUFA","Polyunsaturated Fatty Acids","CC","1.028(95% CI:0.897-1.178; P=0.6935580685)","0.965(95% CI:0.932-0.999; P=0.041861019)","0.989(95% CI:0.844-1.16; P=0.8945468029)","Raw","All_control_except_phenotype","Raw All_control_except_phenotype"
"Pyruvate","Pyruvate","CC","0.905(95% CI:0.796-1.03; P=0.1299147066)","1.034(95% CI:1.002-1.068; P=0.037129295)","0.907(95% CI:0.772-1.065; P=0.2328912536)","Raw","All_control_except_phenotype","Raw All_control_except_phenotype"
"Remnant_C","Remnant Cholesterol (Non-HDL and Non-LDL -Cholesterol)","CC","1.03(95% CI:0.906-1.171; P=0.6509513771)","0.971(95% CI:0.939-1.004; P=0.0817674614)","0.966(95% CI:0.83-1.124; P=0.6521658409)","Raw","All_control_except_phenotype","Raw All_control_except_phenotype"
"S_HDL_C","Cholesterol in Small HDL","CC","1.087(95% CI:0.959-1.233; P=0.1920813747)","0.971(95% CI:0.938-1.004; P=0.087142365)","0.986(95% CI:0.845-1.15; P=0.8601483361)","Raw","All_control_except_phenotype","Raw All_control_except_phenotype"
"S_HDL_CE","Cholesteryl Esters in Small HDL","CC","1.086(95% CI:0.958-1.231; P=0.194934901)","0.966(95% CI:0.934-0.999; P=0.0443155592)","0.978(95% CI:0.84-1.14; P=0.7797674225)","Raw","All_control_except_phenotype","Raw All_control_except_phenotype"
"S_HDL_FC","Free Cholesterol in Small HDL","CC","1.071(95% CI:0.939-1.222; P=0.3089544946)","0.992(95% CI:0.958-1.027; P=0.6326652467)","1.01(95% CI:0.864-1.182; P=0.8977906954)","Raw","All_control_except_phenotype","Raw All_control_except_phenotype"
"S_HDL_PL","Phospholipids in Small HDL","CC","1.085(95% CI:0.955-1.233; P=0.209074713)","1.007(95% CI:0.973-1.042; P=0.6832985637)","1.029(95% CI:0.883-1.201; P=0.7124031349)","Raw","All_control_except_phenotype","Raw All_control_except_phenotype"
"S_HDL_TG","Triglycerides in Small HDL","CC","1.043(95% CI:0.923-1.179; P=0.4994875474)","1.065(95% CI:1.03-1.101; P=0.0002580805)","1.051(95% CI:0.903-1.223; P=0.5204810915)","Raw","All_control_except_phenotype","Raw All_control_except_phenotype"
"S_LDL_C","Cholesterol in Small LDL","CC","1.045(95% CI:0.924-1.183; P=0.4825535311)","0.979(95% CI:0.947-1.012; P=0.2158662714)","0.968(95% CI:0.832-1.127; P=0.6766151179)","Raw","All_control_except_phenotype","Raw All_control_except_phenotype"
"S_LDL_CE","Cholesteryl Esters in Small LDL","CC","1.051(95% CI:0.928-1.19; P=0.4339336905)","0.989(95% CI:0.956-1.023; P=0.5275063142)","0.981(95% CI:0.842-1.144; P=0.8096050987)","Raw","All_control_except_phenotype","Raw All_control_except_phenotype"
"S_LDL_FC","Free Cholesterol in Small LDL","CC","1.023(95% CI:0.907-1.154; P=0.7055180874)","0.956(95% CI:0.925-0.989; P=0.0087840454)","0.935(95% CI:0.805-1.086; P=0.3780608943)","Raw","All_control_except_phenotype","Raw All_control_except_phenotype"
"S_LDL_PL","Phospholipids in Small LDL","CC","1.039(95% CI:0.919-1.175; P=0.5439731676)","0.995(95% CI:0.962-1.028; P=0.7476416966)","0.972(95% CI:0.835-1.131; P=0.7102373908)","Raw","All_control_except_phenotype","Raw All_control_except_phenotype"
"S_LDL_TG","Triglycerides in Small LDL","CC","1.062(95% CI:0.94-1.199; P=0.3339505267)","1.075(95% CI:1.041-1.11; P=0.0000098725)","1.084(95% CI:0.935-1.256; P=0.2830667393)","Raw","All_control_except_phenotype","Raw All_control_except_phenotype"
"S_VLDL_C","Cholesterol in Small VLDL","CC","1.011(95% CI:0.891-1.147; P=0.8622300297)","0.989(95% CI:0.956-1.023; P=0.5213615743)","0.957(95% CI:0.82-1.116; P=0.5751276175)","Raw","All_control_except_phenotype","Raw All_control_except_phenotype"
"S_VLDL_CE","Cholesteryl Esters in Small VLDL","CC","1.004(95% CI:0.885-1.14; P=0.9445341296)","0.995(95% CI:0.962-1.029; P=0.7622994223)","0.955(95% CI:0.819-1.115; P=0.5621168477)","Raw","All_control_except_phenotype","Raw All_control_except_phenotype"
"S_VLDL_FC","Free Cholesterol in Small VLDL","CC","1.02(95% CI:0.901-1.156; P=0.7504991718)","0.981(95% CI:0.948-1.014; P=0.2566454068)","0.959(95% CI:0.823-1.118; P=0.5948737259)","Raw","All_control_except_phenotype","Raw All_control_except_phenotype"
"S_VLDL_PL","Phospholipids in Small VLDL","CC","1.033(95% CI:0.911-1.172; P=0.6118163049)","0.999(95% CI:0.965-1.033; P=0.9322468916)","0.99(95% CI:0.848-1.155; P=0.8960123461)","Raw","All_control_except_phenotype","Raw All_control_except_phenotype"
"S_VLDL_TG","Triglycerides in Small VLDL","CC","1.06(95% CI:0.937-1.2; P=0.3513581993)","1.055(95% CI:1.02-1.091; P=0.0018271672)","1.092(95% CI:0.94-1.27; P=0.2497629776)","Raw","All_control_except_phenotype","Raw All_control_except_phenotype"
"SFA","Saturated Fatty Acids","CC","1.064(95% CI:0.934-1.213; P=0.3523458028)","1.064(95% CI:1.028-1.1; P=0.0003217947)","1.055(95% CI:0.904-1.232; P=0.4974192933)","Raw","All_control_except_phenotype","Raw All_control_except_phenotype"
"Sphingomyelins","Sphingomyelins","CC","0.997(95% CI:0.878-1.133; P=0.965458341)","0.972(95% CI:0.938-1.007; P=0.1181105021)","0.93(95% CI:0.796-1.087; P=0.3613655209)","Raw","All_control_except_phenotype","Raw All_control_except_phenotype"
"Total_C","Total Cholesterol","CC","1.031(95% CI:0.908-1.17; P=0.6392399134)","0.951(95% CI:0.919-0.984; P=0.0038054674)","0.955(95% CI:0.821-1.111; P=0.5504890719)","Raw","All_control_except_phenotype","Raw All_control_except_phenotype"
"Total_CE","Total Esterified Cholesterol","CC","1.028(95% CI:0.907-1.166; P=0.662784777)","0.947(95% CI:0.915-0.98; P=0.0017831374)","0.95(95% CI:0.817-1.104; P=0.5040699027)","Raw","All_control_except_phenotype","Raw All_control_except_phenotype"
"Total_FA","Total Fatty Acids","CC","1.063(95% CI:0.929-1.215; P=0.3747157273)","1.04(95% CI:1.005-1.076; P=0.0245553931)","1.044(95% CI:0.892-1.222; P=0.5889346178)","Raw","All_control_except_phenotype","Raw All_control_except_phenotype"
"Total_FC","Total Free Cholesterol","CC","1.03(95% CI:0.908-1.17; P=0.6437258345)","0.964(95% CI:0.932-0.997; P=0.0336607118)","0.963(95% CI:0.827-1.121; P=0.6253284602)","Raw","All_control_except_phenotype","Raw All_control_except_phenotype"
"Total_L","Total Lipids in Lipoprotein Particles","CC","1.062(95% CI:0.931-1.212; P=0.3672280385)","0.993(95% CI:0.96-1.028; P=0.7072369931)","1.011(95% CI:0.866-1.18; P=0.8893414641)","Raw","All_control_except_phenotype","Raw All_control_except_phenotype"
"Total_PL","Total Phospholipids in Lipoprotein Particles","CC","1.045(95% CI:0.915-1.193; P=0.5193327603)","0.984(95% CI:0.95-1.019; P=0.365445278)","0.994(95% CI:0.85-1.162; P=0.9360751939)","Raw","All_control_except_phenotype","Raw All_control_except_phenotype"
"Total_TG","Total Triglycerides","CC","1.075(95% CI:0.948-1.22; P=0.2587844912)","1.068(95% CI:1.032-1.105; P=0.0001433927)","1.094(95% CI:0.938-1.276; P=0.2525578926)","Raw","All_control_except_phenotype","Raw All_control_except_phenotype"
"Tyr","Tyrosine","CC","0.956(95% CI:0.845-1.083; P=0.4828157342)","1.012(95% CI:0.979-1.047; P=0.4705665249)","0.997(95% CI:0.857-1.159; P=0.9658321132)","Raw","All_control_except_phenotype","Raw All_control_except_phenotype"
"Unsaturation","Degree of Unsaturation","CC","0.885(95% CI:0.787-0.995; P=0.0402544819)","0.88(95% CI:0.851-0.911; P=0)","0.851(95% CI:0.733-0.988; P=0.0342887459)","Raw","All_control_except_phenotype","Raw All_control_except_phenotype"
"Val","Valine","CC","0.899(95% CI:0.79-1.025; P=0.1108510196)","0.991(95% CI:0.957-1.026; P=0.6002858821)","0.947(95% CI:0.809-1.108; P=0.4967774683)","Raw","All_control_except_phenotype","Raw All_control_except_phenotype"
"VLDL_C","VLDL Cholesterol","CC","1.04(95% CI:0.914-1.182; P=0.5545045144)","1.003(95% CI:0.97-1.038; P=0.8568217428)","0.994(95% CI:0.852-1.16; P=0.9384561744)","Raw","All_control_except_phenotype","Raw All_control_except_phenotype"
"VLDL_CE","Cholesteryl Esters in VLDL","CC","1.026(95% CI:0.904-1.165; P=0.6906230404)","0.988(95% CI:0.956-1.022; P=0.4943322543)","0.973(95% CI:0.835-1.134; P=0.7248378766)","Raw","All_control_except_phenotype","Raw All_control_except_phenotype"
"VLDL_FC","Free Cholesterol in VLDL","CC","1.055(95% CI:0.929-1.198; P=0.4084194242)","1.025(95% CI:0.991-1.061; P=0.1475540067)","1.026(95% CI:0.879-1.197; P=0.747026695)","Raw","All_control_except_phenotype","Raw All_control_except_phenotype"
"VLDL_L","Total Lipids in VLDL","CC","1.071(95% CI:0.941-1.22; P=0.2981788137)","1.046(95% CI:1.01-1.082; P=0.0108653694)","1.061(95% CI:0.907-1.24; P=0.4610831914)","Raw","All_control_except_phenotype","Raw All_control_except_phenotype"
"VLDL_PL","Phospholipids in VLDL","CC","1.058(95% CI:0.931-1.202; P=0.3841820432)","1.036(95% CI:1.001-1.072; P=0.041963365)","1.038(95% CI:0.89-1.212; P=0.6331484616)","Raw","All_control_except_phenotype","Raw All_control_except_phenotype"
"VLDL_TG","Triglycerides in VLDL","CC","1.09(95% CI:0.963-1.234; P=0.1714510734)","1.069(95% CI:1.033-1.106; P=0.0001342003)","1.114(95% CI:0.956-1.297; P=0.1663901647)","Raw","All_control_except_phenotype","Raw All_control_except_phenotype"
"XL_HDL_C","Cholesterol in Very Large HDL","CC","0.961(95% CI:0.847-1.091; P=0.5406160221)","0.964(95% CI:0.929-1.001; P=0.0554309834)","0.996(95% CI:0.852-1.166; P=0.9631025627)","Raw","All_control_except_phenotype","Raw All_control_except_phenotype"
"XL_HDL_CE","Cholesteryl Esters in Very Large HDL","CC","0.964(95% CI:0.849-1.095; P=0.571365033)","0.96(95% CI:0.925-0.997; P=0.0348453938)","1(95% CI:0.854-1.17; P=0.9959993184)","Raw","All_control_except_phenotype","Raw All_control_except_phenotype"
"XL_HDL_FC","Free Cholesterol in Very Large HDL","CC","0.957(95% CI:0.845-1.084; P=0.4907736175)","0.981(95% CI:0.946-1.017; P=0.3020065962)","0.991(95% CI:0.85-1.156; P=0.9097775738)","Raw","All_control_except_phenotype","Raw All_control_except_phenotype"
"XL_HDL_PL","Phospholipids in Very Large HDL","CC","0.957(95% CI:0.84-1.09; P=0.5089918604)","0.973(95% CI:0.937-1.01; P=0.1540315838)","1.001(95% CI:0.854-1.174; P=0.9903787312)","Raw","All_control_except_phenotype","Raw All_control_except_phenotype"
"XL_HDL_TG","Triglycerides in Very Large HDL","CC","1.015(95% CI:0.892-1.154; P=0.8254138597)","1.049(95% CI:1.015-1.084; P=0.0041802595)","1.053(95% CI:0.907-1.223; P=0.4974721495)","Raw","All_control_except_phenotype","Raw All_control_except_phenotype"
"XL_VLDL_C","Cholesterol in Very Large VLDL","CC","1.073(95% CI:0.948-1.214; P=0.2629878791)","1.045(95% CI:1.01-1.081; P=0.0117916176)","1.067(95% CI:0.916-1.243; P=0.406376988)","Raw","All_control_except_phenotype","Raw All_control_except_phenotype"
"XL_VLDL_CE","Cholesteryl Esters in Very Large VLDL","CC","1.065(95% CI:0.941-1.207; P=0.3186641839)","1.027(95% CI:0.992-1.062; P=0.1322920243)","1.046(95% CI:0.897-1.219; P=0.5687595513)","Raw","All_control_except_phenotype","Raw All_control_except_phenotype"
"XL_VLDL_FC","Free Cholesterol in Very Large VLDL","CC","1.079(95% CI:0.956-1.218; P=0.2156490467)","1.062(95% CI:1.027-1.098; P=0.0004840731)","1.088(95% CI:0.937-1.264; P=0.2687211324)","Raw","All_control_except_phenotype","Raw All_control_except_phenotype"
"XL_VLDL_PL","Phospholipids in Very Large VLDL","CC","1.083(95% CI:0.961-1.222; P=0.1921279427)","1.067(95% CI:1.032-1.103; P=0.0001486774)","1.099(95% CI:0.947-1.275; P=0.2141927024)","Raw","All_control_except_phenotype","Raw All_control_except_phenotype"
"XL_VLDL_TG","Triglycerides in Very Large VLDL","CC","1.094(95% CI:0.972-1.232; P=0.1370327768)","1.079(95% CI:1.044-1.116; P=0.0000068672)","1.125(95% CI:0.972-1.303; P=0.1146852512)","Raw","All_control_except_phenotype","Raw All_control_except_phenotype"
"XS_VLDL_C","Cholesterol in Very Small VLDL","CC","0.975(95% CI:0.859-1.107; P=0.6996320724)","0.967(95% CI:0.934-1.001; P=0.0545240673)","0.91(95% CI:0.78-1.061; P=0.2285254973)","Raw","All_control_except_phenotype","Raw All_control_except_phenotype"
"XS_VLDL_CE","Cholesteryl Esters in Very Small VLDL","CC","0.971(95% CI:0.857-1.101; P=0.6482004657)","0.957(95% CI:0.925-0.991; P=0.0136903927)","0.898(95% CI:0.77-1.046; P=0.1679802737)","Raw","All_control_except_phenotype","Raw All_control_except_phenotype"
"XS_VLDL_FC","Free Cholesterol in Very Small VLDL","CC","0.983(95% CI:0.865-1.118; P=0.797373217)","0.992(95% CI:0.959-1.027; P=0.6602534436)","0.939(95% CI:0.804-1.097; P=0.4279499345)","Raw","All_control_except_phenotype","Raw All_control_except_phenotype"
"XS_VLDL_PL","Phospholipids in Very Small VLDL","CC","0.982(95% CI:0.862-1.118; P=0.782464992)","1.011(95% CI:0.977-1.045; P=0.5464609577)","0.949(95% CI:0.812-1.11; P=0.5136018282)","Raw","All_control_except_phenotype","Raw All_control_except_phenotype"
"XS_VLDL_TG","Triglycerides in Very Small VLDL","CC","1.01(95% CI:0.889-1.148; P=0.8751711457)","1.059(95% CI:1.025-1.095; P=0.0006146049)","1.027(95% CI:0.881-1.196; P=0.7341188706)","Raw","All_control_except_phenotype","Raw All_control_except_phenotype"
"XXL_VLDL_C","Cholesterol in Chylomicrons and Extremely Large VLDL","CC","1.083(95% CI:0.963-1.219; P=0.1837482249)","1.071(95% CI:1.037-1.107; P=0.0000422464)","1.114(95% CI:0.963-1.289; P=0.1451342995)","Raw","All_control_except_phenotype","Raw All_control_except_phenotype"
"XXL_VLDL_CE","Cholesteryl Esters in Chylomicrons and Extremely Large VLDL","CC","1.085(95% CI:0.964-1.222; P=0.1766317584)","1.066(95% CI:1.031-1.101; P=0.0001722425)","1.116(95% CI:0.965-1.292; P=0.1397314311)","Raw","All_control_except_phenotype","Raw All_control_except_phenotype"
"XXL_VLDL_FC","Free Cholesterol in Chylomicrons and Extremely Large VLDL","CC","1.081(95% CI:0.962-1.214; P=0.1889603912)","1.077(95% CI:1.043-1.113; P=0.0000070604)","1.11(95% CI:0.962-1.282; P=0.1531236804)","Raw","All_control_except_phenotype","Raw All_control_except_phenotype"
"XXL_VLDL_PL","Phospholipids in Chylomicrons and Extremely Large VLDL","CC","1.084(95% CI:0.966-1.215; P=0.1694680493)","1.08(95% CI:1.046-1.116; P=0.000002563)","1.113(95% CI:0.966-1.284; P=0.1385032947)","Raw","All_control_except_phenotype","Raw All_control_except_phenotype"
"XXL_VLDL_TG","Triglycerides in Chylomicrons and Extremely Large VLDL","CC","1.086(95% CI:0.967-1.22; P=0.1629893845)","1.085(95% CI:1.051-1.12; P=0.000000642)","1.117(95% CI:0.968-1.289; P=0.1315182808)","Raw","All_control_except_phenotype","Raw All_control_except_phenotype"
"Acetate","Acetate","CRC","0.866(95% CI:0.739-1.015; P=0.0751877101)","1.016(95% CI:0.992-1.041; P=0.1832569224)","0.768(95% CI:0.609-0.97; P=0.0268040461)","Raw","All_control_except_phenotype","Raw All_control_except_phenotype"
"Acetoacetate","Acetoacetate","CRC","0.909(95% CI:0.81-1.02; P=0.104664835)","1.067(95% CI:1.045-1.09; P=0.0000000022)","0.925(95% CI:0.805-1.062; P=0.2686226284)","Raw","All_control_except_phenotype","Raw All_control_except_phenotype"
"Acetone","Acetone","CRC","0.923(95% CI:0.82-1.04; P=0.1891621994)","1.046(95% CI:1.023-1.069; P=0.0000703145)","0.937(95% CI:0.816-1.076; P=0.3587841236)","Raw","All_control_except_phenotype","Raw All_control_except_phenotype"
"Ala","Alanine","CRC","0.91(95% CI:0.82-1.009; P=0.0724371108)","1.004(95% CI:0.976-1.032; P=0.7868232366)","0.948(95% CI:0.837-1.075; P=0.4072755936)","Raw","All_control_except_phenotype","Raw All_control_except_phenotype"
"Albumin","Albumin","CRC","0.976(95% CI:0.875-1.089; P=0.6646918176)","0.905(95% CI:0.88-0.93; P=0)","0.937(95% CI:0.826-1.063; P=0.3107459592)","Raw","All_control_except_phenotype","Raw All_control_except_phenotype"
"ApoA1","Apolipoprotein A1","CRC","1.026(95% CI:0.919-1.145; P=0.6477351046)","1.004(95% CI:0.974-1.035; P=0.7939779482)","1.025(95% CI:0.899-1.169; P=0.7086224208)","Raw","All_control_except_phenotype","Raw All_control_except_phenotype"
"ApoB","Apolipoprotein B","CRC","1.019(95% CI:0.918-1.131; P=0.7188482859)","0.98(95% CI:0.953-1.007; P=0.1456308717)","0.959(95% CI:0.847-1.086; P=0.5128597028)","Raw","All_control_except_phenotype","Raw All_control_except_phenotype"
"bOHbutyrate","3-Hydroxybutyrate","CRC","0.999(95% CI:0.899-1.111; P=0.9847848985)","1.076(95% CI:1.051-1.102; P=0.0000000013)","1.023(95% CI:0.906-1.155; P=0.7101292693)","Raw","All_control_except_phenotype","Raw All_control_except_phenotype"
"Cholines","Total Cholines","CRC","1.019(95% CI:0.912-1.139; P=0.7415238128)","0.998(95% CI:0.969-1.027; P=0.8669606859)","0.989(95% CI:0.87-1.125; P=0.8686142063)","Raw","All_control_except_phenotype","Raw All_control_except_phenotype"
"Citrate","Citrate","CRC","0.98(95% CI:0.875-1.098; P=0.7301497397)","1.02(95% CI:0.992-1.049; P=0.1656902477)","0.942(95% CI:0.808-1.098; P=0.442597965)","Raw","All_control_except_phenotype","Raw All_control_except_phenotype"
"Clinical_LDL_C","Clinical LDL Cholesterol","CRC","1.023(95% CI:0.923-1.134; P=0.6615120788)","0.963(95% CI:0.937-0.989; P=0.0060564897)","0.946(95% CI:0.838-1.068; P=0.36690395)","Raw","All_control_except_phenotype","Raw All_control_except_phenotype"
"Creatinine","Creatinine","CRC","0.963(95% CI:0.861-1.078; P=0.5105537891)","1.02(95% CI:0.991-1.05; P=0.1729226363)","1.026(95% CI:0.892-1.18; P=0.720442773)","Raw","All_control_except_phenotype","Raw All_control_except_phenotype"
"DHA","Docosahexaenoic Acid","CRC","0.906(95% CI:0.817-1.005; P=0.062557834)","0.95(95% CI:0.923-0.978; P=0.0004639846)","0.891(95% CI:0.783-1.014; P=0.0812496487)","Raw","All_control_except_phenotype","Raw All_control_except_phenotype"
"Gln","Glutamine","CRC","0.941(95% CI:0.846-1.046; P=0.2587697638)","0.938(95% CI:0.913-0.964; P=0.0000055896)","0.939(95% CI:0.829-1.065; P=0.3272882908)","Raw","All_control_except_phenotype","Raw All_control_except_phenotype"
"Glucose","Glucose","CRC","0.951(95% CI:0.861-1.05; P=0.3189986153)","1.074(95% CI:1.047-1.103; P=0.0000000517)","0.948(95% CI:0.836-1.074; P=0.4008383279)","Raw","All_control_except_phenotype","Raw All_control_except_phenotype"
"Gly","Glycine","CRC","1.057(95% CI:0.95-1.177; P=0.3084112618)","0.965(95% CI:0.935-0.996; P=0.0257321664)","0.994(95% CI:0.868-1.137; P=0.9269476741)","Raw","All_control_except_phenotype","Raw All_control_except_phenotype"
"GlycA","Glycoprotein Acetyls","CRC","1.09(95% CI:0.982-1.209; P=0.1049972415)","1.131(95% CI:1.1-1.162; P=0)","1.124(95% CI:0.992-1.274; P=0.0670098327)","Raw","All_control_except_phenotype","Raw All_control_except_phenotype"
"HDL_C","HDL Cholesterol","CRC","1.021(95% CI:0.917-1.136; P=0.7076399141)","0.983(95% CI:0.953-1.014; P=0.279996108)","1.014(95% CI:0.889-1.157; P=0.8311624266)","Raw","All_control_except_phenotype","Raw All_control_except_phenotype"
"HDL_CE","Cholesteryl Esters in HDL","CRC","1.022(95% CI:0.919-1.136; P=0.6887068065)","0.981(95% CI:0.951-1.011; P=0.2169230584)","1.017(95% CI:0.892-1.159; P=0.8052878248)","Raw","All_control_except_phenotype","Raw All_control_except_phenotype"
"HDL_FC","Free Cholesterol in HDL","CRC","1.02(95% CI:0.915-1.138; P=0.7190940616)","0.995(95% CI:0.964-1.026; P=0.7443197037)","1.016(95% CI:0.891-1.159; P=0.8116365016)","Raw","All_control_except_phenotype","Raw All_control_except_phenotype"
"HDL_L","Total Lipids in HDL","CRC","1.021(95% CI:0.914-1.14; P=0.717121503)","1.001(95% CI:0.971-1.032; P=0.9490892604)","1.021(95% CI:0.894-1.165; P=0.7587971524)","Raw","All_control_except_phenotype","Raw All_control_except_phenotype"
"HDL_PL","Phospholipids in HDL","CRC","1.024(95% CI:0.917-1.144; P=0.6739793336)","1.011(95% CI:0.981-1.043; P=0.4690873555)","1.027(95% CI:0.9-1.172; P=0.6920960209)","Raw","All_control_except_phenotype","Raw All_control_except_phenotype"
"HDL_TG","Triglycerides in HDL","CRC","0.988(95% CI:0.889-1.098; P=0.8274352363)","1.042(95% CI:1.014-1.071; P=0.0029886356)","1.01(95% CI:0.892-1.144; P=0.8767172658)","Raw","All_control_except_phenotype","Raw All_control_except_phenotype"
"His","Histidine","CRC","0.978(95% CI:0.88-1.086; P=0.6714371814)","0.914(95% CI:0.887-0.941; P=0.0000000024)","0.971(95% CI:0.857-1.101; P=0.6470254507)","Raw","All_control_except_phenotype","Raw All_control_except_phenotype"
"IDL_C","Cholesterol in IDL","CRC","1.015(95% CI:0.916-1.124; P=0.7771373293)","0.957(95% CI:0.931-0.984; P=0.0019366617)","0.941(95% CI:0.832-1.063; P=0.3292964681)","Raw","All_control_except_phenotype","Raw All_control_except_phenotype"
"IDL_CE","Cholesteryl Esters in IDL","CRC","1.018(95% CI:0.919-1.128; P=0.7347439153)","0.958(95% CI:0.931-0.985; P=0.0023387429)","0.946(95% CI:0.836-1.069; P=0.3725971488)","Raw","All_control_except_phenotype","Raw All_control_except_phenotype"
"IDL_FC","Free Cholesterol in IDL","CRC","1.001(95% CI:0.905-1.107; P=0.9883109996)","0.959(95% CI:0.933-0.986; P=0.0034883525)","0.923(95% CI:0.816-1.044; P=0.2022631252)","Raw","All_control_except_phenotype","Raw All_control_except_phenotype"
"IDL_PL","Phospholipids in IDL","CRC","0.995(95% CI:0.898-1.103; P=0.9211834977)","0.968(95% CI:0.941-0.995; P=0.021445271)","0.918(95% CI:0.81-1.039; P=0.1748460602)","Raw","All_control_except_phenotype","Raw All_control_except_phenotype"
"IDL_TG","Triglycerides in IDL","CRC","0.986(95% CI:0.884-1.099; P=0.7922344886)","1.041(95% CI:1.013-1.069; P=0.0039525711)","0.992(95% CI:0.874-1.126; P=0.89937602)","Raw","All_control_except_phenotype","Raw All_control_except_phenotype"
"Ile","Isoleucine","CRC","0.932(95% CI:0.841-1.034; P=0.184673431)","1.007(95% CI:0.98-1.035; P=0.6158344928)","0.946(95% CI:0.833-1.075; P=0.3974442599)","Raw","All_control_except_phenotype","Raw All_control_except_phenotype"
"L_HDL_C","Cholesterol in Large HDL","CRC","1.003(95% CI:0.901-1.116; P=0.9600035922)","0.975(95% CI:0.945-1.006; P=0.1164070368)","1.009(95% CI:0.884-1.151; P=0.897167871)","Raw","All_control_except_phenotype","Raw All_control_except_phenotype"
"L_HDL_CE","Cholesteryl Esters in Large HDL","CRC","1.003(95% CI:0.902-1.116; P=0.9502765457)","0.974(95% CI:0.944-1.005; P=0.0945402426)","1.011(95% CI:0.887-1.154; P=0.8655011794)","Raw","All_control_except_phenotype","Raw All_control_except_phenotype"
"L_HDL_FC","Free Cholesterol in Large HDL","CRC","1.007(95% CI:0.905-1.121; P=0.900765141)","0.984(95% CI:0.954-1.016; P=0.3234201987)","1.012(95% CI:0.887-1.154; P=0.8609194122)","Raw","All_control_except_phenotype","Raw All_control_except_phenotype"
"L_HDL_PL","Phospholipids in Large HDL","CRC","1.008(95% CI:0.903-1.124; P=0.8898507095)","0.99(95% CI:0.96-1.022; P=0.5381075265)","1.018(95% CI:0.892-1.163; P=0.7874530104)","Raw","All_control_except_phenotype","Raw All_control_except_phenotype"
"L_HDL_TG","Triglycerides in Large HDL","CRC","0.974(95% CI:0.872-1.088; P=0.6402677572)","1.02(95% CI:0.992-1.05; P=0.1599672908)","1.002(95% CI:0.883-1.136; P=0.9769391457)","Raw","All_control_except_phenotype","Raw All_control_except_phenotype"
"L_LDL_C","Cholesterol in Large LDL","CRC","1.017(95% CI:0.918-1.127; P=0.748287745)","0.966(95% CI:0.94-0.993; P=0.0135446919)","0.938(95% CI:0.83-1.06; P=0.3061498615)","Raw","All_control_except_phenotype","Raw All_control_except_phenotype"
"L_LDL_CE","Cholesteryl Esters in Large LDL","CRC","1.018(95% CI:0.918-1.128; P=0.7355998617)","0.971(95% CI:0.945-0.998; P=0.037280574)","0.94(95% CI:0.832-1.063; P=0.3263970075)","Raw","All_control_except_phenotype","Raw All_control_except_phenotype"
"L_LDL_FC","Free Cholesterol in Large LDL","CRC","1.009(95% CI:0.913-1.115; P=0.8635332398)","0.956(95% CI:0.93-0.983; P=0.001438387)","0.93(95% CI:0.823-1.05; P=0.2419642903)","Raw","All_control_except_phenotype","Raw All_control_except_phenotype"
"L_LDL_PL","Phospholipids in Large LDL","CRC","1.012(95% CI:0.914-1.121; P=0.8136664053)","0.967(95% CI:0.941-0.994; P=0.0157029322)","0.938(95% CI:0.829-1.061; P=0.3057721501)","Raw","All_control_except_phenotype","Raw All_control_except_phenotype"
"L_LDL_TG","Triglycerides in Large LDL","CRC","0.989(95% CI:0.888-1.103; P=0.8485934502)","1.045(95% CI:1.018-1.074; P=0.0012158134)","0.995(95% CI:0.876-1.13; P=0.9345344526)","Raw","All_control_except_phenotype","Raw All_control_except_phenotype"
"L_VLDL_C","Cholesterol in Large VLDL","CRC","1.03(95% CI:0.929-1.143; P=0.574076)","1.025(95% CI:0.997-1.054; P=0.0824252042)","1.025(95% CI:0.903-1.163; P=0.7020197935)","Raw","All_control_except_phenotype","Raw All_control_except_phenotype"
"L_VLDL_CE","Cholesteryl Esters in Large VLDL","CRC","1.031(95% CI:0.929-1.143; P=0.567453516)","1.011(95% CI:0.983-1.039; P=0.4552824125)","1.017(95% CI:0.897-1.154; P=0.7873800487)","Raw","All_control_except_phenotype","Raw All_control_except_phenotype"
"L_VLDL_FC","Free Cholesterol in Large VLDL","CRC","1.029(95% CI:0.928-1.14; P=0.5860957719)","1.038(95% CI:1.009-1.067; P=0.008756869)","1.032(95% CI:0.91-1.17; P=0.620523809)","Raw","All_control_except_phenotype","Raw All_control_except_phenotype"
"L_VLDL_PL","Phospholipids in Large VLDL","CRC","1.031(95% CI:0.931-1.142; P=0.5532749387)","1.042(95% CI:1.014-1.072; P=0.0033675597)","1.042(95% CI:0.919-1.18; P=0.5232698405)","Raw","All_control_except_phenotype","Raw All_control_except_phenotype"
"L_VLDL_TG","Triglycerides in Large VLDL","CRC","1.052(95% CI:0.951-1.163; P=0.325055694)","1.049(95% CI:1.021-1.079; P=0.0006129582)","1.073(95% CI:0.949-1.213; P=0.2621253826)","Raw","All_control_except_phenotype","Raw All_control_except_phenotype"
"LA","Linoleic Acid","CRC","1.053(95% CI:0.948-1.17; P=0.3383970417)","0.974(95% CI:0.948-1.002; P=0.0642472123)","1.019(95% CI:0.899-1.155; P=0.7669934251)","Raw","All_control_except_phenotype","Raw All_control_except_phenotype"
"Lactate","Lactate","CRC","0.945(95% CI:0.852-1.048; P=0.2851750189)","1.016(95% CI:0.987-1.046; P=0.2866333928)","0.98(95% CI:0.864-1.112; P=0.7580789978)","Raw","All_control_except_phenotype","Raw All_control_except_phenotype"
"LDL_C","LDL Cholesterol","CRC","1.023(95% CI:0.923-1.135; P=0.664441533)","0.971(95% CI:0.945-0.998; P=0.0340229806)","0.949(95% CI:0.839-1.072; P=0.4007633946)","Raw","All_control_except_phenotype","Raw All_control_except_phenotype"
"LDL_CE","Cholesteryl Esters in LDL","CRC","1.024(95% CI:0.923-1.136; P=0.659586889)","0.977(95% CI:0.951-1.004; P=0.0974754119)","0.952(95% CI:0.842-1.077; P=0.4375492288)","Raw","All_control_except_phenotype","Raw All_control_except_phenotype"
"LDL_FC","Free Cholesterol in LDL","CRC","1.015(95% CI:0.918-1.122; P=0.7722331622)","0.958(95% CI:0.933-0.985; P=0.0022902896)","0.937(95% CI:0.83-1.058; P=0.2958055139)","Raw","All_control_except_phenotype","Raw All_control_except_phenotype"
"LDL_L","Total Lipids in LDL","CRC","1.024(95% CI:0.922-1.136; P=0.6611812573)","0.976(95% CI:0.949-1.003; P=0.0752692453)","0.953(95% CI:0.843-1.078; P=0.4432777005)","Raw","All_control_except_phenotype","Raw All_control_except_phenotype"
"LDL_PL","Phospholipids in LDL","CRC","1.022(95% CI:0.922-1.133; P=0.6833020198)","0.975(95% CI:0.948-1.002; P=0.0647097112)","0.952(95% CI:0.841-1.077; P=0.4366634797)","Raw","All_control_except_phenotype","Raw All_control_except_phenotype"
"LDL_TG","Triglycerides in LDL","CRC","0.995(95% CI:0.894-1.108; P=0.9289831279)","1.05(95% CI:1.022-1.078; P=0.0003983836)","1.005(95% CI:0.886-1.141; P=0.9360998327)","Raw","All_control_except_phenotype","Raw All_control_except_phenotype"
"Leu","Leucine","CRC","0.923(95% CI:0.832-1.024; P=0.1288682226)","0.97(95% CI:0.942-0.998; P=0.0382529584)","0.949(95% CI:0.836-1.078; P=0.4212936976)","Raw","All_control_except_phenotype","Raw All_control_except_phenotype"
"M_HDL_C","Cholesterol in Medium HDL","CRC","1.033(95% CI:0.928-1.15; P=0.5507062638)","0.998(95% CI:0.968-1.028; P=0.8855548467)","1.034(95% CI:0.908-1.177; P=0.6161827824)","Raw","All_control_except_phenotype","Raw All_control_except_phenotype"
"M_HDL_CE","Cholesteryl Esters in Medium HDL","CRC","1.034(95% CI:0.93-1.15; P=0.5345352444)","0.997(95% CI:0.967-1.027; P=0.831626993)","1.036(95% CI:0.91-1.179; P=0.5934879298)","Raw","All_control_except_phenotype","Raw All_control_except_phenotype"
"M_HDL_FC","Free Cholesterol in Medium HDL","CRC","1.033(95% CI:0.927-1.152; P=0.5543013105)","1.004(95% CI:0.974-1.035; P=0.7778640128)","1.033(95% CI:0.907-1.176; P=0.6282202503)","Raw","All_control_except_phenotype","Raw All_control_except_phenotype"
"M_HDL_PL","Phospholipids in Medium HDL","CRC","1.03(95% CI:0.923-1.148; P=0.6002194808)","1.022(95% CI:0.993-1.053; P=0.1426607209)","1.033(95% CI:0.908-1.175; P=0.6212804687)","Raw","All_control_except_phenotype","Raw All_control_except_phenotype"
"M_HDL_TG","Triglycerides in Medium HDL","CRC","0.991(95% CI:0.893-1.1; P=0.8657707624)","1.041(95% CI:1.013-1.07; P=0.0039885466)","1.008(95% CI:0.891-1.142; P=0.8937861465)","Raw","All_control_except_phenotype","Raw All_control_except_phenotype"
"M_LDL_C","Cholesterol in Medium LDL","CRC","1.027(95% CI:0.925-1.139; P=0.620448672)","0.983(95% CI:0.956-1.01; P=0.2086199216)","0.965(95% CI:0.852-1.093; P=0.573526248)","Raw","All_control_except_phenotype","Raw All_control_except_phenotype"
"M_LDL_CE","Cholesteryl Esters in Medium LDL","CRC","1.027(95% CI:0.925-1.14; P=0.620463313)","0.99(95% CI:0.963-1.018; P=0.4844322167)","0.972(95% CI:0.857-1.102; P=0.6591513139)","Raw","All_control_except_phenotype","Raw All_control_except_phenotype"
"M_LDL_FC","Free Cholesterol in Medium LDL","CRC","1.019(95% CI:0.922-1.127; P=0.7112020911)","0.965(95% CI:0.939-0.992; P=0.0107629939)","0.945(95% CI:0.836-1.069; P=0.3688242336)","Raw","All_control_except_phenotype","Raw All_control_except_phenotype"
"M_LDL_PL","Phospholipids in Medium LDL","CRC","1.027(95% CI:0.926-1.139; P=0.6165257085)","0.985(95% CI:0.958-1.012; P=0.2664329466)","0.966(95% CI:0.852-1.094; P=0.5851292283)","Raw","All_control_except_phenotype","Raw All_control_except_phenotype"
"M_LDL_TG","Triglycerides in Medium LDL","CRC","1.002(95% CI:0.901-1.114; P=0.9724896797)","1.052(95% CI:1.025-1.081; P=0.000171085)","1.019(95% CI:0.899-1.155; P=0.7650398539)","Raw","All_control_except_phenotype","Raw All_control_except_phenotype"
"M_VLDL_C","Cholesterol in Medium VLDL","CRC","1.019(95% CI:0.92-1.128; P=0.7221987237)","0.968(95% CI:0.942-0.995; P=0.0216557909)","0.955(95% CI:0.844-1.081; P=0.4681183687)","Raw","All_control_except_phenotype","Raw All_control_except_phenotype"
"M_VLDL_CE","Cholesteryl Esters in Medium VLDL","CRC","1.011(95% CI:0.915-1.117; P=0.8368342487)","0.956(95% CI:0.93-0.982; P=0.0012645121)","0.939(95% CI:0.83-1.061; P=0.3129673574)","Raw","All_control_except_phenotype","Raw All_control_except_phenotype"
"M_VLDL_FC","Free Cholesterol in Medium VLDL","CRC","1.024(95% CI:0.923-1.135; P=0.6540224524)","0.988(95% CI:0.961-1.016; P=0.4039940459)","0.976(95% CI:0.862-1.106; P=0.707860345)","Raw","All_control_except_phenotype","Raw All_control_except_phenotype"
"M_VLDL_PL","Phospholipids in Medium VLDL","CRC","1.03(95% CI:0.928-1.143; P=0.5787384581)","0.997(95% CI:0.97-1.025; P=0.832078258)","0.992(95% CI:0.875-1.125; P=0.901844169)","Raw","All_control_except_phenotype","Raw All_control_except_phenotype"
"M_VLDL_TG","Triglycerides in Medium VLDL","CRC","1.056(95% CI:0.954-1.17; P=0.292442958)","1.036(95% CI:1.008-1.065; P=0.0123090056)","1.071(95% CI:0.946-1.212; P=0.2818633755)","Raw","All_control_except_phenotype","Raw All_control_except_phenotype"
"MUFA","Monounsaturated Fatty Acids","CRC","1.034(95% CI:0.929-1.151; P=0.5379340082)","1.067(95% CI:1.039-1.097; P=0.0000028671)","1.04(95% CI:0.917-1.18; P=0.5425338217)","Raw","All_control_except_phenotype","Raw All_control_except_phenotype"
"non_HDL_C","Total Cholesterol Minus HDL-C","CRC","1.024(95% CI:0.922-1.138; P=0.6526204341)","0.973(95% CI:0.947-1; P=0.0509785806)","0.956(95% CI:0.845-1.081; P=0.4702539073)","Raw","All_control_except_phenotype","Raw All_control_except_phenotype"
"Omega_3","Omega-3 Fatty Acids","CRC","0.904(95% CI:0.811-1.007; P=0.0680185944)","0.981(95% CI:0.954-1.01; P=0.1932838934)","0.902(95% CI:0.792-1.028; P=0.1211605624)","Raw","All_control_except_phenotype","Raw All_control_except_phenotype"
"Omega_6","Omega-6 Fatty Acids","CRC","1.053(95% CI:0.944-1.173; P=0.3540471092)","0.988(95% CI:0.96-1.016; P=0.3834429966)","1.019(95% CI:0.897-1.156; P=0.7761405606)","Raw","All_control_except_phenotype","Raw All_control_except_phenotype"
"Phe","Phenylalanine","CRC","0.987(95% CI:0.89-1.094; P=0.7971089554)","1(95% CI:0.973-1.027; P=0.9818989974)","1.008(95% CI:0.891-1.141; P=0.9010697323)","Raw","All_control_except_phenotype","Raw All_control_except_phenotype"
"Phosphatidylc","Phosphatidylcholines","CRC","1.021(95% CI:0.911-1.144; P=0.7194740658)","0.994(95% CI:0.966-1.024; P=0.7100010345)","0.998(95% CI:0.877-1.136; P=0.9789691289)","Raw","All_control_except_phenotype","Raw All_control_except_phenotype"
"Phosphoglyc","Phosphoglycerides","CRC","1.016(95% CI:0.908-1.137; P=0.7836982766)","1.008(95% CI:0.979-1.038; P=0.58022838)","0.994(95% CI:0.874-1.131; P=0.927879351)","Raw","All_control_except_phenotype","Raw All_control_except_phenotype"
"PUFA","Polyunsaturated Fatty Acids","CRC","1.011(95% CI:0.904-1.131; P=0.8472424304)","0.984(95% CI:0.956-1.012; P=0.2506030198)","0.985(95% CI:0.866-1.121; P=0.8188631191)","Raw","All_control_except_phenotype","Raw All_control_except_phenotype"
"Pyruvate","Pyruvate","CRC","0.921(95% CI:0.829-1.023; P=0.1234432061)","1.029(95% CI:1.002-1.057; P=0.0367041205)","0.918(95% CI:0.806-1.046; P=0.2001624114)","Raw","All_control_except_phenotype","Raw All_control_except_phenotype"
"Remnant_C","Remnant Cholesterol (Non-HDL and Non-LDL -Cholesterol)","CRC","1.021(95% CI:0.919-1.135; P=0.6991403924)","0.978(95% CI:0.951-1.005; P=0.1094791278)","0.961(95% CI:0.849-1.088; P=0.5341065843)","Raw","All_control_except_phenotype","Raw All_control_except_phenotype"
"S_HDL_C","Cholesterol in Small HDL","CRC","1.052(95% CI:0.948-1.167; P=0.3413466001)","1.002(95% CI:0.974-1.03; P=0.9130945151)","1.012(95% CI:0.893-1.147; P=0.8518267704)","Raw","All_control_except_phenotype","Raw All_control_except_phenotype"
"S_HDL_CE","Cholesteryl Esters in Small HDL","CRC","1.052(95% CI:0.948-1.166; P=0.3407586035)","0.997(95% CI:0.97-1.025; P=0.8433105037)","1.007(95% CI:0.889-1.141; P=0.907327758)","Raw","All_control_except_phenotype","Raw All_control_except_phenotype"
"S_HDL_FC","Free Cholesterol in Small HDL","CRC","1.042(95% CI:0.935-1.162; P=0.454192318)","1.016(95% CI:0.987-1.045; P=0.2792512295)","1.022(95% CI:0.9-1.161; P=0.7387890223)","Raw","All_control_except_phenotype","Raw All_control_except_phenotype"
"S_HDL_PL","Phospholipids in Small HDL","CRC","1.04(95% CI:0.936-1.156; P=0.4684693059)","1.033(95% CI:1.004-1.062; P=0.023689907)","1.031(95% CI:0.909-1.168; P=0.6367729413)","Raw","All_control_except_phenotype","Raw All_control_except_phenotype"
"S_HDL_TG","Triglycerides in Small HDL","CRC","1(95% CI:0.902-1.108; P=0.9992045476)","1.051(95% CI:1.022-1.08; P=0.0004005781)","1.019(95% CI:0.899-1.155; P=0.7669188411)","Raw","All_control_except_phenotype","Raw All_control_except_phenotype"
"S_LDL_C","Cholesterol in Small LDL","CRC","1.027(95% CI:0.926-1.137; P=0.6166808009)","0.983(95% CI:0.957-1.011; P=0.2271642787)","0.966(95% CI:0.853-1.094; P=0.588275427)","Raw","All_control_except_phenotype","Raw All_control_except_phenotype"
"S_LDL_CE","Cholesteryl Esters in Small LDL","CRC","1.025(95% CI:0.924-1.136; P=0.6409037043)","0.991(95% CI:0.965-1.019; P=0.5368671937)","0.972(95% CI:0.857-1.101; P=0.6521255089)","Raw","All_control_except_phenotype","Raw All_control_except_phenotype"
"S_LDL_FC","Free Cholesterol in Small LDL","CRC","1.025(95% CI:0.928-1.132; P=0.6265991575)","0.965(95% CI:0.939-0.992; P=0.01093631)","0.954(95% CI:0.845-1.079; P=0.4545773623)","Raw","All_control_except_phenotype","Raw All_control_except_phenotype"
"S_LDL_PL","Phospholipids in Small LDL","CRC","1.031(95% CI:0.931-1.141; P=0.5553341314)","0.995(95% CI:0.968-1.022; P=0.6995021408)","0.976(95% CI:0.863-1.105; P=0.7027319271)","Raw","All_control_except_phenotype","Raw All_control_except_phenotype"
"S_LDL_TG","Triglycerides in Small LDL","CRC","1.015(95% CI:0.916-1.124; P=0.7827175979)","1.057(95% CI:1.029-1.085; P=0.0000392406)","1.036(95% CI:0.915-1.172; P=0.578053964)","Raw","All_control_except_phenotype","Raw All_control_except_phenotype"
"S_VLDL_C","Cholesterol in Small VLDL","CRC","1.003(95% CI:0.903-1.114; P=0.9554417888)","0.988(95% CI:0.961-1.015; P=0.3753921201)","0.959(95% CI:0.846-1.087; P=0.5134430625)","Raw","All_control_except_phenotype","Raw All_control_except_phenotype"
"S_VLDL_CE","Cholesteryl Esters in Small VLDL","CRC","0.995(95% CI:0.896-1.105; P=0.9209304048)","0.991(95% CI:0.964-1.019; P=0.5243313378)","0.955(95% CI:0.842-1.084; P=0.4786873956)","Raw","All_control_except_phenotype","Raw All_control_except_phenotype"
"S_VLDL_FC","Free Cholesterol in Small VLDL","CRC","1.016(95% CI:0.916-1.127; P=0.7631394854)","0.983(95% CI:0.956-1.01; P=0.2145444293)","0.965(95% CI:0.852-1.094; P=0.5784900791)","Raw","All_control_except_phenotype","Raw All_control_except_phenotype"
"S_VLDL_PL","Phospholipids in Small VLDL","CRC","1.02(95% CI:0.919-1.132; P=0.7124356856)","0.997(95% CI:0.97-1.025; P=0.8280139457)","0.985(95% CI:0.869-1.117; P=0.8155279941)","Raw","All_control_except_phenotype","Raw All_control_except_phenotype"
"S_VLDL_TG","Triglycerides in Small VLDL","CRC","1.026(95% CI:0.926-1.137; P=0.6234413385)","1.043(95% CI:1.014-1.072; P=0.0031142762)","1.058(95% CI:0.935-1.197; P=0.3735031771)","Raw","All_control_except_phenotype","Raw All_control_except_phenotype"
"SFA","Saturated Fatty Acids","CRC","1.024(95% CI:0.919-1.141; P=0.6691328308)","1.06(95% CI:1.031-1.089; P=0.000029377)","1.022(95% CI:0.901-1.16; P=0.7346660756)","Raw","All_control_except_phenotype","Raw All_control_except_phenotype"
"Sphingomyelins","Sphingomyelins","CRC","1.016(95% CI:0.914-1.128; P=0.7744112209)","0.994(95% CI:0.965-1.023; P=0.6772610713)","0.96(95% CI:0.845-1.09; P=0.5272538019)","Raw","All_control_except_phenotype","Raw All_control_except_phenotype"
"Total_C","Total Cholesterol","CRC","1.029(95% CI:0.926-1.142; P=0.5968333426)","0.97(95% CI:0.944-0.998; P=0.0333353438)","0.962(95% CI:0.851-1.089; P=0.5433151044)","Raw","All_control_except_phenotype","Raw All_control_except_phenotype"
"Total_CE","Total Esterified Cholesterol","CRC","1.028(95% CI:0.927-1.141; P=0.5985956245)","0.969(95% CI:0.942-0.996; P=0.0240551689)","0.961(95% CI:0.849-1.087; P=0.5258021905)","Raw","All_control_except_phenotype","Raw All_control_except_phenotype"
"Total_FA","Total Fatty Acids","CRC","1.025(95% CI:0.917-1.144; P=0.667043797)","1.042(95% CI:1.014-1.071; P=0.0035252849)","1.018(95% CI:0.895-1.156; P=0.7903614758)","Raw","All_control_except_phenotype","Raw All_control_except_phenotype"
"Total_FC","Total Free Cholesterol","CRC","1.025(95% CI:0.923-1.138; P=0.6500705379)","0.977(95% CI:0.951-1.005; P=0.1014584473)","0.964(95% CI:0.851-1.091; P=0.5604680219)","Raw","All_control_except_phenotype","Raw All_control_except_phenotype"
"Total_L","Total Lipids in Lipoprotein Particles","CRC","1.038(95% CI:0.932-1.157; P=0.4985678696)","1.004(95% CI:0.977-1.032; P=0.7608720943)","0.997(95% CI:0.879-1.13; P=0.9577062455)","Raw","All_control_except_phenotype","Raw All_control_except_phenotype"
"Total_PL","Total Phospholipids in Lipoprotein Particles","CRC","1.033(95% CI:0.925-1.152; P=0.5656606649)","1.004(95% CI:0.976-1.033; P=0.7748636452)","0.992(95% CI:0.873-1.127; P=0.8973101093)","Raw","All_control_except_phenotype","Raw All_control_except_phenotype"
"Total_TG","Total Triglycerides","CRC","1.029(95% CI:0.927-1.143; P=0.589885838)","1.053(95% CI:1.024-1.083; P=0.0002522401)","1.049(95% CI:0.925-1.19; P=0.453340337)","Raw","All_control_except_phenotype","Raw All_control_except_phenotype"
"Tyr","Tyrosine","CRC","0.96(95% CI:0.867-1.064; P=0.4398672325)","1.009(95% CI:0.981-1.037; P=0.5352704495)","0.997(95% CI:0.882-1.128; P=0.9639302321)","Raw","All_control_except_phenotype","Raw All_control_except_phenotype"
"Unsaturation","Degree of Unsaturation","CRC","0.929(95% CI:0.843-1.023; P=0.131870131)","0.909(95% CI:0.884-0.934; P=0)","0.907(95% CI:0.803-1.025; P=0.1192673545)","Raw","All_control_except_phenotype","Raw All_control_except_phenotype"
"Val","Valine","CRC","0.892(95% CI:0.801-0.993; P=0.0371550729)","0.981(95% CI:0.953-1.009; P=0.1784530551)","0.932(95% CI:0.819-1.06; P=0.2820201191)","Raw","All_control_except_phenotype","Raw All_control_except_phenotype"
"VLDL_C","VLDL Cholesterol","CRC","1.016(95% CI:0.914-1.13; P=0.7642650544)","1(95% CI:0.973-1.028; P=0.9983489266)","0.977(95% CI:0.862-1.108; P=0.7176302021)","Raw","All_control_except_phenotype","Raw All_control_except_phenotype"
"VLDL_CE","Cholesteryl Esters in VLDL","CRC","1.011(95% CI:0.91-1.123; P=0.8401591109)","0.988(95% CI:0.961-1.016; P=0.3885343547)","0.963(95% CI:0.85-1.092; P=0.5579764497)","Raw","All_control_except_phenotype","Raw All_control_except_phenotype"
"VLDL_FC","Free Cholesterol in VLDL","CRC","1.021(95% CI:0.919-1.134; P=0.698192477)","1.017(95% CI:0.99-1.046; P=0.2209878822)","0.996(95% CI:0.878-1.13; P=0.9481532847)","Raw","All_control_except_phenotype","Raw All_control_except_phenotype"
"VLDL_L","Total Lipids in VLDL","CRC","1.03(95% CI:0.926-1.147; P=0.5868476499)","1.035(95% CI:1.006-1.064; P=0.0166670858)","1.025(95% CI:0.902-1.164; P=0.7077850462)","Raw","All_control_except_phenotype","Raw All_control_except_phenotype"
"VLDL_PL","Phospholipids in VLDL","CRC","1.022(95% CI:0.919-1.136; P=0.6888744128)","1.026(95% CI:0.998-1.055; P=0.0721009751)","1.006(95% CI:0.887-1.142; P=0.921300848)","Raw","All_control_except_phenotype","Raw All_control_except_phenotype"
"VLDL_TG","Triglycerides in VLDL","CRC","1.04(95% CI:0.938-1.153; P=0.4593999848)","1.053(95% CI:1.024-1.083; P=0.0002732404)","1.061(95% CI:0.936-1.203; P=0.3533549458)","Raw","All_control_except_phenotype","Raw All_control_except_phenotype"
"XL_HDL_C","Cholesterol in Very Large HDL","CRC","1.001(95% CI:0.902-1.11; P=0.9891558906)","0.975(95% CI:0.945-1.005; P=0.1013139083)","1.001(95% CI:0.88-1.139; P=0.9865480521)","Raw","All_control_except_phenotype","Raw All_control_except_phenotype"
"XL_HDL_CE","Cholesteryl Esters in Very Large HDL","CRC","1.006(95% CI:0.906-1.116; P=0.9172660295)","0.973(95% CI:0.944-1.004; P=0.0879973156)","1.008(95% CI:0.886-1.147; P=0.9021299849)","Raw","All_control_except_phenotype","Raw All_control_except_phenotype"
"XL_HDL_FC","Free Cholesterol in Very Large HDL","CRC","0.986(95% CI:0.89-1.093; P=0.7874923386)","0.981(95% CI:0.952-1.011; P=0.2192332355)","0.979(95% CI:0.862-1.112; P=0.7443969975)","Raw","All_control_except_phenotype","Raw All_control_except_phenotype"
"XL_HDL_PL","Phospholipids in Very Large HDL","CRC","0.999(95% CI:0.898-1.111; P=0.9833175574)","0.983(95% CI:0.953-1.014; P=0.2783965334)","1.006(95% CI:0.883-1.146; P=0.9283932928)","Raw","All_control_except_phenotype","Raw All_control_except_phenotype"
"XL_HDL_TG","Triglycerides in Very Large HDL","CRC","0.993(95% CI:0.893-1.106; P=0.902298161)","1.037(95% CI:1.01-1.066; P=0.0075708452)","1.021(95% CI:0.902-1.155; P=0.7444314692)","Raw","All_control_except_phenotype","Raw All_control_except_phenotype"
"XL_VLDL_C","Cholesterol in Very Large VLDL","CRC","1.024(95% CI:0.924-1.136; P=0.649382236)","1.031(95% CI:1.003-1.06; P=0.0306347997)","1.017(95% CI:0.896-1.154; P=0.795142386)","Raw","All_control_except_phenotype","Raw All_control_except_phenotype"
"XL_VLDL_CE","Cholesteryl Esters in Very Large VLDL","CRC","1.023(95% CI:0.922-1.135; P=0.6638459919)","1.016(95% CI:0.988-1.045; P=0.2531549595)","1.005(95% CI:0.885-1.14; P=0.9408792752)","Raw","All_control_except_phenotype","Raw All_control_except_phenotype"
"XL_VLDL_FC","Free Cholesterol in Very Large VLDL","CRC","1.025(95% CI:0.925-1.135; P=0.6418799715)","1.045(95% CI:1.017-1.074; P=0.0017268839)","1.029(95% CI:0.908-1.166; P=0.6533203282)","Raw","All_control_except_phenotype","Raw All_control_except_phenotype"
"XL_VLDL_PL","Phospholipids in Very Large VLDL","CRC","1.027(95% CI:0.927-1.136; P=0.6128656099)","1.049(95% CI:1.021-1.078; P=0.0006234964)","1.036(95% CI:0.915-1.174; P=0.5757772328)","Raw","All_control_except_phenotype","Raw All_control_except_phenotype"
"XL_VLDL_TG","Triglycerides in Very Large VLDL","CRC","1.035(95% CI:0.936-1.144; P=0.5038833395)","1.06(95% CI:1.032-1.09; P=0.000025347)","1.058(95% CI:0.936-1.197; P=0.3668569553)","Raw","All_control_except_phenotype","Raw All_control_except_phenotype"
"XS_VLDL_C","Cholesterol in Very Small VLDL","CRC","0.986(95% CI:0.888-1.095; P=0.7937351707)","0.972(95% CI:0.945-1; P=0.0467494527)","0.922(95% CI:0.813-1.045; P=0.2054092768)","Raw","All_control_except_phenotype","Raw All_control_except_phenotype"
"XS_VLDL_CE","Cholesteryl Esters in Very Small VLDL","CRC","0.986(95% CI:0.889-1.094; P=0.7923620655)","0.965(95% CI:0.938-0.993; P=0.0142999915)","0.915(95% CI:0.807-1.037; P=0.1630770753)","Raw","All_control_except_phenotype","Raw All_control_except_phenotype"
"XS_VLDL_FC","Free Cholesterol in Very Small VLDL","CRC","0.985(95% CI:0.885-1.095; P=0.7732665293)","0.99(95% CI:0.962-1.018; P=0.4682902877)","0.94(95% CI:0.828-1.067; P=0.3377600907)","Raw","All_control_except_phenotype","Raw All_control_except_phenotype"
"XS_VLDL_PL","Phospholipids in Very Small VLDL","CRC","0.981(95% CI:0.881-1.092; P=0.7275887952)","1.004(95% CI:0.976-1.032; P=0.7851490204)","0.95(95% CI:0.837-1.08; P=0.433920999)","Raw","All_control_except_phenotype","Raw All_control_except_phenotype"
"XS_VLDL_TG","Triglycerides in Very Small VLDL","CRC","0.991(95% CI:0.891-1.101; P=0.8607669694)","1.044(95% CI:1.017-1.073; P=0.0016644519)","1.011(95% CI:0.892-1.146; P=0.8629162377)","Raw","All_control_except_phenotype","Raw All_control_except_phenotype"
"XXL_VLDL_C","Cholesterol in Chylomicrons and Extremely Large VLDL","CRC","1.02(95% CI:0.922-1.128; P=0.7017301339)","1.054(95% CI:1.025-1.082; P=0.0001560742)","1.041(95% CI:0.92-1.178; P=0.5200081735)","Raw","All_control_except_phenotype","Raw All_control_except_phenotype"
"XXL_VLDL_CE","Cholesteryl Esters in Chylomicrons and Extremely Large VLDL","CRC","1.022(95% CI:0.924-1.131; P=0.6702425871)","1.048(95% CI:1.02-1.077; P=0.0007103364)","1.042(95% CI:0.921-1.179; P=0.509867616)","Raw","All_control_except_phenotype","Raw All_control_except_phenotype"
"XXL_VLDL_FC","Free Cholesterol in Chylomicrons and Extremely Large VLDL","CRC","1.016(95% CI:0.919-1.123; P=0.7620048608)","1.059(95% CI:1.031-1.088; P=0.0000242906)","1.038(95% CI:0.918-1.173; P=0.5548591785)","Raw","All_control_except_phenotype","Raw All_control_except_phenotype"
"XXL_VLDL_PL","Phospholipids in Chylomicrons and Extremely Large VLDL","CRC","1.017(95% CI:0.921-1.123; P=0.7413651897)","1.061(95% CI:1.033-1.089; P=0.0000132874)","1.041(95% CI:0.921-1.176; P=0.5229727944)","Raw","All_control_except_phenotype","Raw All_control_except_phenotype"
"XXL_VLDL_TG","Triglycerides in Chylomicrons and Extremely Large VLDL","CRC","1.023(95% CI:0.926-1.13; P=0.6579520764)","1.065(95% CI:1.037-1.093; P=0.0000033326)","1.044(95% CI:0.924-1.179; P=0.4941548479)","Raw","All_control_except_phenotype","Raw All_control_except_phenotype"
"Acetate","Acetate","LC","1.083(95% CI:1.035-1.132; P=0.0005119126)","1.034(95% CI:1.008-1.06; P=0.0100890382)","1.096(95% CI:1.038-1.157; P=0.0009662317)","Raw","All_control_except_phenotype","Raw All_control_except_phenotype"
"Acetoacetate","Acetoacetate","LC","1.146(95% CI:1.034-1.271; P=0.0092619113)","1.097(95% CI:1.075-1.12; P=0)","1.161(95% CI:1.04-1.297; P=0.0081310216)","Raw","All_control_except_phenotype","Raw All_control_except_phenotype"
"Acetone","Acetone","LC","1.101(95% CI:0.978-1.238; P=0.1112304145)","1.075(95% CI:1.054-1.097; P=0)","1.127(95% CI:1.005-1.263; P=0.0408594411)","Raw","All_control_except_phenotype","Raw All_control_except_phenotype"
"Ala","Alanine","LC","0.948(95% CI:0.814-1.104; P=0.4930736093)","0.899(95% CI:0.868-0.931; P=0.0000000016)","0.946(95% CI:0.787-1.136; P=0.5512441022)","Raw","All_control_except_phenotype","Raw All_control_except_phenotype"
"Albumin","Albumin","LC","1.018(95% CI:0.866-1.197; P=0.8267876151)","0.797(95% CI:0.772-0.824; P=0)","1.027(95% CI:0.855-1.233; P=0.7753567047)","Raw","All_control_except_phenotype","Raw All_control_except_phenotype"
"ApoA1","Apolipoprotein A1","LC","1.041(95% CI:0.887-1.221; P=0.6240456784)","0.89(95% CI:0.857-0.923; P=0.0000000007)","0.992(95% CI:0.82-1.199; P=0.9299794167)","Raw","All_control_except_phenotype","Raw All_control_except_phenotype"
"ApoB","Apolipoprotein B","LC","0.953(95% CI:0.817-1.112; P=0.5431098859)","0.861(95% CI:0.833-0.89; P=0)","0.958(95% CI:0.8-1.147; P=0.6412941689)","Raw","All_control_except_phenotype","Raw All_control_except_phenotype"
"bOHbutyrate","3-Hydroxybutyrate","LC","1.112(95% CI:0.982-1.259; P=0.0952227927)","1.121(95% CI:1.093-1.15; P=0)","1.147(95% CI:1.004-1.31; P=0.0438237454)","Raw","All_control_except_phenotype","Raw All_control_except_phenotype"
"Cholines","Total Cholines","LC","1.038(95% CI:0.88-1.224; P=0.6571647536)","0.866(95% CI:0.836-0.897; P=0)","1.021(95% CI:0.846-1.232; P=0.8254219915)","Raw","All_control_except_phenotype","Raw All_control_except_phenotype"
"Citrate","Citrate","LC","0.94(95% CI:0.793-1.115; P=0.4806636667)","0.899(95% CI:0.868-0.931; P=0.0000000021)","0.956(95% CI:0.767-1.192; P=0.6909070209)","Raw","All_control_except_phenotype","Raw All_control_except_phenotype"
"Clinical_LDL_C","Clinical LDL Cholesterol","LC","0.895(95% CI:0.771-1.038; P=0.1423438013)","0.817(95% CI:0.792-0.844; P=0)","0.878(95% CI:0.738-1.044; P=0.1415221363)","Raw","All_control_except_phenotype","Raw All_control_except_phenotype"
"Creatinine","Creatinine","LC","0.943(95% CI:0.797-1.116; P=0.4951213043)","0.982(95% CI:0.944-1.021; P=0.3627631133)","0.93(95% CI:0.757-1.143; P=0.4904910235)","Raw","All_control_except_phenotype","Raw All_control_except_phenotype"
"DHA","Docosahexaenoic Acid","LC","0.919(95% CI:0.789-1.07; P=0.2773226725)","0.744(95% CI:0.716-0.773; P=0)","0.859(95% CI:0.711-1.039; P=0.1167270893)","Raw","All_control_except_phenotype","Raw All_control_except_phenotype"
"Gln","Glutamine","LC","1.027(95% CI:0.878-1.2; P=0.7424679519)","1.015(95% CI:0.981-1.05; P=0.3897495426)","1.004(95% CI:0.836-1.207; P=0.9624274306)","Raw","All_control_except_phenotype","Raw All_control_except_phenotype"
"Glucose","Glucose","LC","1.01(95% CI:0.879-1.161; P=0.8847313991)","0.962(95% CI:0.929-0.995; P=0.0262983711)","1.04(95% CI:0.878-1.232; P=0.6464295216)","Raw","All_control_except_phenotype","Raw All_control_except_phenotype"
"Gly","Glycine","LC","1.149(95% CI:0.99-1.334; P=0.0681577039)","0.982(95% CI:0.946-1.019; P=0.3445914875)","1.064(95% CI:0.883-1.283; P=0.5131173676)","Raw","All_control_except_phenotype","Raw All_control_except_phenotype"
"GlycA","Glycoprotein Acetyls","LC","1.396(95% CI:1.207-1.615; P=0.0000073204)","1.396(95% CI:1.352-1.443; P=0)","1.435(95% CI:1.205-1.708; P=0.0000497724)","Raw","All_control_except_phenotype","Raw All_control_except_phenotype"
"HDL_C","HDL Cholesterol","LC","0.99(95% CI:0.847-1.157; P=0.895301881)","0.853(95% CI:0.821-0.886; P=0)","0.905(95% CI:0.747-1.097; P=0.3090269901)","Raw","All_control_except_phenotype","Raw All_control_except_phenotype"
"HDL_CE","Cholesteryl Esters in HDL","LC","0.979(95% CI:0.839-1.143; P=0.7924903604)","0.85(95% CI:0.818-0.883; P=0)","0.893(95% CI:0.738-1.082; P=0.2482451062)","Raw","All_control_except_phenotype","Raw All_control_except_phenotype"
"HDL_FC","Free Cholesterol in HDL","LC","1.023(95% CI:0.873-1.198; P=0.7797778083)","0.875(95% CI:0.841-0.909; P=0)","0.947(95% CI:0.782-1.147; P=0.5788068142)","Raw","All_control_except_phenotype","Raw All_control_except_phenotype"
"HDL_L","Total Lipids in HDL","LC","1.038(95% CI:0.884-1.219; P=0.6524056062)","0.893(95% CI:0.86-0.927; P=0.0000000034)","0.972(95% CI:0.802-1.178; P=0.7732022494)","Raw","All_control_except_phenotype","Raw All_control_except_phenotype"
"HDL_PL","Phospholipids in HDL","LC","1.05(95% CI:0.894-1.234; P=0.5503797529)","0.925(95% CI:0.891-0.96; P=0.0000394868)","0.994(95% CI:0.821-1.203; P=0.9466444427)","Raw","All_control_except_phenotype","Raw All_control_except_phenotype"
"HDL_TG","Triglycerides in HDL","LC","1.151(95% CI:0.995-1.331; P=0.0578898811)","1.089(95% CI:1.054-1.125; P=0.0000002686)","1.215(95% CI:1.03-1.435; P=0.0211926064)","Raw","All_control_except_phenotype","Raw All_control_except_phenotype"
"His","Histidine","LC","0.941(95% CI:0.806-1.099; P=0.4408914279)","0.867(95% CI:0.836-0.899; P=0)","0.876(95% CI:0.729-1.053; P=0.1578218025)","Raw","All_control_except_phenotype","Raw All_control_except_phenotype"
"IDL_C","Cholesterol in IDL","LC","0.91(95% CI:0.783-1.057; P=0.2175631885)","0.811(95% CI:0.785-0.838; P=0)","0.873(95% CI:0.732-1.042; P=0.1328820172)","Raw","All_control_except_phenotype","Raw All_control_except_phenotype"
"IDL_CE","Cholesteryl Esters in IDL","LC","0.923(95% CI:0.794-1.073; P=0.2948237425)","0.809(95% CI:0.782-0.836; P=0)","0.888(95% CI:0.744-1.061; P=0.1921160909)","Raw","All_control_except_phenotype","Raw All_control_except_phenotype"
"IDL_FC","Free Cholesterol in IDL","LC","0.883(95% CI:0.761-1.024; P=0.0998820324)","0.82(95% CI:0.792-0.848; P=0)","0.842(95% CI:0.704-1.007; P=0.0589763358)","Raw","All_control_except_phenotype","Raw All_control_except_phenotype"
"IDL_PL","Phospholipids in IDL","LC","0.926(95% CI:0.796-1.079; P=0.3243985809)","0.847(95% CI:0.818-0.876; P=0)","0.904(95% CI:0.755-1.082; P=0.2718594718)","Raw","All_control_except_phenotype","Raw All_control_except_phenotype"
"IDL_TG","Triglycerides in IDL","LC","1.196(95% CI:1.035-1.382; P=0.0153066474)","1.111(95% CI:1.076-1.147; P=0.0000000001)","1.247(95% CI:1.062-1.465; P=0.0070153502)","Raw","All_control_except_phenotype","Raw All_control_except_phenotype"
"Ile","Isoleucine","LC","0.884(95% CI:0.756-1.033; P=0.121650898)","0.978(95% CI:0.945-1.012; P=0.2019276479)","0.876(95% CI:0.722-1.062; P=0.177391629)","Raw","All_control_except_phenotype","Raw All_control_except_phenotype"
"L_HDL_C","Cholesterol in Large HDL","LC","0.985(95% CI:0.843-1.151; P=0.8451818818)","0.868(95% CI:0.835-0.903; P=0)","0.878(95% CI:0.722-1.068; P=0.1931183563)","Raw","All_control_except_phenotype","Raw All_control_except_phenotype"
"L_HDL_CE","Cholesteryl Esters in Large HDL","LC","0.981(95% CI:0.84-1.146; P=0.812472485)","0.864(95% CI:0.831-0.898; P=0)","0.874(95% CI:0.718-1.063; P=0.1778239343)","Raw","All_control_except_phenotype","Raw All_control_except_phenotype"
"L_HDL_FC","Free Cholesterol in Large HDL","LC","0.994(95% CI:0.85-1.161; P=0.9357384296)","0.887(95% CI:0.853-0.922; P=0.0000000021)","0.888(95% CI:0.729-1.081; P=0.2366211942)","Raw","All_control_except_phenotype","Raw All_control_except_phenotype"
"L_HDL_PL","Phospholipids in Large HDL","LC","1.016(95% CI:0.868-1.19; P=0.8414649595)","0.908(95% CI:0.873-0.944; P=0.0000009986)","0.918(95% CI:0.755-1.116; P=0.3887850147)","Raw","All_control_except_phenotype","Raw All_control_except_phenotype"
"L_HDL_TG","Triglycerides in Large HDL","LC","1.133(95% CI:0.975-1.315; P=0.1025209489)","1.028(95% CI:0.993-1.063; P=0.1185204408)","1.144(95% CI:0.966-1.353; P=0.118022344)","Raw","All_control_except_phenotype","Raw All_control_except_phenotype"
"L_LDL_C","Cholesterol in Large LDL","LC","0.888(95% CI:0.765-1.032; P=0.1208167702)","0.81(95% CI:0.784-0.837; P=0)","0.874(95% CI:0.733-1.042; P=0.1339835837)","Raw","All_control_except_phenotype","Raw All_control_except_phenotype"
"L_LDL_CE","Cholesteryl Esters in Large LDL","LC","0.895(95% CI:0.77-1.041; P=0.1502904905)","0.815(95% CI:0.789-0.843; P=0)","0.888(95% CI:0.743-1.061; P=0.1894415058)","Raw","All_control_except_phenotype","Raw All_control_except_phenotype"
"L_LDL_FC","Free Cholesterol in Large LDL","LC","0.875(95% CI:0.755-1.014; P=0.0766564535)","0.798(95% CI:0.772-0.825; P=0)","0.846(95% CI:0.709-1.01; P=0.0638084312)","Raw","All_control_except_phenotype","Raw All_control_except_phenotype"
"L_LDL_PL","Phospholipids in Large LDL","LC","0.914(95% CI:0.786-1.063; P=0.2425324753)","0.821(95% CI:0.794-0.848; P=0)","0.905(95% CI:0.756-1.083; P=0.2750722651)","Raw","All_control_except_phenotype","Raw All_control_except_phenotype"
"L_LDL_TG","Triglycerides in Large LDL","LC","1.208(95% CI:1.046-1.394; P=0.009940409)","1.106(95% CI:1.071-1.142; P=0.0000000006)","1.27(95% CI:1.083-1.488; P=0.0032519697)","Raw","All_control_except_phenotype","Raw All_control_except_phenotype"
"L_VLDL_C","Cholesterol in Large VLDL","LC","1.062(95% CI:0.913-1.235; P=0.4334797581)","0.997(95% CI:0.963-1.031; P=0.8508061406)","1.137(95% CI:0.951-1.359; P=0.1584147886)","Raw","All_control_except_phenotype","Raw All_control_except_phenotype"
"L_VLDL_CE","Cholesteryl Esters in Large VLDL","LC","1.05(95% CI:0.902-1.221; P=0.5290335985)","0.97(95% CI:0.937-1.003; P=0.0765759992)","1.112(95% CI:0.93-1.33; P=0.2434778137)","Raw","All_control_except_phenotype","Raw All_control_except_phenotype"
"L_VLDL_FC","Free Cholesterol in Large VLDL","LC","1.072(95% CI:0.924-1.244; P=0.3608239738)","1.023(95% CI:0.989-1.058; P=0.1928732296)","1.157(95% CI:0.971-1.378; P=0.1025730361)","Raw","All_control_except_phenotype","Raw All_control_except_phenotype"
"L_VLDL_PL","Phospholipids in Large VLDL","LC","1.087(95% CI:0.938-1.259; P=0.2672773803)","1.042(95% CI:1.007-1.078; P=0.0174793501)","1.173(95% CI:0.986-1.395; P=0.0710800806)","Raw","All_control_except_phenotype","Raw All_control_except_phenotype"
"L_VLDL_TG","Triglycerides in Large VLDL","LC","1.06(95% CI:0.915-1.229; P=0.4343272452)","1.023(95% CI:0.989-1.059; P=0.1823553384)","1.138(95% CI:0.955-1.355; P=0.1474667041)","Raw","All_control_except_phenotype","Raw All_control_except_phenotype"
"LA","Linoleic Acid","LC","1.101(95% CI:0.941-1.287; P=0.2287990702)","0.81(95% CI:0.783-0.837; P=0)","1.124(95% CI:0.936-1.349; P=0.2124670875)","Raw","All_control_except_phenotype","Raw All_control_except_phenotype"
"Lactate","Lactate","LC","1.157(95% CI:1.002-1.336; P=0.0475320537)","1.201(95% CI:1.16-1.244; P=0)","1.154(95% CI:0.97-1.374; P=0.1058018644)","Raw","All_control_except_phenotype","Raw All_control_except_phenotype"
"LDL_C","LDL Cholesterol","LC","0.902(95% CI:0.776-1.049; P=0.1797294608)","0.82(95% CI:0.794-0.847; P=0)","0.897(95% CI:0.751-1.07; P=0.2278015305)","Raw","All_control_except_phenotype","Raw All_control_except_phenotype"
"LDL_CE","Cholesteryl Esters in LDL","LC","0.913(95% CI:0.784-1.064; P=0.2427931997)","0.83(95% CI:0.803-0.857; P=0)","0.918(95% CI:0.768-1.098; P=0.3478914793)","Raw","All_control_except_phenotype","Raw All_control_except_phenotype"
"LDL_FC","Free Cholesterol in LDL","LC","0.88(95% CI:0.76-1.02; P=0.0900713368)","0.8(95% CI:0.775-0.827; P=0)","0.854(95% CI:0.717-1.018; P=0.0790555061)","Raw","All_control_except_phenotype","Raw All_control_except_phenotype"
"LDL_L","Total Lipids in LDL","LC","0.922(95% CI:0.791-1.074; P=0.2982607305)","0.833(95% CI:0.806-0.86; P=0)","0.923(95% CI:0.772-1.104; P=0.3793725556)","Raw","All_control_except_phenotype","Raw All_control_except_phenotype"
"LDL_PL","Phospholipids in LDL","LC","0.931(95% CI:0.799-1.084; P=0.3539666617)","0.832(95% CI:0.805-0.861; P=0)","0.93(95% CI:0.777-1.113; P=0.4285887594)","Raw","All_control_except_phenotype","Raw All_control_except_phenotype"
"LDL_TG","Triglycerides in LDL","LC","1.201(95% CI:1.04-1.387; P=0.0125974227)","1.099(95% CI:1.064-1.135; P=0.0000000072)","1.269(95% CI:1.081-1.491; P=0.0036384556)","Raw","All_control_except_phenotype","Raw All_control_except_phenotype"
"Leu","Leucine","LC","0.866(95% CI:0.74-1.012; P=0.0709668053)","0.962(95% CI:0.929-0.997; P=0.0330653082)","0.853(95% CI:0.704-1.034; P=0.1054971151)","Raw","All_control_except_phenotype","Raw All_control_except_phenotype"
"M_HDL_C","Cholesterol in Medium HDL","LC","1.015(95% CI:0.869-1.186; P=0.8508187239)","0.896(95% CI:0.863-0.929; P=0.0000000047)","0.954(95% CI:0.79-1.152; P=0.6268322389)","Raw","All_control_except_phenotype","Raw All_control_except_phenotype"
"M_HDL_CE","Cholesteryl Esters in Medium HDL","LC","1.009(95% CI:0.864-1.177; P=0.9126298108)","0.897(95% CI:0.865-0.93; P=0.0000000063)","0.946(95% CI:0.784-1.142; P=0.5662040117)","Raw","All_control_except_phenotype","Raw All_control_except_phenotype"
"M_HDL_FC","Free Cholesterol in Medium HDL","LC","1.036(95% CI:0.885-1.213; P=0.6589623679)","0.9(95% CI:0.866-0.934; P=0.0000000382)","0.985(95% CI:0.815-1.19; P=0.8754791126)","Raw","All_control_except_phenotype","Raw All_control_except_phenotype"
"M_HDL_PL","Phospholipids in Medium HDL","LC","1.064(95% CI:0.908-1.246; P=0.4443075501)","0.964(95% CI:0.93-0.999; P=0.0456730612)","1.045(95% CI:0.867-1.26; P=0.6418404528)","Raw","All_control_except_phenotype","Raw All_control_except_phenotype"
"M_HDL_TG","Triglycerides in Medium HDL","LC","1.133(95% CI:0.981-1.309; P=0.0887712429)","1.096(95% CI:1.061-1.132; P=0.0000000327)","1.202(95% CI:1.019-1.417; P=0.0286478613)","Raw","All_control_except_phenotype","Raw All_control_except_phenotype"
"M_LDL_C","Cholesterol in Medium LDL","LC","0.935(95% CI:0.801-1.09; P=0.3886942394)","0.845(95% CI:0.817-0.874; P=0)","0.957(95% CI:0.798-1.147; P=0.6340630917)","Raw","All_control_except_phenotype","Raw All_control_except_phenotype"
"M_LDL_CE","Cholesteryl Esters in Medium LDL","LC","0.954(95% CI:0.817-1.114; P=0.5505583354)","0.865(95% CI:0.836-0.895; P=0)","0.991(95% CI:0.826-1.19; P=0.9252794718)","Raw","All_control_except_phenotype","Raw All_control_except_phenotype"
"M_LDL_FC","Free Cholesterol in Medium LDL","LC","0.895(95% CI:0.77-1.039; P=0.1440178777)","0.806(95% CI:0.78-0.834; P=0)","0.882(95% CI:0.738-1.055; P=0.1707000596)","Raw","All_control_except_phenotype","Raw All_control_except_phenotype"
"M_LDL_PL","Phospholipids in Medium LDL","LC","0.955(95% CI:0.819-1.114; P=0.5574178095)","0.85(95% CI:0.822-0.88; P=0)","0.976(95% CI:0.814-1.17; P=0.7935604855)","Raw","All_control_except_phenotype","Raw All_control_except_phenotype"
"M_LDL_TG","Triglycerides in Medium LDL","LC","1.193(95% CI:1.038-1.373; P=0.0132130528)","1.086(95% CI:1.052-1.122; P=0.0000003523)","1.268(95% CI:1.084-1.484; P=0.0029762579)","Raw","All_control_except_phenotype","Raw All_control_except_phenotype"
"M_VLDL_C","Cholesterol in Medium VLDL","LC","0.926(95% CI:0.796-1.077; P=0.3168600996)","0.843(95% CI:0.815-0.872; P=0)","0.914(95% CI:0.764-1.094; P=0.3283869417)","Raw","All_control_except_phenotype","Raw All_control_except_phenotype"
"M_VLDL_CE","Cholesteryl Esters in Medium VLDL","LC","0.898(95% CI:0.774-1.042; P=0.1556639757)","0.826(95% CI:0.798-0.854; P=0)","0.867(95% CI:0.725-1.037; P=0.1188297655)","Raw","All_control_except_phenotype","Raw All_control_except_phenotype"
"M_VLDL_FC","Free Cholesterol in Medium VLDL","LC","0.973(95% CI:0.835-1.134; P=0.7285816088)","0.881(95% CI:0.851-0.912; P=0)","0.992(95% CI:0.828-1.189; P=0.9339226605)","Raw","All_control_except_phenotype","Raw All_control_except_phenotype"
"M_VLDL_PL","Phospholipids in Medium VLDL","LC","1(95% CI:0.858-1.166; P=0.9983299287)","0.901(95% CI:0.871-0.933; P=0.0000000024)","1.035(95% CI:0.864-1.24; P=0.7096481482)","Raw","All_control_except_phenotype","Raw All_control_except_phenotype"
"M_VLDL_TG","Triglycerides in Medium VLDL","LC","1.08(95% CI:0.93-1.254; P=0.3130399062)","1(95% CI:0.966-1.035; P=0.9883612124)","1.157(95% CI:0.97-1.382; P=0.1053588084)","Raw","All_control_except_phenotype","Raw All_control_except_phenotype"
"MUFA","Monounsaturated Fatty Acids","LC","1.174(95% CI:1.007-1.369; P=0.0408200299)","1.115(95% CI:1.079-1.153; P=0.0000000001)","1.237(95% CI:1.036-1.477; P=0.0189282889)","Raw","All_control_except_phenotype","Raw All_control_except_phenotype"
"non_HDL_C","Total Cholesterol Minus HDL-C","LC","0.922(95% CI:0.791-1.075; P=0.2991027456)","0.836(95% CI:0.809-0.863; P=0)","0.917(95% CI:0.767-1.096; P=0.3388118415)","Raw","All_control_except_phenotype","Raw All_control_except_phenotype"
"Omega_3","Omega-3 Fatty Acids","LC","0.91(95% CI:0.776-1.068; P=0.2488495713)","0.797(95% CI:0.769-0.826; P=0)","0.879(95% CI:0.728-1.063; P=0.1845367214)","Raw","All_control_except_phenotype","Raw All_control_except_phenotype"
"Omega_6","Omega-6 Fatty Acids","LC","1.079(95% CI:0.919-1.268; P=0.354579892)","0.834(95% CI:0.806-0.863; P=0)","1.097(95% CI:0.911-1.322; P=0.326850126)","Raw","All_control_except_phenotype","Raw All_control_except_phenotype"
"Phe","Phenylalanine","LC","1.042(95% CI:0.903-1.202; P=0.576698902)","0.999(95% CI:0.967-1.033; P=0.9724087267)","0.98(95% CI:0.817-1.176; P=0.8308827183)","Raw","All_control_except_phenotype","Raw All_control_except_phenotype"
"Phosphatidylc","Phosphatidylcholines","LC","1.076(95% CI:0.91-1.274; P=0.3908468414)","0.863(95% CI:0.833-0.894; P=0)","1.062(95% CI:0.879-1.283; P=0.5329883495)","Raw","All_control_except_phenotype","Raw All_control_except_phenotype"
"Phosphoglyc","Phosphoglycerides","LC","1.062(95% CI:0.9-1.255; P=0.475147613)","0.891(95% CI:0.86-0.923; P=0.0000000002)","1.057(95% CI:0.876-1.276; P=0.5610826971)","Raw","All_control_except_phenotype","Raw All_control_except_phenotype"
"PUFA","Polyunsaturated Fatty Acids","LC","1.04(95% CI:0.88-1.229; P=0.6465640306)","0.805(95% CI:0.778-0.833; P=0)","1.045(95% CI:0.864-1.262; P=0.6517127631)","Raw","All_control_except_phenotype","Raw All_control_except_phenotype"
"Pyruvate","Pyruvate","LC","1.121(95% CI:0.979-1.283; P=0.0995723324)","1.091(95% CI:1.064-1.119; P=0)","1.107(95% CI:0.938-1.307; P=0.2282068694)","Raw","All_control_except_phenotype","Raw All_control_except_phenotype"
"Remnant_C","Remnant Cholesterol (Non-HDL and Non-LDL -Cholesterol)","LC","0.951(95% CI:0.814-1.111; P=0.523010167)","0.859(95% CI:0.831-0.888; P=0)","0.946(95% CI:0.79-1.133; P=0.5455731651)","Raw","All_control_except_phenotype","Raw All_control_except_phenotype"
"S_HDL_C","Cholesterol in Small HDL","LC","0.974(95% CI:0.835-1.135; P=0.7314409198)","0.884(95% CI:0.855-0.915; P=0)","1.013(95% CI:0.844-1.214; P=0.8924569594)","Raw","All_control_except_phenotype","Raw All_control_except_phenotype"
"S_HDL_CE","Cholesteryl Esters in Small HDL","LC","0.94(95% CI:0.808-1.093; P=0.4233507133)","0.884(95% CI:0.855-0.914; P=0)","0.972(95% CI:0.812-1.164; P=0.7614098348)","Raw","All_control_except_phenotype","Raw All_control_except_phenotype"
"S_HDL_FC","Free Cholesterol in Small HDL","LC","1.084(95% CI:0.924-1.271; P=0.3247072268)","0.908(95% CI:0.877-0.94; P=0.0000000562)","1.125(95% CI:0.937-1.35; P=0.2059436467)","Raw","All_control_except_phenotype","Raw All_control_except_phenotype"
"S_HDL_PL","Phospholipids in Small HDL","LC","1.076(95% CI:0.922-1.257; P=0.350856155)","0.983(95% CI:0.95-1.017; P=0.3267012485)","1.141(95% CI:0.954-1.365; P=0.1492255999)","Raw","All_control_except_phenotype","Raw All_control_except_phenotype"
"S_HDL_TG","Triglycerides in Small HDL","LC","1.152(95% CI:0.999-1.328; P=0.05083052)","1.114(95% CI:1.078-1.151; P=0.0000000001)","1.253(95% CI:1.062-1.478; P=0.0074096085)","Raw","All_control_except_phenotype","Raw All_control_except_phenotype"
"S_LDL_C","Cholesterol in Small LDL","LC","0.941(95% CI:0.808-1.096; P=0.4314495066)","0.845(95% CI:0.817-0.874; P=0)","0.952(95% CI:0.794-1.141; P=0.5940395979)","Raw","All_control_except_phenotype","Raw All_control_except_phenotype"
"S_LDL_CE","Cholesteryl Esters in Small LDL","LC","0.963(95% CI:0.826-1.123; P=0.6312972076)","0.866(95% CI:0.837-0.896; P=0)","0.989(95% CI:0.825-1.186; P=0.9070127765)","Raw","All_control_except_phenotype","Raw All_control_except_phenotype"
"S_LDL_FC","Free Cholesterol in Small LDL","LC","0.894(95% CI:0.772-1.036; P=0.1375384312)","0.814(95% CI:0.787-0.841; P=0)","0.871(95% CI:0.729-1.041; P=0.1281933514)","Raw","All_control_except_phenotype","Raw All_control_except_phenotype"
"S_LDL_PL","Phospholipids in Small LDL","LC","0.971(95% CI:0.835-1.129; P=0.7008688635)","0.87(95% CI:0.842-0.9; P=0)","0.979(95% CI:0.818-1.171; P=0.8130943165)","Raw","All_control_except_phenotype","Raw All_control_except_phenotype"
"S_LDL_TG","Triglycerides in Small LDL","LC","1.142(95% CI:0.993-1.313; P=0.0620545756)","1.074(95% CI:1.04-1.109; P=0.000011728)","1.218(95% CI:1.038-1.429; P=0.0158167545)","Raw","All_control_except_phenotype","Raw All_control_except_phenotype"
"S_VLDL_C","Cholesterol in Small VLDL","LC","1.003(95% CI:0.86-1.169; P=0.9706698227)","0.92(95% CI:0.889-0.951; P=0.0000013787)","1.036(95% CI:0.866-1.24; P=0.6999000555)","Raw","All_control_except_phenotype","Raw All_control_except_phenotype"
"S_VLDL_CE","Cholesteryl Esters in Small VLDL","LC","1.02(95% CI:0.875-1.188; P=0.8019768971)","0.943(95% CI:0.912-0.976; P=0.0006982999)","1.062(95% CI:0.888-1.27; P=0.5097533289)","Raw","All_control_except_phenotype","Raw All_control_except_phenotype"
"S_VLDL_FC","Free Cholesterol in Small VLDL","LC","0.976(95% CI:0.838-1.138; P=0.7601007152)","0.884(95% CI:0.854-0.914; P=0)","0.997(95% CI:0.832-1.193; P=0.9709979236)","Raw","All_control_except_phenotype","Raw All_control_except_phenotype"
"S_VLDL_PL","Phospholipids in Small VLDL","LC","1.028(95% CI:0.882-1.199; P=0.720545185)","0.92(95% CI:0.889-0.952; P=0.0000018442)","1.072(95% CI:0.896-1.283; P=0.4470609267)","Raw","All_control_except_phenotype","Raw All_control_except_phenotype"
"S_VLDL_TG","Triglycerides in Small VLDL","LC","1.16(95% CI:1.004-1.34; P=0.0438167388)","1.057(95% CI:1.022-1.093; P=0.001277968)","1.243(95% CI:1.05-1.472; P=0.0117288383)","Raw","All_control_except_phenotype","Raw All_control_except_phenotype"
"SFA","Saturated Fatty Acids","LC","1.088(95% CI:0.928-1.275; P=0.3002753392)","1.041(95% CI:1.007-1.077; P=0.0176762679)","1.134(95% CI:0.947-1.36; P=0.172254061)","Raw","All_control_except_phenotype","Raw All_control_except_phenotype"
"Sphingomyelins","Sphingomyelins","LC","0.944(95% CI:0.808-1.104; P=0.4709162072)","0.88(95% CI:0.85-0.912; P=0)","0.899(95% CI:0.747-1.081; P=0.2575580115)","Raw","All_control_except_phenotype","Raw All_control_except_phenotype"
"Total_C","Total Cholesterol","LC","0.927(95% CI:0.796-1.08; P=0.3337629767)","0.813(95% CI:0.787-0.84; P=0)","0.904(95% CI:0.756-1.08; P=0.2651262138)","Raw","All_control_except_phenotype","Raw All_control_except_phenotype"
"Total_CE","Total Esterified Cholesterol","LC","0.921(95% CI:0.791-1.072; P=0.2882840275)","0.808(95% CI:0.782-0.835; P=0)","0.893(95% CI:0.748-1.067; P=0.2131032409)","Raw","All_control_except_phenotype","Raw All_control_except_phenotype"
"Total_FA","Total Fatty Acids","LC","1.107(95% CI:0.94-1.303; P=0.2229446816)","0.985(95% CI:0.952-1.019; P=0.3745658227)","1.146(95% CI:0.953-1.379; P=0.1486636853)","Raw","All_control_except_phenotype","Raw All_control_except_phenotype"
"Total_FC","Total Free Cholesterol","LC","0.946(95% CI:0.811-1.104; P=0.4811430769)","0.828(95% CI:0.801-0.856; P=0)","0.933(95% CI:0.779-1.118; P=0.4527459448)","Raw","All_control_except_phenotype","Raw All_control_except_phenotype"
"Total_L","Total Lipids in Lipoprotein Particles","LC","1.001(95% CI:0.853-1.176; P=0.9891935696)","0.875(95% CI:0.846-0.904; P=0)","1.013(95% CI:0.842-1.218; P=0.8938303322)","Raw","All_control_except_phenotype","Raw All_control_except_phenotype"
"Total_PL","Total Phospholipids in Lipoprotein Particles","LC","1.017(95% CI:0.864-1.196; P=0.8426220199)","0.874(95% CI:0.844-0.904; P=0)","1.009(95% CI:0.837-1.215; P=0.927508421)","Raw","All_control_except_phenotype","Raw All_control_except_phenotype"
"Total_TG","Total Triglycerides","LC","1.118(95% CI:0.961-1.301; P=0.1487134932)","1.068(95% CI:1.033-1.105; P=0.0001360063)","1.199(95% CI:1.003-1.434; P=0.0460167707)","Raw","All_control_except_phenotype","Raw All_control_except_phenotype"
"Tyr","Tyrosine","LC","0.916(95% CI:0.786-1.067; P=0.2595492427)","0.953(95% CI:0.921-0.986; P=0.0058119617)","0.862(95% CI:0.714-1.04; P=0.1209449777)","Raw","All_control_except_phenotype","Raw All_control_except_phenotype"
"Unsaturation","Degree of Unsaturation","LC","0.828(95% CI:0.719-0.954; P=0.0091347973)","0.719(95% CI:0.695-0.743; P=0)","0.763(95% CI:0.64-0.908; P=0.0024049115)","Raw","All_control_except_phenotype","Raw All_control_except_phenotype"
"Val","Valine","LC","0.824(95% CI:0.701-0.968; P=0.0187998097)","0.915(95% CI:0.883-0.948; P=0.0000010772)","0.822(95% CI:0.677-0.999; P=0.0487916922)","Raw","All_control_except_phenotype","Raw All_control_except_phenotype"
"VLDL_C","VLDL Cholesterol","LC","1(95% CI:0.855-1.169; P=0.9987264419)","0.929(95% CI:0.898-0.961; P=0.0000196602)","1.029(95% CI:0.857-1.234; P=0.7628512185)","Raw","All_control_except_phenotype","Raw All_control_except_phenotype"
"VLDL_CE","Cholesteryl Esters in VLDL","LC","0.98(95% CI:0.839-1.144; P=0.7958629898)","0.909(95% CI:0.879-0.941; P=0.0000000322)","0.997(95% CI:0.832-1.195; P=0.9765224059)","Raw","All_control_except_phenotype","Raw All_control_except_phenotype"
"VLDL_FC","Free Cholesterol in VLDL","LC","1.032(95% CI:0.884-1.204; P=0.690279313)","0.963(95% CI:0.93-0.996; P=0.0284295525)","1.082(95% CI:0.903-1.297; P=0.3938497352)","Raw","All_control_except_phenotype","Raw All_control_except_phenotype"
"VLDL_L","Total Lipids in VLDL","LC","1.065(95% CI:0.91-1.247; P=0.4335771522)","1.005(95% CI:0.972-1.041; P=0.7541695205)","1.129(95% CI:0.938-1.358; P=0.1987960498)","Raw","All_control_except_phenotype","Raw All_control_except_phenotype"
"VLDL_PL","Phospholipids in VLDL","LC","1.061(95% CI:0.909-1.238; P=0.4537804716)","0.991(95% CI:0.957-1.025; P=0.5844915461)","1.12(95% CI:0.935-1.343; P=0.2183876725)","Raw","All_control_except_phenotype","Raw All_control_except_phenotype"
"VLDL_TG","Triglycerides in VLDL","LC","1.093(95% CI:0.94-1.27; P=0.2466188512)","1.056(95% CI:1.02-1.092; P=0.0018258544)","1.175(95% CI:0.983-1.405; P=0.0762211128)","Raw","All_control_except_phenotype","Raw All_control_except_phenotype"
"XL_HDL_C","Cholesterol in Very Large HDL","LC","0.972(95% CI:0.835-1.131; P=0.714053463)","0.879(95% CI:0.846-0.914; P=0.0000000001)","0.857(95% CI:0.705-1.042; P=0.1220264732)","Raw","All_control_except_phenotype","Raw All_control_except_phenotype"
"XL_HDL_CE","Cholesteryl Esters in Very Large HDL","LC","0.972(95% CI:0.835-1.132; P=0.714826766)","0.868(95% CI:0.835-0.903; P=0)","0.855(95% CI:0.703-1.041; P=0.118996859)","Raw","All_control_except_phenotype","Raw All_control_except_phenotype"
"XL_HDL_FC","Free Cholesterol in Very Large HDL","LC","0.974(95% CI:0.838-1.131; P=0.7269679487)","0.925(95% CI:0.892-0.96; P=0.0000317246)","0.87(95% CI:0.72-1.053; P=0.1529119691)","Raw","All_control_except_phenotype","Raw All_control_except_phenotype"
"XL_HDL_PL","Phospholipids in Very Large HDL","LC","0.985(95% CI:0.844-1.15; P=0.8477910037)","0.918(95% CI:0.884-0.954; P=0.0000120673)","0.866(95% CI:0.71-1.056; P=0.155861385)","Raw","All_control_except_phenotype","Raw All_control_except_phenotype"
"XL_HDL_TG","Triglycerides in Very Large HDL","LC","1.153(95% CI:0.998-1.332; P=0.0538032957)","1.037(95% CI:1.003-1.072; P=0.0308743874)","1.182(95% CI:1.002-1.393; P=0.0466224819)","Raw","All_control_except_phenotype","Raw All_control_except_phenotype"
"XL_VLDL_C","Cholesterol in Very Large VLDL","LC","1.049(95% CI:0.903-1.22; P=0.5306424017)","1.007(95% CI:0.974-1.042; P=0.6720256844)","1.122(95% CI:0.94-1.34; P=0.2029047241)","Raw","All_control_except_phenotype","Raw All_control_except_phenotype"
"XL_VLDL_CE","Cholesteryl Esters in Very Large VLDL","LC","1.028(95% CI:0.883-1.197; P=0.7215010249)","0.976(95% CI:0.943-1.01; P=0.1629373313)","1.092(95% CI:0.912-1.306; P=0.3374003482)","Raw","All_control_except_phenotype","Raw All_control_except_phenotype"
"XL_VLDL_FC","Free Cholesterol in Very Large VLDL","LC","1.068(95% CI:0.922-1.237; P=0.3799102934)","1.039(95% CI:1.005-1.075; P=0.0245359862)","1.146(95% CI:0.965-1.361; P=0.1211497631)","Raw","All_control_except_phenotype","Raw All_control_except_phenotype"
"XL_VLDL_PL","Phospholipids in Very Large VLDL","LC","1.074(95% CI:0.928-1.243; P=0.3358012505)","1.051(95% CI:1.016-1.087; P=0.0035296684)","1.155(95% CI:0.974-1.37; P=0.0983963321)","Raw","All_control_except_phenotype","Raw All_control_except_phenotype"
"XL_VLDL_TG","Triglycerides in Very Large VLDL","LC","1.078(95% CI:0.933-1.246; P=0.3065797612)","1.073(95% CI:1.038-1.109; P=0.0000295213)","1.164(95% CI:0.982-1.38; P=0.0802572113)","Raw","All_control_except_phenotype","Raw All_control_except_phenotype"
"XS_VLDL_C","Cholesterol in Very Small VLDL","LC","0.968(95% CI:0.829-1.13; P=0.6797294122)","0.897(95% CI:0.867-0.928; P=0.0000000005)","0.951(95% CI:0.794-1.14; P=0.5900796541)","Raw","All_control_except_phenotype","Raw All_control_except_phenotype"
"XS_VLDL_CE","Cholesteryl Esters in Very Small VLDL","LC","0.944(95% CI:0.81-1.1; P=0.460749936)","0.878(95% CI:0.849-0.909; P=0)","0.92(95% CI:0.768-1.102; P=0.3644197384)","Raw","All_control_except_phenotype","Raw All_control_except_phenotype"
"XS_VLDL_FC","Free Cholesterol in Very Small VLDL","LC","1.031(95% CI:0.883-1.203; P=0.7022401962)","0.949(95% CI:0.917-0.981; P=0.0024168881)","1.037(95% CI:0.867-1.24; P=0.6905498392)","Raw","All_control_except_phenotype","Raw All_control_except_phenotype"
"XS_VLDL_PL","Phospholipids in Very Small VLDL","LC","1.078(95% CI:0.924-1.257; P=0.3383990533)","0.997(95% CI:0.964-1.031; P=0.8461835601)","1.097(95% CI:0.92-1.309; P=0.3035240283)","Raw","All_control_except_phenotype","Raw All_control_except_phenotype"
"XS_VLDL_TG","Triglycerides in Very Small VLDL","LC","1.197(95% CI:1.039-1.378; P=0.0126210409)","1.108(95% CI:1.073-1.144; P=0.0000000004)","1.258(95% CI:1.073-1.476; P=0.0046889877)","Raw","All_control_except_phenotype","Raw All_control_except_phenotype"
"XXL_VLDL_C","Cholesterol in Chylomicrons and Extremely Large VLDL","LC","1.083(95% CI:0.939-1.249; P=0.2737849689)","1.08(95% CI:1.045-1.115; P=0.0000044089)","1.159(95% CI:0.979-1.371; P=0.0865549987)","Raw","All_control_except_phenotype","Raw All_control_except_phenotype"
"XXL_VLDL_CE","Cholesteryl Esters in Chylomicrons and Extremely Large VLDL","LC","1.077(95% CI:0.933-1.244; P=0.3101091094)","1.069(95% CI:1.034-1.105; P=0.0000758371)","1.151(95% CI:0.971-1.364; P=0.1047164393)","Raw","All_control_except_phenotype","Raw All_control_except_phenotype"
"XXL_VLDL_FC","Free Cholesterol in Chylomicrons and Extremely Large VLDL","LC","1.086(95% CI:0.944-1.249; P=0.2508781287)","1.089(95% CI:1.054-1.124; P=0.0000002043)","1.158(95% CI:0.983-1.365; P=0.0794132793)","Raw","All_control_except_phenotype","Raw All_control_except_phenotype"
"XXL_VLDL_PL","Phospholipids in Chylomicrons and Extremely Large VLDL","LC","1.084(95% CI:0.944-1.245; P=0.2542731978)","1.095(95% CI:1.06-1.13; P=0.0000000245)","1.156(95% CI:0.983-1.361; P=0.0804420327)","Raw","All_control_except_phenotype","Raw All_control_except_phenotype"
"XXL_VLDL_TG","Triglycerides in Chylomicrons and Extremely Large VLDL","LC","1.062(95% CI:0.921-1.225; P=0.4063902335)","1.09(95% CI:1.055-1.125; P=0.0000001218)","1.139(95% CI:0.964-1.346; P=0.1255058402)","Raw","All_control_except_phenotype","Raw All_control_except_phenotype"
"Acetate","Acetate","PCa","1.029(95% CI:0.97-1.092; P=0.3375644488)","0.992(95% CI:0.97-1.013; P=0.4436585735)","1.011(95% CI:0.926-1.103; P=0.8083136523)","Raw","All_control_except_phenotype","Raw All_control_except_phenotype"
"Acetoacetate","Acetoacetate","PCa","0.968(95% CI:0.879-1.066; P=0.5083014738)","1.006(95% CI:0.987-1.025; P=0.5515575443)","0.944(95% CI:0.846-1.053; P=0.3029656458)","Raw","All_control_except_phenotype","Raw All_control_except_phenotype"
"Acetone","Acetone","PCa","0.948(95% CI:0.853-1.053; P=0.3178075592)","1.018(95% CI:0.999-1.037; P=0.0650783895)","0.956(95% CI:0.858-1.066; P=0.4177989852)","Raw","All_control_except_phenotype","Raw All_control_except_phenotype"
"Ala","Alanine","PCa","0.946(95% CI:0.862-1.04; P=0.2512994346)","0.939(95% CI:0.921-0.958; P=0.0000000006)","0.999(95% CI:0.901-1.109; P=0.9912198716)","Raw","All_control_except_phenotype","Raw All_control_except_phenotype"
"Albumin","Albumin","PCa","1.084(95% CI:0.981-1.197; P=0.1128420405)","1.003(95% CI:0.983-1.024; P=0.748155076)","1.091(95% CI:0.982-1.212; P=0.1052454094)","Raw","All_control_except_phenotype","Raw All_control_except_phenotype"
"ApoA1","Apolipoprotein A1","PCa","0.969(95% CI:0.885-1.062; P=0.502492136)","1.012(95% CI:0.993-1.032; P=0.2120129172)","0.986(95% CI:0.891-1.092; P=0.7912072897)","Raw","All_control_except_phenotype","Raw All_control_except_phenotype"
"ApoB","Apolipoprotein B","PCa","1.126(95% CI:1.024-1.238; P=0.0143603856)","1.004(95% CI:0.984-1.024; P=0.690347225)","1.156(95% CI:1.042-1.283; P=0.0063044455)","Raw","All_control_except_phenotype","Raw All_control_except_phenotype"
"bOHbutyrate","3-Hydroxybutyrate","PCa","0.929(95% CI:0.836-1.033; P=0.172103951)","1.011(95% CI:0.992-1.03; P=0.2751188349)","0.961(95% CI:0.862-1.072; P=0.4774285022)","Raw","All_control_except_phenotype","Raw All_control_except_phenotype"
"Cholines","Total Cholines","PCa","1.047(95% CI:0.951-1.153; P=0.3452980748)","1.001(95% CI:0.981-1.02; P=0.9479850496)","1.088(95% CI:0.982-1.206; P=0.1083670563)","Raw","All_control_except_phenotype","Raw All_control_except_phenotype"
"Citrate","Citrate","PCa","0.886(95% CI:0.803-0.977; P=0.0150702313)","0.976(95% CI:0.957-0.996; P=0.0176805896)","0.91(95% CI:0.819-1.01; P=0.0752586358)","Raw","All_control_except_phenotype","Raw All_control_except_phenotype"
"Clinical_LDL_C","Clinical LDL Cholesterol","PCa","1.129(95% CI:1.026-1.242; P=0.0131424749)","1.025(95% CI:1.005-1.045; P=0.0151094786)","1.147(95% CI:1.032-1.276; P=0.0109601182)","Raw","All_control_except_phenotype","Raw All_control_except_phenotype"
"Creatinine","Creatinine","PCa","0.986(95% CI:0.9-1.081; P=0.7669367289)","1.007(95% CI:0.988-1.026; P=0.4674300553)","1.064(95% CI:0.962-1.178; P=0.2270025891)","Raw","All_control_except_phenotype","Raw All_control_except_phenotype"
"DHA","Docosahexaenoic Acid","PCa","0.969(95% CI:0.884-1.061; P=0.4931333027)","1.077(95% CI:1.058-1.097; P=0)","0.991(95% CI:0.895-1.097; P=0.8605235617)","Raw","All_control_except_phenotype","Raw All_control_except_phenotype"
"Gln","Glutamine","PCa","1.028(95% CI:0.938-1.127; P=0.5546167549)","0.989(95% CI:0.97-1.009; P=0.2857421118)","1.046(95% CI:0.943-1.16; P=0.3932636217)","Raw","All_control_except_phenotype","Raw All_control_except_phenotype"
"Glucose","Glucose","PCa","0.903(95% CI:0.821-0.993; P=0.0358111216)","0.946(95% CI:0.927-0.965; P=0.0000001035)","0.894(95% CI:0.802-0.997; P=0.0440023136)","Raw","All_control_except_phenotype","Raw All_control_except_phenotype"
"Gly","Glycine","PCa","0.979(95% CI:0.892-1.075; P=0.6549911043)","0.982(95% CI:0.962-1.001; P=0.0671063137)","1.061(95% CI:0.958-1.175; P=0.2538804519)","Raw","All_control_except_phenotype","Raw All_control_except_phenotype"
"GlycA","Glycoprotein Acetyls","PCa","1.065(95% CI:0.971-1.168; P=0.1806179337)","0.961(95% CI:0.942-0.981; P=0.0001071673)","1.124(95% CI:1.015-1.245; P=0.0249343395)","Raw","All_control_except_phenotype","Raw All_control_except_phenotype"
"HDL_C","HDL Cholesterol","PCa","0.96(95% CI:0.878-1.05; P=0.3706008239)","1.034(95% CI:1.014-1.054; P=0.0007532126)","0.961(95% CI:0.869-1.063; P=0.439873482)","Raw","All_control_except_phenotype","Raw All_control_except_phenotype"
"HDL_CE","Cholesteryl Esters in HDL","PCa","0.959(95% CI:0.877-1.048; P=0.3549048893)","1.036(95% CI:1.016-1.056; P=0.0002990994)","0.956(95% CI:0.864-1.057; P=0.3796672209)","Raw","All_control_except_phenotype","Raw All_control_except_phenotype"
"HDL_FC","Free Cholesterol in HDL","PCa","0.961(95% CI:0.878-1.053; P=0.3948387658)","1.022(95% CI:1.003-1.042; P=0.0245988721)","0.977(95% CI:0.883-1.079; P=0.6429131569)","Raw","All_control_except_phenotype","Raw All_control_except_phenotype"
"HDL_L","Total Lipids in HDL","PCa","0.957(95% CI:0.873-1.049; P=0.3471911835)","1.017(95% CI:0.998-1.037; P=0.0804990076)","0.971(95% CI:0.877-1.075; P=0.5763063322)","Raw","All_control_except_phenotype","Raw All_control_except_phenotype"
"HDL_PL","Phospholipids in HDL","PCa","0.952(95% CI:0.868-1.044; P=0.299281132)","1.01(95% CI:0.991-1.03; P=0.296804216)","0.969(95% CI:0.874-1.073; P=0.5410239793)","Raw","All_control_except_phenotype","Raw All_control_except_phenotype"
"HDL_TG","Triglycerides in HDL","PCa","1.016(95% CI:0.926-1.115; P=0.7374292622)","0.948(95% CI:0.929-0.968; P=0.0000003296)","1.054(95% CI:0.952-1.166; P=0.314215697)","Raw","All_control_except_phenotype","Raw All_control_except_phenotype"
"His","Histidine","PCa","1.036(95% CI:0.943-1.139; P=0.4592881665)","1.02(95% CI:1-1.04; P=0.0479832766)","1.055(95% CI:0.951-1.171; P=0.3099316377)","Raw","All_control_except_phenotype","Raw All_control_except_phenotype"
"IDL_C","Cholesterol in IDL","PCa","1.091(95% CI:0.994-1.197; P=0.0653512359)","1.029(95% CI:1.009-1.049; P=0.0040651575)","1.109(95% CI:1.001-1.229; P=0.0478954546)","Raw","All_control_except_phenotype","Raw All_control_except_phenotype"
"IDL_CE","Cholesteryl Esters in IDL","PCa","1.088(95% CI:0.992-1.194; P=0.0738318572)","1.027(95% CI:1.008-1.047; P=0.0059696256)","1.109(95% CI:1.001-1.228; P=0.0485305619)","Raw","All_control_except_phenotype","Raw All_control_except_phenotype"
"IDL_FC","Free Cholesterol in IDL","PCa","1.089(95% CI:0.994-1.192; P=0.0662029911)","1.027(95% CI:1.008-1.047; P=0.0064725428)","1.102(95% CI:0.995-1.219; P=0.0612091518)","Raw","All_control_except_phenotype","Raw All_control_except_phenotype"
"IDL_PL","Phospholipids in IDL","PCa","1.096(95% CI:0.999-1.202; P=0.0513652904)","1.02(95% CI:1-1.04; P=0.046358287)","1.115(95% CI:1.007-1.235; P=0.0364397321)","Raw","All_control_except_phenotype","Raw All_control_except_phenotype"
"IDL_TG","Triglycerides in IDL","PCa","1.032(95% CI:0.939-1.134; P=0.5129702935)","0.951(95% CI:0.931-0.971; P=0.0000016801)","1.068(95% CI:0.965-1.182; P=0.2010904467)","Raw","All_control_except_phenotype","Raw All_control_except_phenotype"
"Ile","Isoleucine","PCa","1.006(95% CI:0.919-1.102; P=0.8922491233)","0.99(95% CI:0.971-1.01; P=0.323236514)","1.006(95% CI:0.907-1.115; P=0.9163905998)","Raw","All_control_except_phenotype","Raw All_control_except_phenotype"
"L_HDL_C","Cholesterol in Large HDL","PCa","0.934(95% CI:0.853-1.022; P=0.1370563778)","1.041(95% CI:1.022-1.061; P=0.0000276107)","0.925(95% CI:0.835-1.025; P=0.1351936819)","Raw","All_control_except_phenotype","Raw All_control_except_phenotype"
"L_HDL_CE","Cholesteryl Esters in Large HDL","PCa","0.933(95% CI:0.852-1.021; P=0.1311355164)","1.043(95% CI:1.023-1.063; P=0.000013396)","0.922(95% CI:0.832-1.022; P=0.1222489824)","Raw","All_control_except_phenotype","Raw All_control_except_phenotype"
"L_HDL_FC","Free Cholesterol in Large HDL","PCa","0.932(95% CI:0.85-1.02; P=0.1272383813)","1.033(95% CI:1.014-1.053; P=0.0006579929)","0.929(95% CI:0.839-1.03; P=0.1605306629)","Raw","All_control_except_phenotype","Raw All_control_except_phenotype"
"L_HDL_PL","Phospholipids in Large HDL","PCa","0.922(95% CI:0.84-1.011; P=0.0847001515)","1.031(95% CI:1.011-1.051; P=0.0019669228)","0.922(95% CI:0.831-1.023; P=0.124347861)","Raw","All_control_except_phenotype","Raw All_control_except_phenotype"
"L_HDL_TG","Triglycerides in Large HDL","PCa","0.983(95% CI:0.894-1.081; P=0.7243421182)","0.969(95% CI:0.949-0.989; P=0.0023033849)","1.019(95% CI:0.919-1.13; P=0.7244571758)","Raw","All_control_except_phenotype","Raw All_control_except_phenotype"
"L_LDL_C","Cholesterol in Large LDL","PCa","1.118(95% CI:1.017-1.228; P=0.0206090429)","1.023(95% CI:1.003-1.044; P=0.0212237447)","1.138(95% CI:1.025-1.264; P=0.0151146041)","Raw","All_control_except_phenotype","Raw All_control_except_phenotype"
"L_LDL_CE","Cholesteryl Esters in Large LDL","PCa","1.12(95% CI:1.019-1.231; P=0.0183541331)","1.019(95% CI:1-1.04; P=0.0537731218)","1.144(95% CI:1.03-1.27; P=0.0116276186)","Raw","All_control_except_phenotype","Raw All_control_except_phenotype"
"L_LDL_FC","Free Cholesterol in Large LDL","PCa","1.1(95% CI:1.004-1.206; P=0.0404649293)","1.028(95% CI:1.008-1.048; P=0.0062923187)","1.115(95% CI:1.006-1.235; P=0.0384929437)","Raw","All_control_except_phenotype","Raw All_control_except_phenotype"
"L_LDL_PL","Phospholipids in Large LDL","PCa","1.117(95% CI:1.018-1.226; P=0.0197332389)","1.017(95% CI:0.998-1.037; P=0.0870945319)","1.14(95% CI:1.028-1.264; P=0.0128830731)","Raw","All_control_except_phenotype","Raw All_control_except_phenotype"
"L_LDL_TG","Triglycerides in Large LDL","PCa","1.038(95% CI:0.944-1.141; P=0.4399324374)","0.946(95% CI:0.927-0.966; P=0.000000169)","1.076(95% CI:0.973-1.191; P=0.1540223995)","Raw","All_control_except_phenotype","Raw All_control_except_phenotype"
"L_VLDL_C","Cholesterol in Large VLDL","PCa","1.095(95% CI:0.999-1.2; P=0.0523953961)","0.963(95% CI:0.944-0.982; P=0.0002074678)","1.137(95% CI:1.028-1.258; P=0.0122579674)","Raw","All_control_except_phenotype","Raw All_control_except_phenotype"
"L_VLDL_CE","Cholesteryl Esters in Large VLDL","PCa","1.106(95% CI:1.009-1.213; P=0.0313489558)","0.973(95% CI:0.954-0.993; P=0.0073278754)","1.146(95% CI:1.036-1.268; P=0.0080365622)","Raw","All_control_except_phenotype","Raw All_control_except_phenotype"
"L_VLDL_FC","Free Cholesterol in Large VLDL","PCa","1.082(95% CI:0.988-1.184; P=0.0893676293)","0.954(95% CI:0.935-0.973; P=0.0000048261)","1.124(95% CI:1.017-1.242; P=0.0213910177)","Raw","All_control_except_phenotype","Raw All_control_except_phenotype"
"L_VLDL_PL","Phospholipids in Large VLDL","PCa","1.073(95% CI:0.98-1.174; P=0.1268325976)","0.95(95% CI:0.931-0.97; P=0.0000008768)","1.116(95% CI:1.01-1.232; P=0.0309097857)","Raw","All_control_except_phenotype","Raw All_control_except_phenotype"
"L_VLDL_TG","Triglycerides in Large VLDL","PCa","1.064(95% CI:0.973-1.164; P=0.175055296)","0.955(95% CI:0.936-0.975; P=0.0000092023)","1.111(95% CI:1.006-1.227; P=0.0374761191)","Raw","All_control_except_phenotype","Raw All_control_except_phenotype"
"LA","Linoleic Acid","PCa","1.128(95% CI:1.024-1.243; P=0.0143797121)","0.989(95% CI:0.97-1.008; P=0.2631658915)","1.166(95% CI:1.05-1.296; P=0.0040597703)","Raw","All_control_except_phenotype","Raw All_control_except_phenotype"
"Lactate","Lactate","PCa","0.975(95% CI:0.888-1.07; P=0.5890144168)","0.986(95% CI:0.966-1.006; P=0.1704662745)","1.015(95% CI:0.916-1.125; P=0.7758084951)","Raw","All_control_except_phenotype","Raw All_control_except_phenotype"
"LDL_C","LDL Cholesterol","PCa","1.129(95% CI:1.026-1.243; P=0.012624926)","1.017(95% CI:0.997-1.037; P=0.0915674611)","1.154(95% CI:1.039-1.283; P=0.0076314417)","Raw","All_control_except_phenotype","Raw All_control_except_phenotype"
"LDL_CE","Cholesteryl Esters in LDL","PCa","1.132(95% CI:1.028-1.246; P=0.0113069245)","1.011(95% CI:0.991-1.031; P=0.2750762563)","1.161(95% CI:1.045-1.29; P=0.0055701095)","Raw","All_control_except_phenotype","Raw All_control_except_phenotype"
"LDL_FC","Free Cholesterol in LDL","PCa","1.11(95% CI:1.012-1.217; P=0.0274525887)","1.027(95% CI:1.007-1.047; P=0.0072625293)","1.125(95% CI:1.014-1.247; P=0.0259816377)","Raw","All_control_except_phenotype","Raw All_control_except_phenotype"
"LDL_L","Total Lipids in LDL","PCa","1.129(95% CI:1.025-1.243; P=0.0137911584)","1.012(95% CI:0.993-1.032; P=0.2255303943)","1.157(95% CI:1.041-1.286; P=0.0067362487)","Raw","All_control_except_phenotype","Raw All_control_except_phenotype"
"LDL_PL","Phospholipids in LDL","PCa","1.124(95% CI:1.023-1.236; P=0.0149390045)","1.011(95% CI:0.991-1.031; P=0.2684041009)","1.152(95% CI:1.038-1.278; P=0.0076733847)","Raw","All_control_except_phenotype","Raw All_control_except_phenotype"
"LDL_TG","Triglycerides in LDL","PCa","1.04(95% CI:0.947-1.143; P=0.4111870257)","0.944(95% CI:0.924-0.963; P=0.0000000467)","1.081(95% CI:0.978-1.196; P=0.1288538747)","Raw","All_control_except_phenotype","Raw All_control_except_phenotype"
"Leu","Leucine","PCa","1.024(95% CI:0.935-1.121; P=0.612038244)","0.986(95% CI:0.967-1.006; P=0.1685705343)","1.03(95% CI:0.931-1.14; P=0.5630141883)","Raw","All_control_except_phenotype","Raw All_control_except_phenotype"
"M_HDL_C","Cholesterol in Medium HDL","PCa","0.956(95% CI:0.874-1.047; P=0.3331310029)","1.022(95% CI:1.002-1.042; P=0.0287984291)","0.96(95% CI:0.867-1.063; P=0.4357991521)","Raw","All_control_except_phenotype","Raw All_control_except_phenotype"
"M_HDL_CE","Cholesteryl Esters in Medium HDL","PCa","0.955(95% CI:0.872-1.045; P=0.3130852079)","1.023(95% CI:1.003-1.043; P=0.0212455373)","0.955(95% CI:0.863-1.058; P=0.3815333923)","Raw","All_control_except_phenotype","Raw All_control_except_phenotype"
"M_HDL_FC","Free Cholesterol in Medium HDL","PCa","0.962(95% CI:0.878-1.053; P=0.4011628296)","1.016(95% CI:0.996-1.035; P=0.1189393599)","0.978(95% CI:0.884-1.082; P=0.6657924941)","Raw","All_control_except_phenotype","Raw All_control_except_phenotype"
"M_HDL_PL","Phospholipids in Medium HDL","PCa","0.961(95% CI:0.876-1.054; P=0.3962954648)","0.999(95% CI:0.98-1.019; P=0.9555750448)","0.979(95% CI:0.883-1.085; P=0.6802580734)","Raw","All_control_except_phenotype","Raw All_control_except_phenotype"
"M_HDL_TG","Triglycerides in Medium HDL","PCa","1.014(95% CI:0.924-1.112; P=0.7747781266)","0.949(95% CI:0.929-0.968; P=0.0000004526)","1.047(95% CI:0.946-1.159; P=0.3774082315)","Raw","All_control_except_phenotype","Raw All_control_except_phenotype"
"M_LDL_C","Cholesterol in Medium LDL","PCa","1.14(95% CI:1.036-1.253; P=0.0070484108)","1(95% CI:0.981-1.02; P=0.9624701146)","1.172(95% CI:1.056-1.301; P=0.0029337632)","Raw","All_control_except_phenotype","Raw All_control_except_phenotype"
"M_LDL_CE","Cholesteryl Esters in Medium LDL","PCa","1.141(95% CI:1.037-1.254; P=0.006630477)","0.992(95% CI:0.972-1.012; P=0.415798821)","1.176(95% CI:1.06-1.305; P=0.0022815409)","Raw","All_control_except_phenotype","Raw All_control_except_phenotype"
"M_LDL_FC","Free Cholesterol in Medium LDL","PCa","1.117(95% CI:1.019-1.225; P=0.0187504134)","1.02(95% CI:1.001-1.041; P=0.0439837987)","1.137(95% CI:1.026-1.261; P=0.0145334248)","Raw","All_control_except_phenotype","Raw All_control_except_phenotype"
"M_LDL_PL","Phospholipids in Medium LDL","PCa","1.129(95% CI:1.028-1.241; P=0.0113183564)","0.998(95% CI:0.978-1.018; P=0.8264895391)","1.164(95% CI:1.049-1.29; P=0.0041307246)","Raw","All_control_except_phenotype","Raw All_control_except_phenotype"
"M_LDL_TG","Triglycerides in Medium LDL","PCa","1.043(95% CI:0.951-1.145; P=0.3700267519)","0.941(95% CI:0.921-0.961; P=0.0000000127)","1.086(95% CI:0.983-1.2; P=0.1064030956)","Raw","All_control_except_phenotype","Raw All_control_except_phenotype"
"M_VLDL_C","Cholesterol in Medium VLDL","PCa","1.128(95% CI:1.028-1.238; P=0.0110332654)","1.015(95% CI:0.995-1.035; P=0.1442400888)","1.15(95% CI:1.038-1.275; P=0.0077019693)","Raw","All_control_except_phenotype","Raw All_control_except_phenotype"
"M_VLDL_CE","Cholesteryl Esters in Medium VLDL","PCa","1.117(95% CI:1.019-1.223; P=0.0177467017)","1.026(95% CI:1.006-1.046; P=0.0105101006)","1.128(95% CI:1.018-1.25; P=0.020970509)","Raw","All_control_except_phenotype","Raw All_control_except_phenotype"
"M_VLDL_FC","Free Cholesterol in Medium VLDL","PCa","1.127(95% CI:1.026-1.238; P=0.0121707303)","0.997(95% CI:0.978-1.017; P=0.7752951287)","1.161(95% CI:1.048-1.286; P=0.0043743472)","Raw","All_control_except_phenotype","Raw All_control_except_phenotype"
"M_VLDL_PL","Phospholipids in Medium VLDL","PCa","1.125(95% CI:1.024-1.236; P=0.0140720128)","0.987(95% CI:0.968-1.007; P=0.2123033016)","1.163(95% CI:1.049-1.289; P=0.003989401)","Raw","All_control_except_phenotype","Raw All_control_except_phenotype"
"M_VLDL_TG","Triglycerides in Medium VLDL","PCa","1.081(95% CI:0.987-1.184; P=0.0930927354)","0.962(95% CI:0.943-0.982; P=0.0001680073)","1.132(95% CI:1.024-1.251; P=0.0155070746)","Raw","All_control_except_phenotype","Raw All_control_except_phenotype"
"MUFA","Monounsaturated Fatty Acids","PCa","1.049(95% CI:0.953-1.154; P=0.3271289179)","0.941(95% CI:0.922-0.96; P=0.0000000036)","1.098(95% CI:0.991-1.217; P=0.0739181996)","Raw","All_control_except_phenotype","Raw All_control_except_phenotype"
"non_HDL_C","Total Cholesterol Minus HDL-C","PCa","1.128(95% CI:1.024-1.243; P=0.0145393665)","1.013(95% CI:0.994-1.033; P=0.1864254267)","1.158(95% CI:1.042-1.287; P=0.0066167508)","Raw","All_control_except_phenotype","Raw All_control_except_phenotype"
"Omega_3","Omega-3 Fatty Acids","PCa","0.972(95% CI:0.885-1.068; P=0.5566825702)","1.053(95% CI:1.033-1.073; P=0.0000001474)","1.008(95% CI:0.909-1.117; P=0.8811369069)","Raw","All_control_except_phenotype","Raw All_control_except_phenotype"
"Omega_6","Omega-6 Fatty Acids","PCa","1.121(95% CI:1.016-1.236; P=0.0224930528)","0.992(95% CI:0.973-1.012; P=0.4209420604)","1.164(95% CI:1.048-1.293; P=0.0047446485)","Raw","All_control_except_phenotype","Raw All_control_except_phenotype"
"Phe","Phenylalanine","PCa","0.969(95% CI:0.874-1.075; P=0.5513846117)","0.985(95% CI:0.965-1.005; P=0.1331517717)","1.012(95% CI:0.913-1.122; P=0.8188511836)","Raw","All_control_except_phenotype","Raw All_control_except_phenotype"
"Phosphatidylc","Phosphatidylcholines","PCa","1.034(95% CI:0.938-1.139; P=0.5037739014)","1(95% CI:0.98-1.019; P=0.9786274456)","1.072(95% CI:0.967-1.189; P=0.1846819276)","Raw","All_control_except_phenotype","Raw All_control_except_phenotype"
"Phosphoglyc","Phosphoglycerides","PCa","1.037(95% CI:0.941-1.142; P=0.4607562445)","0.993(95% CI:0.974-1.013; P=0.4995619772)","1.081(95% CI:0.974-1.198; P=0.1416019802)","Raw","All_control_except_phenotype","Raw All_control_except_phenotype"
"PUFA","Polyunsaturated Fatty Acids","PCa","1.09(95% CI:0.987-1.203; P=0.0891218516)","1.007(95% CI:0.988-1.027; P=0.4638657312)","1.138(95% CI:1.024-1.264; P=0.0164433168)","Raw","All_control_except_phenotype","Raw All_control_except_phenotype"
"Pyruvate","Pyruvate","PCa","0.901(95% CI:0.817-0.993; P=0.0349310999)","0.982(95% CI:0.962-1.003; P=0.091626416)","0.912(95% CI:0.817-1.017; P=0.0970820557)","Raw","All_control_except_phenotype","Raw All_control_except_phenotype"
"Remnant_C","Remnant Cholesterol (Non-HDL and Non-LDL -Cholesterol)","PCa","1.118(95% CI:1.015-1.231; P=0.0235980038)","1.006(95% CI:0.987-1.026; P=0.5334423435)","1.151(95% CI:1.036-1.278; P=0.0086258132)","Raw","All_control_except_phenotype","Raw All_control_except_phenotype"
"S_HDL_C","Cholesterol in Small HDL","PCa","1.077(95% CI:0.98-1.183; P=0.123040411)","1.004(95% CI:0.985-1.024; P=0.6668654045)","1.1(95% CI:0.992-1.221; P=0.0716823335)","Raw","All_control_except_phenotype","Raw All_control_except_phenotype"
"S_HDL_CE","Cholesteryl Esters in Small HDL","PCa","1.076(95% CI:0.979-1.182; P=0.1285269649)","1.009(95% CI:0.989-1.029; P=0.3829179753)","1.088(95% CI:0.98-1.209; P=0.1128944422)","Raw","All_control_except_phenotype","Raw All_control_except_phenotype"
"S_HDL_FC","Free Cholesterol in Small HDL","PCa","1.057(95% CI:0.962-1.162; P=0.2466109411)","0.99(95% CI:0.97-1.009; P=0.2962199529)","1.102(95% CI:0.995-1.221; P=0.0628451589)","Raw","All_control_except_phenotype","Raw All_control_except_phenotype"
"S_HDL_PL","Phospholipids in Small HDL","PCa","1.036(95% CI:0.944-1.138; P=0.4539028931)","0.98(95% CI:0.961-1; P=0.0482321545)","1.069(95% CI:0.965-1.185; P=0.2012036004)","Raw","All_control_except_phenotype","Raw All_control_except_phenotype"
"S_HDL_TG","Triglycerides in Small HDL","PCa","1.04(95% CI:0.95-1.139; P=0.3907327979)","0.94(95% CI:0.921-0.96; P=0.0000000036)","1.078(95% CI:0.975-1.191; P=0.1423302933)","Raw","All_control_except_phenotype","Raw All_control_except_phenotype"
"S_LDL_C","Cholesterol in Small LDL","PCa","1.133(95% CI:1.032-1.244; P=0.0090562328)","0.999(95% CI:0.98-1.019; P=0.9420572498)","1.164(95% CI:1.05-1.291; P=0.003911335)","Raw","All_control_except_phenotype","Raw All_control_except_phenotype"
"S_LDL_CE","Cholesteryl Esters in Small LDL","PCa","1.132(95% CI:1.03-1.243; P=0.009832151)","0.989(95% CI:0.969-1.008; P=0.258293011)","1.168(95% CI:1.053-1.294; P=0.0032278424)","Raw","All_control_except_phenotype","Raw All_control_except_phenotype"
"S_LDL_FC","Free Cholesterol in Small LDL","PCa","1.115(95% CI:1.017-1.221; P=0.0201024781)","1.026(95% CI:1.006-1.046; P=0.0115428157)","1.13(95% CI:1.019-1.253; P=0.0204031035)","Raw","All_control_except_phenotype","Raw All_control_except_phenotype"
"S_LDL_PL","Phospholipids in Small LDL","PCa","1.113(95% CI:1.015-1.221; P=0.0235436023)","1.002(95% CI:0.983-1.022; P=0.811490905)","1.145(95% CI:1.033-1.269; P=0.0096425565)","Raw","All_control_except_phenotype","Raw All_control_except_phenotype"
"S_LDL_TG","Triglycerides in Small LDL","PCa","1.042(95% CI:0.951-1.142; P=0.3725608393)","0.94(95% CI:0.92-0.96; P=0.0000000079)","1.086(95% CI:0.983-1.199; P=0.1042810347)","Raw","All_control_except_phenotype","Raw All_control_except_phenotype"
"S_VLDL_C","Cholesterol in Small VLDL","PCa","1.128(95% CI:1.026-1.239; P=0.0122510043)","0.994(95% CI:0.974-1.014; P=0.5408522341)","1.157(95% CI:1.044-1.282; P=0.0054391236)","Raw","All_control_except_phenotype","Raw All_control_except_phenotype"
"S_VLDL_CE","Cholesteryl Esters in Small VLDL","PCa","1.123(95% CI:1.023-1.233; P=0.0148806937)","0.989(95% CI:0.97-1.009; P=0.2723114968)","1.152(95% CI:1.04-1.275; P=0.0068034545)","Raw","All_control_except_phenotype","Raw All_control_except_phenotype"
"S_VLDL_FC","Free Cholesterol in Small VLDL","PCa","1.13(95% CI:1.029-1.24; P=0.0104399417)","1.001(95% CI:0.981-1.021; P=0.929221676)","1.158(95% CI:1.046-1.283; P=0.0048727792)","Raw","All_control_except_phenotype","Raw All_control_except_phenotype"
"S_VLDL_PL","Phospholipids in Small VLDL","PCa","1.12(95% CI:1.02-1.23; P=0.0178718873)","0.987(95% CI:0.968-1.007; P=0.2098126248)","1.157(95% CI:1.044-1.281; P=0.0052456564)","Raw","All_control_except_phenotype","Raw All_control_except_phenotype"
"S_VLDL_TG","Triglycerides in Small VLDL","PCa","1.052(95% CI:0.96-1.152; P=0.2760577797)","0.957(95% CI:0.937-0.976; P=0.0000180534)","1.098(95% CI:0.994-1.214; P=0.0662513226)","Raw","All_control_except_phenotype","Raw All_control_except_phenotype"
"SFA","Saturated Fatty Acids","PCa","1.046(95% CI:0.951-1.152; P=0.3526322613)","0.959(95% CI:0.94-0.978; P=0.000042684)","1.101(95% CI:0.994-1.219; P=0.0661113877)","Raw","All_control_except_phenotype","Raw All_control_except_phenotype"
"Sphingomyelins","Sphingomyelins","PCa","1.06(95% CI:0.966-1.162; P=0.2180437757)","1.026(95% CI:1.006-1.046; P=0.0093697868)","1.089(95% CI:0.985-1.205; P=0.0971958072)","Raw","All_control_except_phenotype","Raw All_control_except_phenotype"
"Total_C","Total Cholesterol","PCa","1.103(95% CI:1.003-1.213; P=0.0432828103)","1.021(95% CI:1.002-1.041; P=0.0333128074)","1.132(95% CI:1.02-1.256; P=0.0201626542)","Raw","All_control_except_phenotype","Raw All_control_except_phenotype"
"Total_CE","Total Esterified Cholesterol","PCa","1.099(95% CI:1-1.208; P=0.0495978218)","1.024(95% CI:1.004-1.044; P=0.0189841456)","1.126(95% CI:1.015-1.25; P=0.0250103819)","Raw","All_control_except_phenotype","Raw All_control_except_phenotype"
"Total_FA","Total Fatty Acids","PCa","1.062(95% CI:0.963-1.17; P=0.2282993002)","0.965(95% CI:0.946-0.985; P=0.0005332486)","1.116(95% CI:1.006-1.237; P=0.0381927014)","Raw","All_control_except_phenotype","Raw All_control_except_phenotype"
"Total_FC","Total Free Cholesterol","PCa","1.106(95% CI:1.006-1.217; P=0.0371088436)","1.013(95% CI:0.993-1.033; P=0.2060613037)","1.138(95% CI:1.026-1.263; P=0.0148378265)","Raw","All_control_except_phenotype","Raw All_control_except_phenotype"
"Total_L","Total Lipids in Lipoprotein Particles","PCa","1.091(95% CI:0.99-1.202; P=0.0793364758)","0.992(95% CI:0.973-1.012; P=0.4253125063)","1.138(95% CI:1.025-1.264; P=0.0150685247)","Raw","All_control_except_phenotype","Raw All_control_except_phenotype"
"Total_PL","Total Phospholipids in Lipoprotein Particles","PCa","1.063(95% CI:0.966-1.17; P=0.2125054491)","0.998(95% CI:0.979-1.018; P=0.8765684734)","1.105(95% CI:0.996-1.225; P=0.0591575707)","Raw","All_control_except_phenotype","Raw All_control_except_phenotype"
"Total_TG","Total Triglycerides","PCa","1.051(95% CI:0.958-1.153; P=0.2955640174)","0.949(95% CI:0.93-0.969; P=0.0000004132)","1.101(95% CI:0.994-1.219; P=0.0651225622)","Raw","All_control_except_phenotype","Raw All_control_except_phenotype"
"Tyr","Tyrosine","PCa","0.978(95% CI:0.891-1.074; P=0.6451575515)","0.95(95% CI:0.931-0.969; P=0.0000004569)","0.985(95% CI:0.888-1.093; P=0.7759389461)","Raw","All_control_except_phenotype","Raw All_control_except_phenotype"
"Unsaturation","Degree of Unsaturation","PCa","0.976(95% CI:0.893-1.067; P=0.5964481445)","1.104(95% CI:1.082-1.125; P=0)","0.958(95% CI:0.866-1.061; P=0.4102411626)","Raw","All_control_except_phenotype","Raw All_control_except_phenotype"
"Val","Valine","PCa","1.02(95% CI:0.93-1.119; P=0.6731984847)","0.976(95% CI:0.957-0.996; P=0.0164012906)","1.02(95% CI:0.92-1.13; P=0.7090709774)","Raw","All_control_except_phenotype","Raw All_control_except_phenotype"
"VLDL_C","VLDL Cholesterol","PCa","1.119(95% CI:1.017-1.231; P=0.0216832203)","0.983(95% CI:0.964-1.003; P=0.0976386529)","1.158(95% CI:1.043-1.285; P=0.0058555691)","Raw","All_control_except_phenotype","Raw All_control_except_phenotype"
"VLDL_CE","Cholesteryl Esters in VLDL","PCa","1.123(95% CI:1.022-1.235; P=0.016413425)","0.992(95% CI:0.973-1.012; P=0.4382114817)","1.157(95% CI:1.043-1.283; P=0.005933098)","Raw","All_control_except_phenotype","Raw All_control_except_phenotype"
"VLDL_FC","Free Cholesterol in VLDL","PCa","1.104(95% CI:1.006-1.213; P=0.0378742599)","0.97(95% CI:0.951-0.99; P=0.0029847303)","1.146(95% CI:1.035-1.27; P=0.0088175153)","Raw","All_control_except_phenotype","Raw All_control_except_phenotype"
"VLDL_L","Total Lipids in VLDL","PCa","1.083(95% CI:0.985-1.191; P=0.097507344)","0.961(95% CI:0.942-0.98; P=0.0000888449)","1.134(95% CI:1.022-1.257; P=0.0173687814)","Raw","All_control_except_phenotype","Raw All_control_except_phenotype"
"VLDL_PL","Phospholipids in VLDL","PCa","1.093(95% CI:0.995-1.2; P=0.0642740724)","0.963(95% CI:0.944-0.983; P=0.0002336819)","1.137(95% CI:1.026-1.259; P=0.0138407822)","Raw","All_control_except_phenotype","Raw All_control_except_phenotype"
"VLDL_TG","Triglycerides in VLDL","PCa","1.056(95% CI:0.963-1.157; P=0.2471395808)","0.951(95% CI:0.932-0.97; P=0.000000929)","1.105(95% CI:0.998-1.223; P=0.0544460383)","Raw","All_control_except_phenotype","Raw All_control_except_phenotype"
"XL_HDL_C","Cholesterol in Very Large HDL","PCa","0.954(95% CI:0.873-1.042; P=0.297217299)","1.037(95% CI:1.018-1.057; P=0.0001137367)","0.95(95% CI:0.859-1.05; P=0.3142666573)","Raw","All_control_except_phenotype","Raw All_control_except_phenotype"
"XL_HDL_CE","Cholesteryl Esters in Very Large HDL","PCa","0.953(95% CI:0.872-1.041; P=0.2865603525)","1.039(95% CI:1.02-1.059; P=0.0000510143)","0.948(95% CI:0.858-1.048; P=0.2991463984)","Raw","All_control_except_phenotype","Raw All_control_except_phenotype"
"XL_HDL_FC","Free Cholesterol in Very Large HDL","PCa","0.957(95% CI:0.876-1.046; P=0.3373170698)","1.028(95% CI:1.009-1.047; P=0.0042304447)","0.956(95% CI:0.865-1.056; P=0.3753207372)","Raw","All_control_except_phenotype","Raw All_control_except_phenotype"
"XL_HDL_PL","Phospholipids in Very Large HDL","PCa","0.929(95% CI:0.847-1.019; P=0.1171942511)","1.031(95% CI:1.011-1.05; P=0.0016715731)","0.924(95% CI:0.834-1.025; P=0.1366812237)","Raw","All_control_except_phenotype","Raw All_control_except_phenotype"
"XL_HDL_TG","Triglycerides in Very Large HDL","PCa","1.015(95% CI:0.924-1.115; P=0.7617081675)","0.956(95% CI:0.936-0.976; P=0.0000165235)","1.057(95% CI:0.954-1.17; P=0.2891332234)","Raw","All_control_except_phenotype","Raw All_control_except_phenotype"
"XL_VLDL_C","Cholesterol in Very Large VLDL","PCa","1.092(95% CI:0.997-1.196; P=0.0571282641)","0.955(95% CI:0.936-0.975; P=0.0000104654)","1.133(95% CI:1.026-1.252; P=0.0141015306)","Raw","All_control_except_phenotype","Raw All_control_except_phenotype"
"XL_VLDL_CE","Cholesteryl Esters in Very Large VLDL","PCa","1.114(95% CI:1.016-1.221; P=0.021749463)","0.964(95% CI:0.945-0.984; P=0.0003493774)","1.152(95% CI:1.042-1.274; P=0.0058795393)","Raw","All_control_except_phenotype","Raw All_control_except_phenotype"
"XL_VLDL_FC","Free Cholesterol in Very Large VLDL","PCa","1.069(95% CI:0.977-1.169; P=0.146590052)","0.948(95% CI:0.929-0.968; P=0.0000003721)","1.11(95% CI:1.006-1.225; P=0.0382810039)","Raw","All_control_except_phenotype","Raw All_control_except_phenotype"
"XL_VLDL_PL","Phospholipids in Very Large VLDL","PCa","1.063(95% CI:0.972-1.163; P=0.1804215752)","0.946(95% CI:0.926-0.965; P=0.0000000854)","1.105(95% CI:1.001-1.22; P=0.0479508036)","Raw","All_control_except_phenotype","Raw All_control_except_phenotype"
"XL_VLDL_TG","Triglycerides in Very Large VLDL","PCa","1.048(95% CI:0.958-1.146; P=0.3091120313)","0.944(95% CI:0.925-0.963; P=0.0000000326)","1.092(95% CI:0.988-1.206; P=0.0839652865)","Raw","All_control_except_phenotype","Raw All_control_except_phenotype"
"XS_VLDL_C","Cholesterol in Very Small VLDL","PCa","1.088(95% CI:0.991-1.194; P=0.0766343035)","1.013(95% CI:0.993-1.032; P=0.2008881581)","1.109(95% CI:1.002-1.229; P=0.0461245562)","Raw","All_control_except_phenotype","Raw All_control_except_phenotype"
"XS_VLDL_CE","Cholesteryl Esters in Very Small VLDL","PCa","1.086(95% CI:0.99-1.191; P=0.081191096)","1.019(95% CI:0.999-1.038; P=0.061286178)","1.104(95% CI:0.997-1.222; P=0.0564700884)","Raw","All_control_except_phenotype","Raw All_control_except_phenotype"
"XS_VLDL_FC","Free Cholesterol in Very Small VLDL","PCa","1.086(95% CI:0.989-1.193; P=0.0829383668)","0.997(95% CI:0.977-1.016; P=0.7357087483)","1.113(95% CI:1.005-1.232; P=0.0395860714)","Raw","All_control_except_phenotype","Raw All_control_except_phenotype"
"XS_VLDL_PL","Phospholipids in Very Small VLDL","PCa","1.074(95% CI:0.978-1.18; P=0.1369220055)","0.983(95% CI:0.964-1.003; P=0.0913224559)","1.101(95% CI:0.995-1.219; P=0.0629036868)","Raw","All_control_except_phenotype","Raw All_control_except_phenotype"
"XS_VLDL_TG","Triglycerides in Very Small VLDL","PCa","1.034(95% CI:0.943-1.134; P=0.4787501694)","0.95(95% CI:0.93-0.97; P=0.0000010044)","1.071(95% CI:0.968-1.184; P=0.184106849)","Raw","All_control_except_phenotype","Raw All_control_except_phenotype"
"XXL_VLDL_C","Cholesterol in Chylomicrons and Extremely Large VLDL","PCa","1.042(95% CI:0.952-1.141; P=0.3687774106)","0.939(95% CI:0.92-0.959; P=0.0000000026)","1.081(95% CI:0.978-1.194; P=0.1274870878)","Raw","All_control_except_phenotype","Raw All_control_except_phenotype"
"XXL_VLDL_CE","Cholesteryl Esters in Chylomicrons and Extremely Large VLDL","PCa","1.052(95% CI:0.962-1.151; P=0.265119551)","0.94(95% CI:0.921-0.96; P=0.0000000067)","1.091(95% CI:0.988-1.205; P=0.0841252091)","Raw","All_control_except_phenotype","Raw All_control_except_phenotype"
"XXL_VLDL_FC","Free Cholesterol in Chylomicrons and Extremely Large VLDL","PCa","1.028(95% CI:0.939-1.125; P=0.5553527522)","0.937(95% CI:0.918-0.957; P=0.0000000014)","1.064(95% CI:0.963-1.177; P=0.2228730913)","Raw","All_control_except_phenotype","Raw All_control_except_phenotype"
"XXL_VLDL_PL","Phospholipids in Chylomicrons and Extremely Large VLDL","PCa","1.019(95% CI:0.931-1.116; P=0.6837599155)","0.935(95% CI:0.916-0.955; P=0.0000000005)","1.056(95% CI:0.955-1.168; P=0.286337009)","Raw","All_control_except_phenotype","Raw All_control_except_phenotype"
"XXL_VLDL_TG","Triglycerides in Chylomicrons and Extremely Large VLDL","PCa","1.024(95% CI:0.935-1.122; P=0.606621041)","0.938(95% CI:0.918-0.957; P=0.0000000012)","1.063(95% CI:0.961-1.175; P=0.2366285162)","Raw","All_control_except_phenotype","Raw All_control_except_phenotype"
"Acetate","Acetate","PCa_after_70","1.061(95% CI:0.997-1.128; P=0.0618823578)","0.999(95% CI:0.965-1.035; P=0.9725409142)","1.043(95% CI:0.947-1.149; P=0.3912312462)","Raw","All_control_except_phenotype","Raw All_control_except_phenotype"
"Acetoacetate","Acetoacetate","PCa_after_70","1.004(95% CI:0.882-1.144; P=0.9488617134)","1.015(95% CI:0.986-1.046; P=0.3092064975)","0.973(95% CI:0.824-1.149; P=0.7462727933)","Raw","All_control_except_phenotype","Raw All_control_except_phenotype"
"Acetone","Acetone","PCa_after_70","0.949(95% CI:0.819-1.101; P=0.4907743583)","1.036(95% CI:1.006-1.067; P=0.0187504875)","0.971(95% CI:0.827-1.142; P=0.7244625251)","Raw","All_control_except_phenotype","Raw All_control_except_phenotype"
"Ala","Alanine","PCa_after_70","0.939(95% CI:0.826-1.067; P=0.334736197)","0.972(95% CI:0.942-1.003; P=0.0764768521)","1.041(95% CI:0.885-1.224; P=0.6301255408)","Raw","All_control_except_phenotype","Raw All_control_except_phenotype"
"Albumin","Albumin","PCa_after_70","1.079(95% CI:0.942-1.237; P=0.2712160269)","1.016(95% CI:0.984-1.048; P=0.3376096174)","1.106(95% CI:0.937-1.305; P=0.2348857363)","Raw","All_control_except_phenotype","Raw All_control_except_phenotype"
"ApoA1","Apolipoprotein A1","PCa_after_70","0.94(95% CI:0.831-1.063; P=0.3243002685)","1.034(95% CI:1.003-1.066; P=0.0322256032)","0.956(95% CI:0.818-1.117; P=0.5702452909)","Raw","All_control_except_phenotype","Raw All_control_except_phenotype"
"ApoB","Apolipoprotein B","PCa_after_70","1.028(95% CI:0.904-1.169; P=0.6709016021)","0.99(95% CI:0.96-1.021; P=0.5160225354)","1.047(95% CI:0.893-1.228; P=0.571641563)","Raw","All_control_except_phenotype","Raw All_control_except_phenotype"
"bOHbutyrate","3-Hydroxybutyrate","PCa_after_70","0.948(95% CI:0.823-1.092; P=0.4588370488)","1.02(95% CI:0.991-1.05; P=0.178341647)","1.023(95% CI:0.88-1.19; P=0.7639948035)","Raw","All_control_except_phenotype","Raw All_control_except_phenotype"
"Cholines","Total Cholines","PCa_after_70","0.955(95% CI:0.838-1.088; P=0.4893567324)","1.012(95% CI:0.982-1.044; P=0.4392115024)","0.995(95% CI:0.849-1.168; P=0.9556579426)","Raw","All_control_except_phenotype","Raw All_control_except_phenotype"
"Citrate","Citrate","PCa_after_70","0.866(95% CI:0.761-0.986; P=0.0294064324)","1.003(95% CI:0.973-1.035; P=0.8290197615)","0.892(95% CI:0.762-1.045; P=0.1575076416)","Raw","All_control_except_phenotype","Raw All_control_except_phenotype"
"Clinical_LDL_C","Clinical LDL Cholesterol","PCa_after_70","1.05(95% CI:0.926-1.192; P=0.4440940183)","1.011(95% CI:0.981-1.043; P=0.4621931105)","1.053(95% CI:0.898-1.233; P=0.5267272209)","Raw","All_control_except_phenotype","Raw All_control_except_phenotype"
"Creatinine","Creatinine","PCa_after_70","0.92(95% CI:0.817-1.037; P=0.1733278974)","1.015(95% CI:0.986-1.045; P=0.3054760129)","1.015(95% CI:0.871-1.182; P=0.8525831968)","Raw","All_control_except_phenotype","Raw All_control_except_phenotype"
"DHA","Docosahexaenoic Acid","PCa_after_70","0.945(95% CI:0.837-1.068; P=0.3686074225)","1.062(95% CI:1.031-1.093; P=0.0000512586)","0.97(95% CI:0.829-1.134; P=0.6998998819)","Raw","All_control_except_phenotype","Raw All_control_except_phenotype"
"Gln","Glutamine","PCa_after_70","1.056(95% CI:0.932-1.196; P=0.3933811803)","1.006(95% CI:0.975-1.038; P=0.6923008805)","1.099(95% CI:0.938-1.288; P=0.243625752)","Raw","All_control_except_phenotype","Raw All_control_except_phenotype"
"Glucose","Glucose","PCa_after_70","0.932(95% CI:0.824-1.053; P=0.2571841083)","0.964(95% CI:0.934-0.996; P=0.0255817359)","0.921(95% CI:0.785-1.081; P=0.3131114248)","Raw","All_control_except_phenotype","Raw All_control_except_phenotype"
"Gly","Glycine","PCa_after_70","0.923(95% CI:0.812-1.05; P=0.2224928821)","0.969(95% CI:0.938-1.001; P=0.0538377382)","1.056(95% CI:0.903-1.235; P=0.4953727802)","Raw","All_control_except_phenotype","Raw All_control_except_phenotype"
"GlycA","Glycoprotein Acetyls","PCa_after_70","1.013(95% CI:0.89-1.153; P=0.8440050567)","0.971(95% CI:0.94-1.003; P=0.0714012437)","1.122(95% CI:0.954-1.319; P=0.1653545567)","Raw","All_control_except_phenotype","Raw All_control_except_phenotype"
"HDL_C","HDL Cholesterol","PCa_after_70","0.949(95% CI:0.842-1.069; P=0.3877298907)","1.044(95% CI:1.013-1.076; P=0.0048997633)","0.94(95% CI:0.807-1.094; P=0.4240706791)","Raw","All_control_except_phenotype","Raw All_control_except_phenotype"
"HDL_CE","Cholesteryl Esters in HDL","PCa_after_70","0.955(95% CI:0.848-1.076; P=0.4467094008)","1.047(95% CI:1.016-1.079; P=0.0026032362)","0.942(95% CI:0.808-1.097; P=0.4419559293)","Raw","All_control_except_phenotype","Raw All_control_except_phenotype"
"HDL_FC","Free Cholesterol in HDL","PCa_after_70","0.932(95% CI:0.826-1.052; P=0.2523683725)","1.029(95% CI:0.999-1.06; P=0.0582821114)","0.94(95% CI:0.808-1.094; P=0.4255113658)","Raw","All_control_except_phenotype","Raw All_control_except_phenotype"
"HDL_L","Total Lipids in HDL","PCa_after_70","0.932(95% CI:0.824-1.054; P=0.2628723537)","1.035(95% CI:1.004-1.067; P=0.0262280019)","0.943(95% CI:0.807-1.102; P=0.4614348686)","Raw","All_control_except_phenotype","Raw All_control_except_phenotype"
"HDL_PL","Phospholipids in HDL","PCa_after_70","0.931(95% CI:0.822-1.056; P=0.2670086655)","1.032(95% CI:1.001-1.064; P=0.0446566472)","0.95(95% CI:0.812-1.113; P=0.5271279664)","Raw","All_control_except_phenotype","Raw All_control_except_phenotype"
"HDL_TG","Triglycerides in HDL","PCa_after_70","0.946(95% CI:0.825-1.085; P=0.425275034)","0.96(95% CI:0.929-0.993; P=0.0176606852)","1.004(95% CI:0.85-1.185; P=0.9641629582)","Raw","All_control_except_phenotype","Raw All_control_except_phenotype"
"His","Histidine","PCa_after_70","1.025(95% CI:0.9-1.167; P=0.709978392)","0.997(95% CI:0.965-1.03; P=0.8477892619)","1.058(95% CI:0.899-1.245; P=0.49899929)","Raw","All_control_except_phenotype","Raw All_control_except_phenotype"
"IDL_C","Cholesterol in IDL","PCa_after_70","1.006(95% CI:0.889-1.137; P=0.9265409325)","1.015(95% CI:0.985-1.046; P=0.3274905138)","0.999(95% CI:0.856-1.164; P=0.9854706416)","Raw","All_control_except_phenotype","Raw All_control_except_phenotype"
"IDL_CE","Cholesteryl Esters in IDL","PCa_after_70","0.998(95% CI:0.882-1.129; P=0.9780867788)","1.014(95% CI:0.984-1.045; P=0.3507315722)","0.993(95% CI:0.851-1.158; P=0.9277324963)","Raw","All_control_except_phenotype","Raw All_control_except_phenotype"
"IDL_FC","Free Cholesterol in IDL","PCa_after_70","1.016(95% CI:0.9-1.148; P=0.7927116721)","1.012(95% CI:0.982-1.043; P=0.4483694986)","1.005(95% CI:0.861-1.172; P=0.9536612051)","Raw","All_control_except_phenotype","Raw All_control_except_phenotype"
"IDL_PL","Phospholipids in IDL","PCa_after_70","1.008(95% CI:0.89-1.142; P=0.8945636899)","1.005(95% CI:0.975-1.035; P=0.7666524641)","1.004(95% CI:0.859-1.174; P=0.9560420944)","Raw","All_control_except_phenotype","Raw All_control_except_phenotype"
"IDL_TG","Triglycerides in IDL","PCa_after_70","0.937(95% CI:0.814-1.08; P=0.3703201432)","0.95(95% CI:0.918-0.983; P=0.0032663036)","0.983(95% CI:0.829-1.166; P=0.8450571422)","Raw","All_control_except_phenotype","Raw All_control_except_phenotype"
"Ile","Isoleucine","PCa_after_70","1.03(95% CI:0.909-1.166; P=0.6455855096)","1.01(95% CI:0.979-1.042; P=0.5249352155)","1.034(95% CI:0.881-1.213; P=0.682773403)","Raw","All_control_except_phenotype","Raw All_control_except_phenotype"
"L_HDL_C","Cholesterol in Large HDL","PCa_after_70","0.934(95% CI:0.829-1.052; P=0.2612189518)","1.038(95% CI:1.008-1.069; P=0.0127450281)","0.91(95% CI:0.781-1.06; P=0.2255636443)","Raw","All_control_except_phenotype","Raw All_control_except_phenotype"
"L_HDL_CE","Cholesteryl Esters in Large HDL","PCa_after_70","0.936(95% CI:0.831-1.054; P=0.2758970154)","1.04(95% CI:1.009-1.071; P=0.0097685256)","0.91(95% CI:0.781-1.061; P=0.2289748121)","Raw","All_control_except_phenotype","Raw All_control_except_phenotype"
"L_HDL_FC","Free Cholesterol in Large HDL","PCa_after_70","0.928(95% CI:0.823-1.046; P=0.2193896837)","1.029(95% CI:1-1.06; P=0.0517792158)","0.914(95% CI:0.784-1.065; P=0.2473364908)","Raw","All_control_except_phenotype","Raw All_control_except_phenotype"
"L_HDL_PL","Phospholipids in Large HDL","PCa_after_70","0.92(95% CI:0.813-1.04; P=0.1822974752)","1.035(95% CI:1.005-1.067; P=0.0232312606)","0.912(95% CI:0.78-1.065; P=0.2446032257)","Raw","All_control_except_phenotype","Raw All_control_except_phenotype"
"L_HDL_TG","Triglycerides in Large HDL","PCa_after_70","0.902(95% CI:0.784-1.039; P=0.1529088892)","0.976(95% CI:0.944-1.008; P=0.1414395194)","0.948(95% CI:0.798-1.125; P=0.5402605854)","Raw","All_control_except_phenotype","Raw All_control_except_phenotype"
"L_LDL_C","Cholesterol in Large LDL","PCa_after_70","1.039(95% CI:0.917-1.178; P=0.5467382002)","1.009(95% CI:0.979-1.041; P=0.5596726996)","1.043(95% CI:0.891-1.222; P=0.6004337216)","Raw","All_control_except_phenotype","Raw All_control_except_phenotype"
"L_LDL_CE","Cholesteryl Esters in Large LDL","PCa_after_70","1.038(95% CI:0.915-1.177; P=0.5590571592)","1.006(95% CI:0.975-1.038; P=0.7004299514)","1.047(95% CI:0.893-1.227; P=0.5706831832)","Raw","All_control_except_phenotype","Raw All_control_except_phenotype"
"L_LDL_FC","Free Cholesterol in Large LDL","PCa_after_70","1.031(95% CI:0.912-1.166; P=0.6242229871)","1.011(95% CI:0.981-1.043; P=0.4756884585)","1.024(95% CI:0.875-1.198; P=0.7717414314)","Raw","All_control_except_phenotype","Raw All_control_except_phenotype"
"L_LDL_PL","Phospholipids in Large LDL","PCa_after_70","1.031(95% CI:0.909-1.169; P=0.632413425)","1.005(95% CI:0.975-1.037; P=0.736299436)","1.035(95% CI:0.883-1.213; P=0.6699605442)","Raw","All_control_except_phenotype","Raw All_control_except_phenotype"
"L_LDL_TG","Triglycerides in Large LDL","PCa_after_70","0.942(95% CI:0.817-1.085; P=0.4071547787)","0.946(95% CI:0.914-0.979; P=0.0014382588)","0.99(95% CI:0.834-1.175; P=0.9103878911)","Raw","All_control_except_phenotype","Raw All_control_except_phenotype"
"L_VLDL_C","Cholesterol in Large VLDL","PCa_after_70","1.015(95% CI:0.891-1.157; P=0.8187886102)","0.961(95% CI:0.931-0.993; P=0.0180313969)","1.077(95% CI:0.918-1.262; P=0.3640734056)","Raw","All_control_except_phenotype","Raw All_control_except_phenotype"
"L_VLDL_CE","Cholesteryl Esters in Large VLDL","PCa_after_70","1.015(95% CI:0.89-1.157; P=0.8252340741)","0.968(95% CI:0.937-1; P=0.0513394651)","1.066(95% CI:0.909-1.251; P=0.4307306589)","Raw","All_control_except_phenotype","Raw All_control_except_phenotype"
"L_VLDL_FC","Free Cholesterol in Large VLDL","PCa_after_70","1.014(95% CI:0.89-1.156; P=0.8353988937)","0.955(95% CI:0.924-0.987; P=0.0068001431)","1.08(95% CI:0.922-1.266; P=0.340191762)","Raw","All_control_except_phenotype","Raw All_control_except_phenotype"
"L_VLDL_PL","Phospholipids in Large VLDL","PCa_after_70","1.009(95% CI:0.886-1.15; P=0.8870568837)","0.953(95% CI:0.922-0.985; P=0.004312859)","1.079(95% CI:0.921-1.263; P=0.3477859084)","Raw","All_control_except_phenotype","Raw All_control_except_phenotype"
"L_VLDL_TG","Triglycerides in Large VLDL","PCa_after_70","1.017(95% CI:0.895-1.156; P=0.794029771)","0.961(95% CI:0.93-0.993; P=0.0166057859)","1.1(95% CI:0.942-1.284; P=0.2291268392)","Raw","All_control_except_phenotype","Raw All_control_except_phenotype"
"LA","Linoleic Acid","PCa_after_70","1.013(95% CI:0.888-1.154; P=0.852640828)","0.994(95% CI:0.964-1.026; P=0.7168182169)","1.045(95% CI:0.89-1.228; P=0.5897858766)","Raw","All_control_except_phenotype","Raw All_control_except_phenotype"
"Lactate","Lactate","PCa_after_70","0.902(95% CI:0.793-1.027; P=0.1183703479)","1.002(95% CI:0.969-1.035; P=0.9263902203)","0.941(95% CI:0.8-1.106; P=0.4595107345)","Raw","All_control_except_phenotype","Raw All_control_except_phenotype"
"LDL_C","LDL Cholesterol","PCa_after_70","1.047(95% CI:0.923-1.189; P=0.475521481)","1.005(95% CI:0.974-1.036; P=0.7643962597)","1.06(95% CI:0.904-1.243; P=0.471871964)","Raw","All_control_except_phenotype","Raw All_control_except_phenotype"
"LDL_CE","Cholesteryl Esters in LDL","PCa_after_70","1.046(95% CI:0.921-1.188; P=0.4886283511)","1(95% CI:0.97-1.032; P=0.9939041178)","1.066(95% CI:0.909-1.251; P=0.4328139669)","Raw","All_control_except_phenotype","Raw All_control_except_phenotype"
"LDL_FC","Free Cholesterol in LDL","PCa_after_70","1.039(95% CI:0.918-1.176; P=0.5454751085)","1.011(95% CI:0.98-1.043; P=0.4914444277)","1.034(95% CI:0.882-1.211; P=0.6810236378)","Raw","All_control_except_phenotype","Raw All_control_except_phenotype"
"LDL_L","Total Lipids in LDL","PCa_after_70","1.04(95% CI:0.916-1.182; P=0.5428122968)","1.001(95% CI:0.971-1.032; P=0.9591123017)","1.058(95% CI:0.902-1.241; P=0.4858694434)","Raw","All_control_except_phenotype","Raw All_control_except_phenotype"
"LDL_PL","Phospholipids in LDL","PCa_after_70","1.035(95% CI:0.912-1.175; P=0.5954094914)","0.999(95% CI:0.968-1.03; P=0.9422549684)","1.049(95% CI:0.894-1.23; P=0.559014048)","Raw","All_control_except_phenotype","Raw All_control_except_phenotype"
"LDL_TG","Triglycerides in LDL","PCa_after_70","0.948(95% CI:0.823-1.092; P=0.4582006842)","0.944(95% CI:0.912-0.977; P=0.0010185371)","1.005(95% CI:0.848-1.191; P=0.9533578701)","Raw","All_control_except_phenotype","Raw All_control_except_phenotype"
"Leu","Leucine","PCa_after_70","1.044(95% CI:0.924-1.181; P=0.4884117729)","1.006(95% CI:0.975-1.038; P=0.703291904)","1.067(95% CI:0.915-1.245; P=0.4092338785)","Raw","All_control_except_phenotype","Raw All_control_except_phenotype"
"M_HDL_C","Cholesterol in Medium HDL","PCa_after_70","0.955(95% CI:0.845-1.079; P=0.46094524)","1.044(95% CI:1.013-1.077; P=0.0053386142)","0.96(95% CI:0.821-1.121; P=0.6037903059)","Raw","All_control_except_phenotype","Raw All_control_except_phenotype"
"M_HDL_CE","Cholesteryl Esters in Medium HDL","PCa_after_70","0.959(95% CI:0.849-1.084; P=0.5041849518)","1.046(95% CI:1.015-1.079; P=0.0037849378)","0.961(95% CI:0.822-1.124; P=0.6171490699)","Raw","All_control_except_phenotype","Raw All_control_except_phenotype"
"M_HDL_FC","Free Cholesterol in Medium HDL","PCa_after_70","0.941(95% CI:0.832-1.064; P=0.3306622021)","1.035(95% CI:1.004-1.066; P=0.0285488556)","0.959(95% CI:0.821-1.12; P=0.5946858799)","Raw","All_control_except_phenotype","Raw All_control_except_phenotype"
"M_HDL_PL","Phospholipids in Medium HDL","PCa_after_70","0.947(95% CI:0.834-1.075; P=0.3971609722)","1.029(95% CI:0.997-1.061; P=0.076033332)","0.976(95% CI:0.831-1.146; P=0.7686982838)","Raw","All_control_except_phenotype","Raw All_control_except_phenotype"
"M_HDL_TG","Triglycerides in Medium HDL","PCa_after_70","0.952(95% CI:0.831-1.091; P=0.4814322778)","0.965(95% CI:0.934-0.998; P=0.0367822064)","1.004(95% CI:0.851-1.185; P=0.9600686029)","Raw","All_control_except_phenotype","Raw All_control_except_phenotype"
"M_LDL_C","Cholesterol in Medium LDL","PCa_after_70","1.054(95% CI:0.927-1.199; P=0.419865322)","0.992(95% CI:0.961-1.024; P=0.6176762132)","1.084(95% CI:0.922-1.274; P=0.3300123156)","Raw","All_control_except_phenotype","Raw All_control_except_phenotype"
"M_LDL_CE","Cholesteryl Esters in Medium LDL","PCa_after_70","1.056(95% CI:0.927-1.202; P=0.4112915399)","0.986(95% CI:0.955-1.017; P=0.3727106069)","1.094(95% CI:0.93-1.286; P=0.2777640947)","Raw","All_control_except_phenotype","Raw All_control_except_phenotype"
"M_LDL_FC","Free Cholesterol in Medium LDL","PCa_after_70","1.04(95% CI:0.918-1.179; P=0.5363426864)","1.006(95% CI:0.975-1.038; P=0.7243177752)","1.043(95% CI:0.888-1.225; P=0.6091232864)","Raw","All_control_except_phenotype","Raw All_control_except_phenotype"
"M_LDL_PL","Phospholipids in Medium LDL","PCa_after_70","1.036(95% CI:0.911-1.178; P=0.5940816427)","0.988(95% CI:0.957-1.02; P=0.4453242057)","1.063(95% CI:0.904-1.249; P=0.4616329954)","Raw","All_control_except_phenotype","Raw All_control_except_phenotype"
"M_LDL_TG","Triglycerides in Medium LDL","PCa_after_70","0.955(95% CI:0.83-1.099; P=0.5210927511)","0.941(95% CI:0.909-0.974; P=0.0005760765)","1.018(95% CI:0.86-1.204; P=0.8378584495)","Raw","All_control_except_phenotype","Raw All_control_except_phenotype"
"M_VLDL_C","Cholesterol in Medium VLDL","PCa_after_70","1.031(95% CI:0.909-1.171; P=0.6336686704)","0.998(95% CI:0.968-1.03; P=0.9169799426)","1.035(95% CI:0.882-1.213; P=0.6754888171)","Raw","All_control_except_phenotype","Raw All_control_except_phenotype"
"M_VLDL_CE","Cholesteryl Esters in Medium VLDL","PCa_after_70","1.032(95% CI:0.911-1.169; P=0.6185817178)","1.007(95% CI:0.976-1.038; P=0.6718857373)","1.016(95% CI:0.867-1.191; P=0.8410629893)","Raw","All_control_except_phenotype","Raw All_control_except_phenotype"
"M_VLDL_FC","Free Cholesterol in Medium VLDL","PCa_after_70","1.023(95% CI:0.899-1.165; P=0.7266588015)","0.985(95% CI:0.955-1.017; P=0.3639518523)","1.051(95% CI:0.895-1.235; P=0.5438835737)","Raw","All_control_except_phenotype","Raw All_control_except_phenotype"
"M_VLDL_PL","Phospholipids in Medium VLDL","PCa_after_70","1.022(95% CI:0.897-1.166; P=0.7404276358)","0.979(95% CI:0.948-1.01; P=0.181496703)","1.061(95% CI:0.903-1.246; P=0.4708806008)","Raw","All_control_except_phenotype","Raw All_control_except_phenotype"
"M_VLDL_TG","Triglycerides in Medium VLDL","PCa_after_70","1.016(95% CI:0.894-1.156; P=0.8035153116)","0.967(95% CI:0.936-0.999; P=0.0435831914)","1.1(95% CI:0.941-1.286; P=0.229592671)","Raw","All_control_except_phenotype","Raw All_control_except_phenotype"
"MUFA","Monounsaturated Fatty Acids","PCa_after_70","0.977(95% CI:0.852-1.12; P=0.7374725176)","0.953(95% CI:0.922-0.985; P=0.0045890547)","1.061(95% CI:0.901-1.25; P=0.477742752)","Raw","All_control_except_phenotype","Raw All_control_except_phenotype"
"non_HDL_C","Total Cholesterol Minus HDL-C","PCa_after_70","1.034(95% CI:0.91-1.175; P=0.6039435923)","1.002(95% CI:0.972-1.032; P=0.9179480439)","1.053(95% CI:0.899-1.234; P=0.521564938)","Raw","All_control_except_phenotype","Raw All_control_except_phenotype"
"Omega_3","Omega-3 Fatty Acids","PCa_after_70","0.93(95% CI:0.817-1.058; P=0.2681713862)","1.046(95% CI:1.015-1.078; P=0.0038617611)","0.976(95% CI:0.831-1.147; P=0.7671734005)","Raw","All_control_except_phenotype","Raw All_control_except_phenotype"
"Omega_6","Omega-6 Fatty Acids","PCa_after_70","1.009(95% CI:0.882-1.155; P=0.8919948413)","1.001(95% CI:0.97-1.033; P=0.9519069361)","1.058(95% CI:0.898-1.246; P=0.498846053)","Raw","All_control_except_phenotype","Raw All_control_except_phenotype"
"Phe","Phenylalanine","PCa_after_70","1.003(95% CI:0.887-1.134; P=0.9646690007)","1.001(95% CI:0.97-1.033; P=0.9361492669)","1.118(95% CI:0.957-1.306; P=0.1593501757)","Raw","All_control_except_phenotype","Raw All_control_except_phenotype"
"Phosphatidylc","Phosphatidylcholines","PCa_after_70","0.943(95% CI:0.825-1.077; P=0.3855775526)","1.012(95% CI:0.981-1.044; P=0.4475725826)","0.982(95% CI:0.836-1.154; P=0.8285229134)","Raw","All_control_except_phenotype","Raw All_control_except_phenotype"
"Phosphoglyc","Phosphoglycerides","PCa_after_70","0.948(95% CI:0.83-1.084; P=0.4358365787)","1.008(95% CI:0.977-1.04; P=0.6183238161)","0.999(95% CI:0.85-1.175; P=0.9939862065)","Raw","All_control_except_phenotype","Raw All_control_except_phenotype"
"PUFA","Polyunsaturated Fatty Acids","PCa_after_70","0.981(95% CI:0.855-1.125; P=0.7811830337)","1.013(95% CI:0.982-1.045; P=0.4175668376)","1.039(95% CI:0.881-1.226; P=0.6486598935)","Raw","All_control_except_phenotype","Raw All_control_except_phenotype"
"Pyruvate","Pyruvate","PCa_after_70","0.874(95% CI:0.762-1.001; P=0.0517973538)","0.976(95% CI:0.944-1.01; P=0.1660327284)","0.875(95% CI:0.734-1.041; P=0.1322634673)","Raw","All_control_except_phenotype","Raw All_control_except_phenotype"
"Remnant_C","Remnant Cholesterol (Non-HDL and Non-LDL -Cholesterol)","PCa_after_70","1.016(95% CI:0.893-1.155; P=0.8136251717)","0.996(95% CI:0.966-1.026; P=0.7725173114)","1.04(95% CI:0.887-1.219; P=0.627919031)","Raw","All_control_except_phenotype","Raw All_control_except_phenotype"
"S_HDL_C","Cholesterol in Small HDL","PCa_after_70","1.04(95% CI:0.914-1.184; P=0.5493773199)","1.028(95% CI:0.997-1.061; P=0.0790184821)","1.078(95% CI:0.914-1.271; P=0.3746593548)","Raw","All_control_except_phenotype","Raw All_control_except_phenotype"
"S_HDL_CE","Cholesteryl Esters in Small HDL","PCa_after_70","1.061(95% CI:0.931-1.209; P=0.3783127673)","1.034(95% CI:1.002-1.067; P=0.0374228657)","1.087(95% CI:0.919-1.286; P=0.3288774718)","Raw","All_control_except_phenotype","Raw All_control_except_phenotype"
"S_HDL_FC","Free Cholesterol in Small HDL","PCa_after_70","0.98(95% CI:0.86-1.116; P=0.7593749407)","1.007(95% CI:0.976-1.039; P=0.6459236372)","1.038(95% CI:0.883-1.219; P=0.6540091747)","Raw","All_control_except_phenotype","Raw All_control_except_phenotype"
"S_HDL_PL","Phospholipids in Small HDL","PCa_after_70","0.996(95% CI:0.876-1.133; P=0.9522576473)","1.014(95% CI:0.983-1.047; P=0.3740580038)","1.05(95% CI:0.894-1.234; P=0.5497427006)","Raw","All_control_except_phenotype","Raw All_control_except_phenotype"
"S_HDL_TG","Triglycerides in Small HDL","PCa_after_70","0.977(95% CI:0.857-1.115; P=0.7337055132)","0.952(95% CI:0.921-0.984; P=0.0034968846)","1.035(95% CI:0.881-1.216; P=0.6739854732)","Raw","All_control_except_phenotype","Raw All_control_except_phenotype"
"S_LDL_C","Cholesterol in Small LDL","PCa_after_70","1.046(95% CI:0.921-1.188; P=0.4914888758)","0.988(95% CI:0.957-1.02; P=0.4462513501)","1.07(95% CI:0.911-1.258; P=0.408402732)","Raw","All_control_except_phenotype","Raw All_control_except_phenotype"
"S_LDL_CE","Cholesteryl Esters in Small LDL","PCa_after_70","1.042(95% CI:0.915-1.185; P=0.5357520718)","0.981(95% CI:0.95-1.013; P=0.2334165253)","1.077(95% CI:0.916-1.266; P=0.3712879545)","Raw","All_control_except_phenotype","Raw All_control_except_phenotype"
"S_LDL_FC","Free Cholesterol in Small LDL","PCa_after_70","1.047(95% CI:0.925-1.186; P=0.4663485872)","1.005(95% CI:0.974-1.037; P=0.7416154239)","1.042(95% CI:0.887-1.224; P=0.6166694837)","Raw","All_control_except_phenotype","Raw All_control_except_phenotype"
"S_LDL_PL","Phospholipids in Small LDL","PCa_after_70","1.026(95% CI:0.904-1.164; P=0.6944870139)","0.983(95% CI:0.953-1.015; P=0.2968884475)","1.047(95% CI:0.891-1.229; P=0.5789122587)","Raw","All_control_except_phenotype","Raw All_control_except_phenotype"
"S_LDL_TG","Triglycerides in Small LDL","PCa_after_70","0.97(95% CI:0.845-1.113; P=0.6662238078)","0.942(95% CI:0.91-0.976; P=0.0008356559)","1.042(95% CI:0.884-1.228; P=0.6258077565)","Raw","All_control_except_phenotype","Raw All_control_except_phenotype"
"S_VLDL_C","Cholesterol in Small VLDL","PCa_after_70","1.024(95% CI:0.899-1.167; P=0.7189276109)","0.982(95% CI:0.951-1.013; P=0.2570866031)","1.046(95% CI:0.891-1.228; P=0.5836545929)","Raw","All_control_except_phenotype","Raw All_control_except_phenotype"
"S_VLDL_CE","Cholesteryl Esters in Small VLDL","PCa_after_70","1.022(95% CI:0.897-1.164; P=0.7468601874)","0.978(95% CI:0.947-1.009; P=0.1637204958)","1.044(95% CI:0.889-1.226; P=0.600769785)","Raw","All_control_except_phenotype","Raw All_control_except_phenotype"
"S_VLDL_FC","Free Cholesterol in Small VLDL","PCa_after_70","1.027(95% CI:0.902-1.168; P=0.6909210424)","0.988(95% CI:0.957-1.019; P=0.4415668263)","1.044(95% CI:0.889-1.226; P=0.598756107)","Raw","All_control_except_phenotype","Raw All_control_except_phenotype"
"S_VLDL_PL","Phospholipids in Small VLDL","PCa_after_70","1.013(95% CI:0.888-1.155; P=0.8491016958)","0.978(95% CI:0.947-1.01; P=0.1685310192)","1.048(95% CI:0.892-1.231; P=0.5696022417)","Raw","All_control_except_phenotype","Raw All_control_except_phenotype"
"S_VLDL_TG","Triglycerides in Small VLDL","PCa_after_70","0.975(95% CI:0.855-1.113; P=0.7093305005)","0.962(95% CI:0.931-0.994; P=0.0221534862)","1.048(95% CI:0.893-1.23; P=0.5675567658)","Raw","All_control_except_phenotype","Raw All_control_except_phenotype"
"SFA","Saturated Fatty Acids","PCa_after_70","0.967(95% CI:0.843-1.109; P=0.6328050519)","0.97(95% CI:0.939-1.002; P=0.0683471661)","1.054(95% CI:0.896-1.241; P=0.5248855091)","Raw","All_control_except_phenotype","Raw All_control_except_phenotype"
"Sphingomyelins","Sphingomyelins","PCa_after_70","0.983(95% CI:0.869-1.112; P=0.7872899613)","1.019(95% CI:0.989-1.05; P=0.2178738268)","1.002(95% CI:0.858-1.168; P=0.9846031992)","Raw","All_control_except_phenotype","Raw All_control_except_phenotype"
"Total_C","Total Cholesterol","PCa_after_70","1.013(95% CI:0.894-1.148; P=0.8409514074)","1.013(95% CI:0.983-1.044; P=0.3833193896)","1.027(95% CI:0.878-1.2; P=0.7417926236)","Raw","All_control_except_phenotype","Raw All_control_except_phenotype"
"Total_CE","Total Esterified Cholesterol","PCa_after_70","1.013(95% CI:0.894-1.147; P=0.8412338013)","1.016(95% CI:0.986-1.047; P=0.2886296097)","1.024(95% CI:0.876-1.196; P=0.7647696547)","Raw","All_control_except_phenotype","Raw All_control_except_phenotype"
"Total_FA","Total Fatty Acids","PCa_after_70","0.972(95% CI:0.846-1.116; P=0.6830711655)","0.976(95% CI:0.945-1.008; P=0.1463893443)","1.056(95% CI:0.896-1.245; P=0.5169056654)","Raw","All_control_except_phenotype","Raw All_control_except_phenotype"
"Total_FC","Total Free Cholesterol","PCa_after_70","1.01(95% CI:0.889-1.146; P=0.8813655087)","1.003(95% CI:0.973-1.034; P=0.8561258625)","1.028(95% CI:0.878-1.204; P=0.7289798662)","Raw","All_control_except_phenotype","Raw All_control_except_phenotype"
"Total_L","Total Lipids in Lipoprotein Particles","PCa_after_70","0.991(95% CI:0.869-1.13; P=0.8960141378)","0.993(95% CI:0.963-1.024; P=0.6409390134)","1.046(95% CI:0.89-1.228; P=0.5871200897)","Raw","All_control_except_phenotype","Raw All_control_except_phenotype"
"Total_PL","Total Phospholipids in Lipoprotein Particles","PCa_after_70","0.97(95% CI:0.853-1.105; P=0.6498938174)","1.005(95% CI:0.975-1.036; P=0.7537286506)","1.013(95% CI:0.864-1.187; P=0.8765855811)","Raw","All_control_except_phenotype","Raw All_control_except_phenotype"
"Total_TG","Total Triglycerides","PCa_after_70","0.988(95% CI:0.866-1.128; P=0.8604498408)","0.956(95% CI:0.926-0.988; P=0.0076470718)","1.073(95% CI:0.914-1.26; P=0.3872876081)","Raw","All_control_except_phenotype","Raw All_control_except_phenotype"
"Tyr","Tyrosine","PCa_after_70","0.995(95% CI:0.876-1.13; P=0.9369689209)","0.959(95% CI:0.929-0.989; P=0.0084730762)","1.012(95% CI:0.863-1.187; P=0.8802590223)","Raw","All_control_except_phenotype","Raw All_control_except_phenotype"
"Unsaturation","Degree of Unsaturation","PCa_after_70","0.98(95% CI:0.869-1.104; P=0.7343710416)","1.088(95% CI:1.055-1.122; P=0.0000001009)","0.94(95% CI:0.805-1.097; P=0.4307213225)","Raw","All_control_except_phenotype","Raw All_control_except_phenotype"
"Val","Valine","PCa_after_70","1.025(95% CI:0.902-1.163; P=0.7067478607)","0.994(95% CI:0.963-1.026; P=0.7172144709)","1.016(95% CI:0.866-1.193; P=0.8439737269)","Raw","All_control_except_phenotype","Raw All_control_except_phenotype"
"VLDL_C","VLDL Cholesterol","PCa_after_70","1.02(95% CI:0.895-1.164; P=0.7636347639)","0.976(95% CI:0.946-1.007; P=0.1268442559)","1.065(95% CI:0.907-1.251; P=0.440924529)","Raw","All_control_except_phenotype","Raw All_control_except_phenotype"
"VLDL_CE","Cholesteryl Esters in VLDL","PCa_after_70","1.022(95% CI:0.898-1.165; P=0.7388285023)","0.982(95% CI:0.952-1.013; P=0.2486535299)","1.053(95% CI:0.897-1.236; P=0.5261217974)","Raw","All_control_except_phenotype","Raw All_control_except_phenotype"
"VLDL_FC","Free Cholesterol in VLDL","PCa_after_70","1.014(95% CI:0.888-1.157; P=0.8403347399)","0.966(95% CI:0.935-0.998; P=0.0347267412)","1.069(95% CI:0.91-1.256; P=0.4176690683)","Raw","All_control_except_phenotype","Raw All_control_except_phenotype"
"VLDL_L","Total Lipids in VLDL","PCa_after_70","1.006(95% CI:0.882-1.148; P=0.9248990919)","0.963(95% CI:0.932-0.994; P=0.0195326456)","1.085(95% CI:0.924-1.273; P=0.3204543283)","Raw","All_control_except_phenotype","Raw All_control_except_phenotype"
"VLDL_PL","Phospholipids in VLDL","PCa_after_70","1.006(95% CI:0.881-1.149; P=0.9249937352)","0.961(95% CI:0.93-0.992; P=0.0152665035)","1.069(95% CI:0.91-1.256; P=0.4144514843)","Raw","All_control_except_phenotype","Raw All_control_except_phenotype"
"VLDL_TG","Triglycerides in VLDL","PCa_after_70","1.001(95% CI:0.879-1.139; P=0.9939120165)","0.958(95% CI:0.927-0.99; P=0.0095250058)","1.085(95% CI:0.926-1.271; P=0.3141909852)","Raw","All_control_except_phenotype","Raw All_control_except_phenotype"
"XL_HDL_C","Cholesterol in Very Large HDL","PCa_after_70","0.944(95% CI:0.84-1.06; P=0.3272331489)","1.019(95% CI:0.99-1.049; P=0.193211526)","0.923(95% CI:0.796-1.072; P=0.2947209281)","Raw","All_control_except_phenotype","Raw All_control_except_phenotype"
"XL_HDL_CE","Cholesteryl Esters in Very Large HDL","PCa_after_70","0.944(95% CI:0.841-1.061; P=0.3359565868)","1.023(95% CI:0.994-1.053; P=0.1256618625)","0.925(95% CI:0.797-1.074; P=0.3052995729)","Raw","All_control_except_phenotype","Raw All_control_except_phenotype"
"XL_HDL_FC","Free Cholesterol in Very Large HDL","PCa_after_70","0.942(95% CI:0.838-1.059; P=0.316556708)","1.005(95% CI:0.976-1.035; P=0.7489920881)","0.921(95% CI:0.793-1.071; P=0.2860331071)","Raw","All_control_except_phenotype","Raw All_control_except_phenotype"
"XL_HDL_PL","Phospholipids in Very Large HDL","PCa_after_70","0.93(95% CI:0.825-1.048; P=0.2340280219)","1.016(95% CI:0.987-1.047; P=0.2743574738)","0.914(95% CI:0.784-1.066; P=0.2513197265)","Raw","All_control_except_phenotype","Raw All_control_except_phenotype"
"XL_HDL_TG","Triglycerides in Very Large HDL","PCa_after_70","0.921(95% CI:0.798-1.062; P=0.2568636943)","0.952(95% CI:0.92-0.985; P=0.0050128058)","0.979(95% CI:0.824-1.163; P=0.8075002181)","Raw","All_control_except_phenotype","Raw All_control_except_phenotype"
"XL_VLDL_C","Cholesterol in Very Large VLDL","PCa_after_70","1.021(95% CI:0.895-1.164; P=0.7595897277)","0.955(95% CI:0.924-0.987; P=0.0067766324)","1.083(95% CI:0.924-1.27; P=0.3254496128)","Raw","All_control_except_phenotype","Raw All_control_except_phenotype"
"XL_VLDL_CE","Cholesteryl Esters in Very Large VLDL","PCa_after_70","1.031(95% CI:0.904-1.176; P=0.646745659)","0.962(95% CI:0.931-0.994; P=0.019475546)","1.084(95% CI:0.924-1.271; P=0.3233110533)","Raw","All_control_except_phenotype","Raw All_control_except_phenotype"
"XL_VLDL_FC","Free Cholesterol in Very Large VLDL","PCa_after_70","1.009(95% CI:0.884-1.151; P=0.8947652066)","0.95(95% CI:0.919-0.983; P=0.0027909145)","1.078(95% CI:0.919-1.263; P=0.3560309529)","Raw","All_control_except_phenotype","Raw All_control_except_phenotype"
"XL_VLDL_PL","Phospholipids in Very Large VLDL","PCa_after_70","1.008(95% CI:0.884-1.15; P=0.9065471297)","0.948(95% CI:0.917-0.981; P=0.0018986265)","1.079(95% CI:0.921-1.264; P=0.3478367933)","Raw","All_control_except_phenotype","Raw All_control_except_phenotype"
"XL_VLDL_TG","Triglycerides in Very Large VLDL","PCa_after_70","1.006(95% CI:0.883-1.145; P=0.9304957)","0.952(95% CI:0.92-0.984; P=0.0034366301)","1.086(95% CI:0.928-1.27; P=0.3045538415)","Raw","All_control_except_phenotype","Raw All_control_except_phenotype"
"XS_VLDL_C","Cholesterol in Very Small VLDL","PCa_after_70","0.994(95% CI:0.875-1.13; P=0.9267138198)","0.997(95% CI:0.967-1.028; P=0.8348954295)","0.997(95% CI:0.851-1.169; P=0.9739795629)","Raw","All_control_except_phenotype","Raw All_control_except_phenotype"
"XS_VLDL_CE","Cholesteryl Esters in Very Small VLDL","PCa_after_70","0.996(95% CI:0.878-1.13; P=0.9534814274)","1.002(95% CI:0.972-1.032; P=0.9100757972)","0.993(95% CI:0.848-1.162; P=0.9287877444)","Raw","All_control_except_phenotype","Raw All_control_except_phenotype"
"XS_VLDL_FC","Free Cholesterol in Very Small VLDL","PCa_after_70","0.987(95% CI:0.865-1.126; P=0.8449539352)","0.983(95% CI:0.953-1.014; P=0.2769792036)","1.002(95% CI:0.852-1.18; P=0.9786120369)","Raw","All_control_except_phenotype","Raw All_control_except_phenotype"
"XS_VLDL_PL","Phospholipids in Very Small VLDL","PCa_after_70","0.973(95% CI:0.85-1.114; P=0.691612708)","0.972(95% CI:0.942-1.004; P=0.0816976343)","0.992(95% CI:0.841-1.171; P=0.9259508689)","Raw","All_control_except_phenotype","Raw All_control_except_phenotype"
"XS_VLDL_TG","Triglycerides in Very Small VLDL","PCa_after_70","0.945(95% CI:0.823-1.086; P=0.4264832655)","0.951(95% CI:0.919-0.984; P=0.0037077092)","0.994(95% CI:0.84-1.175; P=0.9401488236)","Raw","All_control_except_phenotype","Raw All_control_except_phenotype"
"XXL_VLDL_C","Cholesterol in Chylomicrons and Extremely Large VLDL","PCa_after_70","1(95% CI:0.876-1.143; P=0.9950672941)","0.947(95% CI:0.915-0.98; P=0.001797321)","1.073(95% CI:0.914-1.259; P=0.3885472676)","Raw","All_control_except_phenotype","Raw All_control_except_phenotype"
"XXL_VLDL_CE","Cholesteryl Esters in Chylomicrons and Extremely Large VLDL","PCa_after_70","1.009(95% CI:0.884-1.152; P=0.8914576918)","0.948(95% CI:0.916-0.981; P=0.0021414498)","1.083(95% CI:0.924-1.268; P=0.3249785317)","Raw","All_control_except_phenotype","Raw All_control_except_phenotype"
"XXL_VLDL_FC","Free Cholesterol in Chylomicrons and Extremely Large VLDL","PCa_after_70","0.988(95% CI:0.863-1.131; P=0.8615229526)","0.946(95% CI:0.914-0.979; P=0.001639552)","1.058(95% CI:0.899-1.244; P=0.4986646595)","Raw","All_control_except_phenotype","Raw All_control_except_phenotype"
"XXL_VLDL_PL","Phospholipids in Chylomicrons and Extremely Large VLDL","PCa_after_70","0.987(95% CI:0.863-1.129; P=0.8482007353)","0.943(95% CI:0.912-0.977; P=0.0009496425)","1.06(95% CI:0.902-1.245; P=0.4809811337)","Raw","All_control_except_phenotype","Raw All_control_except_phenotype"
"XXL_VLDL_TG","Triglycerides in Chylomicrons and Extremely Large VLDL","PCa_after_70","0.989(95% CI:0.865-1.13; P=0.8686152817)","0.943(95% CI:0.912-0.976; P=0.0007397748)","1.061(95% CI:0.903-1.246; P=0.4744556099)","Raw","All_control_except_phenotype","Raw All_control_except_phenotype"
"Acetate","Acetate","PCa_before_70","0.965(95% CI:0.831-1.12; P=0.6385334265)","0.987(95% CI:0.959-1.015; P=0.3487682645)","0.959(95% CI:0.806-1.142; P=0.6393371247)","Raw","All_control_except_phenotype","Raw All_control_except_phenotype"
"Acetoacetate","Acetoacetate","PCa_before_70","0.926(95% CI:0.8-1.071; P=0.299506625)","1(95% CI:0.975-1.025; P=0.9760323553)","0.921(95% CI:0.796-1.066; P=0.2678083481)","Raw","All_control_except_phenotype","Raw All_control_except_phenotype"
"Acetone","Acetone","PCa_before_70","0.943(95% CI:0.811-1.097; P=0.4486011271)","1.007(95% CI:0.982-1.032; P=0.5770360781)","0.941(95% CI:0.813-1.091; P=0.4218926808)","Raw","All_control_except_phenotype","Raw All_control_except_phenotype"
"Ala","Alanine","PCa_before_70","0.959(95% CI:0.835-1.102; P=0.5535156805)","0.918(95% CI:0.895-0.942; P=0.0000000001)","0.975(95% CI:0.851-1.117; P=0.7199186238)","Raw","All_control_except_phenotype","Raw All_control_except_phenotype"
"Albumin","Albumin","PCa_before_70","1.087(95% CI:0.94-1.258; P=0.2618632904)","0.995(95% CI:0.969-1.02; P=0.6765569331)","1.079(95% CI:0.942-1.237; P=0.2720611105)","Raw","All_control_except_phenotype","Raw All_control_except_phenotype"
"ApoA1","Apolipoprotein A1","PCa_before_70","1.005(95% CI:0.877-1.152; P=0.9387096608)","0.999(95% CI:0.974-1.024; P=0.9168906521)","1.009(95% CI:0.882-1.154; P=0.9010008445)","Raw","All_control_except_phenotype","Raw All_control_except_phenotype"
"ApoB","Apolipoprotein B","PCa_before_70","1.252(95% CI:1.087-1.442; P=0.001821954)","1.013(95% CI:0.987-1.039; P=0.3363352582)","1.238(95% CI:1.08-1.42; P=0.0022043395)","Raw","All_control_except_phenotype","Raw All_control_except_phenotype"
"bOHbutyrate","3-Hydroxybutyrate","PCa_before_70","0.906(95% CI:0.773-1.063; P=0.2270100533)","1.004(95% CI:0.979-1.03; P=0.7351111296)","0.912(95% CI:0.782-1.063; P=0.239778266)","Raw","All_control_except_phenotype","Raw All_control_except_phenotype"
"Cholines","Total Cholines","PCa_before_70","1.163(95% CI:1.01-1.339; P=0.0360589252)","0.992(95% CI:0.968-1.018; P=0.5557998842)","1.156(95% CI:1.01-1.322; P=0.0351207411)","Raw","All_control_except_phenotype","Raw All_control_except_phenotype"
"Citrate","Citrate","PCa_before_70","0.915(95% CI:0.787-1.063; P=0.2457631194)","0.958(95% CI:0.934-0.984; P=0.001304674)","0.925(95% CI:0.804-1.063; P=0.270412238)","Raw","All_control_except_phenotype","Raw All_control_except_phenotype"
"Clinical_LDL_C","Clinical LDL Cholesterol","PCa_before_70","1.237(95% CI:1.068-1.433; P=0.0045299442)","1.033(95% CI:1.007-1.06; P=0.0125707799)","1.223(95% CI:1.061-1.409; P=0.005375215)","Raw","All_control_except_phenotype","Raw All_control_except_phenotype"
"Creatinine","Creatinine","PCa_before_70","1.098(95% CI:0.95-1.27; P=0.2063763224)","1.002(95% CI:0.977-1.027; P=0.9021199107)","1.108(95% CI:0.968-1.268; P=0.1371904846)","Raw","All_control_except_phenotype","Raw All_control_except_phenotype"
"DHA","Docosahexaenoic Acid","PCa_before_70","1.001(95% CI:0.874-1.148; P=0.984310795)","1.089(95% CI:1.063-1.115; P=0)","1.009(95% CI:0.883-1.154; P=0.894383916)","Raw","All_control_except_phenotype","Raw All_control_except_phenotype"
"Gln","Glutamine","PCa_before_70","0.999(95% CI:0.872-1.144; P=0.9900774487)","0.979(95% CI:0.955-1.004; P=0.1033777062)","1.012(95% CI:0.883-1.16; P=0.8649141033)","Raw","All_control_except_phenotype","Raw All_control_except_phenotype"
"Glucose","Glucose","PCa_before_70","0.861(95% CI:0.741-1.001; P=0.0517390134)","0.933(95% CI:0.909-0.959; P=0.0000003931)","0.87(95% CI:0.749-1.009; P=0.0654754029)","Raw","All_control_except_phenotype","Raw All_control_except_phenotype"
"Gly","Glycine","PCa_before_70","1.055(95% CI:0.92-1.209; P=0.4458809667)","0.989(95% CI:0.964-1.014; P=0.3867681399)","1.071(95% CI:0.937-1.224; P=0.3148417899)","Raw","All_control_except_phenotype","Raw All_control_except_phenotype"
"GlycA","Glycoprotein Acetyls","PCa_before_70","1.123(95% CI:0.985-1.279; P=0.0829892485)","0.954(95% CI:0.93-0.979; P=0.0003527176)","1.126(95% CI:0.988-1.284; P=0.0753650079)","Raw","All_control_except_phenotype","Raw All_control_except_phenotype"
"HDL_C","HDL Cholesterol","PCa_before_70","0.974(95% CI:0.85-1.116; P=0.7083570593)","1.027(95% CI:1.002-1.053; P=0.0341851104)","0.978(95% CI:0.854-1.12; P=0.7475078507)","Raw","All_control_except_phenotype","Raw All_control_except_phenotype"
"HDL_CE","Cholesteryl Esters in HDL","PCa_before_70","0.964(95% CI:0.842-1.103; P=0.5926031893)","1.029(95% CI:1.004-1.055; P=0.0224816607)","0.967(95% CI:0.844-1.107; P=0.6242126685)","Raw","All_control_except_phenotype","Raw All_control_except_phenotype"
"HDL_FC","Free Cholesterol in HDL","PCa_before_70","1.001(95% CI:0.873-1.149; P=0.9853357141)","1.018(95% CI:0.993-1.044; P=0.1621643669)","1.006(95% CI:0.88-1.15; P=0.9292724836)","Raw","All_control_except_phenotype","Raw All_control_except_phenotype"
"HDL_L","Total Lipids in HDL","PCa_before_70","0.988(95% CI:0.861-1.134; P=0.8667194065)","1.006(95% CI:0.981-1.032; P=0.6255700397)","0.993(95% CI:0.867-1.136; P=0.9136520814)","Raw","All_control_except_phenotype","Raw All_control_except_phenotype"
"HDL_PL","Phospholipids in HDL","PCa_before_70","0.977(95% CI:0.852-1.12; P=0.7390875997)","0.997(95% CI:0.972-1.022; P=0.8079466489)","0.981(95% CI:0.857-1.124; P=0.7853570283)","Raw","All_control_except_phenotype","Raw All_control_except_phenotype"
"HDL_TG","Triglycerides in HDL","PCa_before_70","1.08(95% CI:0.953-1.224; P=0.2297922539)","0.94(95% CI:0.915-0.964; P=0.0000026754)","1.082(95% CI:0.952-1.23; P=0.2262822747)","Raw","All_control_except_phenotype","Raw All_control_except_phenotype"
"His","Histidine","PCa_before_70","1.048(95% CI:0.915-1.201; P=0.4999906718)","1.033(95% CI:1.008-1.058; P=0.008015345)","1.053(95% CI:0.92-1.205; P=0.4514863654)","Raw","All_control_except_phenotype","Raw All_control_except_phenotype"
"IDL_C","Cholesterol in IDL","PCa_before_70","1.209(95% CI:1.05-1.392; P=0.0084111226)","1.038(95% CI:1.012-1.065; P=0.0037933818)","1.199(95% CI:1.046-1.375; P=0.0092036246)","Raw","All_control_except_phenotype","Raw All_control_except_phenotype"
"IDL_CE","Cholesteryl Esters in IDL","PCa_before_70","1.212(95% CI:1.053-1.394; P=0.0074167918)","1.036(95% CI:1.01-1.063; P=0.0056542165)","1.203(95% CI:1.049-1.378; P=0.0079905258)","Raw","All_control_except_phenotype","Raw All_control_except_phenotype"
"IDL_FC","Free Cholesterol in IDL","PCa_before_70","1.183(95% CI:1.033-1.355; P=0.0149285576)","1.038(95% CI:1.012-1.064; P=0.0039457242)","1.177(95% CI:1.03-1.346; P=0.0165372603)","Raw","All_control_except_phenotype","Raw All_control_except_phenotype"
"IDL_PL","Phospholipids in IDL","PCa_before_70","1.211(95% CI:1.055-1.389; P=0.0063898647)","1.03(95% CI:1.004-1.056; P=0.0215371676)","1.2(95% CI:1.05-1.372; P=0.0074684262)","Raw","All_control_except_phenotype","Raw All_control_except_phenotype"
"IDL_TG","Triglycerides in IDL","PCa_before_70","1.117(95% CI:0.986-1.266; P=0.0819037239)","0.95(95% CI:0.925-0.975; P=0.0001087465)","1.117(95% CI:0.986-1.266; P=0.082086082)","Raw","All_control_except_phenotype","Raw All_control_except_phenotype"
"Ile","Isoleucine","PCa_before_70","0.98(95% CI:0.857-1.12; P=0.7645747904)","0.977(95% CI:0.952-1.002; P=0.0722580563)","0.985(95% CI:0.86-1.128; P=0.8293503075)","Raw","All_control_except_phenotype","Raw All_control_except_phenotype"
"L_HDL_C","Cholesterol in Large HDL","PCa_before_70","0.934(95% CI:0.812-1.073; P=0.3338245511)","1.045(95% CI:1.019-1.071; P=0.0004942097)","0.938(95% CI:0.817-1.077; P=0.3641198711)","Raw","All_control_except_phenotype","Raw All_control_except_phenotype"
"L_HDL_CE","Cholesteryl Esters in Large HDL","PCa_before_70","0.929(95% CI:0.807-1.068; P=0.2985217963)","1.046(95% CI:1.021-1.072; P=0.000295903)","0.933(95% CI:0.812-1.072; P=0.3250912633)","Raw","All_control_except_phenotype","Raw All_control_except_phenotype"
"L_HDL_FC","Free Cholesterol in Large HDL","PCa_before_70","0.937(95% CI:0.813-1.079; P=0.3659327752)","1.037(95% CI:1.012-1.063; P=0.0036731428)","0.942(95% CI:0.82-1.083; P=0.40386805)","Raw","All_control_except_phenotype","Raw All_control_except_phenotype"
"L_HDL_PL","Phospholipids in Large HDL","PCa_before_70","0.925(95% CI:0.804-1.065; P=0.2772711563)","1.029(95% CI:1.003-1.055; P=0.0254811442)","0.931(95% CI:0.81-1.07; P=0.3113731865)","Raw","All_control_except_phenotype","Raw All_control_except_phenotype"
"L_HDL_TG","Triglycerides in Large HDL","PCa_before_70","1.057(95% CI:0.932-1.2; P=0.3877612572)","0.964(95% CI:0.94-0.99; P=0.0060023574)","1.06(95% CI:0.933-1.205; P=0.3724295268)","Raw","All_control_except_phenotype","Raw All_control_except_phenotype"
"L_LDL_C","Cholesterol in Large LDL","PCa_before_70","1.223(95% CI:1.06-1.412; P=0.005725522)","1.032(95% CI:1.006-1.059; P=0.0143694984)","1.212(95% CI:1.055-1.392; P=0.0065790311)","Raw","All_control_except_phenotype","Raw All_control_except_phenotype"
"L_LDL_CE","Cholesteryl Esters in Large LDL","PCa_before_70","1.23(95% CI:1.066-1.418; P=0.0044807297)","1.028(95% CI:1.002-1.054; P=0.0344036538)","1.217(95% CI:1.061-1.397; P=0.0051423122)","Raw","All_control_except_phenotype","Raw All_control_except_phenotype"
"L_LDL_FC","Free Cholesterol in Large LDL","PCa_before_70","1.189(95% CI:1.037-1.363; P=0.0131600901)","1.038(95% CI:1.012-1.065; P=0.0036964082)","1.183(95% CI:1.034-1.353; P=0.0147035508)","Raw","All_control_except_phenotype","Raw All_control_except_phenotype"
"L_LDL_PL","Phospholipids in Large LDL","PCa_before_70","1.228(95% CI:1.069-1.411; P=0.0036922536)","1.024(95% CI:0.999-1.051; P=0.0610073119)","1.218(95% CI:1.064-1.394; P=0.0042375951)","Raw","All_control_except_phenotype","Raw All_control_except_phenotype"
"L_LDL_TG","Triglycerides in Large LDL","PCa_before_70","1.124(95% CI:0.992-1.274; P=0.0661686058)","0.945(95% CI:0.92-0.97; P=0.0000209949)","1.125(95% CI:0.993-1.274; P=0.0636818009)","Raw","All_control_except_phenotype","Raw All_control_except_phenotype"
"L_VLDL_C","Cholesterol in Large VLDL","PCa_before_70","1.176(95% CI:1.035-1.336; P=0.0130026337)","0.962(95% CI:0.938-0.987; P=0.0029495005)","1.176(95% CI:1.033-1.339; P=0.0140536838)","Raw","All_control_except_phenotype","Raw All_control_except_phenotype"
"L_VLDL_CE","Cholesteryl Esters in Large VLDL","PCa_before_70","1.201(95% CI:1.056-1.366; P=0.0051503737)","0.975(95% CI:0.95-1; P=0.0475246761)","1.199(95% CI:1.053-1.365; P=0.0060786956)","Raw","All_control_except_phenotype","Raw All_control_except_phenotype"
"L_VLDL_FC","Free Cholesterol in Large VLDL","PCa_before_70","1.146(95% CI:1.012-1.298; P=0.0316898558)","0.951(95% CI:0.927-0.976; P=0.0001411201)","1.15(95% CI:1.012-1.306; P=0.0316203765)","Raw","All_control_except_phenotype","Raw All_control_except_phenotype"
"L_VLDL_PL","Phospholipids in Large VLDL","PCa_before_70","1.133(95% CI:1.001-1.283; P=0.0484212058)","0.947(95% CI:0.923-0.972; P=0.0000365612)","1.137(95% CI:1.001-1.292; P=0.0477140289)","Raw","All_control_except_phenotype","Raw All_control_except_phenotype"
"L_VLDL_TG","Triglycerides in Large VLDL","PCa_before_70","1.109(95% CI:0.979-1.257; P=0.103195526)","0.951(95% CI:0.927-0.975; P=0.0001143897)","1.116(95% CI:0.981-1.269; P=0.0943337837)","Raw","All_control_except_phenotype","Raw All_control_except_phenotype"
"LA","Linoleic Acid","PCa_before_70","1.274(95% CI:1.105-1.468; P=0.0008254048)","0.984(95% CI:0.96-1.01; P=0.2205841938)","1.258(95% CI:1.096-1.444; P=0.0010905383)","Raw","All_control_except_phenotype","Raw All_control_except_phenotype"
"Lactate","Lactate","PCa_before_70","1.063(95% CI:0.928-1.218; P=0.3743232027)","0.975(95% CI:0.95-1.001; P=0.0611800109)","1.071(95% CI:0.936-1.225; P=0.3168146388)","Raw","All_control_except_phenotype","Raw All_control_except_phenotype"
"LDL_C","LDL Cholesterol","PCa_before_70","1.241(95% CI:1.073-1.436; P=0.0036138579)","1.025(95% CI:0.999-1.051; P=0.0612150517)","1.227(95% CI:1.067-1.411; P=0.0041887554)","Raw","All_control_except_phenotype","Raw All_control_except_phenotype"
"LDL_CE","Cholesteryl Esters in LDL","PCa_before_70","1.247(95% CI:1.079-1.442; P=0.0028492011)","1.017(95% CI:0.992-1.044; P=0.1840565632)","1.232(95% CI:1.072-1.417; P=0.0032908187)","Raw","All_control_except_phenotype","Raw All_control_except_phenotype"
"LDL_FC","Free Cholesterol in LDL","PCa_before_70","1.2(95% CI:1.045-1.379; P=0.0097699083)","1.038(95% CI:1.012-1.064; P=0.0042725939)","1.193(95% CI:1.041-1.367; P=0.0110402073)","Raw","All_control_except_phenotype","Raw All_control_except_phenotype"
"LDL_L","Total Lipids in LDL","PCa_before_70","1.25(95% CI:1.079-1.448; P=0.0028827293)","1.019(95% CI:0.993-1.045; P=0.1458878608)","1.234(95% CI:1.072-1.42; P=0.003322156)","Raw","All_control_except_phenotype","Raw All_control_except_phenotype"
"LDL_PL","Phospholipids in LDL","PCa_before_70","1.241(95% CI:1.078-1.429; P=0.0026990669)","1.018(95% CI:0.993-1.045; P=0.1578810693)","1.229(95% CI:1.072-1.409; P=0.0030711066)","Raw","All_control_except_phenotype","Raw All_control_except_phenotype"
"LDL_TG","Triglycerides in LDL","PCa_before_70","1.123(95% CI:0.991-1.272; P=0.0687670751)","0.942(95% CI:0.918-0.967; P=0.0000075744)","1.125(95% CI:0.992-1.274; P=0.0655603579)","Raw","All_control_except_phenotype","Raw All_control_except_phenotype"
"Leu","Leucine","PCa_before_70","1(95% CI:0.875-1.144; P=0.9992789894)","0.973(95% CI:0.948-0.998; P=0.0358849636)","1.004(95% CI:0.878-1.148; P=0.954645773)","Raw","All_control_except_phenotype","Raw All_control_except_phenotype"
"M_HDL_C","Cholesterol in Medium HDL","PCa_before_70","0.957(95% CI:0.836-1.096; P=0.5284206214)","1.008(95% CI:0.983-1.034; P=0.5394257417)","0.96(95% CI:0.839-1.1; P=0.559393381)","Raw","All_control_except_phenotype","Raw All_control_except_phenotype"
"M_HDL_CE","Cholesteryl Esters in Medium HDL","PCa_before_70","0.949(95% CI:0.829-1.086; P=0.4444409946)","1.009(95% CI:0.984-1.034; P=0.4961573072)","0.951(95% CI:0.83-1.089; P=0.4692478837)","Raw","All_control_except_phenotype","Raw All_control_except_phenotype"
"M_HDL_FC","Free Cholesterol in Medium HDL","PCa_before_70","0.987(95% CI:0.862-1.131; P=0.8553687127)","1.003(95% CI:0.979-1.029; P=0.787835154)","0.992(95% CI:0.867-1.135; P=0.905177764)","Raw","All_control_except_phenotype","Raw All_control_except_phenotype"
"M_HDL_PL","Phospholipids in Medium HDL","PCa_before_70","0.976(95% CI:0.854-1.116; P=0.7233217013)","0.981(95% CI:0.957-1.006; P=0.1422409252)","0.979(95% CI:0.856-1.12; P=0.7590507352)","Raw","All_control_except_phenotype","Raw All_control_except_phenotype"
"M_HDL_TG","Triglycerides in Medium HDL","PCa_before_70","1.069(95% CI:0.943-1.211; P=0.2978070154)","0.938(95% CI:0.914-0.962; P=0.0000013129)","1.071(95% CI:0.942-1.217; P=0.294917327)","Raw","All_control_except_phenotype","Raw All_control_except_phenotype"
"M_LDL_C","Cholesterol in Medium LDL","PCa_before_70","1.247(95% CI:1.083-1.436; P=0.0021636665)","1.005(95% CI:0.98-1.031; P=0.7093246447)","1.235(95% CI:1.077-1.416; P=0.0024703729)","Raw","All_control_except_phenotype","Raw All_control_except_phenotype"
"M_LDL_CE","Cholesteryl Esters in Medium LDL","PCa_before_70","1.244(95% CI:1.082-1.43; P=0.0021942089)","0.994(95% CI:0.969-1.02; P=0.6678417462)","1.233(95% CI:1.077-1.412; P=0.0024726865)","Raw","All_control_except_phenotype","Raw All_control_except_phenotype"
"M_LDL_FC","Free Cholesterol in Medium LDL","PCa_before_70","1.211(95% CI:1.057-1.387; P=0.0057721809)","1.029(95% CI:1.004-1.056; P=0.0250150368)","1.204(95% CI:1.053-1.377; P=0.0065163801)","Raw","All_control_except_phenotype","Raw All_control_except_phenotype"
"M_LDL_PL","Phospholipids in Medium LDL","PCa_before_70","1.245(95% CI:1.084-1.429; P=0.0018706707)","1.003(95% CI:0.978-1.029; P=0.8169945448)","1.234(95% CI:1.079-1.412; P=0.0021001941)","Raw","All_control_except_phenotype","Raw All_control_except_phenotype"
"M_LDL_TG","Triglycerides in Medium LDL","PCa_before_70","1.12(95% CI:0.991-1.265; P=0.0689775595)","0.939(95% CI:0.915-0.964; P=0.0000033468)","1.123(95% CI:0.993-1.271; P=0.0647021323)","Raw","All_control_except_phenotype","Raw All_control_except_phenotype"
"M_VLDL_C","Cholesterol in Medium VLDL","PCa_before_70","1.248(95% CI:1.089-1.431; P=0.0014525696)","1.025(95% CI:0.999-1.051; P=0.0567664909)","1.237(95% CI:1.081-1.415; P=0.0019668054)","Raw","All_control_except_phenotype","Raw All_control_except_phenotype"
"M_VLDL_CE","Cholesteryl Esters in Medium VLDL","PCa_before_70","1.221(95% CI:1.068-1.396; P=0.0035077474)","1.038(95% CI:1.012-1.065; P=0.0035931312)","1.212(95% CI:1.06-1.386; P=0.0047946894)","Raw","All_control_except_phenotype","Raw All_control_except_phenotype"
"M_VLDL_FC","Free Cholesterol in Medium VLDL","PCa_before_70","1.247(95% CI:1.09-1.426; P=0.0012748211)","1.004(95% CI:0.978-1.029; P=0.780993575)","1.238(95% CI:1.084-1.414; P=0.0016016296)","Raw","All_control_except_phenotype","Raw All_control_except_phenotype"
"M_VLDL_PL","Phospholipids in Medium VLDL","PCa_before_70","1.241(95% CI:1.085-1.42; P=0.0016255493)","0.992(95% CI:0.967-1.017; P=0.5305733758)","1.234(95% CI:1.08-1.409; P=0.0019570117)","Raw","All_control_except_phenotype","Raw All_control_except_phenotype"
"M_VLDL_TG","Triglycerides in Medium VLDL","PCa_before_70","1.148(95% CI:1.01-1.305; P=0.034302024)","0.958(95% CI:0.934-0.983; P=0.0009776733)","1.151(95% CI:1.011-1.311; P=0.0340689976)","Raw","All_control_except_phenotype","Raw All_control_except_phenotype"
"MUFA","Monounsaturated Fatty Acids","PCa_before_70","1.121(95% CI:0.982-1.281; P=0.091562782)","0.931(95% CI:0.908-0.956; P=0.0000000716)","1.12(95% CI:0.982-1.278; P=0.0915112717)","Raw","All_control_except_phenotype","Raw All_control_except_phenotype"
"non_HDL_C","Total Cholesterol Minus HDL-C","PCa_before_70","1.259(95% CI:1.086-1.459; P=0.0022769325)","1.021(95% CI:0.995-1.047; P=0.1182299137)","1.241(95% CI:1.078-1.429; P=0.0027109863)","Raw","All_control_except_phenotype","Raw All_control_except_phenotype"
"Omega_3","Omega-3 Fatty Acids","PCa_before_70","1.024(95% CI:0.894-1.174; P=0.7310378175)","1.058(95% CI:1.032-1.084; P=0.0000070898)","1.031(95% CI:0.902-1.179; P=0.6503528081)","Raw","All_control_except_phenotype","Raw All_control_except_phenotype"
"Omega_6","Omega-6 Fatty Acids","PCa_before_70","1.255(95% CI:1.089-1.448; P=0.0017282479)","0.985(95% CI:0.96-1.011; P=0.2501239079)","1.24(95% CI:1.081-1.422; P=0.002111735)","Raw","All_control_except_phenotype","Raw All_control_except_phenotype"
"Phe","Phenylalanine","PCa_before_70","0.921(95% CI:0.781-1.087; P=0.3301560128)","0.974(95% CI:0.949-1; P=0.0478352217)","0.944(95% CI:0.823-1.084; P=0.4144686377)","Raw","All_control_except_phenotype","Raw All_control_except_phenotype"
"Phosphatidylc","Phosphatidylcholines","PCa_before_70","1.144(95% CI:0.993-1.317; P=0.0623939178)","0.991(95% CI:0.966-1.017; P=0.4930833584)","1.137(95% CI:0.994-1.3; P=0.0613002618)","Raw","All_control_except_phenotype","Raw All_control_except_phenotype"
"Phosphoglyc","Phosphoglycerides","PCa_before_70","1.142(95% CI:0.993-1.313; P=0.0630305558)","0.983(95% CI:0.959-1.008; P=0.1878178443)","1.137(95% CI:0.994-1.3; P=0.0602922687)","Raw","All_control_except_phenotype","Raw All_control_except_phenotype"
"PUFA","Polyunsaturated Fatty Acids","PCa_before_70","1.219(95% CI:1.057-1.406; P=0.0065681544)","1.003(95% CI:0.978-1.029; P=0.8031289707)","1.207(95% CI:1.053-1.383; P=0.0069010726)","Raw","All_control_except_phenotype","Raw All_control_except_phenotype"
"Pyruvate","Pyruvate","PCa_before_70","0.927(95% CI:0.807-1.065; P=0.2845950702)","0.985(95% CI:0.96-1.012; P=0.2703880508)","0.934(95% CI:0.811-1.075; P=0.3384822039)","Raw","All_control_except_phenotype","Raw All_control_except_phenotype"
"Remnant_C","Remnant Cholesterol (Non-HDL and Non-LDL -Cholesterol)","PCa_before_70","1.253(95% CI:1.084-1.447; P=0.0022406295)","1.013(95% CI:0.987-1.039; P=0.3307184496)","1.237(95% CI:1.077-1.421; P=0.0026866662)","Raw","All_control_except_phenotype","Raw All_control_except_phenotype"
"S_HDL_C","Cholesterol in Small HDL","PCa_before_70","1.118(95% CI:0.974-1.282; P=0.1121492936)","0.989(95% CI:0.964-1.014; P=0.3713577301)","1.114(95% CI:0.974-1.273; P=0.1151637082)","Raw","All_control_except_phenotype","Raw All_control_except_phenotype"
"S_HDL_CE","Cholesteryl Esters in Small HDL","PCa_before_70","1.091(95% CI:0.952-1.251; P=0.2090520031)","0.993(95% CI:0.968-1.018; P=0.5651318108)","1.088(95% CI:0.951-1.244; P=0.2184871795)","Raw","All_control_except_phenotype","Raw All_control_except_phenotype"
"S_HDL_FC","Free Cholesterol in Small HDL","PCa_before_70","1.149(95% CI:1.002-1.317; P=0.0462649849)","0.977(95% CI:0.953-1.003; P=0.078378657)","1.145(95% CI:1.004-1.307; P=0.0439899659)","Raw","All_control_except_phenotype","Raw All_control_except_phenotype"
"S_HDL_PL","Phospholipids in Small HDL","PCa_before_70","1.08(95% CI:0.944-1.236; P=0.2632834363)","0.958(95% CI:0.934-0.983; P=0.0010062183)","1.08(95% CI:0.945-1.234; P=0.2582523163)","Raw","All_control_except_phenotype","Raw All_control_except_phenotype"
"S_HDL_TG","Triglycerides in Small HDL","PCa_before_70","1.1(95% CI:0.972-1.245; P=0.1322091474)","0.932(95% CI:0.908-0.957; P=0.0000001119)","1.103(95% CI:0.971-1.252; P=0.131435479)","Raw","All_control_except_phenotype","Raw All_control_except_phenotype"
"S_LDL_C","Cholesterol in Small LDL","PCa_before_70","1.239(95% CI:1.08-1.421; P=0.0022174931)","1.006(95% CI:0.98-1.031; P=0.6722548833)","1.231(95% CI:1.076-1.408; P=0.0024653017)","Raw","All_control_except_phenotype","Raw All_control_except_phenotype"
"S_LDL_CE","Cholesteryl Esters in Small LDL","PCa_before_70","1.238(95% CI:1.08-1.418; P=0.0021392403)","0.992(95% CI:0.967-1.018; P=0.5448257027)","1.23(95% CI:1.076-1.405; P=0.0023625902)","Raw","All_control_except_phenotype","Raw All_control_except_phenotype"
"S_LDL_FC","Free Cholesterol in Small LDL","PCa_before_70","1.195(95% CI:1.045-1.367; P=0.0093554905)","1.038(95% CI:1.013-1.065; P=0.0034470214)","1.192(95% CI:1.043-1.364; P=0.0102092161)","Raw","All_control_except_phenotype","Raw All_control_except_phenotype"
"S_LDL_PL","Phospholipids in Small LDL","PCa_before_70","1.221(95% CI:1.066-1.398; P=0.0040061914)","1.014(95% CI:0.988-1.04; P=0.290577554)","1.216(95% CI:1.064-1.389; P=0.0040867657)","Raw","All_control_except_phenotype","Raw All_control_except_phenotype"
"S_LDL_TG","Triglycerides in Small LDL","PCa_before_70","1.104(95% CI:0.979-1.246; P=0.1079657432)","0.937(95% CI:0.913-0.962; P=0.0000013988)","1.109(95% CI:0.98-1.255; P=0.1007734055)","Raw","All_control_except_phenotype","Raw All_control_except_phenotype"
"S_VLDL_C","Cholesterol in Small VLDL","PCa_before_70","1.249(95% CI:1.091-1.431; P=0.0012721285)","1(95% CI:0.975-1.026; P=0.9693971336)","1.237(95% CI:1.083-1.413; P=0.0017598399)","Raw","All_control_except_phenotype","Raw All_control_except_phenotype"
"S_VLDL_CE","Cholesteryl Esters in Small VLDL","PCa_before_70","1.239(95% CI:1.084-1.417; P=0.0016478765)","0.995(95% CI:0.97-1.021; P=0.7015116657)","1.228(95% CI:1.076-1.401; P=0.0022904653)","Raw","All_control_except_phenotype","Raw All_control_except_phenotype"
"S_VLDL_FC","Free Cholesterol in Small VLDL","PCa_before_70","1.252(95% CI:1.094-1.432; P=0.0010726124)","1.008(95% CI:0.983-1.034; P=0.5140835867)","1.24(95% CI:1.087-1.416; P=0.0014298089)","Raw","All_control_except_phenotype","Raw All_control_except_phenotype"
"S_VLDL_PL","Phospholipids in Small VLDL","PCa_before_70","1.242(95% CI:1.087-1.42; P=0.0014740138)","0.992(95% CI:0.967-1.018; P=0.5489215106)","1.233(95% CI:1.081-1.407; P=0.0018421163)","Raw","All_control_except_phenotype","Raw All_control_except_phenotype"
"S_VLDL_TG","Triglycerides in Small VLDL","PCa_before_70","1.127(95% CI:0.995-1.277; P=0.0606202828)","0.952(95% CI:0.928-0.977; P=0.0001883282)","1.13(95% CI:0.994-1.284; P=0.0610060093)","Raw","All_control_except_phenotype","Raw All_control_except_phenotype"
"SFA","Saturated Fatty Acids","PCa_before_70","1.128(95% CI:0.987-1.29; P=0.0769551185)","0.951(95% CI:0.927-0.975; P=0.000108969)","1.129(95% CI:0.99-1.287; P=0.0696775703)","Raw","All_control_except_phenotype","Raw All_control_except_phenotype"
"Sphingomyelins","Sphingomyelins","PCa_before_70","1.163(95% CI:1.013-1.335; P=0.0323975273)","1.03(95% CI:1.005-1.057; P=0.0193290589)","1.158(95% CI:1.014-1.323; P=0.0309559209)","Raw","All_control_except_phenotype","Raw All_control_except_phenotype"
"Total_C","Total Cholesterol","PCa_before_70","1.231(95% CI:1.064-1.425; P=0.0052340092)","1.026(95% CI:1.001-1.053; P=0.0453156774)","1.217(95% CI:1.058-1.399; P=0.0058165883)","Raw","All_control_except_phenotype","Raw All_control_except_phenotype"
"Total_CE","Total Esterified Cholesterol","PCa_before_70","1.222(95% CI:1.057-1.413; P=0.0067225242)","1.028(95% CI:1.002-1.054; P=0.0330320739)","1.209(95% CI:1.052-1.389; P=0.0074056603)","Raw","All_control_except_phenotype","Raw All_control_except_phenotype"
"Total_FA","Total Fatty Acids","PCa_before_70","1.158(95% CI:1.01-1.328; P=0.0361564536)","0.957(95% CI:0.933-0.982; P=0.0007834656)","1.154(95% CI:1.01-1.318; P=0.0350157942)","Raw","All_control_except_phenotype","Raw All_control_except_phenotype"
"Total_FC","Total Free Cholesterol","PCa_before_70","1.236(95% CI:1.072-1.427; P=0.0036436587)","1.019(95% CI:0.993-1.045; P=0.1520555123)","1.223(95% CI:1.066-1.403; P=0.0040824011)","Raw","All_control_except_phenotype","Raw All_control_except_phenotype"
"Total_L","Total Lipids in Lipoprotein Particles","PCa_before_70","1.218(95% CI:1.055-1.407; P=0.0071555982)","0.991(95% CI:0.966-1.016; P=0.4643782826)","1.206(95% CI:1.052-1.383; P=0.0073138054)","Raw","All_control_except_phenotype","Raw All_control_except_phenotype"
"Total_PL","Total Phospholipids in Lipoprotein Particles","PCa_before_70","1.181(95% CI:1.025-1.362; P=0.0213911151)","0.993(95% CI:0.969-1.019; P=0.6082361215)","1.173(95% CI:1.024-1.343; P=0.021240691)","Raw","All_control_except_phenotype","Raw All_control_except_phenotype"
"Total_TG","Total Triglycerides","PCa_before_70","1.115(95% CI:0.978-1.271; P=0.1026916067)","0.944(95% CI:0.92-0.968; P=0.0000088788)","1.117(95% CI:0.979-1.275; P=0.0999930905)","Raw","All_control_except_phenotype","Raw All_control_except_phenotype"
"Tyr","Tyrosine","PCa_before_70","0.959(95% CI:0.836-1.1; P=0.5485354582)","0.944(95% CI:0.92-0.968; P=0.0000110717)","0.965(95% CI:0.842-1.106; P=0.6099367169)","Raw","All_control_except_phenotype","Raw All_control_except_phenotype"
"Unsaturation","Degree of Unsaturation","PCa_before_70","0.975(95% CI:0.853-1.113; P=0.7027286885)","1.117(95% CI:1.089-1.145; P=0)","0.975(95% CI:0.852-1.115; P=0.7075952025)","Raw","All_control_except_phenotype","Raw All_control_except_phenotype"
"Val","Valine","PCa_before_70","1.013(95% CI:0.885-1.159; P=0.849907198)","0.964(95% CI:0.939-0.989; P=0.0049354333)","1.02(95% CI:0.892-1.167; P=0.767661036)","Raw","All_control_except_phenotype","Raw All_control_except_phenotype"
"VLDL_C","VLDL Cholesterol","PCa_before_70","1.236(95% CI:1.075-1.421; P=0.0028921329)","0.987(95% CI:0.962-1.013; P=0.3172539686)","1.225(95% CI:1.069-1.403; P=0.0035742012)","Raw","All_control_except_phenotype","Raw All_control_except_phenotype"
"VLDL_CE","Cholesteryl Esters in VLDL","PCa_before_70","1.245(95% CI:1.084-1.43; P=0.0019195182)","0.998(95% CI:0.973-1.024; P=0.8761444031)","1.233(95% CI:1.076-1.412; P=0.0025069082)","Raw","All_control_except_phenotype","Raw All_control_except_phenotype"
"VLDL_FC","Free Cholesterol in VLDL","PCa_before_70","1.202(95% CI:1.053-1.372; P=0.0065067125)","0.971(95% CI:0.947-0.997; P=0.0258057865)","1.197(95% CI:1.05-1.366; P=0.0072883821)","Raw","All_control_except_phenotype","Raw All_control_except_phenotype"
"VLDL_L","Total Lipids in VLDL","PCa_before_70","1.17(95% CI:1.021-1.341; P=0.0240232815)","0.959(95% CI:0.935-0.983; P=0.0011064624)","1.167(95% CI:1.019-1.336; P=0.0251892194)","Raw","All_control_except_phenotype","Raw All_control_except_phenotype"
"VLDL_PL","Phospholipids in VLDL","PCa_before_70","1.184(95% CI:1.037-1.352; P=0.0122630628)","0.963(95% CI:0.939-0.988; P=0.0038485)","1.181(95% CI:1.035-1.348; P=0.0132485099)","Raw","All_control_except_phenotype","Raw All_control_except_phenotype"
"VLDL_TG","Triglycerides in VLDL","PCa_before_70","1.113(95% CI:0.977-1.267; P=0.1065593187)","0.945(95% CI:0.922-0.97; P=0.0000167268)","1.116(95% CI:0.978-1.274; P=0.1026829544)","Raw","All_control_except_phenotype","Raw All_control_except_phenotype"
"XL_HDL_C","Cholesterol in Very Large HDL","PCa_before_70","0.969(95% CI:0.844-1.113; P=0.6592468385)","1.051(95% CI:1.026-1.077; P=0.0000525601)","0.974(95% CI:0.85-1.115; P=0.7003810389)","Raw","All_control_except_phenotype","Raw All_control_except_phenotype"
"XL_HDL_CE","Cholesteryl Esters in Very Large HDL","PCa_before_70","0.966(95% CI:0.841-1.109; P=0.6199103116)","1.052(95% CI:1.027-1.078; P=0.0000408338)","0.969(95% CI:0.846-1.111; P=0.6547969833)","Raw","All_control_except_phenotype","Raw All_control_except_phenotype"
"XL_HDL_FC","Free Cholesterol in Very Large HDL","PCa_before_70","0.979(95% CI:0.854-1.124; P=0.7669567346)","1.045(95% CI:1.02-1.071; P=0.0003935756)","0.985(95% CI:0.861-1.127; P=0.8279003674)","Raw","All_control_except_phenotype","Raw All_control_except_phenotype"
"XL_HDL_PL","Phospholipids in Very Large HDL","PCa_before_70","0.929(95% CI:0.804-1.073; P=0.314471118)","1.042(95% CI:1.017-1.068; P=0.0010467295)","0.934(95% CI:0.812-1.075; P=0.3413987932)","Raw","All_control_except_phenotype","Raw All_control_except_phenotype"
"XL_HDL_TG","Triglycerides in Very Large HDL","PCa_before_70","1.096(95% CI:0.969-1.239; P=0.1452038835)","0.956(95% CI:0.932-0.982; P=0.0008006347)","1.099(95% CI:0.97-1.245; P=0.1368057369)","Raw","All_control_except_phenotype","Raw All_control_except_phenotype"
"XL_VLDL_C","Cholesterol in Very Large VLDL","PCa_before_70","1.162(95% CI:1.025-1.317; P=0.019335035)","0.954(95% CI:0.93-0.979; P=0.00031609)","1.164(95% CI:1.024-1.322; P=0.0201893029)","Raw","All_control_except_phenotype","Raw All_control_except_phenotype"
"XL_VLDL_CE","Cholesteryl Esters in Very Large VLDL","PCa_before_70","1.198(95% CI:1.053-1.362; P=0.0058537907)","0.964(95% CI:0.939-0.989; P=0.0046142214)","1.196(95% CI:1.051-1.361; P=0.0067142585)","Raw","All_control_except_phenotype","Raw All_control_except_phenotype"
"XL_VLDL_FC","Free Cholesterol in Very Large VLDL","PCa_before_70","1.123(95% CI:0.994-1.269; P=0.0628856384)","0.946(95% CI:0.921-0.97; P=0.0000227886)","1.128(95% CI:0.994-1.279; P=0.060966926)","Raw","All_control_except_phenotype","Raw All_control_except_phenotype"
"XL_VLDL_PL","Phospholipids in Very Large VLDL","PCa_before_70","1.113(95% CI:0.985-1.258; P=0.0855952913)","0.942(95% CI:0.918-0.967; P=0.0000070777)","1.119(95% CI:0.986-1.269; P=0.081519173)","Raw","All_control_except_phenotype","Raw All_control_except_phenotype"
"XL_VLDL_TG","Triglycerides in Very Large VLDL","PCa_before_70","1.086(95% CI:0.96-1.23; P=0.1904899367)","0.938(95% CI:0.914-0.963; P=0.0000013288)","1.093(95% CI:0.961-1.242; P=0.1748268707)","Raw","All_control_except_phenotype","Raw All_control_except_phenotype"
"XS_VLDL_C","Cholesterol in Very Small VLDL","PCa_before_70","1.202(95% CI:1.05-1.376; P=0.0077092308)","1.023(95% CI:0.998-1.049; P=0.0735821717)","1.191(95% CI:1.044-1.36; P=0.0093265175)","Raw","All_control_except_phenotype","Raw All_control_except_phenotype"
"XS_VLDL_CE","Cholesteryl Esters in Very Small VLDL","PCa_before_70","1.197(95% CI:1.046-1.37; P=0.0091329143)","1.03(95% CI:1.004-1.056; P=0.0212423957)","1.187(95% CI:1.04-1.355; P=0.010929478)","Raw","All_control_except_phenotype","Raw All_control_except_phenotype"
"XS_VLDL_FC","Free Cholesterol in Very Small VLDL","PCa_before_70","1.195(95% CI:1.048-1.363; P=0.0076755851)","1.005(95% CI:0.98-1.031; P=0.6986677388)","1.186(95% CI:1.043-1.349; P=0.0092476176)","Raw","All_control_except_phenotype","Raw All_control_except_phenotype"
"XS_VLDL_PL","Phospholipids in Very Small VLDL","PCa_before_70","1.178(95% CI:1.035-1.34; P=0.0130750808)","0.989(95% CI:0.964-1.015; P=0.3989936474)","1.171(95% CI:1.031-1.33; P=0.0151820193)","Raw","All_control_except_phenotype","Raw All_control_except_phenotype"
"XS_VLDL_TG","Triglycerides in Very Small VLDL","PCa_before_70","1.114(95% CI:0.985-1.259; P=0.085223235)","0.948(95% CI:0.924-0.973; P=0.0000573948)","1.115(95% CI:0.985-1.263; P=0.0860530071)","Raw","All_control_except_phenotype","Raw All_control_except_phenotype"
"XXL_VLDL_C","Cholesterol in Chylomicrons and Extremely Large VLDL","PCa_before_70","1.079(95% CI:0.954-1.22; P=0.2282158179)","0.932(95% CI:0.908-0.957; P=0.0000001695)","1.083(95% CI:0.953-1.23; P=0.2215827218)","Raw","All_control_except_phenotype","Raw All_control_except_phenotype"
"XXL_VLDL_CE","Cholesteryl Esters in Chylomicrons and Extremely Large VLDL","PCa_before_70","1.09(95% CI:0.965-1.232; P=0.1663655114)","0.934(95% CI:0.91-0.959; P=0.0000003854)","1.094(95% CI:0.964-1.243; P=0.1650021726)","Raw","All_control_except_phenotype","Raw All_control_except_phenotype"
"XXL_VLDL_FC","Free Cholesterol in Chylomicrons and Extremely Large VLDL","PCa_before_70","1.06(95% CI:0.938-1.199; P=0.347365089)","0.931(95% CI:0.906-0.956; P=0.0000001008)","1.065(95% CI:0.938-1.21; P=0.3295513881)","Raw","All_control_except_phenotype","Raw All_control_except_phenotype"
"XXL_VLDL_PL","Phospholipids in Chylomicrons and Extremely Large VLDL","PCa_before_70","1.046(95% CI:0.924-1.183; P=0.4778841477)","0.929(95% CI:0.905-0.954; P=0.0000000574)","1.051(95% CI:0.924-1.195; P=0.4460237184)","Raw","All_control_except_phenotype","Raw All_control_except_phenotype"
"XXL_VLDL_TG","Triglycerides in Chylomicrons and Extremely Large VLDL","PCa_before_70","1.054(95% CI:0.931-1.194; P=0.4044618942)","0.933(95% CI:0.908-0.958; P=0.0000002119)","1.061(95% CI:0.933-1.207; P=0.3676694643)","Raw","All_control_except_phenotype","Raw All_control_except_phenotype"
"Acetate","Acetate","RC","0.809(95% CI:0.6-1.09; P=0.1635243545)","1.021(95% CI:0.979-1.064; P=0.3356192118)","0.703(95% CI:0.459-1.077; P=0.1049967574)","Raw","All_control_except_phenotype","Raw All_control_except_phenotype"
"Acetoacetate","Acetoacetate","RC","0.963(95% CI:0.799-1.16; P=0.6903381023)","1.046(95% CI:1.004-1.089; P=0.0315993596)","1.006(95% CI:0.817-1.237; P=0.9580984543)","Raw","All_control_except_phenotype","Raw All_control_except_phenotype"
"Acetone","Acetone","RC","0.986(95% CI:0.815-1.193; P=0.8822919675)","1.056(95% CI:1.021-1.092; P=0.0017035204)","1.007(95% CI:0.817-1.24; P=0.949584365)","Raw","All_control_except_phenotype","Raw All_control_except_phenotype"
"Ala","Alanine","RC","0.942(95% CI:0.786-1.129; P=0.5167959881)","1.049(95% CI:1.001-1.099; P=0.0470452294)","0.995(95% CI:0.804-1.233; P=0.9659515904)","Raw","All_control_except_phenotype","Raw All_control_except_phenotype"
"Albumin","Albumin","RC","0.952(95% CI:0.785-1.154; P=0.6164167592)","0.979(95% CI:0.933-1.027; P=0.3864811209)","0.945(95% CI:0.761-1.172; P=0.605171345)","Raw","All_control_except_phenotype","Raw All_control_except_phenotype"
"ApoA1","Apolipoprotein A1","RC","0.941(95% CI:0.784-1.129; P=0.5133487711)","0.91(95% CI:0.867-0.954; P=0.0001012674)","0.999(95% CI:0.808-1.235; P=0.9917982878)","Raw","All_control_except_phenotype","Raw All_control_except_phenotype"
"ApoB","Apolipoprotein B","RC","0.969(95% CI:0.806-1.164; P=0.734780798)","0.951(95% CI:0.907-0.997; P=0.035752246)","0.948(95% CI:0.765-1.174; P=0.624967193)","Raw","All_control_except_phenotype","Raw All_control_except_phenotype"
"bOHbutyrate","3-Hydroxybutyrate","RC","1.055(95% CI:0.893-1.245; P=0.5315967578)","1.052(95% CI:1.008-1.098; P=0.0201751202)","1.075(95% CI:0.894-1.293; P=0.4401451726)","Raw","All_control_except_phenotype","Raw All_control_except_phenotype"
"Cholines","Total Cholines","RC","0.926(95% CI:0.766-1.12; P=0.4292049996)","0.907(95% CI:0.865-0.95; P=0.0000403569)","0.96(95% CI:0.774-1.191; P=0.7113610005)","Raw","All_control_except_phenotype","Raw All_control_except_phenotype"
"Citrate","Citrate","RC","1.029(95% CI:0.875-1.209; P=0.7334118158)","0.942(95% CI:0.898-0.989; P=0.0161518539)","0.945(95% CI:0.725-1.233; P=0.6783924147)","Raw","All_control_except_phenotype","Raw All_control_except_phenotype"
"Clinical_LDL_C","Clinical LDL Cholesterol","RC","0.971(95% CI:0.812-1.163; P=0.7515051912)","0.933(95% CI:0.891-0.977; P=0.0031052112)","0.951(95% CI:0.771-1.173; P=0.6402370864)","Raw","All_control_except_phenotype","Raw All_control_except_phenotype"
"Creatinine","Creatinine","RC","1.07(95% CI:0.895-1.28; P=0.4590724317)","1.085(95% CI:1.054-1.117; P=0.0000000361)","1.164(95% CI:0.944-1.436; P=0.1554801013)","Raw","All_control_except_phenotype","Raw All_control_except_phenotype"
"DHA","Docosahexaenoic Acid","RC","0.967(95% CI:0.809-1.156; P=0.7133530475)","0.911(95% CI:0.867-0.956; P=0.0001649153)","0.995(95% CI:0.803-1.233; P=0.9613756237)","Raw","All_control_except_phenotype","Raw All_control_except_phenotype"
"Gln","Glutamine","RC","1.038(95% CI:0.861-1.251; P=0.6980754179)","0.98(95% CI:0.934-1.028; P=0.4088569373)","0.958(95% CI:0.772-1.187; P=0.6925986973)","Raw","All_control_except_phenotype","Raw All_control_except_phenotype"
"Glucose","Glucose","RC","0.949(95% CI:0.794-1.135; P=0.5666238964)","1.058(95% CI:1.01-1.108; P=0.0169816142)","0.916(95% CI:0.732-1.146; P=0.4426481663)","Raw","All_control_except_phenotype","Raw All_control_except_phenotype"
"Gly","Glycine","RC","0.996(95% CI:0.836-1.186; P=0.9633543625)","0.839(95% CI:0.797-0.883; P=0)","1.018(95% CI:0.827-1.254; P=0.8660011681)","Raw","All_control_except_phenotype","Raw All_control_except_phenotype"
"GlycA","Glycoprotein Acetyls","RC","1.003(95% CI:0.833-1.206; P=0.9779499333)","1.068(95% CI:1.018-1.12; P=0.0069254151)","1.059(95% CI:0.853-1.314; P=0.6036090721)","Raw","All_control_except_phenotype","Raw All_control_except_phenotype"
"HDL_C","HDL Cholesterol","RC","0.978(95% CI:0.82-1.166; P=0.8036769205)","0.884(95% CI:0.842-0.928; P=0.0000005416)","1.01(95% CI:0.819-1.245; P=0.9282232502)","Raw","All_control_except_phenotype","Raw All_control_except_phenotype"
"HDL_CE","Cholesteryl Esters in HDL","RC","0.984(95% CI:0.826-1.171; P=0.8550809365)","0.888(95% CI:0.846-0.931; P=0.0000012126)","1.016(95% CI:0.824-1.253; P=0.8821234828)","Raw","All_control_except_phenotype","Raw All_control_except_phenotype"
"HDL_FC","Free Cholesterol in HDL","RC","0.961(95% CI:0.803-1.151; P=0.6672885316)","0.875(95% CI:0.833-0.919; P=0.0000001023)","0.987(95% CI:0.799-1.219; P=0.9033157869)","Raw","All_control_except_phenotype","Raw All_control_except_phenotype"
"HDL_L","Total Lipids in HDL","RC","0.956(95% CI:0.797-1.147; P=0.6253428979)","0.894(95% CI:0.852-0.938; P=0.0000048012)","1.003(95% CI:0.811-1.24; P=0.9790694313)","Raw","All_control_except_phenotype","Raw All_control_except_phenotype"
"HDL_PL","Phospholipids in HDL","RC","0.95(95% CI:0.791-1.142; P=0.5876147086)","0.903(95% CI:0.861-0.948; P=0.0000323699)","1.001(95% CI:0.809-1.239; P=0.9909484158)","Raw","All_control_except_phenotype","Raw All_control_except_phenotype"
"HDL_TG","Triglycerides in HDL","RC","0.931(95% CI:0.769-1.127; P=0.4625306575)","1.027(95% CI:0.98-1.076; P=0.2704711614)","0.978(95% CI:0.787-1.215; P=0.8377870047)","Raw","All_control_except_phenotype","Raw All_control_except_phenotype"
"His","Histidine","RC","1.027(95% CI:0.854-1.234; P=0.7780641661)","0.948(95% CI:0.901-0.996; P=0.0355924285)","0.999(95% CI:0.806-1.238; P=0.9915383029)","Raw","All_control_except_phenotype","Raw All_control_except_phenotype"
"IDL_C","Cholesterol in IDL","RC","0.973(95% CI:0.816-1.161; P=0.7643403939)","0.894(95% CI:0.854-0.936; P=0.0000018432)","0.944(95% CI:0.766-1.163; P=0.5878823922)","Raw","All_control_except_phenotype","Raw All_control_except_phenotype"
"IDL_CE","Cholesteryl Esters in IDL","RC","0.978(95% CI:0.819-1.168; P=0.8091978811)","0.896(95% CI:0.856-0.939; P=0.0000033109)","0.954(95% CI:0.774-1.176; P=0.658341515)","Raw","All_control_except_phenotype","Raw All_control_except_phenotype"
"IDL_FC","Free Cholesterol in IDL","RC","0.958(95% CI:0.805-1.139; P=0.6249672822)","0.889(95% CI:0.849-0.932; P=0.000000773)","0.92(95% CI:0.747-1.134; P=0.4362780354)","Raw","All_control_except_phenotype","Raw All_control_except_phenotype"
"IDL_PL","Phospholipids in IDL","RC","0.96(95% CI:0.803-1.148; P=0.6541496106)","0.89(95% CI:0.85-0.933; P=0.0000011562)","0.94(95% CI:0.761-1.161; P=0.5653916495)","Raw","All_control_except_phenotype","Raw All_control_except_phenotype"
"IDL_TG","Triglycerides in IDL","RC","0.942(95% CI:0.775-1.145; P=0.5482054949)","0.993(95% CI:0.947-1.042; P=0.7799122912)","0.977(95% CI:0.784-1.217; P=0.8328982738)","Raw","All_control_except_phenotype","Raw All_control_except_phenotype"
"Ile","Isoleucine","RC","1.015(95% CI:0.853-1.208; P=0.8673125011)","1.05(95% CI:1.003-1.099; P=0.0358274978)","1.004(95% CI:0.813-1.24; P=0.9724390409)","Raw","All_control_except_phenotype","Raw All_control_except_phenotype"
"L_HDL_C","Cholesterol in Large HDL","RC","1.001(95% CI:0.84-1.192; P=0.9945088917)","0.86(95% CI:0.818-0.904; P=0.0000000029)","0.999(95% CI:0.809-1.233; P=0.9929616234)","Raw","All_control_except_phenotype","Raw All_control_except_phenotype"
"L_HDL_CE","Cholesteryl Esters in Large HDL","RC","1.003(95% CI:0.843-1.194; P=0.9691027132)","0.861(95% CI:0.819-0.905; P=0.0000000045)","1.002(95% CI:0.812-1.236; P=0.9831901735)","Raw","All_control_except_phenotype","Raw All_control_except_phenotype"
"L_HDL_FC","Free Cholesterol in Large HDL","RC","0.988(95% CI:0.829-1.178; P=0.8949246501)","0.857(95% CI:0.815-0.902; P=0.0000000029)","0.982(95% CI:0.795-1.214; P=0.8682319388)","Raw","All_control_except_phenotype","Raw All_control_except_phenotype"
"L_HDL_PL","Phospholipids in Large HDL","RC","0.986(95% CI:0.825-1.18; P=0.881489277)","0.867(95% CI:0.825-0.911; P=0.0000000186)","0.999(95% CI:0.808-1.234; P=0.990325654)","Raw","All_control_except_phenotype","Raw All_control_except_phenotype"
"L_HDL_TG","Triglycerides in Large HDL","RC","0.92(95% CI:0.755-1.121; P=0.4081846792)","0.937(95% CI:0.892-0.984; P=0.0094059634)","0.966(95% CI:0.776-1.202; P=0.7549635084)","Raw","All_control_except_phenotype","Raw All_control_except_phenotype"
"L_LDL_C","Cholesterol in Large LDL","RC","0.967(95% CI:0.809-1.156; P=0.7142625418)","0.929(95% CI:0.887-0.973; P=0.0019213623)","0.958(95% CI:0.776-1.182; P=0.6865388441)","Raw","All_control_except_phenotype","Raw All_control_except_phenotype"
"L_LDL_CE","Cholesteryl Esters in Large LDL","RC","0.966(95% CI:0.807-1.156; P=0.7050690457)","0.936(95% CI:0.894-0.981; P=0.0059232097)","0.96(95% CI:0.777-1.186; P=0.7054776797)","Raw","All_control_except_phenotype","Raw All_control_except_phenotype"
"L_LDL_FC","Free Cholesterol in Large LDL","RC","0.967(95% CI:0.813-1.152; P=0.709995744)","0.912(95% CI:0.871-0.956; P=0.0001099973)","0.953(95% CI:0.773-1.175; P=0.6528567832)","Raw","All_control_except_phenotype","Raw All_control_except_phenotype"
"L_LDL_PL","Phospholipids in Large LDL","RC","0.961(95% CI:0.804-1.15; P=0.666305832)","0.931(95% CI:0.888-0.976; P=0.0027723124)","0.952(95% CI:0.77-1.177; P=0.6498294211)","Raw","All_control_except_phenotype","Raw All_control_except_phenotype"
"L_LDL_TG","Triglycerides in Large LDL","RC","0.93(95% CI:0.763-1.133; P=0.4710147539)","1.007(95% CI:0.96-1.057; P=0.7615588194)","0.966(95% CI:0.773-1.206; P=0.7600714344)","Raw","All_control_except_phenotype","Raw All_control_except_phenotype"
"L_VLDL_C","Cholesterol in Large VLDL","RC","0.969(95% CI:0.807-1.164; P=0.7362376579)","1.06(95% CI:1.011-1.111; P=0.0158021308)","0.967(95% CI:0.779-1.202; P=0.7650404689)","Raw","All_control_except_phenotype","Raw All_control_except_phenotype"
"L_VLDL_CE","Cholesteryl Esters in Large VLDL","RC","0.976(95% CI:0.813-1.172; P=0.7987571718)","1.033(95% CI:0.986-1.083; P=0.172543002)","0.97(95% CI:0.781-1.205; P=0.7828759215)","Raw","All_control_except_phenotype","Raw All_control_except_phenotype"
"L_VLDL_FC","Free Cholesterol in Large VLDL","RC","0.96(95% CI:0.799-1.153; P=0.6611608325)","1.08(95% CI:1.031-1.132; P=0.0010935574)","0.961(95% CI:0.773-1.195; P=0.7207411174)","Raw","All_control_except_phenotype","Raw All_control_except_phenotype"
"L_VLDL_PL","Phospholipids in Large VLDL","RC","0.962(95% CI:0.802-1.155; P=0.6805433506)","1.085(95% CI:1.036-1.137; P=0.0005136027)","0.967(95% CI:0.778-1.202; P=0.7613337496)","Raw","All_control_except_phenotype","Raw All_control_except_phenotype"
"L_VLDL_TG","Triglycerides in Large VLDL","RC","0.979(95% CI:0.817-1.173; P=0.8179525321)","1.097(95% CI:1.048-1.149; P=0.000071663)","0.984(95% CI:0.793-1.221; P=0.8831448614)","Raw","All_control_except_phenotype","Raw All_control_except_phenotype"
"LA","Linoleic Acid","RC","0.947(95% CI:0.787-1.14; P=0.565622894)","0.928(95% CI:0.885-0.972; P=0.0016979875)","0.944(95% CI:0.761-1.17; P=0.59747396)","Raw","All_control_except_phenotype","Raw All_control_except_phenotype"
"Lactate","Lactate","RC","0.994(95% CI:0.832-1.188; P=0.9496392214)","1.056(95% CI:1.005-1.11; P=0.0302645396)","0.971(95% CI:0.784-1.202; P=0.7850666564)","Raw","All_control_except_phenotype","Raw All_control_except_phenotype"
"LDL_C","LDL Cholesterol","RC","0.965(95% CI:0.805-1.157; P=0.7031632121)","0.944(95% CI:0.901-0.99; P=0.0163810915)","0.957(95% CI:0.774-1.183; P=0.6844969712)","Raw","All_control_except_phenotype","Raw All_control_except_phenotype"
"LDL_CE","Cholesteryl Esters in LDL","RC","0.962(95% CI:0.801-1.154; P=0.6732496269)","0.953(95% CI:0.91-0.999; P=0.0468228819)","0.957(95% CI:0.774-1.184; P=0.6877971208)","Raw","All_control_except_phenotype","Raw All_control_except_phenotype"
"LDL_FC","Free Cholesterol in LDL","RC","0.974(95% CI:0.817-1.161; P=0.7683953204)","0.925(95% CI:0.883-0.969; P=0.0010000384)","0.96(95% CI:0.779-1.184; P=0.7046763208)","Raw","All_control_except_phenotype","Raw All_control_except_phenotype"
"LDL_L","Total Lipids in LDL","RC","0.962(95% CI:0.801-1.155; P=0.6748460638)","0.949(95% CI:0.905-0.994; P=0.0276454943)","0.955(95% CI:0.772-1.182; P=0.6727935598)","Raw","All_control_except_phenotype","Raw All_control_except_phenotype"
"LDL_PL","Phospholipids in LDL","RC","0.967(95% CI:0.806-1.159; P=0.7153285471)","0.95(95% CI:0.906-0.996; P=0.0329067979)","0.959(95% CI:0.775-1.187; P=0.7017423988)","Raw","All_control_except_phenotype","Raw All_control_except_phenotype"
"LDL_TG","Triglycerides in LDL","RC","0.932(95% CI:0.766-1.134; P=0.4813113452)","1.026(95% CI:0.978-1.075; P=0.2937008747)","0.968(95% CI:0.775-1.208; P=0.7709633275)","Raw","All_control_except_phenotype","Raw All_control_except_phenotype"
"Leu","Leucine","RC","0.994(95% CI:0.834-1.185; P=0.9482557185)","1.063(95% CI:1.016-1.113; P=0.0086732079)","1.002(95% CI:0.812-1.236; P=0.9830405069)","Raw","All_control_except_phenotype","Raw All_control_except_phenotype"
"M_HDL_C","Cholesterol in Medium HDL","RC","0.965(95% CI:0.808-1.153; P=0.6965417384)","0.914(95% CI:0.871-0.959; P=0.000222569)","1.022(95% CI:0.828-1.261; P=0.8391705727)","Raw","All_control_except_phenotype","Raw All_control_except_phenotype"
"M_HDL_CE","Cholesteryl Esters in Medium HDL","RC","0.969(95% CI:0.812-1.157; P=0.7288974841)","0.917(95% CI:0.874-0.962; P=0.0003979678)","1.026(95% CI:0.832-1.266; P=0.8073246157)","Raw","All_control_except_phenotype","Raw All_control_except_phenotype"
"M_HDL_FC","Free Cholesterol in Medium HDL","RC","0.953(95% CI:0.794-1.143; P=0.6012325105)","0.903(95% CI:0.86-0.947; P=0.000034165)","1.003(95% CI:0.812-1.239; P=0.9777963964)","Raw","All_control_except_phenotype","Raw All_control_except_phenotype"
"M_HDL_PL","Phospholipids in Medium HDL","RC","0.939(95% CI:0.781-1.129; P=0.503625527)","0.936(95% CI:0.893-0.982; P=0.0070565749)","1.008(95% CI:0.815-1.247; P=0.9424408868)","Raw","All_control_except_phenotype","Raw All_control_except_phenotype"
"M_HDL_TG","Triglycerides in Medium HDL","RC","0.928(95% CI:0.767-1.121; P=0.4373155784)","1.029(95% CI:0.981-1.078; P=0.2413532449)","0.975(95% CI:0.785-1.211; P=0.8174685961)","Raw","All_control_except_phenotype","Raw All_control_except_phenotype"
"M_LDL_C","Cholesterol in Medium LDL","RC","0.959(95% CI:0.799-1.153; P=0.658247723)","0.979(95% CI:0.933-1.026; P=0.3749568032)","0.961(95% CI:0.775-1.192; P=0.7186500597)","Raw","All_control_except_phenotype","Raw All_control_except_phenotype"
"M_LDL_CE","Cholesteryl Esters in Medium LDL","RC","0.954(95% CI:0.793-1.147; P=0.6165906841)","0.991(95% CI:0.945-1.039; P=0.6958060657)","0.959(95% CI:0.773-1.191; P=0.7070364996)","Raw","All_control_except_phenotype","Raw All_control_except_phenotype"
"M_LDL_FC","Free Cholesterol in Medium LDL","RC","0.977(95% CI:0.819-1.167; P=0.8012782179)","0.951(95% CI:0.907-0.997; P=0.0366038167)","0.973(95% CI:0.788-1.203; P=0.8033891685)","Raw","All_control_except_phenotype","Raw All_control_except_phenotype"
"M_LDL_PL","Phospholipids in Medium LDL","RC","0.967(95% CI:0.805-1.161; P=0.7200495762)","0.985(95% CI:0.939-1.033; P=0.531394304)","0.971(95% CI:0.783-1.204; P=0.7876331433)","Raw","All_control_except_phenotype","Raw All_control_except_phenotype"
"M_LDL_TG","Triglycerides in Medium LDL","RC","0.931(95% CI:0.766-1.131; P=0.47112033)","1.043(95% CI:0.996-1.093; P=0.073184044)","0.966(95% CI:0.774-1.207; P=0.7622098552)","Raw","All_control_except_phenotype","Raw All_control_except_phenotype"
"M_VLDL_C","Cholesterol in Medium VLDL","RC","0.983(95% CI:0.822-1.176; P=0.8542893394)","0.937(95% CI:0.893-0.982; P=0.006474307)","0.957(95% CI:0.773-1.183; P=0.6823738018)","Raw","All_control_except_phenotype","Raw All_control_except_phenotype"
"M_VLDL_CE","Cholesteryl Esters in Medium VLDL","RC","0.989(95% CI:0.83-1.177; P=0.8982335255)","0.914(95% CI:0.872-0.958; P=0.0001769643)","0.959(95% CI:0.776-1.183; P=0.6934257318)","Raw","All_control_except_phenotype","Raw All_control_except_phenotype"
"M_VLDL_FC","Free Cholesterol in Medium VLDL","RC","0.975(95% CI:0.812-1.17; P=0.7825642752)","0.972(95% CI:0.927-1.02; P=0.2486711396)","0.957(95% CI:0.771-1.187; P=0.6885486517)","Raw","All_control_except_phenotype","Raw All_control_except_phenotype"
"M_VLDL_PL","Phospholipids in Medium VLDL","RC","0.976(95% CI:0.812-1.173; P=0.792831567)","0.991(95% CI:0.945-1.039; P=0.7147515666)","0.963(95% CI:0.776-1.196; P=0.7348962165)","Raw","All_control_except_phenotype","Raw All_control_except_phenotype"
"M_VLDL_TG","Triglycerides in Medium VLDL","RC","0.989(95% CI:0.824-1.186; P=0.9019953836)","1.078(95% CI:1.029-1.13; P=0.0016604092)","1.001(95% CI:0.807-1.241; P=0.9914671663)","Raw","All_control_except_phenotype","Raw All_control_except_phenotype"
"MUFA","Monounsaturated Fatty Acids","RC","0.948(95% CI:0.782-1.149; P=0.5843165646)","1.058(95% CI:1.009-1.11; P=0.0202147884)","0.985(95% CI:0.791-1.226; P=0.8890688996)","Raw","All_control_except_phenotype","Raw All_control_except_phenotype"
"non_HDL_C","Total Cholesterol Minus HDL-C","RC","0.965(95% CI:0.803-1.159; P=0.7014665376)","0.939(95% CI:0.896-0.984; P=0.0080905751)","0.948(95% CI:0.767-1.171; P=0.6189936474)","Raw","All_control_except_phenotype","Raw All_control_except_phenotype"
"Omega_3","Omega-3 Fatty Acids","RC","0.94(95% CI:0.778-1.137; P=0.5232951446)","0.954(95% CI:0.909-1.001; P=0.0574608784)","0.991(95% CI:0.796-1.234; P=0.9370745376)","Raw","All_control_except_phenotype","Raw All_control_except_phenotype"
"Omega_6","Omega-6 Fatty Acids","RC","0.941(95% CI:0.779-1.137; P=0.5293604447)","0.932(95% CI:0.889-0.977; P=0.0034672849)","0.961(95% CI:0.773-1.193; P=0.7164242336)","Raw","All_control_except_phenotype","Raw All_control_except_phenotype"
"Phe","Phenylalanine","RC","0.938(95% CI:0.772-1.139; P=0.5192977951)","0.997(95% CI:0.951-1.045; P=0.8937351357)","0.906(95% CI:0.727-1.129; P=0.3798939172)","Raw","All_control_except_phenotype","Raw All_control_except_phenotype"
"Phosphatidylc","Phosphatidylcholines","RC","0.929(95% CI:0.765-1.127; P=0.4541369238)","0.905(95% CI:0.864-0.949; P=0.0000344369)","0.97(95% CI:0.781-1.205; P=0.7822933159)","Raw","All_control_except_phenotype","Raw All_control_except_phenotype"
"Phosphoglyc","Phosphoglycerides","RC","0.919(95% CI:0.758-1.115; P=0.3943870677)","0.919(95% CI:0.877-0.964; P=0.0004548458)","0.962(95% CI:0.774-1.195; P=0.7236929735)","Raw","All_control_except_phenotype","Raw All_control_except_phenotype"
"PUFA","Polyunsaturated Fatty Acids","RC","0.928(95% CI:0.763-1.129; P=0.4572689216)","0.929(95% CI:0.886-0.974; P=0.0022514318)","0.96(95% CI:0.771-1.196; P=0.7167940214)","Raw","All_control_except_phenotype","Raw All_control_except_phenotype"
"Pyruvate","Pyruvate","RC","0.97(95% CI:0.811-1.16; P=0.7378080588)","0.991(95% CI:0.942-1.043; P=0.723814731)","0.951(95% CI:0.763-1.184; P=0.6523720587)","Raw","All_control_except_phenotype","Raw All_control_except_phenotype"
"Remnant_C","Remnant Cholesterol (Non-HDL and Non-LDL -Cholesterol)","RC","0.964(95% CI:0.801-1.16; P=0.6991384973)","0.936(95% CI:0.893-0.981; P=0.0056697892)","0.941(95% CI:0.76-1.164; P=0.5737058409)","Raw","All_control_except_phenotype","Raw All_control_except_phenotype"
"S_HDL_C","Cholesterol in Small HDL","RC","0.95(95% CI:0.792-1.14; P=0.5824350766)","1.012(95% CI:0.965-1.061; P=0.6163670998)","1.049(95% CI:0.847-1.3; P=0.6590162289)","Raw","All_control_except_phenotype","Raw All_control_except_phenotype"
"S_HDL_CE","Cholesteryl Esters in Small HDL","RC","0.963(95% CI:0.804-1.153; P=0.6805826914)","1.026(95% CI:0.979-1.076; P=0.2830663695)","1.057(95% CI:0.853-1.309; P=0.6113880548)","Raw","All_control_except_phenotype","Raw All_control_except_phenotype"
"S_HDL_FC","Free Cholesterol in Small HDL","RC","0.93(95% CI:0.768-1.125; P=0.4538160569)","0.972(95% CI:0.927-1.019; P=0.2371572038)","1.02(95% CI:0.822-1.265; P=0.8597272627)","Raw","All_control_except_phenotype","Raw All_control_except_phenotype"
"S_HDL_PL","Phospholipids in Small HDL","RC","0.921(95% CI:0.764-1.112; P=0.3923230352)","1.023(95% CI:0.975-1.072; P=0.3533168745)","1.023(95% CI:0.825-1.267; P=0.8385923307)","Raw","All_control_except_phenotype","Raw All_control_except_phenotype"
"S_HDL_TG","Triglycerides in Small HDL","RC","0.945(95% CI:0.786-1.135; P=0.5443080816)","1.086(95% CI:1.037-1.137; P=0.000473251)","0.983(95% CI:0.793-1.22; P=0.8785021629)","Raw","All_control_except_phenotype","Raw All_control_except_phenotype"
"S_LDL_C","Cholesterol in Small LDL","RC","0.968(95% CI:0.807-1.16; P=0.7228012795)","0.975(95% CI:0.929-1.022; P=0.2845850641)","0.958(95% CI:0.773-1.188; P=0.6987434647)","Raw","All_control_except_phenotype","Raw All_control_except_phenotype"
"S_LDL_CE","Cholesteryl Esters in Small LDL","RC","0.956(95% CI:0.796-1.149; P=0.6321138574)","0.986(95% CI:0.94-1.034; P=0.5563907946)","0.952(95% CI:0.767-1.182; P=0.6553931851)","Raw","All_control_except_phenotype","Raw All_control_except_phenotype"
"S_LDL_FC","Free Cholesterol in Small LDL","RC","0.998(95% CI:0.837-1.189; P=0.9796119723)","0.95(95% CI:0.906-0.995; P=0.0302412262)","0.982(95% CI:0.795-1.212; P=0.8627569344)","Raw","All_control_except_phenotype","Raw All_control_except_phenotype"
"S_LDL_PL","Phospholipids in Small LDL","RC","0.991(95% CI:0.828-1.187; P=0.925935179)","0.971(95% CI:0.926-1.018; P=0.2183558327)","0.978(95% CI:0.79-1.212; P=0.8416989231)","Raw","All_control_except_phenotype","Raw All_control_except_phenotype"
"S_LDL_TG","Triglycerides in Small LDL","RC","0.936(95% CI:0.773-1.132; P=0.4950850076)","1.066(95% CI:1.018-1.115; P=0.0059543431)","0.96(95% CI:0.769-1.198; P=0.7176093837)","Raw","All_control_except_phenotype","Raw All_control_except_phenotype"
"S_VLDL_C","Cholesterol in Small VLDL","RC","0.975(95% CI:0.811-1.171; P=0.7832368808)","0.977(95% CI:0.932-1.025; P=0.3446811337)","0.965(95% CI:0.778-1.197; P=0.7457951372)","Raw","All_control_except_phenotype","Raw All_control_except_phenotype"
"S_VLDL_CE","Cholesteryl Esters in Small VLDL","RC","0.969(95% CI:0.807-1.165; P=0.7402077175)","0.985(95% CI:0.939-1.032; P=0.522238498)","0.961(95% CI:0.775-1.192; P=0.7182774593)","Raw","All_control_except_phenotype","Raw All_control_except_phenotype"
"S_VLDL_FC","Free Cholesterol in Small VLDL","RC","0.984(95% CI:0.821-1.18; P=0.8633347042)","0.964(95% CI:0.92-1.011; P=0.1332457324)","0.972(95% CI:0.785-1.205; P=0.7988440082)","Raw","All_control_except_phenotype","Raw All_control_except_phenotype"
"S_VLDL_PL","Phospholipids in Small VLDL","RC","0.983(95% CI:0.817-1.182; P=0.8546366736)","0.99(95% CI:0.944-1.038; P=0.6842198827)","0.98(95% CI:0.789-1.216; P=0.8519696366)","Raw","All_control_except_phenotype","Raw All_control_except_phenotype"
"S_VLDL_TG","Triglycerides in Small VLDL","RC","0.984(95% CI:0.82-1.18; P=0.8584743344)","1.072(95% CI:1.023-1.123; P=0.0035625579)","1.015(95% CI:0.82-1.257; P=0.8919857754)","Raw","All_control_except_phenotype","Raw All_control_except_phenotype"
"SFA","Saturated Fatty Acids","RC","0.927(95% CI:0.762-1.128; P=0.4480490385)","1.019(95% CI:0.971-1.069; P=0.4410475703)","0.961(95% CI:0.77-1.198; P=0.7222122803)","Raw","All_control_except_phenotype","Raw All_control_except_phenotype"
"Sphingomyelins","Sphingomyelins","RC","0.968(95% CI:0.809-1.158; P=0.7204578151)","0.894(95% CI:0.854-0.937; P=0.0000026706)","0.978(95% CI:0.792-1.209; P=0.8390658052)","Raw","All_control_except_phenotype","Raw All_control_except_phenotype"
"Total_C","Total Cholesterol","RC","0.959(95% CI:0.801-1.149; P=0.6513182182)","0.908(95% CI:0.867-0.951; P=0.0000367618)","0.95(95% CI:0.77-1.172; P=0.6308831179)","Raw","All_control_except_phenotype","Raw All_control_except_phenotype"
"Total_CE","Total Esterified Cholesterol","RC","0.96(95% CI:0.803-1.148; P=0.6570603397)","0.905(95% CI:0.864-0.947; P=0.0000188078)","0.953(95% CI:0.773-1.176; P=0.6552752728)","Raw","All_control_except_phenotype","Raw All_control_except_phenotype"
"Total_FA","Total Fatty Acids","RC","0.928(95% CI:0.761-1.13; P=0.4561161838)","1.002(95% CI:0.955-1.051; P=0.9445648535)","0.966(95% CI:0.774-1.205; P=0.756999164)","Raw","All_control_except_phenotype","Raw All_control_except_phenotype"
"Total_FC","Total Free Cholesterol","RC","0.956(95% CI:0.797-1.147; P=0.6305985439)","0.917(95% CI:0.875-0.961; P=0.0002611993)","0.944(95% CI:0.763-1.166; P=0.591051196)","Raw","All_control_except_phenotype","Raw All_control_except_phenotype"
"Total_L","Total Lipids in Lipoprotein Particles","RC","0.942(95% CI:0.779-1.137; P=0.5326149559)","0.948(95% CI:0.905-0.994; P=0.0273223713)","0.952(95% CI:0.768-1.181; P=0.6564918711)","Raw","All_control_except_phenotype","Raw All_control_except_phenotype"
"Total_PL","Total Phospholipids in Lipoprotein Particles","RC","0.934(95% CI:0.774-1.127; P=0.4755414288)","0.917(95% CI:0.876-0.961; P=0.0002906081)","0.956(95% CI:0.772-1.185; P=0.6815080461)","Raw","All_control_except_phenotype","Raw All_control_except_phenotype"
"Total_TG","Total Triglycerides","RC","0.966(95% CI:0.803-1.163; P=0.7155493197)","1.087(95% CI:1.037-1.139; P=0.0005102742)","0.99(95% CI:0.798-1.23; P=0.9311515306)","Raw","All_control_except_phenotype","Raw All_control_except_phenotype"
"Tyr","Tyrosine","RC","0.966(95% CI:0.807-1.157; P=0.7090504922)","1.002(95% CI:0.956-1.051; P=0.9277905701)","0.998(95% CI:0.808-1.233; P=0.9838520856)","Raw","All_control_except_phenotype","Raw All_control_except_phenotype"
"Unsaturation","Degree of Unsaturation","RC","0.986(95% CI:0.833-1.169; P=0.8748247756)","0.879(95% CI:0.839-0.921; P=0.0000000533)","1.005(95% CI:0.815-1.238; P=0.9647185378)","Raw","All_control_except_phenotype","Raw All_control_except_phenotype"
"Val","Valine","RC","0.943(95% CI:0.786-1.131; P=0.5258478913)","1.047(95% CI:1-1.098; P=0.0518045759)","0.943(95% CI:0.76-1.169; P=0.5918188389)","Raw","All_control_except_phenotype","Raw All_control_except_phenotype"
"VLDL_C","VLDL Cholesterol","RC","0.961(95% CI:0.798-1.159; P=0.6797775039)","0.991(95% CI:0.945-1.039; P=0.7093858358)","0.949(95% CI:0.764-1.178; P=0.6334143366)","Raw","All_control_except_phenotype","Raw All_control_except_phenotype"
"VLDL_CE","Cholesteryl Esters in VLDL","RC","0.963(95% CI:0.801-1.158; P=0.6879697388)","0.967(95% CI:0.922-1.014; P=0.1636466109)","0.944(95% CI:0.761-1.17; P=0.5984532724)","Raw","All_control_except_phenotype","Raw All_control_except_phenotype"
"VLDL_FC","Free Cholesterol in VLDL","RC","0.955(95% CI:0.793-1.151; P=0.631835463)","1.022(95% CI:0.974-1.071; P=0.3739029385)","0.949(95% CI:0.763-1.18; P=0.6394371137)","Raw","All_control_except_phenotype","Raw All_control_except_phenotype"
"VLDL_L","Total Lipids in VLDL","RC","0.969(95% CI:0.803-1.17; P=0.7436457981)","1.063(95% CI:1.013-1.115; P=0.0126048134)","0.978(95% CI:0.787-1.215; P=0.8394944455)","Raw","All_control_except_phenotype","Raw All_control_except_phenotype"
"VLDL_PL","Phospholipids in VLDL","RC","0.959(95% CI:0.795-1.157; P=0.6620860477)","1.037(95% CI:0.989-1.087; P=0.136762549)","0.96(95% CI:0.772-1.194; P=0.7157791076)","Raw","All_control_except_phenotype","Raw All_control_except_phenotype"
"VLDL_TG","Triglycerides in VLDL","RC","0.975(95% CI:0.812-1.17; P=0.7827835108)","1.098(95% CI:1.048-1.151; P=0.0000840134)","0.991(95% CI:0.799-1.229; P=0.9345639912)","Raw","All_control_except_phenotype","Raw All_control_except_phenotype"
"XL_HDL_C","Cholesterol in Very Large HDL","RC","0.99(95% CI:0.834-1.176; P=0.9116648198)","0.853(95% CI:0.81-0.897; P=0.0000000009)","0.959(95% CI:0.776-1.186; P=0.7011973291)","Raw","All_control_except_phenotype","Raw All_control_except_phenotype"
"XL_HDL_CE","Cholesteryl Esters in Very Large HDL","RC","0.996(95% CI:0.839-1.182; P=0.9622464603)","0.852(95% CI:0.81-0.897; P=0.0000000009)","0.971(95% CI:0.786-1.199; P=0.7810667271)","Raw","All_control_except_phenotype","Raw All_control_except_phenotype"
"XL_HDL_FC","Free Cholesterol in Very Large HDL","RC","0.97(95% CI:0.815-1.154; P=0.7295728079)","0.86(95% CI:0.818-0.905; P=0.0000000061)","0.916(95% CI:0.738-1.137; P=0.4274562289)","Raw","All_control_except_phenotype","Raw All_control_except_phenotype"
"XL_HDL_PL","Phospholipids in Very Large HDL","RC","0.988(95% CI:0.83-1.177; P=0.8947045598)","0.854(95% CI:0.812-0.9; P=0.0000000021)","0.962(95% CI:0.777-1.192; P=0.72388654)","Raw","All_control_except_phenotype","Raw All_control_except_phenotype"
"XL_HDL_TG","Triglycerides in Very Large HDL","RC","0.928(95% CI:0.763-1.129; P=0.4560484281)","0.976(95% CI:0.93-1.024; P=0.3178170527)","0.955(95% CI:0.765-1.192; P=0.6812125244)","Raw","All_control_except_phenotype","Raw All_control_except_phenotype"
"XL_VLDL_C","Cholesterol in Very Large VLDL","RC","0.952(95% CI:0.791-1.144; P=0.5970393433)","1.065(95% CI:1.016-1.116; P=0.008489815)","0.945(95% CI:0.759-1.177; P=0.6143249358)","Raw","All_control_except_phenotype","Raw All_control_except_phenotype"
"XL_VLDL_CE","Cholesteryl Esters in Very Large VLDL","RC","0.957(95% CI:0.797-1.15; P=0.641509829)","1.046(95% CI:0.998-1.097; P=0.0596255184)","0.947(95% CI:0.761-1.177; P=0.6215417796)","Raw","All_control_except_phenotype","Raw All_control_except_phenotype"
"XL_VLDL_FC","Free Cholesterol in Very Large VLDL","RC","0.943(95% CI:0.784-1.135; P=0.5373589749)","1.08(95% CI:1.031-1.131; P=0.0010816198)","0.941(95% CI:0.754-1.174; P=0.5910807334)","Raw","All_control_except_phenotype","Raw All_control_except_phenotype"
"XL_VLDL_PL","Phospholipids in Very Large VLDL","RC","0.945(95% CI:0.785-1.137; P=0.5481379511)","1.087(95% CI:1.038-1.137; P=0.0003733186)","0.943(95% CI:0.756-1.177; P=0.6030130979)","Raw","All_control_except_phenotype","Raw All_control_except_phenotype"
"XL_VLDL_TG","Triglycerides in Very Large VLDL","RC","0.954(95% CI:0.795-1.145; P=0.6134460352)","1.105(95% CI:1.057-1.157; P=0.0000134291)","0.96(95% CI:0.771-1.194; P=0.7115067507)","Raw","All_control_except_phenotype","Raw All_control_except_phenotype"
"XS_VLDL_C","Cholesterol in Very Small VLDL","RC","0.956(95% CI:0.796-1.146; P=0.6243143432)","0.889(95% CI:0.848-0.932; P=0.0000011592)","0.926(95% CI:0.748-1.147; P=0.4815716472)","Raw","All_control_except_phenotype","Raw All_control_except_phenotype"
"XS_VLDL_CE","Cholesteryl Esters in Very Small VLDL","RC","0.96(95% CI:0.802-1.149; P=0.6558064035)","0.882(95% CI:0.841-0.924; P=0.0000001767)","0.926(95% CI:0.749-1.145; P=0.4792820243)","Raw","All_control_except_phenotype","Raw All_control_except_phenotype"
"XS_VLDL_FC","Free Cholesterol in Very Small VLDL","RC","0.946(95% CI:0.785-1.14; P=0.5608246138)","0.912(95% CI:0.869-0.956; P=0.0001554559)","0.927(95% CI:0.746-1.153; P=0.4960482876)","Raw","All_control_except_phenotype","Raw All_control_except_phenotype"
"XS_VLDL_PL","Phospholipids in Very Small VLDL","RC","0.948(95% CI:0.784-1.146; P=0.5795939756)","0.928(95% CI:0.884-0.974; P=0.0023528674)","0.943(95% CI:0.758-1.174; P=0.6010257333)","Raw","All_control_except_phenotype","Raw All_control_except_phenotype"
"XS_VLDL_TG","Triglycerides in Very Small VLDL","RC","0.954(95% CI:0.789-1.154; P=0.6294242275)","1.023(95% CI:0.976-1.072; P=0.3458359992)","0.991(95% CI:0.798-1.231; P=0.9342599125)","Raw","All_control_except_phenotype","Raw All_control_except_phenotype"
"XXL_VLDL_C","Cholesterol in Chylomicrons and Extremely Large VLDL","RC","0.924(95% CI:0.766-1.114; P=0.4062894194)","1.09(95% CI:1.042-1.14; P=0.0001923695)","0.926(95% CI:0.74-1.159; P=0.5034281632)","Raw","All_control_except_phenotype","Raw All_control_except_phenotype"
"XXL_VLDL_CE","Cholesteryl Esters in Chylomicrons and Extremely Large VLDL","RC","0.927(95% CI:0.769-1.116; P=0.4233574658)","1.084(95% CI:1.036-1.135; P=0.0004622896)","0.926(95% CI:0.74-1.159; P=0.5019540635)","Raw","All_control_except_phenotype","Raw All_control_except_phenotype"
"XXL_VLDL_FC","Free Cholesterol in Chylomicrons and Extremely Large VLDL","RC","0.912(95% CI:0.753-1.104; P=0.3444171226)","1.092(95% CI:1.044-1.142; P=0.0001074599)","0.919(95% CI:0.731-1.155; P=0.4676025047)","Raw","All_control_except_phenotype","Raw All_control_except_phenotype"
"XXL_VLDL_PL","Phospholipids in Chylomicrons and Extremely Large VLDL","RC","0.911(95% CI:0.752-1.104; P=0.3402274064)","1.095(95% CI:1.047-1.144; P=0.0000612872)","0.921(95% CI:0.732-1.158; P=0.4802698048)","Raw","All_control_except_phenotype","Raw All_control_except_phenotype"
"XXL_VLDL_TG","Triglycerides in Chylomicrons and Extremely Large VLDL","RC","0.929(95% CI:0.77-1.12; P=0.4393977512)","1.1(95% CI:1.052-1.149; P=0.000023707)","0.927(95% CI:0.74-1.162; P=0.511241235)","Raw","All_control_except_phenotype","Raw All_control_except_phenotype"
